<?xml version='1.0' encoding='UTF-8'?>
<osm version='0.6' generator='JOSM'>
  <bounds minlat='50.0097' minlon='14.3973' maxlat='50.0192' maxlon='14.4004' origin='CGImap 0.8.3 (1693227 spike-07.openstreetmap.org)' />
  <node id='723298' timestamp='2012-07-16T09:33:06Z' uid='684284' user='Kewar' visible='true' version='4' changeset='12241662' lat='50.0233405' lon='14.4015709' />
  <node id='723299' timestamp='2008-06-03T09:33:14Z' uid='8612' user='Kubajz' visible='true' version='2' changeset='34799' lat='50.0190676' lon='14.3999912'>
    <tag k='created_by' v='JOSM' />
  </node>
  <node id='723300' timestamp='2010-06-10T21:59:03Z' uid='3516' user='BiIbo' visible='true' version='2' changeset='4955922' lat='50.0185265' lon='14.3999228' />
  <node id='723301' timestamp='2009-08-29T13:12:21Z' uid='17615' user='Petr Dlouhý' visible='true' version='2' changeset='2300785' lat='50.0157474' lon='14.398883' />
  <node id='723302' timestamp='2009-08-29T13:12:21Z' uid='17615' user='Petr Dlouhý' visible='true' version='2' changeset='2300785' lat='50.0142143' lon='14.3986823' />
  <node id='723303' timestamp='2012-09-05T02:53:16Z' uid='488732' user='montardo' visible='true' version='3' changeset='12989968' lat='50.0125667' lon='14.3988515' />
  <node id='723304' timestamp='2009-11-18T16:16:24Z' uid='16734' user='Lhotas' visible='true' version='2' changeset='3151986' lat='50.0115058' lon='14.3990746' />
  <node id='723305' timestamp='2020-04-09T11:12:02Z' uid='102554' user='Jezevec' visible='true' version='4' changeset='83304286' lat='50.0099997' lon='14.3995316' />
  <node id='723306' timestamp='2006-04-16T17:50:10Z' uid='1901' user='rpodgorny' visible='true' version='1' changeset='3884' lat='50.0102202' lon='14.4023428'>
    <tag k='created_by' v='JOSM' />
  </node>
  <node id='23833037' timestamp='2020-10-11T16:18:13Z' uid='1258714' user='jaosobne' visible='true' version='5' changeset='92306863' lat='50.0229577' lon='14.4016918' />
  <node id='23833062' timestamp='2015-09-12T09:13:06Z' uid='102554' user='Jezevec' visible='true' version='3' changeset='33977323' lat='50.0189778' lon='14.400252' />
  <node id='23833085' timestamp='2015-09-12T09:13:06Z' uid='102554' user='Jezevec' visible='true' version='3' changeset='33977323' lat='50.0158697' lon='14.3991323' />
  <node id='23833097' timestamp='2015-09-12T09:13:06Z' uid='102554' user='Jezevec' visible='true' version='3' changeset='33977323' lat='50.0145349' lon='14.3988752' />
  <node id='23833125' timestamp='2015-09-12T09:13:06Z' uid='102554' user='Jezevec' visible='true' version='3' changeset='33977323' lat='50.012651' lon='14.3990526' />
  <node id='23833154' timestamp='2015-09-12T09:13:06Z' uid='102554' user='Jezevec' visible='true' version='4' changeset='33977323' lat='50.0114887' lon='14.3992908' />
  <node id='23833189' timestamp='2011-02-07T02:34:51Z' uid='3516' user='BiIbo' visible='true' version='3' changeset='7204886' lat='50.009001' lon='14.4003699' />
  <node id='23833257' timestamp='2018-07-27T20:21:11Z' uid='1189910' user='Milancer' visible='true' version='4' changeset='61129997' lat='50.0074285' lon='14.4013322'>
    <tag k='railway' v='switch' />
  </node>
  <node id='23833282' timestamp='2015-09-12T09:13:06Z' uid='102554' user='Jezevec' visible='true' version='3' changeset='33977323' lat='50.0053703' lon='14.4024874' />
  <node id='23833384' timestamp='2007-02-17T00:50:46Z' uid='1066' user='pavel' visible='true' version='1' changeset='217526' lat='50.000984' lon='14.4035669' />
  <node id='23833410' timestamp='2018-07-27T20:21:11Z' uid='1189910' user='Milancer' visible='true' version='4' changeset='61129997' lat='49.9989144' lon='14.4037594'>
    <tag k='railway' v='switch' />
  </node>
  <node id='25343770' timestamp='2007-01-21T21:09:15Z' uid='1066' user='pavel' visible='true' version='1' changeset='199113' lat='50.0152086' lon='14.3959072'>
    <tag k='created_by' v='JOSM' />
  </node>
  <node id='25343771' timestamp='2012-04-24T18:55:58Z' uid='488732' user='montardo' visible='true' version='4' changeset='11408284' lat='50.0150577' lon='14.3969829' />
  <node id='25343773' timestamp='2012-07-13T12:14:41Z' uid='684284' user='Kewar' visible='true' version='2' changeset='12205973' lat='50.0188081' lon='14.3967078' />
  <node id='25343800' timestamp='2007-07-12T19:02:18Z' uid='8612' user='Kubajz' visible='true' version='1' changeset='141593' lat='50.0052494' lon='14.4001046'>
    <tag k='created_by' v='JOSM' />
  </node>
  <node id='25343801' timestamp='2008-07-02T14:27:05Z' uid='8612' user='Kubajz' visible='true' version='2' changeset='366770' lat='50.0060498' lon='14.3995725' />
  <node id='25343802' timestamp='2012-04-24T18:55:59Z' uid='488732' user='montardo' visible='true' version='2' changeset='11408284' lat='50.004071' lon='14.4007108' />
  <node id='25343803' timestamp='2007-01-21T21:11:58Z' uid='1066' user='pavel' visible='true' version='1' changeset='199113' lat='50.0028756' lon='14.4011975'>
    <tag k='created_by' v='JOSM' />
  </node>
  <node id='25343804' timestamp='2012-04-24T18:55:59Z' uid='488732' user='montardo' visible='true' version='2' changeset='11408284' lat='50.0013219' lon='14.4013524' />
  <node id='25343805' timestamp='2012-04-24T18:56:00Z' uid='488732' user='montardo' visible='true' version='2' changeset='11408284' lat='50.0001029' lon='14.4014457' />
  <node id='25343806' timestamp='2012-04-24T18:56:00Z' uid='488732' user='montardo' visible='true' version='2' changeset='11408284' lat='49.9988464' lon='14.4015279' />
  <node id='25343811' timestamp='2007-01-21T21:12:07Z' uid='1066' user='pavel' visible='true' version='1' changeset='199113' lat='49.9976514' lon='14.4015281'>
    <tag k='created_by' v='JOSM' />
  </node>
  <node id='25343812' timestamp='2007-01-21T21:12:08Z' uid='1066' user='pavel' visible='true' version='1' changeset='199113' lat='49.9967256' lon='14.4011644'>
    <tag k='created_by' v='JOSM' />
  </node>
  <node id='25343813' timestamp='2012-11-01T15:22:47Z' uid='318788' user='Blekota' visible='true' version='2' changeset='13711955' lat='49.9952405' lon='14.4001029' />
  <node id='25343815' timestamp='2012-11-01T15:22:47Z' uid='318788' user='Blekota' visible='true' version='4' changeset='13711955' lat='49.9945183' lon='14.4008297' />
  <node id='25343816' timestamp='2008-01-23T22:11:44Z' uid='3516' user='BiIbo' visible='true' version='3' changeset='688611' lat='49.9945273' lon='14.4015929' />
  <node id='25343817' timestamp='2007-07-12T10:18:08Z' uid='8612' user='Kubajz' visible='true' version='1' changeset='140362' lat='49.9970267' lon='14.4026915'>
    <tag k='created_by' v='JOSM' />
  </node>
  <node id='25343818' timestamp='2007-07-17T09:57:09Z' uid='8612' user='Kubajz' visible='true' version='1' changeset='148705' lat='49.998164' lon='14.402985'>
    <tag k='created_by' v='JOSM' />
  </node>
  <node id='25343819' timestamp='2007-07-17T09:57:09Z' uid='8612' user='Kubajz' visible='true' version='1' changeset='148705' lat='49.9993778' lon='14.4031996'>
    <tag k='created_by' v='JOSM' />
  </node>
  <node id='25343840' timestamp='2020-03-17T07:32:19Z' uid='6588887' user='Martin2035' visible='true' version='2' changeset='82289806' lat='50.0007526' lon='14.403065' />
  <node id='25343841' timestamp='2007-02-17T01:00:53Z' uid='1066' user='pavel' visible='true' version='1' changeset='217526' lat='50.001903' lon='14.4028999' />
  <node id='25343842' timestamp='2012-04-24T18:56:00Z' uid='488732' user='montardo' visible='true' version='2' changeset='11408284' lat='50.002901' lon='14.4027299' />
  <node id='25343843' timestamp='2012-04-24T18:56:00Z' uid='488732' user='montardo' visible='true' version='2' changeset='11408284' lat='50.003857' lon='14.4023205' />
  <node id='25343844' timestamp='2012-04-24T18:56:00Z' uid='488732' user='montardo' visible='true' version='2' changeset='11408284' lat='50.0057289' lon='14.4013149' />
  <node id='25343845' timestamp='2020-10-19T19:33:14Z' uid='1189910' user='Milancer' visible='true' version='3' changeset='92726530' lat='50.0076387' lon='14.399984' />
  <node id='25343847' timestamp='2012-09-05T02:52:39Z' uid='488732' user='montardo' visible='true' version='3' changeset='12989968' lat='50.0096969' lon='14.3989487' />
  <node id='25343848' timestamp='2007-07-12T19:02:18Z' uid='8612' user='Kubajz' visible='true' version='1' changeset='141593' lat='50.0110965' lon='14.3982249'>
    <tag k='created_by' v='JOSM' />
  </node>
  <node id='25343849' timestamp='2007-07-12T19:02:18Z' uid='8612' user='Kubajz' visible='true' version='1' changeset='141593' lat='50.0125637' lon='14.3976928'>
    <tag k='created_by' v='JOSM' />
  </node>
  <node id='25343850' timestamp='2007-07-12T19:02:18Z' uid='8612' user='Kubajz' visible='true' version='1' changeset='141593' lat='50.01354' lon='14.3973666'>
    <tag k='created_by' v='JOSM' />
  </node>
  <node id='31797143' timestamp='2012-09-05T02:52:54Z' uid='488732' user='montardo' visible='true' version='3' changeset='12989968' lat='50.0103325' lon='14.3986018' />
  <node id='31797155' timestamp='2009-11-18T16:16:24Z' uid='16734' user='Lhotas' visible='true' version='2' changeset='3151986' lat='50.0101476' lon='14.3988525' />
  <node id='31797163' timestamp='2009-11-18T16:16:24Z' uid='16734' user='Lhotas' visible='true' version='2' changeset='3151986' lat='50.0100642' lon='14.3987152' />
  <node id='31797488' timestamp='2007-07-12T19:02:18Z' uid='8612' user='Kubajz' visible='true' version='1' changeset='141593' lat='50.0067002' lon='14.3990403' />
  <node id='31797633' timestamp='2011-02-07T01:35:23Z' uid='3516' user='BiIbo' visible='true' version='2' changeset='7204886' lat='50.0091263' lon='14.3975368' />
  <node id='31797851' timestamp='2012-09-05T02:52:54Z' uid='488732' user='montardo' visible='true' version='2' changeset='12989968' lat='50.0068256' lon='14.4006898' />
  <node id='31797852' timestamp='2012-09-05T02:52:54Z' uid='488732' user='montardo' visible='true' version='2' changeset='12989968' lat='50.007681' lon='14.4000987' />
  <node id='31797872' timestamp='2007-07-12T19:02:18Z' uid='8612' user='Kubajz' visible='true' version='1' changeset='141593' lat='50.0045157' lon='14.4019929' />
  <node id='208280162' timestamp='2008-01-07T11:08:41Z' uid='8612' user='Kubajz' visible='true' version='1' changeset='567573' lat='50.0072158' lon='14.4011554' />
  <node id='208280163' timestamp='2009-08-29T13:12:21Z' uid='17615' user='Petr Dlouhý' visible='true' version='2' changeset='2300785' lat='50.0064521' lon='14.4016408' />
  <node id='208280165' timestamp='2015-08-30T20:41:56Z' uid='714609' user='lcapka' visible='true' version='2' changeset='33690834' lat='50.0061467' lon='14.4016308' />
  <node id='248119355' timestamp='2009-11-18T07:57:57Z' uid='5748' user='pschonmann' visible='true' version='5' changeset='3148126' lat='49.9945222' lon='14.4012306' />
  <node id='248119356' timestamp='2009-11-18T07:57:58Z' uid='5748' user='pschonmann' visible='true' version='5' changeset='3148126' lat='49.9967207' lon='14.401885' />
  <node id='248119357' timestamp='2009-11-18T07:57:58Z' uid='5748' user='pschonmann' visible='true' version='5' changeset='3148126' lat='49.9990692' lon='14.4024531' />
  <node id='248119358' timestamp='2009-11-18T07:57:58Z' uid='5748' user='pschonmann' visible='true' version='5' changeset='3148126' lat='50.0019297' lon='14.402258' />
  <node id='248119359' timestamp='2009-11-18T07:57:59Z' uid='5748' user='pschonmann' visible='true' version='5' changeset='3148126' lat='50.0042544' lon='14.4014602' />
  <node id='248119360' timestamp='2009-11-18T07:57:59Z' uid='5748' user='pschonmann' visible='true' version='5' changeset='3148126' lat='50.0073083' lon='14.399439' />
  <node id='248119361' timestamp='2009-11-18T08:02:18Z' uid='5748' user='pschonmann' visible='true' version='2' changeset='3148126' lat='50.0102367' lon='14.3979674' />
  <node id='248119362' timestamp='2009-11-18T08:02:19Z' uid='5748' user='pschonmann' visible='true' version='2' changeset='3148126' lat='50.0132902' lon='14.3969568' />
  <node id='248119363' timestamp='2009-11-18T08:02:18Z' uid='5748' user='pschonmann' visible='true' version='2' changeset='3148126' lat='50.0161385' lon='14.3963185' />
  <node id='248119364' timestamp='2009-11-18T08:02:17Z' uid='5748' user='pschonmann' visible='true' version='2' changeset='3148126' lat='50.01926' lon='14.3959639' />
  <node id='248119365' timestamp='2009-11-18T08:02:17Z' uid='5748' user='pschonmann' visible='true' version='2' changeset='3148126' lat='50.0215383' lon='14.3961058' />
  <node id='248119366' timestamp='2009-11-18T08:02:17Z' uid='5748' user='pschonmann' visible='true' version='2' changeset='3148126' lat='50.0243064' lon='14.3968327' />
  <node id='248119367' timestamp='2009-11-18T08:02:16Z' uid='5748' user='pschonmann' visible='true' version='2' changeset='3148126' lat='50.027097' lon='14.3978078' />
  <node id='248119368' timestamp='2009-11-18T08:02:16Z' uid='5748' user='pschonmann' visible='true' version='2' changeset='3148126' lat='50.0300584' lon='14.3999177' />
  <node id='248119370' timestamp='2009-11-18T08:02:20Z' uid='5748' user='pschonmann' visible='true' version='2' changeset='3148126' lat='50.0354794' lon='14.4045275' />
  <node id='248119371' timestamp='2009-11-18T07:57:57Z' uid='5748' user='pschonmann' visible='true' version='5' changeset='3148126' lat='49.9956015' lon='14.4015548' />
  <node id='248119372' timestamp='2012-11-01T15:22:47Z' uid='318788' user='Blekota' visible='true' version='2' changeset='13711955' lat='49.9948524' lon='14.4003482' />
  <node id='248120582' timestamp='2009-11-18T08:02:19Z' uid='5748' user='pschonmann' visible='true' version='2' changeset='3148126' lat='50.0413912' lon='14.4086108' />
  <node id='248120583' timestamp='2019-10-06T19:17:16Z' uid='1189910' user='Milancer' visible='true' version='4' changeset='75348843' lat='50.0501525' lon='14.4126754' />
  <node id='248120585' timestamp='2009-11-18T08:13:00Z' uid='5748' user='pschonmann' visible='true' version='2' changeset='3148126' lat='50.0579374' lon='14.4162975' />
  <node id='248120586' timestamp='2009-11-18T08:13:00Z' uid='5748' user='pschonmann' visible='true' version='2' changeset='3148126' lat='50.0625108' lon='14.4155668' />
  <node id='248120587' timestamp='2009-11-18T08:12:44Z' uid='5748' user='pschonmann' visible='true' version='2' changeset='3148126' lat='50.0702103' lon='14.4125224' />
  <node id='248120588' timestamp='2009-11-18T08:12:45Z' uid='5748' user='pschonmann' visible='true' version='3' changeset='3148126' lat='50.0778866' lon='14.4111828' />
  <node id='248120589' timestamp='2009-11-09T14:59:07Z' uid='3516' user='BiIbo' visible='true' version='2' changeset='3073506' lat='50.0834418' lon='14.4111287' />
  <node id='248120590' timestamp='2013-10-02T18:14:02Z' uid='500178' user='JulienDeMetz' visible='true' version='3' changeset='18148699' lat='50.0875853' lon='14.4120064' />
  <node id='248120591' timestamp='2009-04-09T18:21:39Z' uid='3516' user='BiIbo' visible='true' version='2' changeset='349417' lat='50.0924146' lon='14.4156039' />
  <node id='248120592' timestamp='2009-04-09T18:21:39Z' uid='3516' user='BiIbo' visible='true' version='2' changeset='349417' lat='50.0931907' lon='14.4177735' />
  <node id='248577700' timestamp='2020-03-29T16:04:56Z' uid='1189910' user='Milancer' visible='true' version='7' changeset='82783791' lat='50.0039551' lon='14.4029246'>
    <tag k='name' v='Praha-Modřany zastávka' />
    <tag k='name:de' v='Prag-Moderschan Haltestelle' />
    <tag k='operator' v='cz:SŽDC' />
    <tag k='railway' v='halt' />
    <tag k='railway:ref' v='573865' />
    <tag k='wheelchair' v='yes' />
    <tag k='wikidata' v='Q12046778' />
    <tag k='wikipedia' v='cs:Praha-Modřany zastávka' />
  </node>
  <node id='268193338' timestamp='2012-07-14T15:18:35Z' uid='684284' user='Kewar' visible='true' version='3' changeset='12218494' lat='50.0235147' lon='14.3992089' />
  <node id='268193339' timestamp='2012-07-13T12:14:41Z' uid='684284' user='Kewar' visible='true' version='5' changeset='12205973' lat='50.0213715' lon='14.3989191' />
  <node id='268193342' timestamp='2012-07-13T10:26:48Z' uid='684284' user='Kewar' visible='true' version='4' changeset='12204983' lat='50.0212909' lon='14.4008475' />
  <node id='274625726' timestamp='2008-06-29T14:16:17Z' uid='8612' user='Kubajz' visible='true' version='1' changeset='336261' lat='50.049696' lon='14.4124544' />
  <node id='275830338' timestamp='2008-07-03T10:31:14Z' uid='8612' user='Kubajz' visible='true' version='1' changeset='381595' lat='50.0085217' lon='14.3995042' />
  <node id='275830340' timestamp='2019-01-06T18:37:53Z' uid='1189910' user='Milancer' visible='true' version='5' changeset='66077471' lat='50.0083262' lon='14.3988627' />
  <node id='275830342' timestamp='2008-07-03T10:31:14Z' uid='8612' user='Kubajz' visible='true' version='1' changeset='381595' lat='50.0081567' lon='14.3981549' />
  <node id='277483237' timestamp='2008-07-10T01:50:21Z' uid='3516' user='BiIbo' visible='true' version='1' changeset='448894' lat='50.0151024' lon='14.3964453' />
  <node id='277483238' timestamp='2008-07-10T01:50:21Z' uid='3516' user='BiIbo' visible='true' version='1' changeset='448894' lat='50.0063826' lon='14.4000821' />
  <node id='277483240' timestamp='2008-07-10T01:50:21Z' uid='3516' user='BiIbo' visible='true' version='1' changeset='448894' lat='50.0096708' lon='14.398838' />
  <node id='282776043' timestamp='2015-09-12T09:13:07Z' uid='102554' user='Jezevec' visible='true' version='2' changeset='33977323' lat='50.0101117' lon='14.3997866' />
  <node id='282776044' timestamp='2020-04-09T11:12:02Z' uid='102554' user='Jezevec' visible='true' version='3' changeset='83304286' lat='50.0098616' lon='14.3999053' />
  <node id='282777470' timestamp='2020-10-11T16:18:13Z' uid='1258714' user='jaosobne' visible='true' version='3' changeset='92306863' lat='50.0232386' lon='14.4017975' />
  <node id='371179752' timestamp='2009-04-09T18:21:36Z' uid='3516' user='BiIbo' visible='true' version='1' changeset='349417' lat='50.0898607' lon='14.4130952' />
  <node id='371179753' timestamp='2009-04-09T18:21:36Z' uid='3516' user='BiIbo' visible='true' version='1' changeset='349417' lat='50.0913384' lon='14.4142372' />
  <node id='371179754' timestamp='2009-04-09T18:21:36Z' uid='3516' user='BiIbo' visible='true' version='1' changeset='349417' lat='50.0938673' lon='14.4214764' />
  <node id='378218576' timestamp='2009-04-16T18:22:04Z' uid='17615' user='Petr Dlouhý' visible='true' version='1' changeset='581274' lat='50.0361659' lon='14.4050177' />
  <node id='476499437' timestamp='2012-07-13T10:26:49Z' uid='684284' user='Kewar' visible='true' version='3' changeset='12204983' lat='50.0214151' lon='14.3989265' />
  <node id='476499446' timestamp='2012-07-13T09:29:18Z' uid='684284' user='Kewar' visible='true' version='2' changeset='12204524' lat='50.0235352' lon='14.3988635' />
  <node id='476499447' timestamp='2009-08-29T13:12:17Z' uid='17615' user='Petr Dlouhý' visible='true' version='1' changeset='2300785' lat='50.0227478' lon='14.3986957' />
  <node id='476499448' timestamp='2009-10-23T19:16:40Z' uid='17615' user='Petr Dlouhý' visible='true' version='2' changeset='2932155' lat='50.0207683' lon='14.4006164' />
  <node id='476499450' timestamp='2009-08-29T13:12:17Z' uid='17615' user='Petr Dlouhý' visible='true' version='1' changeset='2300785' lat='50.0189243' lon='14.3999674' />
  <node id='476499451' timestamp='2009-08-29T13:12:17Z' uid='17615' user='Petr Dlouhý' visible='true' version='1' changeset='2300785' lat='50.0185694' lon='14.4019906' />
  <node id='476499452' timestamp='2009-08-29T13:12:17Z' uid='17615' user='Petr Dlouhý' visible='true' version='1' changeset='2300785' lat='50.0185053' lon='14.4021153' />
  <node id='476499453' timestamp='2009-08-29T13:12:17Z' uid='17615' user='Petr Dlouhý' visible='true' version='1' changeset='2300785' lat='50.0184144' lon='14.4021569' />
  <node id='476499464' timestamp='2013-12-21T20:38:18Z' uid='1845771' user='ZdenekS' visible='true' version='3' changeset='19572575' lat='50.0139677' lon='14.4015999' />
  <node id='476499473' timestamp='2009-08-29T13:12:18Z' uid='17615' user='Petr Dlouhý' visible='true' version='1' changeset='2300785' lat='50.0102894' lon='14.4025043' />
  <node id='476499480' timestamp='2009-08-29T13:12:18Z' uid='17615' user='Petr Dlouhý' visible='true' version='1' changeset='2300785' lat='50.0100103' lon='14.4001454' />
  <node id='476499482' timestamp='2012-09-05T02:52:57Z' uid='488732' user='montardo' visible='true' version='2' changeset='12989968' lat='50.0134103' lon='14.3987388' />
  <node id='476499483' timestamp='2009-08-29T13:12:18Z' uid='17615' user='Petr Dlouhý' visible='true' version='1' changeset='2300785' lat='50.0149904' lon='14.3987057' />
  <node id='476499484' timestamp='2009-08-29T13:12:18Z' uid='17615' user='Petr Dlouhý' visible='true' version='1' changeset='2300785' lat='50.0164099' lon='14.3990591' />
  <node id='476499485' timestamp='2009-08-29T13:12:18Z' uid='17615' user='Petr Dlouhý' visible='true' version='1' changeset='2300785' lat='50.0174085' lon='14.3994957' />
  <node id='476499486' timestamp='2009-08-29T13:12:18Z' uid='17615' user='Petr Dlouhý' visible='true' version='1' changeset='2300785' lat='50.0170044' lon='14.3992774' />
  <node id='476499487' timestamp='2010-06-10T21:59:04Z' uid='3516' user='BiIbo' visible='true' version='2' changeset='4955922' lat='50.0202877' lon='14.4003444' />
  <node id='476499488' timestamp='2009-08-29T13:12:19Z' uid='17615' user='Petr Dlouhý' visible='true' version='1' changeset='2300785' lat='50.0189984' lon='14.3998894' />
  <node id='476499489' timestamp='2012-07-14T08:22:21Z' uid='684284' user='Kewar' visible='true' version='2' changeset='12214970' lat='50.0164678' lon='14.3990274' />
  <node id='476499491' timestamp='2012-07-14T08:22:21Z' uid='684284' user='Kewar' visible='true' version='3' changeset='12214970' lat='50.0162385' lon='14.3989595' />
  <node id='476499492' timestamp='2012-07-14T08:22:21Z' uid='684284' user='Kewar' visible='true' version='3' changeset='12214970' lat='50.016354' lon='14.39795' />
  <node id='476499493' timestamp='2012-07-13T12:14:41Z' uid='684284' user='Kewar' visible='true' version='3' changeset='12205973' lat='50.0186605' lon='14.3971954' />
  <node id='476499494' timestamp='2020-04-09T11:12:02Z' uid='102554' user='Jezevec' visible='true' version='3' changeset='83304286' lat='50.018782' lon='14.4001784' />
  <node id='476499495' timestamp='2015-09-12T09:13:11Z' uid='102554' user='Jezevec' visible='true' version='2' changeset='33977323' lat='50.0151291' lon='14.3989244' />
  <node id='476499496' timestamp='2009-08-29T13:12:19Z' uid='17615' user='Petr Dlouhý' visible='true' version='1' changeset='2300785' lat='50.0141491' lon='14.3983927' />
  <node id='476499497' timestamp='2012-04-24T18:56:08Z' uid='488732' user='montardo' visible='true' version='2' changeset='11408284' lat='50.0140587' lon='14.3974619' />
  <node id='476499499' timestamp='2012-04-24T18:56:08Z' uid='488732' user='montardo' visible='true' version='2' changeset='11408284' lat='50.0132868' lon='14.3977007' />
  <node id='476499500' timestamp='2009-08-29T13:12:19Z' uid='17615' user='Petr Dlouhý' visible='true' version='1' changeset='2300785' lat='50.0129133' lon='14.397743' />
  <node id='476499501' timestamp='2020-04-09T11:12:02Z' uid='102554' user='Jezevec' visible='true' version='2' changeset='83304286' lat='50.0116163' lon='14.3982096' />
  <node id='476499502' timestamp='2020-04-09T11:12:02Z' uid='102554' user='Jezevec' visible='true' version='2' changeset='83304286' lat='50.010716' lon='14.3985342' />
  <node id='476499503' timestamp='2020-04-09T11:12:02Z' uid='102554' user='Jezevec' visible='true' version='2' changeset='83304286' lat='50.0104327' lon='14.398753' />
  <node id='476499505' timestamp='2020-04-09T11:12:02Z' uid='102554' user='Jezevec' visible='true' version='2' changeset='83304286' lat='50.0100498' lon='14.3992225' />
  <node id='495470231' timestamp='2012-04-24T18:56:08Z' uid='488732' user='montardo' visible='true' version='2' changeset='11408284' lat='50.0131471' lon='14.3977077' />
  <node id='495470234' timestamp='2012-09-05T02:52:58Z' uid='488732' user='montardo' visible='true' version='3' changeset='12989968' lat='50.0131582' lon='14.3987684' />
  <node id='495470236' timestamp='2012-04-24T18:56:08Z' uid='488732' user='montardo' visible='true' version='2' changeset='11408284' lat='50.0131544' lon='14.3984077' />
  <node id='495470238' timestamp='2014-11-15T12:19:46Z' uid='665336' user='Minimalis' visible='true' version='2' changeset='26797010' lat='50.0136236' lon='14.3984076' />
  <node id='566658880' timestamp='2009-11-18T16:16:24Z' uid='16734' user='Lhotas' visible='true' version='1' changeset='3151986' lat='50.0104723' lon='14.3994195' />
  <node id='566658881' timestamp='2020-04-09T11:12:02Z' uid='102554' user='Jezevec' visible='true' version='2' changeset='83304286' lat='50.0100565' lon='14.3995033' />
  <node id='610953607' timestamp='2010-01-10T15:22:00Z' uid='3516' user='BiIbo' visible='true' version='1' changeset='3587852' lat='50.0347015' lon='14.4039085' />
  <node id='768727017' timestamp='2010-06-10T17:40:50Z' uid='72020' user='Petr1868' visible='true' version='1' changeset='4956051' lat='50.0192771' lon='14.3989052' />
  <node id='768727051' timestamp='2012-07-13T10:26:48Z' uid='684284' user='Kewar' visible='true' version='2' changeset='12204983' lat='50.0189737' lon='14.3982695' />
  <node id='768727093' timestamp='2012-07-13T11:46:04Z' uid='684284' user='Kewar' visible='true' version='3' changeset='12205711' lat='50.0189655' lon='14.3981931' />
  <node id='768727294' timestamp='2010-06-10T17:40:58Z' uid='72020' user='Petr1868' visible='true' version='1' changeset='4956051' lat='50.0194368' lon='14.3991293' />
  <node id='768727330' timestamp='2012-07-13T10:26:48Z' uid='684284' user='Kewar' visible='true' version='2' changeset='12204983' lat='50.0192544' lon='14.399088' />
  <node id='768727364' timestamp='2010-06-10T17:41:00Z' uid='72020' user='Petr1868' visible='true' version='1' changeset='4956051' lat='50.0193846' lon='14.3986903' />
  <node id='768727399' timestamp='2012-07-13T11:46:04Z' uid='684284' user='Kewar' visible='true' version='2' changeset='12205711' lat='50.0192162' lon='14.3984217' />
  <node id='768727435' timestamp='2012-07-13T11:46:04Z' uid='684284' user='Kewar' visible='true' version='2' changeset='12205711' lat='50.0192895' lon='14.3980329' />
  <node id='768727582' timestamp='2012-07-13T10:26:48Z' uid='684284' user='Kewar' visible='true' version='2' changeset='12204983' lat='50.019615' lon='14.3986922' />
  <node id='768727621' timestamp='2012-07-13T10:26:48Z' uid='684284' user='Kewar' visible='true' version='2' changeset='12204983' lat='50.0195849' lon='14.3987631' />
  <node id='768727701' timestamp='2012-07-13T10:26:49Z' uid='684284' user='Kewar' visible='true' version='2' changeset='12204983' lat='50.0190061' lon='14.3983307' />
  <node id='768727737' timestamp='2012-07-13T11:46:03Z' uid='684284' user='Kewar' visible='true' version='3' changeset='12205711' lat='50.0190646' lon='14.3980264' />
  <node id='768727932' timestamp='2010-06-10T17:41:15Z' uid='72020' user='Petr1868' visible='true' version='1' changeset='4956051' lat='50.0194306' lon='14.3984877' />
  <node id='768727970' timestamp='2010-06-10T17:41:16Z' uid='72020' user='Petr1868' visible='true' version='1' changeset='4956051' lat='50.0192864' lon='14.3990372' />
  <node id='768728010' timestamp='2012-07-13T10:26:48Z' uid='684284' user='Kewar' visible='true' version='2' changeset='12204983' lat='50.0193307' lon='14.3985177' />
  <node id='768728052' timestamp='2012-07-13T11:46:03Z' uid='684284' user='Kewar' visible='true' version='2' changeset='12205711' lat='50.019241' lon='14.3984667' />
  <node id='768728091' timestamp='2012-07-13T11:46:04Z' uid='684284' user='Kewar' visible='true' version='2' changeset='12205711' lat='50.0193644' lon='14.3980975' />
  <node id='768728269' timestamp='2010-06-10T17:41:24Z' uid='72020' user='Petr1868' visible='true' version='1' changeset='4956051' lat='50.0196148' lon='14.3986166' />
  <node id='768728328' timestamp='2010-06-10T17:41:25Z' uid='72020' user='Petr1868' visible='true' version='1' changeset='4956051' lat='50.0194644' lon='14.398939' />
  <node id='768728366' timestamp='2010-06-10T17:41:26Z' uid='72020' user='Petr1868' visible='true' version='1' changeset='4956051' lat='50.01936' lon='14.3989144' />
  <node id='768728437' timestamp='2012-07-13T11:46:03Z' uid='684284' user='Kewar' visible='true' version='3' changeset='12205711' lat='50.0190175' lon='14.3980525' />
  <node id='768728628' timestamp='2010-06-10T17:41:33Z' uid='72020' user='Petr1868' visible='true' version='1' changeset='4956051' lat='50.0194122' lon='14.398454' />
  <node id='768728670' timestamp='2012-07-13T10:26:49Z' uid='684284' user='Kewar' visible='true' version='2' changeset='12204983' lat='50.0191653' lon='14.3990954' />
  <node id='768728703' timestamp='2012-07-13T10:26:48Z' uid='684284' user='Kewar' visible='true' version='2' changeset='12204983' lat='50.0193473' lon='14.3985482' />
  <node id='768728734' timestamp='2010-06-10T17:41:37Z' uid='72020' user='Petr1868' visible='true' version='1' changeset='4956051' lat='50.0191574' lon='14.3983649' />
  <node id='768728776' timestamp='2012-07-13T11:46:03Z' uid='684284' user='Kewar' visible='true' version='2' changeset='12205711' lat='50.0193473' lon='14.3980575' />
  <node id='768728965' timestamp='2010-06-10T17:41:43Z' uid='72020' user='Petr1868' visible='true' version='1' changeset='4956051' lat='50.019489' lon='14.3988469' />
  <node id='768729084' timestamp='2012-07-13T11:46:04Z' uid='684284' user='Kewar' visible='true' version='2' changeset='12205711' lat='50.0191336' lon='14.3980764' />
  <node id='768729287' timestamp='2012-07-13T11:46:03Z' uid='684284' user='Kewar' visible='true' version='2' changeset='12205711' lat='50.0195306' lon='14.3984748' />
  <node id='768729318' timestamp='2010-06-10T17:41:54Z' uid='72020' user='Petr1868' visible='true' version='1' changeset='4956051' lat='50.0191881' lon='14.3991231' />
  <node id='768729357' timestamp='2010-06-10T17:41:55Z' uid='72020' user='Petr1868' visible='true' version='1' changeset='4956051' lat='50.019225' lon='14.3989052' />
  <node id='768729389' timestamp='2012-07-13T11:46:03Z' uid='684284' user='Kewar' visible='true' version='2' changeset='12205711' lat='50.01919' lon='14.3983794' />
  <node id='768729428' timestamp='2012-07-13T11:46:04Z' uid='684284' user='Kewar' visible='true' version='2' changeset='12205711' lat='50.0194139' lon='14.3983851' />
  <node id='768729619' timestamp='2012-07-13T10:26:49Z' uid='684284' user='Kewar' visible='true' version='2' changeset='12204983' lat='50.0194629' lon='14.3990935' />
  <node id='768729696' timestamp='2010-06-10T17:42:05Z' uid='72020' user='Petr1868' visible='true' version='1' changeset='4956051' lat='50.0194184' lon='14.3987609' />
  <node id='768729729' timestamp='2012-07-13T11:46:03Z' uid='684284' user='Kewar' visible='true' version='2' changeset='12205711' lat='50.0191035' lon='14.3980353' />
  <node id='768729760' timestamp='2012-07-13T11:46:03Z' uid='684284' user='Kewar' visible='true' version='2' changeset='12205711' lat='50.019257' lon='14.398066' />
  <node id='768729921' timestamp='2012-07-13T11:46:04Z' uid='684284' user='Kewar' visible='true' version='2' changeset='12205711' lat='50.019474' lon='14.398493' />
  <node id='768729960' timestamp='2012-07-13T10:26:48Z' uid='684284' user='Kewar' visible='true' version='2' changeset='12204983' lat='50.0191561' lon='14.3989756' />
  <node id='768729991' timestamp='2010-06-10T17:42:14Z' uid='72020' user='Petr1868' visible='true' version='1' changeset='4956051' lat='50.0191758' lon='14.3989236' />
  <node id='768730030' timestamp='2010-06-10T17:42:16Z' uid='72020' user='Petr1868' visible='true' version='1' changeset='4956051' lat='50.0190653' lon='14.3983803' />
  <node id='768730064' timestamp='2012-07-13T11:46:03Z' uid='684284' user='Kewar' visible='true' version='2' changeset='12205711' lat='50.0194114' lon='14.3982687' />
  <node id='768730142' timestamp='2010-06-10T17:42:20Z' uid='72020' user='Petr1868' visible='true' version='1' changeset='4956051' lat='50.019403' lon='14.398896' />
  <node id='768730252' timestamp='2010-06-10T17:42:23Z' uid='72020' user='Petr1868' visible='true' version='1' changeset='4956051' lat='50.0194705' lon='14.3990495' />
  <node id='768730298' timestamp='2010-06-10T17:42:24Z' uid='72020' user='Petr1868' visible='true' version='1' changeset='4956051' lat='50.0193232' lon='14.3990525' />
  <node id='768730336' timestamp='2010-06-10T17:42:26Z' uid='72020' user='Petr1868' visible='true' version='1' changeset='4956051' lat='50.0194214' lon='14.3988162' />
  <node id='768730371' timestamp='2012-07-13T11:46:04Z' uid='684284' user='Kewar' visible='true' version='2' changeset='12205711' lat='50.0191881' lon='14.3981354' />
  <node id='768730410' timestamp='2012-07-13T11:46:03Z' uid='684284' user='Kewar' visible='true' version='2' changeset='12205711' lat='50.0192254' lon='14.3981082' />
  <node id='768730567' timestamp='2010-06-10T17:42:34Z' uid='72020' user='Petr1868' visible='true' version='1' changeset='4956051' lat='50.0195995' lon='14.3985338' />
  <node id='768730605' timestamp='2012-07-13T10:26:48Z' uid='684284' user='Kewar' visible='true' version='2' changeset='12204983' lat='50.0191517' lon='14.3990414' />
  <node id='768730639' timestamp='2010-06-10T17:42:36Z' uid='72020' user='Petr1868' visible='true' version='1' changeset='4956051' lat='50.0193201' lon='14.3989021' />
  <node id='768730673' timestamp='2010-06-10T17:42:37Z' uid='72020' user='Petr1868' visible='true' version='1' changeset='4956051' lat='50.0191145' lon='14.3983834' />
  <node id='768730706' timestamp='2012-07-13T11:46:04Z' uid='684284' user='Kewar' visible='true' version='2' changeset='12205711' lat='50.0189841' lon='14.3981091' />
  <node id='768730891' timestamp='2010-06-10T17:42:45Z' uid='72020' user='Petr1868' visible='true' version='1' changeset='4956051' lat='50.0193846' lon='14.3991385' />
  <node id='768730928' timestamp='2010-06-10T17:42:46Z' uid='72020' user='Petr1868' visible='true' version='1' changeset='4956051' lat='50.0193477' lon='14.3991109' />
  <node id='768730964' timestamp='2010-06-10T17:42:47Z' uid='72020' user='Petr1868' visible='true' version='1' changeset='4956051' lat='50.0193631' lon='14.3986166' />
  <node id='768730996' timestamp='2012-07-13T11:46:04Z' uid='684284' user='Kewar' visible='true' version='2' changeset='12205711' lat='50.0191602' lon='14.3981336' />
  <node id='768731038' timestamp='2012-07-13T11:46:03Z' uid='684284' user='Kewar' visible='true' version='2' changeset='12205711' lat='50.0193209' lon='14.3980425' />
  <node id='768731190' timestamp='2012-07-13T10:26:48Z' uid='684284' user='Kewar' visible='true' version='2' changeset='12204983' lat='50.0195725' lon='14.3984995' />
  <node id='768731236' timestamp='2012-07-13T10:26:48Z' uid='684284' user='Kewar' visible='true' version='2' changeset='12204983' lat='50.0195176' lon='14.3987873' />
  <node id='768916903' timestamp='2012-07-14T15:18:35Z' uid='684284' user='Kewar' visible='true' version='2' changeset='12218494' lat='50.0233114' lon='14.401447' />
  <node id='768916932' timestamp='2012-07-16T10:06:55Z' uid='684284' user='Kewar' visible='true' version='2' changeset='12242253' lat='50.0212693' lon='14.4007577' />
  <node id='768917805' timestamp='2010-06-10T22:00:38Z' uid='3516' user='BiIbo' visible='true' version='1' changeset='4955922' lat='50.0174198' lon='14.399397' />
  <node id='768917806' timestamp='2010-06-10T22:00:38Z' uid='3516' user='BiIbo' visible='true' version='1' changeset='4955922' lat='50.018505' lon='14.3998161' />
  <node id='773599017' timestamp='2015-11-11T09:18:51Z' uid='2169558' user='JandaM' visible='true' version='2' changeset='35234911' lat='50.0150615' lon='14.3993095' />
  <node id='773599032' timestamp='2015-11-11T09:18:51Z' uid='2169558' user='JandaM' visible='true' version='2' changeset='35234911' lat='50.0157884' lon='14.4012159' />
  <node id='773599043' timestamp='2015-11-11T09:18:51Z' uid='2169558' user='JandaM' visible='true' version='2' changeset='35234911' lat='50.0150913' lon='14.3994117' />
  <node id='773599062' timestamp='2015-11-11T09:18:52Z' uid='2169558' user='JandaM' visible='true' version='2' changeset='35234911' lat='50.0107276' lon='14.4011913' />
  <node id='773599069' timestamp='2015-11-11T09:18:52Z' uid='2169558' user='JandaM' visible='true' version='2' changeset='35234911' lat='50.0150544' lon='14.3999806' />
  <node id='773599071' timestamp='2015-11-11T09:18:52Z' uid='2169558' user='JandaM' visible='true' version='2' changeset='35234911' lat='50.0109966' lon='14.4004081' />
  <node id='773599072' timestamp='2015-11-11T09:18:52Z' uid='2169558' user='JandaM' visible='true' version='2' changeset='35234911' lat='50.0140303' lon='14.4011826' />
  <node id='773599075' timestamp='2010-06-16T12:00:17Z' uid='17615' user='Petr Dlouhý' visible='true' version='1' changeset='4999963' lat='50.0131895' lon='14.4001522' />
  <node id='773599093' timestamp='2015-11-11T09:18:52Z' uid='2169558' user='JandaM' visible='true' version='2' changeset='35234911' lat='50.0107469' lon='14.4000903' />
  <node id='773599108' timestamp='2015-11-11T09:18:52Z' uid='2169558' user='JandaM' visible='true' version='2' changeset='35234911' lat='50.0149598' lon='14.4009083' />
  <node id='773599114' timestamp='2015-11-11T09:18:53Z' uid='2169558' user='JandaM' visible='true' version='2' changeset='35234911' lat='50.0144855' lon='14.4006384' />
  <node id='773599131' timestamp='2015-11-11T09:18:53Z' uid='2169558' user='JandaM' visible='true' version='2' changeset='35234911' lat='50.0147178' lon='14.3999431' />
  <node id='773599151' timestamp='2015-11-11T09:18:53Z' uid='2169558' user='JandaM' visible='true' version='2' changeset='35234911' lat='50.0140444' lon='14.4006593' />
  <node id='773599159' timestamp='2015-11-11T09:18:53Z' uid='2169558' user='JandaM' visible='true' version='2' changeset='35234911' lat='50.0113616' lon='14.399911' />
  <node id='773599164' timestamp='2010-06-16T12:00:18Z' uid='17615' user='Petr Dlouhý' visible='true' version='1' changeset='4999963' lat='50.0127243' lon='14.4003422' />
  <node id='773599167' timestamp='2015-11-11T09:18:53Z' uid='2169558' user='JandaM' visible='true' version='2' changeset='35234911' lat='50.0152512' lon='14.3992427' />
  <node id='773599173' timestamp='2015-11-11T09:18:54Z' uid='2169558' user='JandaM' visible='true' version='2' changeset='35234911' lat='50.0147373' lon='14.3996386' />
  <node id='773599202' timestamp='2010-06-16T12:00:19Z' uid='17615' user='Petr Dlouhý' visible='true' version='1' changeset='4999963' lat='50.013197' lon='14.4006344' />
  <node id='773599219' timestamp='2015-11-11T09:18:54Z' uid='2169558' user='JandaM' visible='true' version='2' changeset='35234911' lat='50.0158156' lon='14.3993779' />
  <node id='773599234' timestamp='2015-11-11T09:18:54Z' uid='2169558' user='JandaM' visible='true' version='2' changeset='35234911' lat='50.0145261' lon='14.4003733' />
  <node id='773599243' timestamp='2010-06-16T12:00:20Z' uid='17615' user='Petr Dlouhý' visible='true' version='1' changeset='4999963' lat='50.012786' lon='14.4005558' />
  <node id='773599247' timestamp='2015-11-11T09:18:55Z' uid='2169558' user='JandaM' visible='true' version='2' changeset='35234911' lat='50.015083' lon='14.3994953' />
  <node id='773599270' timestamp='2015-11-11T09:18:55Z' uid='2169558' user='JandaM' visible='true' version='2' changeset='35234911' lat='50.0107806' lon='14.4011854' />
  <node id='773599274' timestamp='2015-11-11T09:18:55Z' uid='2169558' user='JandaM' visible='true' version='2' changeset='35234911' lat='50.0151074' lon='14.3997507' />
  <node id='773599277' timestamp='2015-11-11T09:18:55Z' uid='2169558' user='JandaM' visible='true' version='2' changeset='35234911' lat='50.0111389' lon='14.4008655' />
  <node id='773599293' timestamp='2015-11-11T09:18:55Z' uid='2169558' user='JandaM' visible='true' version='2' changeset='35234911' lat='50.0150721' lon='14.3993119' />
  <node id='773599303' timestamp='2015-11-11T09:18:56Z' uid='2169558' user='JandaM' visible='true' version='2' changeset='35234911' lat='50.0150128' lon='14.399354' />
  <node id='773599319' timestamp='2015-11-11T09:18:56Z' uid='2169558' user='JandaM' visible='true' version='2' changeset='35234911' lat='50.0149765' lon='14.4013399' />
  <node id='773599349' timestamp='2015-11-11T09:18:56Z' uid='2169558' user='JandaM' visible='true' version='2' changeset='35234911' lat='50.0150799' lon='14.4000267' />
  <node id='773599351' timestamp='2015-11-11T09:18:56Z' uid='2169558' user='JandaM' visible='true' version='2' changeset='35234911' lat='50.0140528' lon='14.4010856' />
  <node id='773599371' timestamp='2015-11-11T09:18:57Z' uid='2169558' user='JandaM' visible='true' version='2' changeset='35234911' lat='50.015245' lon='14.3993371' />
  <node id='773599376' timestamp='2015-11-11T09:18:57Z' uid='2169558' user='JandaM' visible='true' version='2' changeset='35234911' lat='50.0148382' lon='14.3995131' />
  <node id='773599379' timestamp='2015-11-11T09:18:57Z' uid='2169558' user='JandaM' visible='true' version='2' changeset='35234911' lat='50.0108404' lon='14.4001186' />
  <node id='773599398' timestamp='2015-11-11T09:18:57Z' uid='2169558' user='JandaM' visible='true' version='2' changeset='35234911' lat='50.0144835' lon='14.401065' />
  <node id='773599422' timestamp='2015-11-11T09:18:57Z' uid='2169558' user='JandaM' visible='true' version='2' changeset='35234911' lat='50.0148033' lon='14.3997334' />
  <node id='773599433' timestamp='2015-11-11T09:18:58Z' uid='2169558' user='JandaM' visible='true' version='2' changeset='35234911' lat='50.0158037' lon='14.3995623' />
  <node id='773599451' timestamp='2015-11-11T09:18:58Z' uid='2169558' user='JandaM' visible='true' version='2' changeset='35234911' lat='50.0140185' lon='14.4005629' />
  <node id='773599462' timestamp='2015-11-11T09:18:58Z' uid='2169558' user='JandaM' visible='true' version='2' changeset='35234911' lat='50.0113626' lon='14.3999315' />
  <node id='773599474' timestamp='2015-11-11T09:18:58Z' uid='2169558' user='JandaM' visible='true' version='2' changeset='35234911' lat='50.0150683' lon='14.3992107' />
  <node id='773599483' timestamp='2015-11-11T09:18:58Z' uid='2169558' user='JandaM' visible='true' version='2' changeset='35234911' lat='50.0151595' lon='14.3997646' />
  <node id='773599497' timestamp='2015-11-11T09:18:58Z' uid='2169558' user='JandaM' visible='true' version='2' changeset='35234911' lat='50.0144775' lon='14.4011629' />
  <node id='773599503' timestamp='2010-06-16T12:00:26Z' uid='17615' user='Petr Dlouhý' visible='true' version='1' changeset='4999963' lat='50.0132418' lon='14.4005335' />
  <node id='773599529' timestamp='2015-11-11T09:18:59Z' uid='2169558' user='JandaM' visible='true' version='2' changeset='35234911' lat='50.0157594' lon='14.4012099' />
  <node id='773599543' timestamp='2010-06-16T12:00:26Z' uid='17615' user='Petr Dlouhý' visible='true' version='1' changeset='4999963' lat='50.0128149' lon='14.4006429' />
  <node id='773599546' timestamp='2015-11-11T09:18:59Z' uid='2169558' user='JandaM' visible='true' version='2' changeset='35234911' lat='50.0150485' lon='14.3994017' />
  <node id='773599566' timestamp='2015-11-11T09:18:59Z' uid='2169558' user='JandaM' visible='true' version='2' changeset='35234911' lat='50.0107292' lon='14.4012245' />
  <node id='773599574' timestamp='2015-11-11T09:18:59Z' uid='2169558' user='JandaM' visible='true' version='2' changeset='35234911' lat='50.0150903' lon='14.3999834' />
  <node id='773599577' timestamp='2015-11-11T09:19:00Z' uid='2169558' user='JandaM' visible='true' version='2' changeset='35234911' lat='50.0140325' lon='14.4012968' />
  <node id='773599582' timestamp='2010-06-16T12:00:27Z' uid='17615' user='Petr Dlouhý' visible='true' version='1' changeset='4999963' lat='50.0131904' lon='14.4002505' />
  <node id='773599586' timestamp='2015-11-11T09:19:00Z' uid='2169558' user='JandaM' visible='true' version='2' changeset='35234911' lat='50.011255' lon='14.3998045' />
  <node id='773599592' timestamp='2015-11-11T09:19:00Z' uid='2169558' user='JandaM' visible='true' version='2' changeset='35234911' lat='50.0151555' lon='14.3992281' />
  <node id='773599606' timestamp='2015-11-11T09:19:00Z' uid='2169558' user='JandaM' visible='true' version='2' changeset='35234911' lat='50.0107486' lon='14.4001285' />
  <node id='773599617' timestamp='2015-11-11T09:19:00Z' uid='2169558' user='JandaM' visible='true' version='2' changeset='35234911' lat='50.0149375' lon='14.401278' />
  <node id='773599624' timestamp='2015-11-11T09:19:00Z' uid='2169558' user='JandaM' visible='true' version='2' changeset='35234911' lat='50.0144915' lon='14.4005403' />
  <node id='773599638' timestamp='2015-11-11T09:19:00Z' uid='2169558' user='JandaM' visible='true' version='2' changeset='35234911' lat='50.0147899' lon='14.399955' />
  <node id='773599653' timestamp='2015-11-11T09:19:01Z' uid='2169558' user='JandaM' visible='true' version='2' changeset='35234911' lat='50.0158261' lon='14.4001208' />
  <node id='773599658' timestamp='2015-11-11T09:19:01Z' uid='2169558' user='JandaM' visible='true' version='2' changeset='35234911' lat='50.0140204' lon='14.4006597' />
  <node id='773599675' timestamp='2010-06-16T12:00:30Z' uid='17615' user='Petr Dlouhý' visible='true' version='1' changeset='4999963' lat='50.0127236' lon='14.4002668' />
  <node id='773599676' timestamp='2015-11-11T09:19:01Z' uid='2169558' user='JandaM' visible='true' version='2' changeset='35234911' lat='50.015183' lon='14.399233' />
  <node id='773599684' timestamp='2015-11-11T09:19:01Z' uid='2169558' user='JandaM' visible='true' version='2' changeset='35234911' lat='50.0148022' lon='14.3996494' />
  <node id='773599702' timestamp='2015-11-11T09:19:01Z' uid='2169558' user='JandaM' visible='true' version='2' changeset='35234911' lat='50.0148784' lon='14.3995922' />
  <node id='773599707' timestamp='2010-06-16T12:00:30Z' uid='17615' user='Petr Dlouhý' visible='true' version='1' changeset='4999963' lat='50.0131125' lon='14.4002581' />
  <node id='773599725' timestamp='2015-11-11T09:19:02Z' uid='2169558' user='JandaM' visible='true' version='2' changeset='35234911' lat='50.0154502' lon='14.3992755' />
  <node id='773599741' timestamp='2015-11-11T09:19:03Z' uid='2169558' user='JandaM' visible='true' version='2' changeset='35234911' lat='50.0140151' lon='14.400398' />
  <node id='773599778' timestamp='2015-11-11T09:19:03Z' uid='2169558' user='JandaM' visible='true' version='2' changeset='35234911' lat='50.0158167' lon='14.3996324' />
  <node id='773599787' timestamp='2015-11-11T09:19:03Z' uid='2169558' user='JandaM' visible='true' version='2' changeset='35234911' lat='50.0109443' lon='14.4011673' />
  <node id='773599789' timestamp='2015-11-11T09:19:03Z' uid='2169558' user='JandaM' visible='true' version='2' changeset='35234911' lat='50.0151165' lon='14.3996234' />
  <node id='773599831' timestamp='2015-11-11T09:19:03Z' uid='2169558' user='JandaM' visible='true' version='2' changeset='35234911' lat='50.0151485' lon='14.3993228' />
  <node id='773599852' timestamp='2015-11-11T09:19:04Z' uid='2169558' user='JandaM' visible='true' version='2' changeset='35234911' lat='50.0150167' lon='14.3993022' />
  <node id='773599868' timestamp='2015-11-11T09:19:04Z' uid='2169558' user='JandaM' visible='true' version='2' changeset='35234911' lat='50.0157727' lon='14.401461' />
  <node id='773599916' timestamp='2015-11-11T09:19:04Z' uid='2169558' user='JandaM' visible='true' version='2' changeset='35234911' lat='50.0106703' lon='14.4011976' />
  <node id='773599931' timestamp='2015-11-11T09:19:04Z' uid='2169558' user='JandaM' visible='true' version='2' changeset='35234911' lat='50.0150514' lon='14.4000213' />
  <node id='773599932' timestamp='2015-11-11T09:19:04Z' uid='2169558' user='JandaM' visible='true' version='2' changeset='35234911' lat='50.0111208' lon='14.4003975' />
  <node id='773599933' timestamp='2015-11-11T09:19:05Z' uid='2169558' user='JandaM' visible='true' version='2' changeset='35234911' lat='50.0140544' lon='14.4011821' />
  <node id='773599946' timestamp='2015-11-11T09:19:05Z' uid='2169558' user='JandaM' visible='true' version='2' changeset='35234911' lat='50.0114235' lon='14.3997863' />
  <node id='773599955' timestamp='2015-11-11T09:19:05Z' uid='2169558' user='JandaM' visible='true' version='2' changeset='35234911' lat='50.01485' lon='14.3993305' />
  <node id='773599959' timestamp='2015-11-11T09:19:05Z' uid='2169558' user='JandaM' visible='true' version='2' changeset='35234911' lat='50.0108387' lon='14.4000803' />
  <node id='773599973' timestamp='2015-11-11T09:19:05Z' uid='2169558' user='JandaM' visible='true' version='2' changeset='35234911' lat='50.0147968' lon='14.4008826' />
  <node id='773599975' timestamp='2015-11-11T09:19:05Z' uid='2169558' user='JandaM' visible='true' version='2' changeset='35234911' lat='50.0145098' lon='14.4006372' />
  <node id='773599991' timestamp='2015-11-11T09:19:06Z' uid='2169558' user='JandaM' visible='true' version='2' changeset='35234911' lat='50.0147318' lon='14.3997227' />
  <node id='773600011' timestamp='2015-11-11T09:19:06Z' uid='2169558' user='JandaM' visible='true' version='2' changeset='35234911' lat='50.0140425' lon='14.4005625' />
  <node id='773600025' timestamp='2010-06-16T12:00:37Z' uid='17615' user='Petr Dlouhý' visible='true' version='1' changeset='4999963' lat='50.012784' lon='14.4003408' />
  <node id='773600034' timestamp='2015-11-11T09:19:06Z' uid='2169558' user='JandaM' visible='true' version='2' changeset='35234911' lat='50.0147669' lon='14.3991872' />
  <node id='773600050' timestamp='2015-11-11T09:19:07Z' uid='2169558' user='JandaM' visible='true' version='2' changeset='35234911' lat='50.0144532' lon='14.4011637' />
  <node id='773600054' timestamp='2010-06-16T12:00:37Z' uid='17615' user='Petr Dlouhý' visible='true' version='1' changeset='4999963' lat='50.013196' lon='14.4005345' />
  <node id='773600086' timestamp='2010-06-16T12:00:38Z' uid='17615' user='Petr Dlouhý' visible='true' version='1' changeset='4999963' lat='50.0128141' lon='14.4005552' />
  <node id='773600088' timestamp='2015-11-11T09:19:07Z' uid='2169558' user='JandaM' visible='true' version='2' changeset='35234911' lat='50.0150413' lon='14.3994873' />
  <node id='773600104' timestamp='2015-11-11T09:19:08Z' uid='2169558' user='JandaM' visible='true' version='2' changeset='35234911' lat='50.0107821' lon='14.4012186' />
  <node id='773600108' timestamp='2015-11-11T09:19:08Z' uid='2169558' user='JandaM' visible='true' version='2' changeset='35234911' lat='50.0151047' lon='14.3997513' />
  <node id='773600110' timestamp='2015-11-11T09:19:08Z' uid='2169558' user='JandaM' visible='true' version='2' changeset='35234911' lat='50.0110148' lon='14.4008766' />
  <node id='773600116' timestamp='2010-06-16T12:00:40Z' uid='17615' user='Petr Dlouhý' visible='true' version='1' changeset='4999963' lat='50.0132392' lon='14.4002494' />
  <node id='773600119' timestamp='2015-11-11T09:19:08Z' uid='2169558' user='JandaM' visible='true' version='2' changeset='35234911' lat='50.0112612' lon='14.3999425' />
  <node id='773600124' timestamp='2015-11-11T09:19:08Z' uid='2169558' user='JandaM' visible='true' version='2' changeset='35234911' lat='50.0150788' lon='14.3992187' />
  <node id='773600133' timestamp='2015-11-11T09:19:08Z' uid='2169558' user='JandaM' visible='true' version='2' changeset='35234911' lat='50.010623' lon='14.4001421' />
  <node id='773600143' timestamp='2015-11-11T09:19:08Z' uid='2169558' user='JandaM' visible='true' version='2' changeset='35234911' lat='50.0149795' lon='14.4012846' />
  <node id='773600148' timestamp='2015-11-11T09:19:08Z' uid='2169558' user='JandaM' visible='true' version='2' changeset='35234911' lat='50.0145158' lon='14.40054' />
  <node id='773600170' timestamp='2015-11-11T09:19:09Z' uid='2169558' user='JandaM' visible='true' version='2' changeset='35234911' lat='50.0150796' lon='14.4000106' />
  <node id='773600172' timestamp='2015-11-11T09:19:09Z' uid='2169558' user='JandaM' visible='true' version='2' changeset='35234911' lat='50.0140286' lon='14.4010861' />
  <node id='773600182' timestamp='2015-11-11T09:19:09Z' uid='2169558' user='JandaM' visible='true' version='2' changeset='35234911' lat='50.011429' lon='14.3999037' />
  <node id='773600188' timestamp='2015-11-11T09:19:09Z' uid='2169558' user='JandaM' visible='true' version='2' changeset='35234911' lat='50.015176' lon='14.3993269' />
  <node id='773600192' timestamp='2015-11-11T09:19:09Z' uid='2169558' user='JandaM' visible='true' version='2' changeset='35234911' lat='50.0148106' lon='14.3995067' />
  <node id='773600194' timestamp='2015-11-11T09:19:09Z' uid='2169558' user='JandaM' visible='true' version='2' changeset='35234911' lat='50.0114358' lon='14.4000541' />
  <node id='773600203' timestamp='2015-11-11T09:19:10Z' uid='2169558' user='JandaM' visible='true' version='2' changeset='35234911' lat='50.0157999' lon='14.3998643' />
  <node id='773600206' timestamp='2015-11-11T09:19:10Z' uid='2169558' user='JandaM' visible='true' version='2' changeset='35234911' lat='50.0114458' lon='14.4002783' />
  <node id='773600213' timestamp='2015-11-11T09:19:10Z' uid='2169558' user='JandaM' visible='true' version='2' changeset='35234911' lat='50.0144593' lon='14.4010669' />
  <node id='773600234' timestamp='2015-11-11T09:19:10Z' uid='2169558' user='JandaM' visible='true' version='2' changeset='35234911' lat='50.015434' lon='14.3995046' />
  <node id='773600248' timestamp='2010-06-16T12:00:44Z' uid='17615' user='Petr Dlouhý' visible='true' version='1' changeset='4999963' lat='50.0131115' lon='14.4001539' />
  <node id='773600274' timestamp='2015-11-11T09:19:11Z' uid='2169558' user='JandaM' visible='true' version='2' changeset='35234911' lat='50.015172' lon='14.399591' />
  <node id='773600278' timestamp='2015-11-11T09:19:11Z' uid='2169558' user='JandaM' visible='true' version='2' changeset='35234911' lat='50.0109086' lon='14.4003369' />
  <node id='773600283' timestamp='2015-11-11T09:19:11Z' uid='2169558' user='JandaM' visible='true' version='2' changeset='35234911' lat='50.0144705' lon='14.4012765' />
  <node id='773902293' timestamp='2015-11-11T09:19:51Z' uid='2169558' user='JandaM' visible='true' version='2' changeset='35234911' lat='50.0101182' lon='14.4002018' />
  <node id='773902311' timestamp='2015-11-11T09:19:51Z' uid='2169558' user='JandaM' visible='true' version='2' changeset='35234911' lat='50.0100725' lon='14.400213' />
  <node id='773902392' timestamp='2015-11-11T09:19:51Z' uid='2169558' user='JandaM' visible='true' version='2' changeset='35234911' lat='50.0101835' lon='14.4003003' />
  <node id='773902556' timestamp='2015-11-11T09:19:52Z' uid='2169558' user='JandaM' visible='true' version='2' changeset='35234911' lat='50.0101117' lon='14.4001377' />
  <node id='773902658' timestamp='2015-11-11T09:19:52Z' uid='2169558' user='JandaM' visible='true' version='2' changeset='35234911' lat='50.0102115' lon='14.4006746' />
  <node id='773902736' timestamp='2015-11-11T09:19:52Z' uid='2169558' user='JandaM' visible='true' version='2' changeset='35234911' lat='50.010073' lon='14.4003258' />
  <node id='773902982' timestamp='2015-11-11T09:19:52Z' uid='2169558' user='JandaM' visible='true' version='2' changeset='35234911' lat='50.010219' lon='14.4006728' />
  <node id='773903012' timestamp='2015-11-11T09:19:52Z' uid='2169558' user='JandaM' visible='true' version='2' changeset='35234911' lat='50.010066' lon='14.4001489' />
  <node id='773903040' timestamp='2015-11-11T09:19:52Z' uid='2169558' user='JandaM' visible='true' version='2' changeset='35234911' lat='50.0101085' lon='14.4006983' />
  <node id='947045092' timestamp='2012-04-24T18:55:41Z' uid='488732' user='montardo' visible='true' version='3' changeset='11408284' lat='50.0023517' lon='14.4028558'>
    <tag k='amenity' v='ferry_terminal' />
    <tag k='cargo' v='passengers' />
    <tag k='name' v='Nádraží Modřany' />
  </node>
  <node id='947045093' timestamp='2012-04-24T18:56:16Z' uid='488732' user='montardo' visible='true' version='2' changeset='11408284' lat='50.0022769' lon='14.4028655' />
  <node id='949527349' timestamp='2016-05-06T14:11:06Z' uid='102554' user='Jezevec' visible='true' version='3' changeset='39144792' lat='50.0773029' lon='14.4110804' />
  <node id='949561064' timestamp='2010-10-15T07:47:02Z' uid='1066' user='pavel' visible='true' version='1' changeset='6046549' lat='50.0121057' lon='14.3957336' />
  <node id='949623847' timestamp='2010-10-15T09:01:02Z' uid='1066' user='pavel' visible='true' version='1' changeset='6047140' lat='50.0049139' lon='14.4017576' />
  <node id='949627587' timestamp='2011-02-07T01:25:13Z' uid='3516' user='BiIbo' visible='true' version='2' changeset='7204886' lat='49.9992792' lon='14.4024434' />
  <node id='949665957' timestamp='2010-10-15T09:37:11Z' uid='1066' user='pavel' visible='true' version='1' changeset='6047585' lat='50.0943476' lon='14.4285399' />
  <node id='949691480' timestamp='2010-10-28T04:18:07Z' uid='3516' user='BiIbo' visible='true' version='2' changeset='6204367' lat='50.073562' lon='14.4118952' />
  <node id='949704823' timestamp='2013-10-02T18:14:02Z' uid='500178' user='JulienDeMetz' visible='true' version='3' changeset='18148699' lat='50.0849656' lon='14.4107946' />
  <node id='952405476' timestamp='2011-02-07T01:35:22Z' uid='3516' user='BiIbo' visible='true' version='2' changeset='7204886' lat='50.0121185' lon='14.3967328' />
  <node id='952844393' timestamp='2010-10-16T22:45:20Z' uid='1066' user='pavel' visible='true' version='1' changeset='6062012' lat='50.0186828' lon='14.3983216' />
  <node id='952848468' timestamp='2011-02-07T01:35:23Z' uid='3516' user='BiIbo' visible='true' version='2' changeset='7204886' lat='50.0121943' lon='14.397337' />
  <node id='953117868' timestamp='2010-10-17T00:51:01Z' uid='1066' user='pavel' visible='true' version='1' changeset='6062963' lat='50.0067461' lon='14.3997594' />
  <node id='953156692' timestamp='2011-02-07T01:25:13Z' uid='3516' user='BiIbo' visible='true' version='2' changeset='7204886' lat='50.0187374' lon='14.3960078' />
  <node id='953225421' timestamp='2015-08-06T05:48:56Z' uid='1189910' user='Milancer' visible='true' version='3' changeset='33146004' lat='50.0248252' lon='14.3970223' />
  <node id='953283241' timestamp='2010-10-17T02:08:24Z' uid='1066' user='pavel' visible='true' version='1' changeset='6062963' lat='50.0186236' lon='14.3995555' />
  <node id='953305429' timestamp='2011-02-07T01:35:22Z' uid='3516' user='BiIbo' visible='true' version='2' changeset='7204886' lat='50.0340513' lon='14.4033944' />
  <node id='953466029' timestamp='2011-02-07T01:35:20Z' uid='3516' user='BiIbo' visible='true' version='2' changeset='7204886' lat='50.0120905' lon='14.3965498' />
  <node id='953514113' timestamp='2010-10-28T04:16:00Z' uid='3516' user='BiIbo' visible='true' version='2' changeset='6204367' lat='50.091841' lon='14.4148742' />
  <node id='953591257' timestamp='2011-02-07T01:25:13Z' uid='3516' user='BiIbo' visible='true' version='2' changeset='7204886' lat='50.0015975' lon='14.4022774' />
  <node id='953673702' timestamp='2011-02-07T01:35:21Z' uid='3516' user='BiIbo' visible='true' version='2' changeset='7204886' lat='50.0067564' lon='14.3989964' />
  <node id='953800938' timestamp='2010-10-17T07:27:33Z' uid='1066' user='pavel' visible='true' version='1' changeset='6064006' lat='50.0096962' lon='14.3980364' />
  <node id='1140211427' timestamp='2011-02-07T01:22:26Z' uid='3516' user='BiIbo' visible='true' version='1' changeset='7204886' lat='50.0182229' lon='14.4021649' />
  <node id='1140211436' timestamp='2011-02-07T01:22:26Z' uid='3516' user='BiIbo' visible='true' version='1' changeset='7204886' lat='50.0186109' lon='14.3974994' />
  <node id='1140211465' timestamp='2012-07-13T12:14:41Z' uid='684284' user='Kewar' visible='true' version='2' changeset='12205973' lat='50.018808' lon='14.3971929' />
  <node id='1140211467' timestamp='2011-02-07T01:22:27Z' uid='3516' user='BiIbo' visible='true' version='1' changeset='7204886' lat='50.0212521' lon='14.3987771' />
  <node id='1140211486' timestamp='2012-07-13T12:14:41Z' uid='684284' user='Kewar' visible='true' version='2' changeset='12205973' lat='50.0187366' lon='14.3976036' />
  <node id='1140211489' timestamp='2018-10-24T07:50:34Z' uid='64876' user='Andreeeee' visible='true' version='2' changeset='63821814' lat='50.0208958' lon='14.3969101' />
  <node id='1140211513' timestamp='2018-10-24T07:50:34Z' uid='64876' user='Andreeeee' visible='true' version='2' changeset='63821814' lat='50.0213563' lon='14.3972825' />
  <node id='1140211546' timestamp='2018-10-24T07:50:34Z' uid='64876' user='Andreeeee' visible='true' version='3' changeset='63821814' lat='50.0191368' lon='14.396857' />
  <node id='1140211550' timestamp='2011-02-07T01:22:28Z' uid='3516' user='BiIbo' visible='true' version='1' changeset='7204886' lat='50.0186015' lon='14.3996995' />
  <node id='1140211555' timestamp='2012-07-13T12:14:41Z' uid='684284' user='Kewar' visible='true' version='2' changeset='12205973' lat='50.0186714' lon='14.3968778' />
  <node id='1140254356' timestamp='2011-02-07T02:34:45Z' uid='3516' user='BiIbo' visible='true' version='1' changeset='7204886' lat='50.0050174' lon='14.4026107' />
  <node id='1140254431' timestamp='2015-09-12T09:13:04Z' uid='102554' user='Jezevec' visible='true' version='2' changeset='33977323' lat='50.0059168' lon='14.402244' />
  <node id='1140254502' timestamp='2011-02-07T02:34:50Z' uid='3516' user='BiIbo' visible='true' version='1' changeset='7204886' lat='50.002687' lon='14.4032942' />
  <node id='1140257136' timestamp='2015-09-12T09:13:04Z' uid='102554' user='Jezevec' visible='true' version='2' changeset='33977323' lat='50.0107356' lon='14.3995362' />
  <node id='1140260879' timestamp='2011-02-07T02:47:40Z' uid='3516' user='BiIbo' visible='true' version='1' changeset='7204886' lat='50.0018171' lon='14.4034741' />
  <node id='1140260912' timestamp='2018-07-27T20:21:11Z' uid='1189910' user='Milancer' visible='true' version='3' changeset='61129997' lat='49.9993534' lon='14.4037224'>
    <tag k='railway' v='switch' />
  </node>
  <node id='1140788164' timestamp='2013-12-21T19:28:53Z' uid='1845771' user='ZdenekS' visible='true' version='2' changeset='19571720' lat='50.014012' lon='14.4002404' />
  <node id='1140788176' timestamp='2013-12-21T19:28:53Z' uid='1845771' user='ZdenekS' visible='true' version='2' changeset='19571720' lat='50.0139664' lon='14.400308' />
  <node id='1140788184' timestamp='2011-02-07T13:05:00Z' uid='3516' user='BiIbo' visible='true' version='1' changeset='7215631' lat='50.0145835' lon='14.4015345' />
  <node id='1140788190' timestamp='2013-12-21T19:28:53Z' uid='1845771' user='ZdenekS' visible='true' version='2' changeset='19571720' lat='50.013945' lon='14.4003946' />
  <node id='1140788204' timestamp='2013-12-21T19:28:53Z' uid='1845771' user='ZdenekS' visible='true' version='2' changeset='19571720' lat='50.0146763' lon='14.4001915' />
  <node id='1140788228' timestamp='2013-12-21T19:28:53Z' uid='1845771' user='ZdenekS' visible='true' version='2' changeset='19571720' lat='50.0140718' lon='14.4002186' />
  <node id='1666961040' timestamp='2018-10-24T07:50:34Z' uid='64876' user='Andreeeee' visible='true' version='2' changeset='63821814' lat='50.0188357' lon='14.3968538' />
  <node id='1714897014' timestamp='2013-10-02T18:14:02Z' uid='500178' user='JulienDeMetz' visible='true' version='2' changeset='18148699' lat='50.0863276' lon='14.4112962' />
  <node id='1727111450' timestamp='2012-04-22T21:07:11Z' uid='17615' user='Petr Dlouhý' visible='true' version='1' changeset='11389234' lat='49.9988783' lon='14.4031113' />
  <node id='1727111451' timestamp='2012-04-22T21:07:11Z' uid='17615' user='Petr Dlouhý' visible='true' version='1' changeset='11389234' lat='49.9990183' lon='14.403136' />
  <node id='1729293405' timestamp='2012-04-24T18:52:56Z' uid='488732' user='montardo' visible='true' version='1' changeset='11408284' lat='49.9982401' lon='14.401472' />
  <node id='1729293740' timestamp='2012-04-24T18:53:03Z' uid='488732' user='montardo' visible='true' version='1' changeset='11408284' lat='50.0022409' lon='14.4013361' />
  <node id='1729293748' timestamp='2012-04-24T18:53:03Z' uid='488732' user='montardo' visible='true' version='1' changeset='11408284' lat='50.0034748' lon='14.4010575' />
  <node id='1729293837' timestamp='2012-04-24T18:53:05Z' uid='488732' user='montardo' visible='true' version='1' changeset='11408284' lat='50.0077163' lon='14.3980694' />
  <node id='1729293839' timestamp='2012-04-24T18:53:05Z' uid='488732' user='montardo' visible='true' version='1' changeset='11408284' lat='50.0077901' lon='14.398088' />
  <node id='1729293841' timestamp='2012-04-24T18:53:05Z' uid='488732' user='montardo' visible='true' version='1' changeset='11408284' lat='50.0079378' lon='14.3980135' />
  <node id='1729293844' timestamp='2012-04-24T18:53:05Z' uid='488732' user='montardo' visible='true' version='1' changeset='11408284' lat='50.0080016' lon='14.3982588' />
  <node id='1729293847' timestamp='2012-04-24T18:53:05Z' uid='488732' user='montardo' visible='true' version='1' changeset='11408284' lat='50.0082111' lon='14.3977837' />
  <node id='1729293850' timestamp='2012-04-24T18:53:05Z' uid='488732' user='montardo' visible='true' version='1' changeset='11408284' lat='50.008287' lon='14.3980911' />
  <node id='1729293854' timestamp='2012-04-24T18:53:05Z' uid='488732' user='montardo' visible='true' version='1' changeset='11408284' lat='50.0130798' lon='14.3976919' />
  <node id='1729293856' timestamp='2012-04-24T18:53:05Z' uid='488732' user='montardo' visible='true' version='1' changeset='11408284' lat='50.013741' lon='14.3973171' />
  <node id='1729293859' timestamp='2012-04-24T18:53:05Z' uid='488732' user='montardo' visible='true' version='1' changeset='11408284' lat='50.0137572' lon='14.3972659' />
  <node id='1729293861' timestamp='2012-04-24T18:53:05Z' uid='488732' user='montardo' visible='true' version='1' changeset='11408284' lat='50.0143184' lon='14.3970858' />
  <node id='1729293869' timestamp='2012-04-24T18:53:05Z' uid='488732' user='montardo' visible='true' version='1' changeset='11408284' lat='50.0143554' lon='14.3971513' />
  <node id='1764372157' timestamp='2012-09-05T02:52:31Z' uid='488732' user='montardo' visible='true' version='2' changeset='12989968' lat='50.0074171' lon='14.3999158' />
  <node id='1764372158' timestamp='2020-10-19T19:33:14Z' uid='1189910' user='Milancer' visible='true' version='3' changeset='92726530' lat='50.0071713' lon='14.3999443' />
  <node id='1764372159' timestamp='2020-10-19T19:33:14Z' uid='1189910' user='Milancer' visible='true' version='3' changeset='92726530' lat='50.0098259' lon='14.3985641' />
  <node id='1764372160' timestamp='2012-05-24T17:06:51Z' uid='177221' user='reki' visible='true' version='1' changeset='11691545' lat='50.0100388' lon='14.3982608' />
  <node id='1824052893' timestamp='2012-07-13T10:26:30Z' uid='684284' user='Kewar' visible='true' version='1' changeset='12204983' lat='50.0191228' lon='14.3990493' />
  <node id='1824052896' timestamp='2012-07-13T10:26:30Z' uid='684284' user='Kewar' visible='true' version='1' changeset='12204983' lat='50.0200259' lon='14.3996662' />
  <node id='1824052898' timestamp='2012-07-13T10:26:30Z' uid='684284' user='Kewar' visible='true' version='1' changeset='12204983' lat='50.0194391' lon='14.3994919' />
  <node id='1824052900' timestamp='2012-07-13T10:26:30Z' uid='684284' user='Kewar' visible='true' version='1' changeset='12204983' lat='50.0195847' lon='14.3991942' />
  <node id='1824052902' timestamp='2012-07-13T10:26:30Z' uid='684284' user='Kewar' visible='true' version='1' changeset='12204983' lat='50.0194934' lon='14.3988049' />
  <node id='1824052908' timestamp='2012-07-13T10:26:30Z' uid='684284' user='Kewar' visible='true' version='1' changeset='12204983' lat='50.0193495' lon='14.3992049' />
  <node id='1824052911' timestamp='2012-07-13T10:26:31Z' uid='684284' user='Kewar' visible='true' version='1' changeset='12204983' lat='50.0191616' lon='14.3988991' />
  <node id='1824052912' timestamp='2012-07-13T10:26:31Z' uid='684284' user='Kewar' visible='true' version='1' changeset='12204983' lat='50.0191918' lon='14.3989099' />
  <node id='1824052916' timestamp='2012-07-13T10:26:31Z' uid='684284' user='Kewar' visible='true' version='1' changeset='12204983' lat='50.0203913' lon='14.3994275' />
  <node id='1824052918' timestamp='2012-07-13T10:26:31Z' uid='684284' user='Kewar' visible='true' version='1' changeset='12204983' lat='50.0199621' lon='14.3996287' />
  <node id='1824052920' timestamp='2012-07-13T10:26:31Z' uid='684284' user='Kewar' visible='true' version='1' changeset='12204983' lat='50.0196571' lon='14.3996126' />
  <node id='1824052922' timestamp='2012-07-13T10:26:31Z' uid='684284' user='Kewar' visible='true' version='1' changeset='12204983' lat='50.0194382' lon='14.399221' />
  <node id='1824052924' timestamp='2012-07-13T10:26:31Z' uid='684284' user='Kewar' visible='true' version='1' changeset='12204983' lat='50.0211797' lon='14.3999626' />
  <node id='1824052928' timestamp='2012-07-13T10:26:31Z' uid='684284' user='Kewar' visible='true' version='1' changeset='12204983' lat='50.0188781' lon='14.3994101' />
  <node id='1824052933' timestamp='2012-07-13T10:26:31Z' uid='684284' user='Kewar' visible='true' version='1' changeset='12204983' lat='50.0190772' lon='14.3993377' />
  <node id='1824052935' timestamp='2012-07-13T10:26:31Z' uid='684284' user='Kewar' visible='true' version='1' changeset='12204983' lat='50.0188841' lon='14.3993564' />
  <node id='1824052944' timestamp='2012-07-13T10:26:31Z' uid='684284' user='Kewar' visible='true' version='1' changeset='12204983' lat='50.019402' lon='14.3992156' />
  <node id='1824052948' timestamp='2012-07-13T10:26:31Z' uid='684284' user='Kewar' visible='true' version='1' changeset='12204983' lat='50.0190151' lon='14.3989072' />
  <node id='1824052950' timestamp='2012-07-13T10:26:31Z' uid='684284' user='Kewar' visible='true' version='1' changeset='12204983' lat='50.0191461' lon='14.3992653' />
  <node id='1824052956' timestamp='2012-07-13T10:26:31Z' uid='684284' user='Kewar' visible='true' version='1' changeset='12204983' lat='50.0202249' lon='14.399681' />
  <node id='1824052958' timestamp='2012-07-13T10:26:31Z' uid='684284' user='Kewar' visible='true' version='1' changeset='12204983' lat='50.0194736' lon='14.3992197' />
  <node id='1824052964' timestamp='2012-07-13T10:26:31Z' uid='684284' user='Kewar' visible='true' version='1' changeset='12204983' lat='50.0190979' lon='14.3990922' />
  <node id='1824052970' timestamp='2012-07-13T10:26:32Z' uid='684284' user='Kewar' visible='true' version='1' changeset='12204983' lat='50.0191789' lon='14.3988924' />
  <node id='1824052972' timestamp='2012-07-13T10:26:32Z' uid='684284' user='Kewar' visible='true' version='1' changeset='12204983' lat='50.0196243' lon='14.3992049' />
  <node id='1824052974' timestamp='2012-07-13T10:26:32Z' uid='684284' user='Kewar' visible='true' version='1' changeset='12204983' lat='50.0203206' lon='14.3997735' />
  <node id='1824052978' timestamp='2012-07-13T10:26:32Z' uid='684284' user='Kewar' visible='true' version='1' changeset='12204983' lat='50.0192383' lon='14.3994315' />
  <node id='1824052983' timestamp='2012-07-13T10:26:32Z' uid='684284' user='Kewar' visible='true' version='1' changeset='12204983' lat='50.0188885' lon='14.3991499' />
  <node id='1824052991' timestamp='2012-07-13T10:26:32Z' uid='684284' user='Kewar' visible='true' version='1' changeset='12204983' lat='50.0205326' lon='14.3999318' />
  <node id='1824052993' timestamp='2012-07-13T10:26:32Z' uid='684284' user='Kewar' visible='true' version='1' changeset='12204983' lat='50.0190642' lon='14.3988696' />
  <node id='1824052997' timestamp='2012-07-13T10:26:32Z' uid='684284' user='Kewar' visible='true' version='1' changeset='12204983' lat='50.0204111' lon='14.3998768' />
  <node id='1824053005' timestamp='2012-07-13T10:26:32Z' uid='684284' user='Kewar' visible='true' version='1' changeset='12204983' lat='50.0198768' lon='14.3992787' />
  <node id='1824053007' timestamp='2012-07-13T10:26:32Z' uid='684284' user='Kewar' visible='true' version='1' changeset='12204983' lat='50.0191168' lon='14.3993377' />
  <node id='1824053019' timestamp='2012-07-13T10:26:32Z' uid='684284' user='Kewar' visible='true' version='1' changeset='12204983' lat='50.0190841' lon='14.3989514' />
  <node id='1824053030' timestamp='2012-07-13T10:26:33Z' uid='684284' user='Kewar' visible='true' version='1' changeset='12204983' lat='50.0190625' lon='14.398985' />
  <node id='1824053038' timestamp='2012-07-13T10:26:33Z' uid='684284' user='Kewar' visible='true' version='1' changeset='12204983' lat='50.020885' lon='14.400137' />
  <node id='1824053040' timestamp='2012-07-13T10:26:33Z' uid='684284' user='Kewar' visible='true' version='1' changeset='12204983' lat='50.0195209' lon='14.3995375' />
  <node id='1824053046' timestamp='2012-07-13T10:26:33Z' uid='684284' user='Kewar' visible='true' version='1' changeset='12204983' lat='50.018972' lon='14.3993243' />
  <node id='1824053052' timestamp='2012-07-13T10:26:33Z' uid='684284' user='Kewar' visible='true' version='1' changeset='12204983' lat='50.0190039' lon='14.3994302' />
  <node id='1824053056' timestamp='2012-07-13T10:26:33Z' uid='684284' user='Kewar' visible='true' version='1' changeset='12204983' lat='50.0198673' lon='14.3996273' />
  <node id='1824053073' timestamp='2012-07-13T10:26:34Z' uid='684284' user='Kewar' visible='true' version='1' changeset='12204983' lat='50.0189531' lon='14.3993524' />
  <node id='1824053076' timestamp='2012-07-13T10:26:34Z' uid='684284' user='Kewar' visible='true' version='1' changeset='12204983' lat='50.0190703' lon='14.3989394' />
  <node id='1824053078' timestamp='2012-07-13T10:26:34Z' uid='684284' user='Kewar' visible='true' version='1' changeset='12204983' lat='50.0189703' lon='14.3993645' />
  <node id='1824053079' timestamp='2012-07-13T10:26:34Z' uid='684284' user='Kewar' visible='true' version='1' changeset='12204983' lat='50.0190418' lon='14.3994074' />
  <node id='1824053081' timestamp='2012-07-13T10:26:34Z' uid='684284' user='Kewar' visible='true' version='1' changeset='12204983' lat='50.0205248' lon='14.3994543' />
  <node id='1824053084' timestamp='2012-07-13T10:26:34Z' uid='684284' user='Kewar' visible='true' version='1' changeset='12204983' lat='50.0203111' lon='14.3994114' />
  <node id='1824053085' timestamp='2012-07-13T10:26:34Z' uid='684284' user='Kewar' visible='true' version='1' changeset='12204983' lat='50.0200802' lon='14.3996823' />
  <node id='1824053086' timestamp='2012-07-13T10:26:34Z' uid='684284' user='Kewar' visible='true' version='1' changeset='12204983' lat='50.0190582' lon='14.3989192' />
  <node id='1824053092' timestamp='2012-07-13T10:26:35Z' uid='684284' user='Kewar' visible='true' version='1' changeset='12204983' lat='50.0206351' lon='14.3994892' />
  <node id='1824053097' timestamp='2012-07-13T10:26:35Z' uid='684284' user='Kewar' visible='true' version='1' changeset='12204983' lat='50.0188979' lon='14.399229' />
  <node id='1824053099' timestamp='2012-07-13T10:26:35Z' uid='684284' user='Kewar' visible='true' version='1' changeset='12204983' lat='50.0189884' lon='14.3994101' />
  <node id='1824053102' timestamp='2012-07-13T10:26:35Z' uid='684284' user='Kewar' visible='true' version='1' changeset='12204983' lat='50.0191203' lon='14.3991566' />
  <node id='1824053109' timestamp='2012-07-13T10:26:35Z' uid='684284' user='Kewar' visible='true' version='1' changeset='12204983' lat='50.0192719' lon='14.3994476' />
  <node id='1824053113' timestamp='2012-07-13T10:26:35Z' uid='684284' user='Kewar' visible='true' version='1' changeset='12204983' lat='50.0211986' lon='14.4000525' />
  <node id='1824053115' timestamp='2012-07-13T10:26:35Z' uid='684284' user='Kewar' visible='true' version='1' changeset='12204983' lat='50.019016' lon='14.3993471' />
  <node id='1824053118' timestamp='2012-07-13T10:26:35Z' uid='684284' user='Kewar' visible='true' version='1' changeset='12204983' lat='50.0190548' lon='14.3988911' />
  <node id='1824053119' timestamp='2012-07-13T10:26:35Z' uid='684284' user='Kewar' visible='true' version='1' changeset='12204983' lat='50.0190987' lon='14.3988723' />
  <node id='1824053123' timestamp='2012-07-13T10:26:36Z' uid='684284' user='Kewar' visible='true' version='1' changeset='12204983' lat='50.0188997' lon='14.399335' />
  <node id='1824053126' timestamp='2012-07-13T10:26:36Z' uid='684284' user='Kewar' visible='true' version='1' changeset='12204983' lat='50.0189927' lon='14.3993591' />
  <node id='1824053127' timestamp='2012-07-13T10:26:36Z' uid='684284' user='Kewar' visible='true' version='1' changeset='12204983' lat='50.0212047' lon='14.4001839' />
  <node id='1824053128' timestamp='2012-07-13T10:26:36Z' uid='684284' user='Kewar' visible='true' version='1' changeset='12204983' lat='50.0202482' lon='14.3993752' />
  <node id='1824053129' timestamp='2012-07-13T10:26:36Z' uid='684284' user='Kewar' visible='true' version='1' changeset='12204983' lat='50.019776' lon='14.3996367' />
  <node id='1824053132' timestamp='2012-07-13T10:26:36Z' uid='684284' user='Kewar' visible='true' version='1' changeset='12204983' lat='50.0197131' lon='14.3992384' />
  <node id='1824053133' timestamp='2012-07-13T10:26:36Z' uid='684284' user='Kewar' visible='true' version='1' changeset='12204983' lat='50.0189281' lon='14.3993296' />
  <node id='1824053134' timestamp='2012-07-13T10:26:36Z' uid='684284' user='Kewar' visible='true' version='1' changeset='12204983' lat='50.0212038' lon='14.4001128' />
  <node id='1824053136' timestamp='2012-07-13T10:26:36Z' uid='684284' user='Kewar' visible='true' version='1' changeset='12204983' lat='50.0191452' lon='14.3988817' />
  <node id='1824053137' timestamp='2012-07-13T10:26:36Z' uid='684284' user='Kewar' visible='true' version='1' changeset='12204983' lat='50.0191995' lon='14.3993176' />
  <node id='1824053138' timestamp='2012-07-13T10:26:36Z' uid='684284' user='Kewar' visible='true' version='1' changeset='12204983' lat='50.0199759' lon='14.3993336' />
  <node id='1824053139' timestamp='2012-07-13T10:26:36Z' uid='684284' user='Kewar' visible='true' version='1' changeset='12204983' lat='50.0207756' lon='14.4000887' />
  <node id='1824053153' timestamp='2012-07-13T10:26:37Z' uid='684284' user='Kewar' visible='true' version='1' changeset='12204983' lat='50.0204576' lon='14.399917' />
  <node id='1824053154' timestamp='2012-07-13T10:26:37Z' uid='684284' user='Kewar' visible='true' version='1' changeset='12204983' lat='50.0192082' lon='14.3992679' />
  <node id='1824053156' timestamp='2012-07-13T10:26:37Z' uid='684284' user='Kewar' visible='true' version='1' changeset='12204983' lat='50.0208238' lon='14.4001195' />
  <node id='1824053158' timestamp='2012-07-13T10:26:37Z' uid='684284' user='Kewar' visible='true' version='1' changeset='12204983' lat='50.0209522' lon='14.4001625' />
  <node id='1824053159' timestamp='2012-07-13T10:26:37Z' uid='684284' user='Kewar' visible='true' version='1' changeset='12204983' lat='50.0193021' lon='14.3991942' />
  <node id='1824053160' timestamp='2012-07-13T10:26:37Z' uid='684284' user='Kewar' visible='true' version='1' changeset='12204983' lat='50.0191603' lon='14.3990756' />
  <node id='1824053161' timestamp='2012-07-13T11:46:03Z' uid='684284' user='Kewar' visible='true' version='2' changeset='12205711' lat='50.019282' lon='14.3985053' />
  <node id='1824053163' timestamp='2012-07-13T10:26:37Z' uid='684284' user='Kewar' visible='true' version='1' changeset='12204983' lat='50.0211814' lon='14.4002483' />
  <node id='1824053164' timestamp='2012-07-13T10:26:37Z' uid='684284' user='Kewar' visible='true' version='1' changeset='12204983' lat='50.019128' lon='14.398871' />
  <node id='1824053166' timestamp='2012-07-13T10:26:37Z' uid='684284' user='Kewar' visible='true' version='1' changeset='12204983' lat='50.0190298' lon='14.3993577' />
  <node id='1824053167' timestamp='2012-07-13T10:26:38Z' uid='684284' user='Kewar' visible='true' version='1' changeset='12204983' lat='50.0189117' lon='14.3993256' />
  <node id='1824053168' timestamp='2012-07-13T10:26:38Z' uid='684284' user='Kewar' visible='true' version='1' changeset='12204983' lat='50.0201801' lon='14.3996609' />
  <node id='1824053171' timestamp='2012-07-13T10:26:38Z' uid='684284' user='Kewar' visible='true' version='1' changeset='12204983' lat='50.0190703' lon='14.3988576' />
  <node id='1824053172' timestamp='2012-07-13T10:26:38Z' uid='684284' user='Kewar' visible='true' version='1' changeset='12204983' lat='50.0188893' lon='14.3994463' />
  <node id='1824053173' timestamp='2012-07-13T10:26:38Z' uid='684284' user='Kewar' visible='true' version='1' changeset='12204983' lat='50.019091' lon='14.3989823' />
  <node id='1824053177' timestamp='2012-07-13T10:26:38Z' uid='684284' user='Kewar' visible='true' version='1' changeset='12204983' lat='50.0193094' lon='14.3990355' />
  <node id='1824053180' timestamp='2012-07-13T10:26:38Z' uid='684284' user='Kewar' visible='true' version='1' changeset='12204983' lat='50.0211021' lon='14.4002912' />
  <node id='1824053185' timestamp='2012-07-13T10:26:38Z' uid='684284' user='Kewar' visible='true' version='1' changeset='12204983' lat='50.0190082' lon='14.3993176' />
  <node id='1824053189' timestamp='2012-07-13T10:26:38Z' uid='684284' user='Kewar' visible='true' version='1' changeset='12204983' lat='50.0192314' lon='14.3992237' />
  <node id='1824053191' timestamp='2012-07-13T10:26:38Z' uid='684284' user='Kewar' visible='true' version='1' changeset='12204983' lat='50.019153' lon='14.3990735' />
  <node id='1824053192' timestamp='2012-07-13T10:26:38Z' uid='684284' user='Kewar' visible='true' version='1' changeset='12204983' lat='50.0192133' lon='14.399386' />
  <node id='1824053194' timestamp='2012-07-13T10:26:38Z' uid='684284' user='Kewar' visible='true' version='1' changeset='12204983' lat='50.0199234' lon='14.3993122' />
  <node id='1824053195' timestamp='2012-07-13T10:26:39Z' uid='684284' user='Kewar' visible='true' version='1' changeset='12204983' lat='50.0190272' lon='14.3994302' />
  <node id='1824053196' timestamp='2012-07-13T10:26:39Z' uid='684284' user='Kewar' visible='true' version='1' changeset='12204983' lat='50.0189393' lon='14.3994369' />
  <node id='1824053205' timestamp='2012-07-13T10:26:39Z' uid='684284' user='Kewar' visible='true' version='1' changeset='12204983' lat='50.0204516' lon='14.3994262' />
  <node id='1824053208' timestamp='2012-07-13T10:26:39Z' uid='684284' user='Kewar' visible='true' version='1' changeset='12204983' lat='50.0209746' lon='14.3996703' />
  <node id='1824053214' timestamp='2012-07-13T10:26:39Z' uid='684284' user='Kewar' visible='true' version='1' changeset='12204983' lat='50.0189169' lon='14.3994557' />
  <node id='1824053215' timestamp='2012-07-13T10:26:39Z' uid='684284' user='Kewar' visible='true' version='1' changeset='12204983' lat='50.0191401' lon='14.3990627' />
  <node id='1824053216' timestamp='2012-07-13T10:26:39Z' uid='684284' user='Kewar' visible='true' version='1' changeset='12204983' lat='50.0191418' lon='14.3992103' />
  <node id='1824053219' timestamp='2012-07-13T10:26:39Z' uid='684284' user='Kewar' visible='true' version='1' changeset='12204983' lat='50.0195416' lon='14.3992036' />
  <node id='1824053227' timestamp='2012-07-13T10:26:40Z' uid='684284' user='Kewar' visible='true' version='1' changeset='12204983' lat='50.0190401' lon='14.3989273' />
  <node id='1824053229' timestamp='2012-07-13T10:26:40Z' uid='684284' user='Kewar' visible='true' version='1' changeset='12204983' lat='50.0207006' lon='14.4000297' />
  <node id='1824053230' timestamp='2012-07-13T10:26:40Z' uid='684284' user='Kewar' visible='true' version='1' changeset='12204983' lat='50.0206015' lon='14.3999613' />
  <node id='1824053231' timestamp='2012-07-13T10:26:40Z' uid='684284' user='Kewar' visible='true' version='1' changeset='12204983' lat='50.0207876' lon='14.3995415' />
  <node id='1824053248' timestamp='2012-07-13T10:26:40Z' uid='684284' user='Kewar' visible='true' version='1' changeset='12204983' lat='50.0195959' lon='14.3995844' />
  <node id='1824053267' timestamp='2012-07-13T10:26:40Z' uid='684284' user='Kewar' visible='true' version='1' changeset='12204983' lat='50.0189169' lon='14.3989622' />
  <node id='1824053290' timestamp='2012-07-13T10:26:41Z' uid='684284' user='Kewar' visible='true' version='1' changeset='12204983' lat='50.019399' lon='14.3987277' />
  <node id='1824053292' timestamp='2012-07-13T10:26:41Z' uid='684284' user='Kewar' visible='true' version='1' changeset='12204983' lat='50.0208824' lon='14.3995898' />
  <node id='1824053296' timestamp='2012-07-13T10:26:41Z' uid='684284' user='Kewar' visible='true' version='1' changeset='12204983' lat='50.0197088' lon='14.3996354' />
  <node id='1824053300' timestamp='2012-07-13T10:26:41Z' uid='684284' user='Kewar' visible='true' version='1' changeset='12204983' lat='50.0211323' lon='14.3998915' />
  <node id='1824053301' timestamp='2012-07-13T10:26:41Z' uid='684284' user='Kewar' visible='true' version='1' changeset='12204983' lat='50.0190832' lon='14.3988629' />
  <node id='1824053303' timestamp='2012-07-13T10:26:41Z' uid='684284' user='Kewar' visible='true' version='1' changeset='12204983' lat='50.0192234' lon='14.3991142' />
  <node id='1824053304' timestamp='2012-07-13T10:26:41Z' uid='684284' user='Kewar' visible='true' version='1' changeset='12204983' lat='50.0191893' lon='14.3988952' />
  <node id='1824053308' timestamp='2012-07-13T10:26:41Z' uid='684284' user='Kewar' visible='true' version='1' changeset='12204983' lat='50.0210771' lon='14.3998312' />
  <node id='1824053315' timestamp='2012-07-13T10:26:41Z' uid='684284' user='Kewar' visible='true' version='1' changeset='12204983' lat='50.0191039' lon='14.3990359' />
  <node id='1824053335' timestamp='2012-07-13T10:26:41Z' uid='684284' user='Kewar' visible='true' version='1' changeset='12204983' lat='50.0211478' lon='14.4002858' />
  <node id='1824053347' timestamp='2012-07-13T10:26:42Z' uid='684284' user='Kewar' visible='true' version='1' changeset='12204983' lat='50.0193202' lon='14.3994611' />
  <node id='1824053351' timestamp='2012-07-13T10:26:42Z' uid='684284' user='Kewar' visible='true' version='1' changeset='12204983' lat='50.019134' lon='14.3993095' />
  <node id='1824053352' timestamp='2012-07-13T10:26:42Z' uid='684284' user='Kewar' visible='true' version='1' changeset='12204983' lat='50.0189462' lon='14.3989192' />
  <node id='1824053354' timestamp='2012-07-13T10:26:42Z' uid='684284' user='Kewar' visible='true' version='1' changeset='12204983' lat='50.0196666' lon='14.399225' />
  <node id='1824053356' timestamp='2012-07-13T10:26:42Z' uid='684284' user='Kewar' visible='true' version='1' changeset='12204983' lat='50.0192642' lon='14.3992036' />
  <node id='1824053358' timestamp='2012-07-13T10:26:42Z' uid='684284' user='Kewar' visible='true' version='1' changeset='12204983' lat='50.019041' lon='14.3993806' />
  <node id='1824053360' timestamp='2012-07-13T10:26:42Z' uid='684284' user='Kewar' visible='true' version='1' changeset='12204983' lat='50.0191108' lon='14.3988696' />
  <node id='1824053361' timestamp='2012-07-13T10:26:42Z' uid='684284' user='Kewar' visible='true' version='1' changeset='12204983' lat='50.0210418' lon='14.4002376' />
  <node id='1824053363' timestamp='2012-07-13T10:26:42Z' uid='684284' user='Kewar' visible='true' version='1' changeset='12204983' lat='50.0188954' lon='14.3990627' />
  <node id='1824053371' timestamp='2012-07-13T10:26:42Z' uid='684284' user='Kewar' visible='true' version='1' changeset='12204983' lat='50.0197639' lon='14.3992451' />
  <node id='1824053374' timestamp='2012-07-13T10:26:42Z' uid='684284' user='Kewar' visible='true' version='1' changeset='12204983' lat='50.0210254' lon='14.3997574' />
  <node id='1824053398' timestamp='2012-07-13T10:26:43Z' uid='684284' user='Kewar' visible='true' version='1' changeset='12204983' lat='50.0190375' lon='14.3993122' />
  <node id='1824053401' timestamp='2012-07-13T10:26:43Z' uid='684284' user='Kewar' visible='true' version='1' changeset='12204983' lat='50.0189815' lon='14.3989032' />
  <node id='1824053404' timestamp='2012-07-13T10:26:43Z' uid='684284' user='Kewar' visible='true' version='1' changeset='12204983' lat='50.0193753' lon='14.3994718' />
  <node id='1824053406' timestamp='2012-07-13T10:26:43Z' uid='684284' user='Kewar' visible='true' version='1' changeset='12204983' lat='50.0190953' lon='14.3990118' />
  <node id='1824053411' timestamp='2012-07-13T10:26:43Z' uid='684284' user='Kewar' visible='true' version='1' changeset='12204983' lat='50.0190875' lon='14.3990654' />
  <node id='1824053428' timestamp='2012-07-13T10:26:43Z' uid='684284' user='Kewar' visible='true' version='1' changeset='12204983' lat='50.0201896' lon='14.3993564' />
  <node id='1824053437' timestamp='2012-07-13T10:26:44Z' uid='684284' user='Kewar' visible='true' version='1' changeset='12204983' lat='50.0201129' lon='14.3993551' />
  <node id='1824053438' timestamp='2012-07-13T10:26:44Z' uid='684284' user='Kewar' visible='true' version='1' changeset='12204983' lat='50.0188997' lon='14.3994557' />
  <node id='1824053439' timestamp='2012-07-13T10:26:44Z' uid='684284' user='Kewar' visible='true' version='1' changeset='12204983' lat='50.0201388' lon='14.3996649' />
  <node id='1824053441' timestamp='2012-07-13T10:26:44Z' uid='684284' user='Kewar' visible='true' version='1' changeset='12204983' lat='50.0189315' lon='14.3993001' />
  <node id='1824053442' timestamp='2012-07-13T10:26:44Z' uid='684284' user='Kewar' visible='true' version='1' changeset='12204983' lat='50.0200311' lon='14.3993484' />
  <node id='1824053445' timestamp='2012-07-13T10:26:44Z' uid='684284' user='Kewar' visible='true' version='1' changeset='12204983' lat='50.0198286' lon='14.3992572' />
  <node id='1824053447' timestamp='2012-07-13T10:26:44Z' uid='684284' user='Kewar' visible='true' version='1' changeset='12204983' lat='50.0189651' lon='14.3994128' />
  <node id='1824076349' timestamp='2012-07-13T10:51:08Z' uid='684284' user='Kewar' visible='true' version='1' changeset='12205197' lat='50.0200273' lon='14.3994929' />
  <node id='1824076351' timestamp='2012-07-13T10:51:08Z' uid='684284' user='Kewar' visible='true' version='1' changeset='12205197' lat='50.0189949' lon='14.3991469'>
    <tag k='golf' v='pin' />
  </node>
  <node id='1824076356' timestamp='2012-07-13T10:51:08Z' uid='684284' user='Kewar' visible='true' version='1' changeset='12205197' lat='50.0232188' lon='14.4013329'>
    <tag k='golf' v='tee' />
    <tag k='tee' v='white' />
  </node>
  <node id='1824089800' timestamp='2012-07-13T11:06:40Z' uid='684284' user='Kewar' visible='true' version='1' changeset='12205355' lat='50.0164975' lon='14.3983227' />
  <node id='1824089802' timestamp='2012-07-13T11:06:40Z' uid='684284' user='Kewar' visible='true' version='1' changeset='12205355' lat='50.0174834' lon='14.3993124' />
  <node id='1824089804' timestamp='2012-07-13T11:06:40Z' uid='684284' user='Kewar' visible='true' version='1' changeset='12205355' lat='50.0166328' lon='14.3987452' />
  <node id='1824089806' timestamp='2012-07-13T11:06:40Z' uid='684284' user='Kewar' visible='true' version='1' changeset='12205355' lat='50.0167578' lon='14.398772' />
  <node id='1824089808' timestamp='2012-07-13T11:06:40Z' uid='684284' user='Kewar' visible='true' version='1' changeset='12205355' lat='50.0165958' lon='14.398438' />
  <node id='1824089810' timestamp='2012-07-13T11:06:40Z' uid='684284' user='Kewar' visible='true' version='1' changeset='12205355' lat='50.0185278' lon='14.3995458' />
  <node id='1824089811' timestamp='2012-07-13T11:06:40Z' uid='684284' user='Kewar' visible='true' version='1' changeset='12205355' lat='50.0175945' lon='14.3993621' />
  <node id='1824089813' timestamp='2012-07-13T11:06:40Z' uid='684284' user='Kewar' visible='true' version='1' changeset='12205355' lat='50.0165105' lon='14.3983241' />
  <node id='1824089815' timestamp='2012-07-13T11:06:40Z' uid='684284' user='Kewar' visible='true' version='1' changeset='12205355' lat='50.0166173' lon='14.398438' />
  <node id='1824089817' timestamp='2012-07-13T11:06:41Z' uid='684284' user='Kewar' visible='true' version='1' changeset='12205355' lat='50.0176902' lon='14.3992702' />
  <node id='1824089819' timestamp='2012-07-13T11:06:41Z' uid='684284' user='Kewar' visible='true' version='1' changeset='12205355' lat='50.0176118' lon='14.39935' />
  <node id='1824089820' timestamp='2012-07-13T11:06:41Z' uid='684284' user='Kewar' visible='true' version='1' changeset='12205355' lat='50.0171309' lon='14.3990603' />
  <node id='1824089822' timestamp='2012-07-13T11:06:41Z' uid='684284' user='Kewar' visible='true' version='1' changeset='12205355' lat='50.0167406' lon='14.3987049' />
  <node id='1824089824' timestamp='2012-07-13T11:06:41Z' uid='684284' user='Kewar' visible='true' version='1' changeset='12205355' lat='50.0168681' lon='14.3989208' />
  <node id='1824089826' timestamp='2012-07-13T11:06:41Z' uid='684284' user='Kewar' visible='true' version='1' changeset='12205355' lat='50.0181159' lon='14.3994224' />
  <node id='1824089828' timestamp='2012-07-13T11:06:41Z' uid='684284' user='Kewar' visible='true' version='1' changeset='12205355' lat='50.0179806' lon='14.3990402' />
  <node id='1824089829' timestamp='2012-07-13T11:06:41Z' uid='684284' user='Kewar' visible='true' version='1' changeset='12205355' lat='50.0174773' lon='14.3993326' />
  <node id='1824089831' timestamp='2012-07-13T11:06:41Z' uid='684284' user='Kewar' visible='true' version='1' changeset='12205355' lat='50.017891' lon='14.3989718' />
  <node id='1824089833' timestamp='2012-07-13T11:06:41Z' uid='684284' user='Kewar' visible='true' version='1' changeset='12205355' lat='50.0163941' lon='14.3985561' />
  <node id='1824089838' timestamp='2012-07-13T11:06:41Z' uid='684284' user='Kewar' visible='true' version='1' changeset='12205355' lat='50.0197161' lon='14.3999575'>
    <tag k='golf' v='tee' />
    <tag k='tee' v='white' />
  </node>
  <node id='1824089841' timestamp='2012-07-13T11:06:41Z' uid='684284' user='Kewar' visible='true' version='1' changeset='12205355' lat='50.0176394' lon='14.3992476' />
  <node id='1824089843' timestamp='2012-07-13T11:06:41Z' uid='684284' user='Kewar' visible='true' version='1' changeset='12205355' lat='50.0166535' lon='14.3984675' />
  <node id='1824089845' timestamp='2012-07-13T11:06:41Z' uid='684284' user='Kewar' visible='true' version='1' changeset='12205355' lat='50.0165199' lon='14.3983321' />
  <node id='1824089846' timestamp='2012-07-13T11:06:41Z' uid='684284' user='Kewar' visible='true' version='1' changeset='12205355' lat='50.0168578' lon='14.3985655' />
  <node id='1824089848' timestamp='2012-07-13T11:06:41Z' uid='684284' user='Kewar' visible='true' version='1' changeset='12205355' lat='50.0191077' lon='14.3996504' />
  <node id='1824089850' timestamp='2012-07-13T11:06:41Z' uid='684284' user='Kewar' visible='true' version='1' changeset='12205355' lat='50.0191801' lon='14.3996826' />
  <node id='1824089852' timestamp='2012-07-13T11:06:41Z' uid='684284' user='Kewar' visible='true' version='1' changeset='12205355' lat='50.0172947' lon='14.3991529' />
  <node id='1824089855' timestamp='2012-07-13T11:06:41Z' uid='684284' user='Kewar' visible='true' version='1' changeset='12205355' lat='50.0175773' lon='14.3992347' />
  <node id='1824089857' timestamp='2012-07-13T11:06:41Z' uid='684284' user='Kewar' visible='true' version='1' changeset='12205355' lat='50.01766' lon='14.3988699' />
  <node id='1824089859' timestamp='2012-07-13T11:06:41Z' uid='684284' user='Kewar' visible='true' version='1' changeset='12205355' lat='50.0190922' lon='14.3996638' />
  <node id='1824089861' timestamp='2012-07-13T11:06:42Z' uid='684284' user='Kewar' visible='true' version='1' changeset='12205355' lat='50.0165225' lon='14.3984635' />
  <node id='1824089862' timestamp='2012-07-13T11:06:42Z' uid='684284' user='Kewar' visible='true' version='1' changeset='12205355' lat='50.0191379' lon='14.399641' />
  <node id='1824089866' timestamp='2012-07-13T11:06:42Z' uid='684284' user='Kewar' visible='true' version='1' changeset='12205355' lat='50.0171102' lon='14.3986338' />
  <node id='1824089874' timestamp='2012-07-13T11:06:42Z' uid='684284' user='Kewar' visible='true' version='1' changeset='12205355' lat='50.0167776' lon='14.3985882' />
  <node id='1824089875' timestamp='2012-07-13T11:06:42Z' uid='684284' user='Kewar' visible='true' version='1' changeset='12205355' lat='50.0182107' lon='14.3995109' />
  <node id='1824089876' timestamp='2012-07-13T11:06:42Z' uid='684284' user='Kewar' visible='true' version='1' changeset='12205355' lat='50.0166078' lon='14.3987452' />
  <node id='1824089877' timestamp='2012-07-13T11:06:42Z' uid='684284' user='Kewar' visible='true' version='1' changeset='12205355' lat='50.0176264' lon='14.3993352' />
  <node id='1824089878' timestamp='2012-07-13T11:06:42Z' uid='684284' user='Kewar' visible='true' version='1' changeset='12205355' lat='50.0176333' lon='14.3993218' />
  <node id='1824089879' timestamp='2012-07-13T11:06:42Z' uid='684284' user='Kewar' visible='true' version='1' changeset='12205355' lat='50.0184416' lon='14.3996196' />
  <node id='1824089880' timestamp='2012-07-13T11:06:42Z' uid='684284' user='Kewar' visible='true' version='1' changeset='12205355' lat='50.0165742' lon='14.3984139' />
  <node id='1824089882' timestamp='2012-07-13T11:06:42Z' uid='684284' user='Kewar' visible='true' version='1' changeset='12205355' lat='50.0164674' lon='14.3983884' />
  <node id='1824089883' timestamp='2012-07-13T11:06:42Z' uid='684284' user='Kewar' visible='true' version='1' changeset='12205355' lat='50.0175092' lon='14.3992293' />
  <node id='1824089884' timestamp='2012-07-13T11:06:42Z' uid='684284' user='Kewar' visible='true' version='1' changeset='12205355' lat='50.0164803' lon='14.3984005' />
  <node id='1824089888' timestamp='2012-07-13T11:06:42Z' uid='684284' user='Kewar' visible='true' version='1' changeset='12205355' lat='50.0184787' lon='14.3996222' />
  <node id='1824089889' timestamp='2012-07-13T11:06:42Z' uid='684284' user='Kewar' visible='true' version='1' changeset='12205355' lat='50.0168155' lon='14.3988766' />
  <node id='1824089891' timestamp='2012-07-13T11:06:42Z' uid='684284' user='Kewar' visible='true' version='1' changeset='12205355' lat='50.0176359' lon='14.3993004' />
  <node id='1824089893' timestamp='2012-07-13T11:06:42Z' uid='684284' user='Kewar' visible='true' version='1' changeset='12205355' lat='50.017498' lon='14.3993808' />
  <node id='1824089896' timestamp='2012-07-13T11:06:42Z' uid='684284' user='Kewar' visible='true' version='1' changeset='12205355' lat='50.0165113' lon='14.3984112' />
  <node id='1824089898' timestamp='2012-07-13T11:06:42Z' uid='684284' user='Kewar' visible='true' version='1' changeset='12205355' lat='50.0173981' lon='14.3987304' />
  <node id='1824089907' timestamp='2012-07-13T11:06:42Z' uid='684284' user='Kewar' visible='true' version='1' changeset='12205355' lat='50.0171826' lon='14.3991086' />
  <node id='1824089910' timestamp='2012-07-13T11:06:43Z' uid='684284' user='Kewar' visible='true' version='1' changeset='12205355' lat='50.0191741' lon='14.3997108' />
  <node id='1824089912' timestamp='2012-07-13T11:06:43Z' uid='684284' user='Kewar' visible='true' version='1' changeset='12205355' lat='50.018302' lon='14.3991985' />
  <node id='1824089914' timestamp='2012-07-13T11:06:43Z' uid='684284' user='Kewar' visible='true' version='1' changeset='12205355' lat='50.0179375' lon='14.3993661' />
  <node id='1824089916' timestamp='2012-07-13T11:06:43Z' uid='684284' user='Kewar' visible='true' version='1' changeset='12205355' lat='50.0165768' lon='14.3984488' />
  <node id='1824089917' timestamp='2012-07-13T11:06:43Z' uid='684284' user='Kewar' visible='true' version='1' changeset='12205355' lat='50.0178565' lon='14.3989262' />
  <node id='1824089918' timestamp='2012-07-13T11:06:43Z' uid='684284' user='Kewar' visible='true' version='1' changeset='12205355' lat='50.0164088' lon='14.3984662' />
  <node id='1824089919' timestamp='2012-07-13T11:06:43Z' uid='684284' user='Kewar' visible='true' version='1' changeset='12205355' lat='50.0167793' lon='14.3988364' />
  <node id='1824089920' timestamp='2012-07-13T11:06:43Z' uid='684284' user='Kewar' visible='true' version='1' changeset='12205355' lat='50.0164691' lon='14.3983629' />
  <node id='1824089922' timestamp='2012-07-13T11:06:43Z' uid='684284' user='Kewar' visible='true' version='1' changeset='12205355' lat='50.0178558' lon='14.3989484' />
  <node id='1824089923' timestamp='2012-07-13T11:06:43Z' uid='684284' user='Kewar' visible='true' version='1' changeset='12205355' lat='50.0178712' lon='14.39897' />
  <node id='1824089924' timestamp='2012-07-13T11:06:43Z' uid='684284' user='Kewar' visible='true' version='1' changeset='12205355' lat='50.0175463' lon='14.3993701' />
  <node id='1824089925' timestamp='2012-07-13T11:06:43Z' uid='684284' user='Kewar' visible='true' version='1' changeset='12205355' lat='50.0183615' lon='14.3992521' />
  <node id='1824089926' timestamp='2012-07-13T11:06:43Z' uid='684284' user='Kewar' visible='true' version='1' changeset='12205355' lat='50.0191654' lon='14.3996491' />
  <node id='1824089927' timestamp='2012-07-13T11:06:43Z' uid='684284' user='Kewar' visible='true' version='1' changeset='12205355' lat='50.0185355' lon='14.3994077' />
  <node id='1824089930' timestamp='2012-07-13T11:06:43Z' uid='684284' user='Kewar' visible='true' version='1' changeset='12205355' lat='50.0166768' lon='14.3985453' />
  <node id='1824089932' timestamp='2012-07-13T11:06:43Z' uid='684284' user='Kewar' visible='true' version='1' changeset='12205355' lat='50.0185407' lon='14.3994989' />
  <node id='1824089934' timestamp='2012-07-13T11:06:43Z' uid='684284' user='Kewar' visible='true' version='1' changeset='12205355' lat='50.0179306' lon='14.3988605' />
  <node id='1824089945' timestamp='2012-07-13T11:06:44Z' uid='684284' user='Kewar' visible='true' version='1' changeset='12205355' lat='50.017835' lon='14.3989597' />
  <node id='1824089947' timestamp='2012-07-13T11:06:44Z' uid='684284' user='Kewar' visible='true' version='1' changeset='12205355' lat='50.0174687' lon='14.3987787' />
  <node id='1824089948' timestamp='2012-07-13T11:06:44Z' uid='684284' user='Kewar' visible='true' version='1' changeset='12205355' lat='50.0167518' lon='14.3986338' />
  <node id='1824089952' timestamp='2012-07-13T11:06:44Z' uid='684284' user='Kewar' visible='true' version='1' changeset='12205355' lat='50.0183037' lon='14.3995981' />
  <node id='1824089956' timestamp='2012-07-13T11:06:44Z' uid='684284' user='Kewar' visible='true' version='1' changeset='12205355' lat='50.0175247' lon='14.3992159' />
  <node id='1824089958' timestamp='2012-07-13T11:06:44Z' uid='684284' user='Kewar' visible='true' version='1' changeset='12205355' lat='50.0172369' lon='14.3991475' />
  <node id='1824089960' timestamp='2012-07-13T11:06:44Z' uid='684284' user='Kewar' visible='true' version='1' changeset='12205355' lat='50.0178668' lon='14.3989034' />
  <node id='1824089961' timestamp='2012-07-13T11:06:44Z' uid='684284' user='Kewar' visible='true' version='1' changeset='12205355' lat='50.0174773' lon='14.39935' />
  <node id='1824089963' timestamp='2012-07-13T11:06:44Z' uid='684284' user='Kewar' visible='true' version='1' changeset='12205355' lat='50.0165346' lon='14.3985735'>
    <tag k='golf' v='pin' />
  </node>
  <node id='1824089965' timestamp='2012-07-13T11:06:44Z' uid='684284' user='Kewar' visible='true' version='1' changeset='12205355' lat='50.0179004' lon='14.3988672' />
  <node id='1824089967' timestamp='2012-07-13T11:06:44Z' uid='684284' user='Kewar' visible='true' version='1' changeset='12205355' lat='50.019112' lon='14.3997242' />
  <node id='1824089970' timestamp='2012-07-13T11:06:44Z' uid='684284' user='Kewar' visible='true' version='1' changeset='12205355' lat='50.0170577' lon='14.3989919' />
  <node id='1824089972' timestamp='2012-07-13T11:06:44Z' uid='684284' user='Kewar' visible='true' version='1' changeset='12205355' lat='50.0165424' lon='14.3984273' />
  <node id='1824089973' timestamp='2012-07-13T11:06:44Z' uid='684284' user='Kewar' visible='true' version='1' changeset='12205355' lat='50.0174825' lon='14.3992508' />
  <node id='1824089974' timestamp='2012-07-13T11:06:44Z' uid='684284' user='Kewar' visible='true' version='1' changeset='12205355' lat='50.0191646' lon='14.3997255' />
  <node id='1824089976' timestamp='2012-07-13T11:06:44Z' uid='684284' user='Kewar' visible='true' version='1' changeset='12205355' lat='50.0166777' lon='14.3985891' />
  <node id='1824089989' timestamp='2012-07-13T11:06:44Z' uid='684284' user='Kewar' visible='true' version='1' changeset='12205355' lat='50.0174911' lon='14.3992333' />
  <node id='1824089992' timestamp='2012-07-13T11:06:44Z' uid='684284' user='Kewar' visible='true' version='1' changeset='12205355' lat='50.0191767' lon='14.3996597' />
  <node id='1824089994' timestamp='2012-07-13T11:06:45Z' uid='684284' user='Kewar' visible='true' version='1' changeset='12205355' lat='50.0178506' lon='14.3993578' />
  <node id='1824089995' timestamp='2012-07-13T11:06:45Z' uid='684284' user='Kewar' visible='true' version='1' changeset='12205355' lat='50.0179349' lon='14.3989919' />
  <node id='1824089998' timestamp='2012-07-13T11:06:45Z' uid='684284' user='Kewar' visible='true' version='1' changeset='12205355' lat='50.0164536' lon='14.3984166' />
  <node id='1824090000' timestamp='2012-07-13T11:06:45Z' uid='684284' user='Kewar' visible='true' version='1' changeset='12205355' lat='50.0169749' lon='14.3989423' />
  <node id='1824090002' timestamp='2012-07-13T11:06:45Z' uid='684284' user='Kewar' visible='true' version='1' changeset='12205355' lat='50.0166389' lon='14.3984515' />
  <node id='1824090005' timestamp='2012-07-13T11:06:45Z' uid='684284' user='Kewar' visible='true' version='1' changeset='12205355' lat='50.0179711' lon='14.3989503' />
  <node id='1824090007' timestamp='2012-07-13T11:06:45Z' uid='684284' user='Kewar' visible='true' version='1' changeset='12205355' lat='50.0190991' lon='14.3997108' />
  <node id='1824090008' timestamp='2012-07-13T11:06:45Z' uid='684284' user='Kewar' visible='true' version='1' changeset='12205355' lat='50.0181271' lon='14.3991569' />
  <node id='1824090010' timestamp='2012-07-13T11:06:45Z' uid='684284' user='Kewar' visible='true' version='1' changeset='12205355' lat='50.0173774' lon='14.3991381' />
  <node id='1824090012' timestamp='2012-07-13T11:06:45Z' uid='684284' user='Kewar' visible='true' version='1' changeset='12205355' lat='50.0174851' lon='14.3993647' />
  <node id='1824090014' timestamp='2012-07-13T11:06:45Z' uid='684284' user='Kewar' visible='true' version='1' changeset='12205355' lat='50.0164984' lon='14.3984407' />
  <node id='1824090015' timestamp='2012-07-13T11:06:45Z' uid='684284' user='Kewar' visible='true' version='1' changeset='12205355' lat='50.016532' lon='14.3984246' />
  <node id='1824090016' timestamp='2012-07-13T11:06:45Z' uid='684284' user='Kewar' visible='true' version='1' changeset='12205355' lat='50.0172955' lon='14.3986727' />
  <node id='1824090017' timestamp='2012-07-13T11:06:45Z' uid='684284' user='Kewar' visible='true' version='1' changeset='12205355' lat='50.0166492' lon='14.3987331' />
  <node id='1824090020' timestamp='2012-07-13T11:06:45Z' uid='684284' user='Kewar' visible='true' version='1' changeset='12205355' lat='50.017916' lon='14.3988618' />
  <node id='1824090048' timestamp='2012-07-13T11:06:45Z' uid='684284' user='Kewar' visible='true' version='1' changeset='12205355' lat='50.0179142' lon='14.3989772' />
  <node id='1824090051' timestamp='2012-07-13T11:06:45Z' uid='684284' user='Kewar' visible='true' version='1' changeset='12205355' lat='50.0175299' lon='14.3993755' />
  <node id='1824090052' timestamp='2012-07-13T11:06:45Z' uid='684284' user='Kewar' visible='true' version='1' changeset='12205355' lat='50.0164295' lon='14.3984327' />
  <node id='1824090055' timestamp='2012-07-13T11:06:45Z' uid='684284' user='Kewar' visible='true' version='1' changeset='12205355' lat='50.0165613' lon='14.3984595' />
  <node id='1824090057' timestamp='2012-07-13T11:06:45Z' uid='684284' user='Kewar' visible='true' version='1' changeset='12205355' lat='50.0169103' lon='14.3985869' />
  <node id='1824090059' timestamp='2012-07-13T11:06:45Z' uid='684284' user='Kewar' visible='true' version='1' changeset='12205355' lat='50.0179685' lon='14.3989745' />
  <node id='1824090061' timestamp='2012-07-13T11:06:46Z' uid='684284' user='Kewar' visible='true' version='1' changeset='12205355' lat='50.016538' lon='14.3984675' />
  <node id='1824090063' timestamp='2012-07-13T11:06:46Z' uid='684284' user='Kewar' visible='true' version='1' changeset='12205355' lat='50.0165337' lon='14.3986727' />
  <node id='1824090064' timestamp='2012-07-13T11:06:46Z' uid='684284' user='Kewar' visible='true' version='1' changeset='12205355' lat='50.0175161' lon='14.3993808' />
  <node id='1824090066' timestamp='2012-07-13T11:06:46Z' uid='684284' user='Kewar' visible='true' version='1' changeset='12205355' lat='50.0177668' lon='14.3993251' />
  <node id='1824090071' timestamp='2012-07-13T11:06:46Z' uid='684284' user='Kewar' visible='true' version='1' changeset='12205355' lat='50.01819' lon='14.3991757' />
  <node id='1824090074' timestamp='2012-07-13T11:06:46Z' uid='684284' user='Kewar' visible='true' version='1' changeset='12205355' lat='50.0183434' lon='14.3996142' />
  <node id='1824090077' timestamp='2012-07-13T11:06:46Z' uid='684284' user='Kewar' visible='true' version='1' changeset='12205355' lat='50.0164691' lon='14.3986902' />
  <node id='1824090081' timestamp='2012-07-13T11:06:46Z' uid='684284' user='Kewar' visible='true' version='1' changeset='12205355' lat='50.0163976' lon='14.3985145' />
  <node id='1824090084' timestamp='2012-07-13T11:06:46Z' uid='684284' user='Kewar' visible='true' version='1' changeset='12205355' lat='50.0179504' lon='14.3989959' />
  <node id='1824090087' timestamp='2012-07-13T11:06:46Z' uid='684284' user='Kewar' visible='true' version='1' changeset='12205355' lat='50.0191336' lon='14.3997295' />
  <node id='1824090091' timestamp='2012-07-13T11:06:46Z' uid='684284' user='Kewar' visible='true' version='1' changeset='12205355' lat='50.0179677' lon='14.3989289' />
  <node id='1824090093' timestamp='2012-07-13T11:06:46Z' uid='684284' user='Kewar' visible='true' version='1' changeset='12205355' lat='50.0163976' lon='14.3986137' />
  <node id='1824090113' timestamp='2012-07-13T11:06:46Z' uid='684284' user='Kewar' visible='true' version='1' changeset='12205355' lat='50.017043' lon='14.3986245' />
  <node id='1824090115' timestamp='2012-07-13T11:06:46Z' uid='684284' user='Kewar' visible='true' version='1' changeset='12205355' lat='50.0179384' lon='14.3988766' />
  <node id='1824090117' timestamp='2012-07-13T11:06:46Z' uid='684284' user='Kewar' visible='true' version='1' changeset='12205355' lat='50.0165785' lon='14.3987237' />
  <node id='1824090119' timestamp='2012-07-13T11:06:46Z' uid='684284' user='Kewar' visible='true' version='1' changeset='12205355' lat='50.0164131' lon='14.3986634' />
  <node id='1824090120' timestamp='2012-07-13T11:06:46Z' uid='684284' user='Kewar' visible='true' version='1' changeset='12205355' lat='50.0184993' lon='14.3993406' />
  <node id='1824090124' timestamp='2012-07-13T11:06:46Z' uid='684284' user='Kewar' visible='true' version='1' changeset='12205355' lat='50.0178875' lon='14.3988779' />
  <node id='1824090128' timestamp='2012-07-13T11:06:46Z' uid='684284' user='Kewar' visible='true' version='1' changeset='12205355' lat='50.0179522' lon='14.3989141' />
  <node id='1824090137' timestamp='2012-07-13T11:06:46Z' uid='684284' user='Kewar' visible='true' version='1' changeset='12205355' lat='50.0184304' lon='14.3992937' />
  <node id='1824090145' timestamp='2012-07-13T11:06:47Z' uid='684284' user='Kewar' visible='true' version='1' changeset='12205355' lat='50.0165536' lon='14.3983469' />
  <node id='1824090153' timestamp='2012-07-13T11:06:47Z' uid='684284' user='Kewar' visible='true' version='1' changeset='12205355' lat='50.0166742' lon='14.3986432' />
  <node id='1824090165' timestamp='2012-07-13T11:06:47Z' uid='684284' user='Kewar' visible='true' version='1' changeset='12205355' lat='50.0165337' lon='14.3983455' />
  <node id='1824090167' timestamp='2012-07-13T11:06:47Z' uid='684284' user='Kewar' visible='true' version='1' changeset='12205355' lat='50.0179177' lon='14.399004' />
  <node id='1824090179' timestamp='2012-07-13T11:06:47Z' uid='684284' user='Kewar' visible='true' version='1' changeset='12205355' lat='50.0182675' lon='14.3995753' />
  <node id='1824090181' timestamp='2012-07-13T11:06:47Z' uid='684284' user='Kewar' visible='true' version='1' changeset='12205355' lat='50.0165019' lon='14.3986821' />
  <node id='1824090185' timestamp='2012-07-13T11:06:47Z' uid='684284' user='Kewar' visible='true' version='1' changeset='12205355' lat='50.017486' lon='14.3992937' />
  <node id='1824090189' timestamp='2012-07-13T11:06:47Z' uid='684284' user='Kewar' visible='true' version='1' changeset='12205355' lat='50.017486' lon='14.3992682' />
  <node id='1824090192' timestamp='2012-07-13T11:06:47Z' uid='684284' user='Kewar' visible='true' version='1' changeset='12205355' lat='50.0169594' lon='14.3986084' />
  <node id='1824090194' timestamp='2012-07-13T11:06:47Z' uid='684284' user='Kewar' visible='true' version='1' changeset='12205355' lat='50.0168241' lon='14.3985574' />
  <node id='1824090197' timestamp='2012-07-13T11:06:47Z' uid='684284' user='Kewar' visible='true' version='1' changeset='12205355' lat='50.0176342' lon='14.3992776' />
  <node id='1824090200' timestamp='2012-07-13T11:06:47Z' uid='684284' user='Kewar' visible='true' version='1' changeset='12205355' lat='50.016482' lon='14.3984233' />
  <node id='1824090203' timestamp='2012-07-13T11:06:47Z' uid='684284' user='Kewar' visible='true' version='1' changeset='12205355' lat='50.0185417' lon='14.3994569' />
  <node id='1824090206' timestamp='2012-07-13T11:06:47Z' uid='684284' user='Kewar' visible='true' version='1' changeset='12205355' lat='50.0180254' lon='14.3993835' />
  <node id='1824090208' timestamp='2012-07-13T11:06:47Z' uid='684284' user='Kewar' visible='true' version='1' changeset='12205355' lat='50.0164458' lon='14.3986875' />
  <node id='1824090211' timestamp='2012-07-13T11:06:47Z' uid='684284' user='Kewar' visible='true' version='1' changeset='12205355' lat='50.0165691' lon='14.3983549' />
  <node id='1824090214' timestamp='2012-07-13T11:06:47Z' uid='684284' user='Kewar' visible='true' version='1' changeset='12205355' lat='50.0165604' lon='14.3986929' />
  <node id='1824090218' timestamp='2012-07-13T11:06:47Z' uid='684284' user='Kewar' visible='true' version='1' changeset='12205355' lat='50.0166664' lon='14.3985024' />
  <node id='1824090223' timestamp='2012-07-13T11:06:48Z' uid='684284' user='Kewar' visible='true' version='1' changeset='12205355' lat='50.0164751' lon='14.3983401' />
  <node id='1824090226' timestamp='2012-07-13T11:06:48Z' uid='684284' user='Kewar' visible='true' version='1' changeset='12205355' lat='50.0178772' lon='14.3988887' />
  <node id='1824090229' timestamp='2012-07-13T11:06:48Z' uid='684284' user='Kewar' visible='true' version='1' changeset='12205355' lat='50.0165613' lon='14.3984273' />
  <node id='1824090240' timestamp='2012-07-13T11:06:48Z' uid='684284' user='Kewar' visible='true' version='1' changeset='12205355' lat='50.0175566' lon='14.3992682' />
  <node id='1824090242' timestamp='2012-07-13T11:06:48Z' uid='684284' user='Kewar' visible='true' version='1' changeset='12205355' lat='50.0180513' lon='14.3991059' />
  <node id='1824090244' timestamp='2012-07-13T11:06:48Z' uid='684284' user='Kewar' visible='true' version='1' changeset='12205355' lat='50.0165794' lon='14.3983764' />
  <node id='1824090247' timestamp='2012-07-13T11:06:48Z' uid='684284' user='Kewar' visible='true' version='1' changeset='12205355' lat='50.0172016' lon='14.3986432' />
  <node id='1824090249' timestamp='2012-07-13T11:06:48Z' uid='684284' user='Kewar' visible='true' version='1' changeset='12205355' lat='50.0175704' lon='14.3993674' />
  <node id='1824090251' timestamp='2012-07-13T11:06:48Z' uid='684284' user='Kewar' visible='true' version='1' changeset='12205355' lat='50.0185028' lon='14.3995927' />
  <node id='1824090253' timestamp='2012-07-13T11:06:48Z' uid='684284' user='Kewar' visible='true' version='1' changeset='12205355' lat='50.0175782' lon='14.3992575' />
  <node id='1824090257' timestamp='2012-07-13T11:06:48Z' uid='684284' user='Kewar' visible='true' version='1' changeset='12205355' lat='50.0175402' lon='14.3992655' />
  <node id='1824090259' timestamp='2012-07-13T11:06:48Z' uid='684284' user='Kewar' visible='true' version='1' changeset='12205355' lat='50.0164967' lon='14.3984099' />
  <node id='1824090262' timestamp='2012-07-13T11:06:48Z' uid='684284' user='Kewar' visible='true' version='1' changeset='12205355' lat='50.0177359' lon='14.3988954' />
  <node id='1824090267' timestamp='2012-07-13T11:06:48Z' uid='684284' user='Kewar' visible='true' version='1' changeset='12205355' lat='50.0166665' lon='14.3987007' />
  <node id='1824090270' timestamp='2012-07-13T11:06:48Z' uid='684284' user='Kewar' visible='true' version='1' changeset='12205355' lat='50.0164838' lon='14.3983281' />
  <node id='1824090273' timestamp='2012-07-13T11:06:48Z' uid='684284' user='Kewar' visible='true' version='1' changeset='12205355' lat='50.0190896' lon='14.3996933' />
  <node id='1824090277' timestamp='2012-07-13T11:06:48Z' uid='684284' user='Kewar' visible='true' version='1' changeset='12205355' lat='50.0182469' lon='14.399181' />
  <node id='1824090278' timestamp='2012-07-13T11:06:48Z' uid='684284' user='Kewar' visible='true' version='1' changeset='12205355' lat='50.0175558' lon='14.3988323' />
  <node id='1824090280' timestamp='2012-07-13T11:06:48Z' uid='684284' user='Kewar' visible='true' version='1' changeset='12205355' lat='50.0176195' lon='14.3992534' />
  <node id='1824090282' timestamp='2012-07-13T11:06:48Z' uid='684284' user='Kewar' visible='true' version='1' changeset='12205355' lat='50.0175997' lon='14.3992481' />
  <node id='1824090298' timestamp='2012-07-13T11:06:48Z' uid='684284' user='Kewar' visible='true' version='1' changeset='12205355' lat='50.0179427' lon='14.3989021' />
  <node id='1824090301' timestamp='2012-07-13T11:06:49Z' uid='684284' user='Kewar' visible='true' version='1' changeset='12205355' lat='50.0165794' lon='14.3983978' />
  <node id='1824090305' timestamp='2012-07-13T11:06:49Z' uid='684284' user='Kewar' visible='true' version='1' changeset='12205355' lat='50.0183865' lon='14.3996129' />
  <node id='1824090308' timestamp='2012-07-13T11:06:49Z' uid='684284' user='Kewar' visible='true' version='1' changeset='12205355' lat='50.017461' lon='14.3991448' />
  <node id='1824090310' timestamp='2012-07-13T11:06:49Z' uid='684284' user='Kewar' visible='true' version='1' changeset='12205355' lat='50.0175273' lon='14.399244' />
  <node id='1824117394' timestamp='2012-07-13T11:45:31Z' uid='684284' user='Kewar' visible='true' version='1' changeset='12205711' lat='50.0189513' lon='14.3976051' />
  <node id='1824117398' timestamp='2012-07-13T11:45:31Z' uid='684284' user='Kewar' visible='true' version='1' changeset='12205711' lat='50.0180775' lon='14.3987383' />
  <node id='1824117400' timestamp='2012-07-13T11:45:31Z' uid='684284' user='Kewar' visible='true' version='1' changeset='12205711' lat='50.0189271' lon='14.3979229' />
  <node id='1824117401' timestamp='2012-07-13T11:45:31Z' uid='684284' user='Kewar' visible='true' version='1' changeset='12205711' lat='50.0192908' lon='14.3986042' />
  <node id='1824117406' timestamp='2012-07-13T11:45:32Z' uid='684284' user='Kewar' visible='true' version='1' changeset='12205711' lat='50.0166953' lon='14.3982421' />
  <node id='1824117410' timestamp='2012-07-13T11:45:32Z' uid='684284' user='Kewar' visible='true' version='1' changeset='12205711' lat='50.018909' lon='14.3977593' />
  <node id='1824117418' timestamp='2012-07-13T11:45:32Z' uid='684284' user='Kewar' visible='true' version='1' changeset='12205711' lat='50.0164281' lon='14.3981174' />
  <node id='1824117422' timestamp='2012-07-13T11:45:32Z' uid='684284' user='Kewar' visible='true' version='1' changeset='12205711' lat='50.0179525' lon='14.398348' />
  <node id='1824117426' timestamp='2012-07-13T11:45:32Z' uid='684284' user='Kewar' visible='true' version='1' changeset='12205711' lat='50.0179698' lon='14.3986377' />
  <node id='1824117428' timestamp='2012-07-13T11:45:32Z' uid='684284' user='Kewar' visible='true' version='1' changeset='12205711' lat='50.0177018' lon='14.3982931' />
  <node id='1824117435' timestamp='2012-07-13T11:45:32Z' uid='684284' user='Kewar' visible='true' version='1' changeset='12205711' lat='50.0174846' lon='14.3985331' />
  <node id='1824117447' timestamp='2012-07-13T11:45:33Z' uid='684284' user='Kewar' visible='true' version='1' changeset='12205711' lat='50.0192227' lon='14.397829' />
  <node id='1824117452' timestamp='2012-07-13T11:45:33Z' uid='684284' user='Kewar' visible='true' version='1' changeset='12205711' lat='50.0175036' lon='14.3981978' />
  <node id='1824117456' timestamp='2012-07-13T11:45:33Z' uid='684284' user='Kewar' visible='true' version='1' changeset='12205711' lat='50.019496' lon='14.3984797' />
  <node id='1824117458' timestamp='2012-07-13T11:45:33Z' uid='684284' user='Kewar' visible='true' version='1' changeset='12205711' lat='50.0181137' lon='14.3983641' />
  <node id='1824117460' timestamp='2012-07-13T11:45:33Z' uid='684284' user='Kewar' visible='true' version='1' changeset='12205711' lat='50.0192141' lon='14.3985184' />
  <node id='1824117469' timestamp='2012-07-13T11:45:33Z' uid='684284' user='Kewar' visible='true' version='1' changeset='12205711' lat='50.016709' lon='14.3982166' />
  <node id='1824117473' timestamp='2012-07-13T11:45:33Z' uid='684284' user='Kewar' visible='true' version='1' changeset='12205711' lat='50.0163964' lon='14.3980954' />
  <node id='1824117483' timestamp='2012-07-13T11:45:33Z' uid='684284' user='Kewar' visible='true' version='1' changeset='12205711' lat='50.0174665' lon='14.3982045' />
  <node id='1824117484' timestamp='2012-07-13T11:45:33Z' uid='684284' user='Kewar' visible='true' version='1' changeset='12205711' lat='50.0179491' lon='14.3987222' />
  <node id='1824117485' timestamp='2012-07-13T11:45:33Z' uid='684284' user='Kewar' visible='true' version='1' changeset='12205711' lat='50.0179646' lon='14.3986672' />
  <node id='1824117486' timestamp='2012-07-13T11:45:33Z' uid='684284' user='Kewar' visible='true' version='1' changeset='12205711' lat='50.0188996' lon='14.3980034' />
  <node id='1824117489' timestamp='2012-07-13T11:45:33Z' uid='684284' user='Kewar' visible='true' version='1' changeset='12205711' lat='50.0191443' lon='14.397711' />
  <node id='1824117491' timestamp='2012-07-13T11:45:33Z' uid='684284' user='Kewar' visible='true' version='1' changeset='12205711' lat='50.0179318' lon='14.3986055' />
  <node id='1824117492' timestamp='2012-07-13T11:45:33Z' uid='684284' user='Kewar' visible='true' version='1' changeset='12205711' lat='50.0179723' lon='14.3987946' />
  <node id='1824117494' timestamp='2012-07-13T11:45:33Z' uid='684284' user='Kewar' visible='true' version='1' changeset='12205711' lat='50.0181878' lon='14.3983682' />
  <node id='1824117500' timestamp='2012-07-13T11:45:34Z' uid='684284' user='Kewar' visible='true' version='1' changeset='12205711' lat='50.0181231' lon='14.3983185' />
  <node id='1824117502' timestamp='2012-07-13T11:45:34Z' uid='684284' user='Kewar' visible='true' version='1' changeset='12205711' lat='50.0190865' lon='14.3985184' />
  <node id='1824117508' timestamp='2012-07-13T11:45:34Z' uid='684284' user='Kewar' visible='true' version='1' changeset='12205711' lat='50.0181869' lon='14.3984312' />
  <node id='1824117510' timestamp='2012-07-13T11:45:34Z' uid='684284' user='Kewar' visible='true' version='1' changeset='12205711' lat='50.0165936' lon='14.3981335' />
  <node id='1824117520' timestamp='2012-07-13T11:45:34Z' uid='684284' user='Kewar' visible='true' version='1' changeset='12205711' lat='50.0173114' lon='14.39834' />
  <node id='1824117526' timestamp='2012-07-13T11:45:34Z' uid='684284' user='Kewar' visible='true' version='1' changeset='12205711' lat='50.0190926' lon='14.3977164' />
  <node id='1824117527' timestamp='2012-07-13T11:45:34Z' uid='684284' user='Kewar' visible='true' version='1' changeset='12205711' lat='50.0181783' lon='14.3983266' />
  <node id='1824117528' timestamp='2012-07-13T11:45:34Z' uid='684284' user='Kewar' visible='true' version='1' changeset='12205711' lat='50.017557' lon='14.3981817' />
  <node id='1824117529' timestamp='2012-07-13T11:45:34Z' uid='684284' user='Kewar' visible='true' version='1' changeset='12205711' lat='50.0173114' lon='14.3982931' />
  <node id='1824117533' timestamp='2012-07-13T11:45:34Z' uid='684284' user='Kewar' visible='true' version='1' changeset='12205711' lat='50.0192063' lon='14.3979256' />
  <node id='1824117535' timestamp='2012-07-13T11:45:34Z' uid='684284' user='Kewar' visible='true' version='1' changeset='12205711' lat='50.0181188' lon='14.3983896' />
  <node id='1824117537' timestamp='2012-07-13T11:45:34Z' uid='684284' user='Kewar' visible='true' version='1' changeset='12205711' lat='50.0191141' lon='14.3975595' />
  <node id='1824117538' timestamp='2012-07-13T11:45:34Z' uid='684284' user='Kewar' visible='true' version='1' changeset='12205711' lat='50.0180456' lon='14.3987531' />
  <node id='1824117544' timestamp='2012-07-13T11:45:34Z' uid='684284' user='Kewar' visible='true' version='1' changeset='12205711' lat='50.0181068' lon='14.3987329' />
  <node id='1824117546' timestamp='2012-07-13T11:45:34Z' uid='684284' user='Kewar' visible='true' version='1' changeset='12205711' lat='50.0191391' lon='14.3975957' />
  <node id='1824117561' timestamp='2012-07-13T11:45:35Z' uid='684284' user='Kewar' visible='true' version='1' changeset='12205711' lat='50.0180525' lon='14.3986551' />
  <node id='1824117564' timestamp='2012-07-13T11:45:35Z' uid='684284' user='Kewar' visible='true' version='1' changeset='12205711' lat='50.0189478' lon='14.3979551' />
  <node id='1824117566' timestamp='2012-07-13T11:45:35Z' uid='684284' user='Kewar' visible='true' version='1' changeset='12205711' lat='50.0190762' lon='14.397715' />
  <node id='1824117567' timestamp='2012-07-13T11:45:35Z' uid='684284' user='Kewar' visible='true' version='1' changeset='12205711' lat='50.0169236' lon='14.3981241' />
  <node id='1824117568' timestamp='2012-07-13T11:45:35Z' uid='684284' user='Kewar' visible='true' version='1' changeset='12205711' lat='50.0168702' lon='14.3981697' />
  <node id='1824117570' timestamp='2012-07-13T11:45:35Z' uid='684284' user='Kewar' visible='true' version='1' changeset='12205711' lat='50.0190116' lon='14.3976279' />
  <node id='1824117571' timestamp='2012-07-13T11:45:35Z' uid='684284' user='Kewar' visible='true' version='1' changeset='12205711' lat='50.0181757' lon='14.3982971' />
  <node id='1824117579' timestamp='2012-07-13T11:45:35Z' uid='684284' user='Kewar' visible='true' version='1' changeset='12205711' lat='50.0188694' lon='14.3984124' />
  <node id='1824117581' timestamp='2012-07-13T11:45:35Z' uid='684284' user='Kewar' visible='true' version='1' changeset='12205711' lat='50.0189082' lon='14.3978076' />
  <node id='1824117603' timestamp='2012-07-13T11:45:36Z' uid='684284' user='Kewar' visible='true' version='1' changeset='12205711' lat='50.0191158' lon='14.3977137' />
  <node id='1824117606' timestamp='2012-07-13T11:45:36Z' uid='684284' user='Kewar' visible='true' version='1' changeset='12205711' lat='50.0188832' lon='14.3983145' />
  <node id='1824117609' timestamp='2012-07-13T11:45:36Z' uid='684284' user='Kewar' visible='true' version='1' changeset='12205711' lat='50.0177707' lon='14.3983802' />
  <node id='1824117614' timestamp='2012-07-13T11:45:36Z' uid='684284' user='Kewar' visible='true' version='1' changeset='12205711' lat='50.018124' lon='14.3988805' />
  <node id='1824117615' timestamp='2012-07-13T11:45:36Z' uid='684284' user='Kewar' visible='true' version='1' changeset='12205711' lat='50.018891' lon='14.3984122' />
  <node id='1824117633' timestamp='2012-07-13T11:45:36Z' uid='684284' user='Kewar' visible='true' version='1' changeset='12205711' lat='50.0169098' lon='14.3980905' />
  <node id='1824117641' timestamp='2012-07-13T11:45:36Z' uid='684284' user='Kewar' visible='true' version='1' changeset='12205711' lat='50.0180016' lon='14.3983789' />
  <node id='1824117645' timestamp='2012-07-13T11:45:36Z' uid='684284' user='Kewar' visible='true' version='1' changeset='12205711' lat='50.0181929' lon='14.3984124' />
  <node id='1824117647' timestamp='2012-07-13T11:45:36Z' uid='684284' user='Kewar' visible='true' version='1' changeset='12205711' lat='50.017376' lon='14.3982005' />
  <node id='1824117648' timestamp='2012-07-13T11:45:36Z' uid='684284' user='Kewar' visible='true' version='1' changeset='12205711' lat='50.0179043' lon='14.3983936' />
  <node id='1824117649' timestamp='2012-07-13T11:45:36Z' uid='684284' user='Kewar' visible='true' version='1' changeset='12205711' lat='50.0169098' lon='14.3981603' />
  <node id='1824117650' timestamp='2012-07-13T11:45:36Z' uid='684284' user='Kewar' visible='true' version='1' changeset='12205711' lat='50.0187686' lon='14.3982904' />
  <node id='1824117655' timestamp='2012-07-13T11:45:37Z' uid='684284' user='Kewar' visible='true' version='1' changeset='12205711' lat='50.0180258' lon='14.3983977' />
  <node id='1824117666' timestamp='2012-07-13T11:45:37Z' uid='684284' user='Kewar' visible='true' version='1' changeset='12205711' lat='50.0169202' lon='14.3981455' />
  <node id='1824117670' timestamp='2012-07-13T11:45:37Z' uid='684284' user='Kewar' visible='true' version='1' changeset='12205711' lat='50.0188427' lon='14.3982863' />
  <node id='1824117673' timestamp='2012-07-13T11:45:37Z' uid='684284' user='Kewar' visible='true' version='1' changeset='12205711' lat='50.0180034' lon='14.3987168' />
  <node id='1824117677' timestamp='2012-07-13T11:45:37Z' uid='684284' user='Kewar' visible='true' version='1' changeset='12205711' lat='50.0191908' lon='14.3979497' />
  <node id='1824117680' timestamp='2012-07-13T11:45:37Z' uid='684284' user='Kewar' visible='true' version='1' changeset='12205711' lat='50.0166668' lon='14.3982448' />
  <node id='1824117682' timestamp='2012-07-13T11:45:37Z' uid='684284' user='Kewar' visible='true' version='1' changeset='12205711' lat='50.0181154' lon='14.3983373' />
  <node id='1824117688' timestamp='2012-07-13T11:45:37Z' uid='684284' user='Kewar' visible='true' version='1' changeset='12205711' lat='50.0190124' lon='14.3975179' />
  <node id='1824117694' timestamp='2012-07-13T11:45:37Z' uid='684284' user='Kewar' visible='true' version='1' changeset='12205711' lat='50.0191512' lon='14.3984969' />
  <node id='1824117696' timestamp='2012-07-13T11:45:37Z' uid='684284' user='Kewar' visible='true' version='1' changeset='12205711' lat='50.0180654' lon='14.3987477' />
  <node id='1824117698' timestamp='2012-07-13T11:45:37Z' uid='684284' user='Kewar' visible='true' version='1' changeset='12205711' lat='50.0174148' lon='14.3984312' />
  <node id='1824117708' timestamp='2012-07-13T11:45:37Z' uid='684284' user='Kewar' visible='true' version='1' changeset='12205711' lat='50.0191245' lon='14.3976654' />
  <node id='1824117710' timestamp='2012-07-13T11:45:37Z' uid='684284' user='Kewar' visible='true' version='1' changeset='12205711' lat='50.0176346' lon='14.3986122' />
  <node id='1824117725' timestamp='2012-07-13T11:45:38Z' uid='684284' user='Kewar' visible='true' version='1' changeset='12205711' lat='50.0168521' lon='14.398163' />
  <node id='1824117727' timestamp='2012-07-13T11:45:38Z' uid='684284' user='Kewar' visible='true' version='1' changeset='12205711' lat='50.0174027' lon='14.3982032' />
  <node id='1824117733' timestamp='2012-07-13T11:45:38Z' uid='684284' user='Kewar' visible='true' version='1' changeset='12205711' lat='50.018012' lon='14.398737' />
  <node id='1824117739' timestamp='2012-07-13T11:45:38Z' uid='684284' user='Kewar' visible='true' version='1' changeset='12205711' lat='50.0191831' lon='14.3985747' />
  <node id='1824117743' timestamp='2012-07-13T11:45:38Z' uid='684284' user='Kewar' visible='true' version='1' changeset='12205711' lat='50.0165617' lon='14.3981965' />
  <node id='1824117747' timestamp='2012-07-13T11:45:38Z' uid='684284' user='Kewar' visible='true' version='1' changeset='12205711' lat='50.0191348' lon='14.3975742' />
  <node id='1824117751' timestamp='2012-07-13T11:45:38Z' uid='684284' user='Kewar' visible='true' version='1' changeset='12205711' lat='50.0190529' lon='14.3984634' />
  <node id='1824117755' timestamp='2012-07-13T11:45:38Z' uid='684284' user='Kewar' visible='true' version='1' changeset='12205711' lat='50.0166056' lon='14.3982287' />
  <node id='1824117758' timestamp='2012-07-13T11:45:38Z' uid='684284' user='Kewar' visible='true' version='1' changeset='12205711' lat='50.0173778' lon='14.398403' />
  <node id='1824117762' timestamp='2012-07-13T11:45:38Z' uid='684284' user='Kewar' visible='true' version='1' changeset='12205711' lat='50.0190667' lon='14.3985076' />
  <node id='1824117770' timestamp='2012-07-13T11:45:38Z' uid='684284' user='Kewar' visible='true' version='1' changeset='12205711' lat='50.0189771' lon='14.3979953' />
  <node id='1824117773' timestamp='2012-07-13T11:45:38Z' uid='684284' user='Kewar' visible='true' version='1' changeset='12205711' lat='50.0190548' lon='14.3976209' />
  <node id='1824117776' timestamp='2012-07-13T11:45:38Z' uid='684284' user='Kewar' visible='true' version='1' changeset='12205711' lat='50.0189151' lon='14.3978505' />
  <node id='1824117779' timestamp='2012-07-13T11:45:38Z' uid='684284' user='Kewar' visible='true' version='1' changeset='12205711' lat='50.0191968' lon='14.398521' />
  <node id='1824117781' timestamp='2012-07-13T11:45:38Z' uid='684284' user='Kewar' visible='true' version='1' changeset='12205711' lat='50.0166737' lon='14.3981482' />
  <node id='1824117797' timestamp='2012-07-13T11:45:39Z' uid='684284' user='Kewar' visible='true' version='1' changeset='12205711' lat='50.0191012' lon='14.3984312' />
  <node id='1824117799' timestamp='2012-07-13T11:45:39Z' uid='684284' user='Kewar' visible='true' version='1' changeset='12205711' lat='50.0168952' lon='14.3981428'>
    <tag k='golf' v='tee' />
    <tag k='ref' v='5' />
    <tag k='source' v='bing' />
    <tag k='tee' v='red' />
  </node>
  <node id='1824117803' timestamp='2012-07-13T11:45:39Z' uid='684284' user='Kewar' visible='true' version='1' changeset='12205711' lat='50.017351' lon='14.3982072' />
  <node id='1824117805' timestamp='2012-07-13T11:45:39Z' uid='684284' user='Kewar' visible='true' version='1' changeset='12205711' lat='50.0177474' lon='14.3985868' />
  <node id='1824117820' timestamp='2012-07-13T11:45:39Z' uid='684284' user='Kewar' visible='true' version='1' changeset='12205711' lat='50.0191426' lon='14.3985197' />
  <node id='1824117823' timestamp='2012-07-13T11:45:39Z' uid='684284' user='Kewar' visible='true' version='1' changeset='12205711' lat='50.019127' lon='14.3985197' />
  <node id='1824117829' timestamp='2012-07-13T11:45:39Z' uid='684284' user='Kewar' visible='true' version='1' changeset='12205711' lat='50.0179543' lon='14.3986793' />
  <node id='1824117836' timestamp='2012-07-13T11:45:39Z' uid='684284' user='Kewar' visible='true' version='1' changeset='12205711' lat='50.0164522' lon='14.3981268' />
  <node id='1824117838' timestamp='2012-07-13T11:45:39Z' uid='684284' user='Kewar' visible='true' version='1' changeset='12205711' lat='50.0180904' lon='14.3984124' />
  <node id='1824117840' timestamp='2012-07-13T11:45:39Z' uid='684284' user='Kewar' visible='true' version='1' changeset='12205711' lat='50.0175837' lon='14.3981938' />
  <node id='1824117842' timestamp='2012-07-13T11:45:39Z' uid='684284' user='Kewar' visible='true' version='1' changeset='12205711' lat='50.01732' lon='14.3982501' />
  <node id='1824117844' timestamp='2012-07-13T11:45:39Z' uid='684284' user='Kewar' visible='true' version='1' changeset='12205711' lat='50.017613' lon='14.3982112' />
  <node id='1824117856' timestamp='2012-07-13T11:45:39Z' uid='684284' user='Kewar' visible='true' version='1' changeset='12205711' lat='50.016404' lon='14.3981147' />
  <node id='1824117870' timestamp='2012-07-13T11:45:40Z' uid='684284' user='Kewar' visible='true' version='1' changeset='12205711' lat='50.0175828' lon='14.3986069' />
  <node id='1824117879' timestamp='2012-07-13T11:45:40Z' uid='684284' user='Kewar' visible='true' version='1' changeset='12205711' lat='50.0174519' lon='14.3984862' />
  <node id='1824117887' timestamp='2012-07-13T11:45:40Z' uid='684284' user='Kewar' visible='true' version='1' changeset='12205711' lat='50.0176923' lon='14.3986055' />
  <node id='1824117897' timestamp='2012-07-13T11:45:40Z' uid='684284' user='Kewar' visible='true' version='1' changeset='12205711' lat='50.0188134' lon='14.3982743' />
  <node id='1824117899' timestamp='2012-07-13T11:45:40Z' uid='684284' user='Kewar' visible='true' version='1' changeset='12205711' lat='50.0179534' lon='14.3987557' />
  <node id='1824117911' timestamp='2012-07-13T11:45:40Z' uid='684284' user='Kewar' visible='true' version='1' changeset='12205711' lat='50.0181792' lon='14.3983467' />
  <node id='1824117913' timestamp='2012-07-13T11:45:40Z' uid='684284' user='Kewar' visible='true' version='1' changeset='12205711' lat='50.0180904' lon='14.3987316' />
  <node id='1824117914' timestamp='2012-07-13T11:45:40Z' uid='684284' user='Kewar' visible='true' version='1' changeset='12205711' lat='50.0192649' lon='14.3986511' />
  <node id='1824117918' timestamp='2012-07-13T11:45:40Z' uid='684284' user='Kewar' visible='true' version='1' changeset='12205711' lat='50.0173312' lon='14.398222' />
  <node id='1824117924' timestamp='2012-07-13T11:45:40Z' uid='684284' user='Kewar' visible='true' version='1' changeset='12205711' lat='50.0179517' lon='14.3986981' />
  <node id='1824117930' timestamp='2012-07-13T11:45:40Z' uid='684284' user='Kewar' visible='true' version='1' changeset='12205711' lat='50.0178965' lon='14.3984325' />
  <node id='1824117935' timestamp='2012-07-13T11:45:40Z' uid='684284' user='Kewar' visible='true' version='1' changeset='12205711' lat='50.0192106' lon='14.3977606' />
  <node id='1824117938' timestamp='2012-07-13T11:45:40Z' uid='684284' user='Kewar' visible='true' version='1' changeset='12205711' lat='50.0190865' lon='14.397483' />
  <node id='1824117947' timestamp='2012-07-13T11:45:41Z' uid='684284' user='Kewar' visible='true' version='1' changeset='12205711' lat='50.0180551' lon='14.3985251'>
    <tag k='golf' v='pin' />
  </node>
  <node id='1824117969' timestamp='2012-07-13T11:45:41Z' uid='684284' user='Kewar' visible='true' version='1' changeset='12205711' lat='50.0165772' lon='14.3982206' />
  <node id='1824117971' timestamp='2012-07-13T11:45:41Z' uid='684284' user='Kewar' visible='true' version='1' changeset='12205711' lat='50.0181767' lon='14.3986277' />
  <node id='1824117973' timestamp='2012-07-13T11:45:41Z' uid='684284' user='Kewar' visible='true' version='1' changeset='12205711' lat='50.0190969' lon='14.3975286' />
  <node id='1824117976' timestamp='2012-07-13T11:45:41Z' uid='684284' user='Kewar' visible='true' version='1' changeset='12205711' lat='50.0181835' lon='14.3985291' />
  <node id='1824117984' timestamp='2012-07-13T11:45:41Z' uid='684284' user='Kewar' visible='true' version='1' changeset='12205711' lat='50.0193795' lon='14.398166' />
  <node id='1824117993' timestamp='2012-07-13T11:45:41Z' uid='684284' user='Kewar' visible='true' version='1' changeset='12205711' lat='50.0187918' lon='14.3983775' />
  <node id='1824117996' timestamp='2012-07-13T11:45:41Z' uid='684284' user='Kewar' visible='true' version='1' changeset='12205711' lat='50.0189332' lon='14.3980221' />
  <node id='1824118004' timestamp='2012-07-13T11:45:41Z' uid='684284' user='Kewar' visible='true' version='1' changeset='12205711' lat='50.0181404' lon='14.3988295' />
  <node id='1824118008' timestamp='2012-07-13T11:45:41Z' uid='684284' user='Kewar' visible='true' version='1' changeset='12205711' lat='50.019015' lon='14.3974978' />
  <node id='1824118010' timestamp='2012-07-13T11:45:41Z' uid='684284' user='Kewar' visible='true' version='1' changeset='12205711' lat='50.0189151' lon='14.3980315' />
  <node id='1824118025' timestamp='2012-07-13T11:45:41Z' uid='684284' user='Kewar' visible='true' version='1' changeset='12205711' lat='50.0168306' lon='14.3981107' />
  <node id='1824118028' timestamp='2012-07-13T11:45:42Z' uid='684284' user='Kewar' visible='true' version='1' changeset='12205711' lat='50.0191046' lon='14.3985197' />
  <node id='1824118030' timestamp='2012-07-13T11:45:42Z' uid='684284' user='Kewar' visible='true' version='1' changeset='12205711' lat='50.0190452' lon='14.3974616' />
  <node id='1824118031' timestamp='2012-07-13T11:45:42Z' uid='684284' user='Kewar' visible='true' version='1' changeset='12205711' lat='50.0164738' lon='14.3981107' />
  <node id='1824118038' timestamp='2012-07-13T11:45:42Z' uid='684284' user='Kewar' visible='true' version='1' changeset='12205711' lat='50.0163988' lon='14.3980771' />
  <node id='1824118044' timestamp='2012-07-13T11:45:42Z' uid='684284' user='Kewar' visible='true' version='1' changeset='12205711' lat='50.0187746' lon='14.3983561' />
  <node id='1824118046' timestamp='2012-07-13T11:45:42Z' uid='684284' user='Kewar' visible='true' version='1' changeset='12205711' lat='50.0189254' lon='14.3980315' />
  <node id='1824118049' timestamp='2012-07-13T11:45:42Z' uid='684284' user='Kewar' visible='true' version='1' changeset='12205711' lat='50.0187643' lon='14.3983226' />
  <node id='1824118058' timestamp='2012-07-13T11:45:42Z' uid='684284' user='Kewar' visible='true' version='1' changeset='12205711' lat='50.0190598' lon='14.3984392' />
  <node id='1824118064' timestamp='2012-07-13T11:45:42Z' uid='684284' user='Kewar' visible='true' version='1' changeset='12205711' lat='50.0191719' lon='14.3979712' />
  <node id='1824118084' timestamp='2012-07-13T11:45:43Z' uid='684284' user='Kewar' visible='true' version='1' changeset='12205711' lat='50.0191968' lon='14.3986109' />
  <node id='1824118085' timestamp='2012-07-13T11:45:43Z' uid='684284' user='Kewar' visible='true' version='1' changeset='12205711' lat='50.0189685' lon='14.3980087' />
  <node id='1824118087' timestamp='2012-07-13T11:45:43Z' uid='684284' user='Kewar' visible='true' version='1' changeset='12205711' lat='50.0168374' lon='14.3981388' />
  <node id='1824118088' timestamp='2012-07-13T11:45:43Z' uid='684284' user='Kewar' visible='true' version='1' changeset='12205711' lat='50.0191451' lon='14.3984486' />
  <node id='1824118089' timestamp='2012-07-13T11:45:43Z' uid='684284' user='Kewar' visible='true' version='1' changeset='12205711' lat='50.0189133' lon='14.397703' />
  <node id='1824118096' timestamp='2012-07-13T11:45:43Z' uid='684284' user='Kewar' visible='true' version='1' changeset='12205711' lat='50.0180577' lon='14.3988389' />
  <node id='1824118098' timestamp='2012-07-13T11:45:43Z' uid='684284' user='Kewar' visible='true' version='1' changeset='12205711' lat='50.0179801' lon='14.3983547' />
  <node id='1824118104' timestamp='2012-07-13T11:45:43Z' uid='684284' user='Kewar' visible='true' version='1' changeset='12205711' lat='50.0189073' lon='14.3983936' />
  <node id='1824118107' timestamp='2012-07-13T11:45:43Z' uid='684284' user='Kewar' visible='true' version='1' changeset='12205711' lat='50.0168426' lon='14.3980879' />
  <node id='1824118110' timestamp='2012-07-13T11:45:43Z' uid='684284' user='Kewar' visible='true' version='1' changeset='12205711' lat='50.0192175' lon='14.3986377' />
  <node id='1824118113' timestamp='2012-07-13T11:45:43Z' uid='684284' user='Kewar' visible='true' version='1' changeset='12205711' lat='50.0181326' lon='14.3986954' />
  <node id='1824118116' timestamp='2012-07-13T11:45:43Z' uid='684284' user='Kewar' visible='true' version='1' changeset='12205711' lat='50.0191184' lon='14.3979631' />
  <node id='1824118121' timestamp='2012-07-13T11:45:43Z' uid='684284' user='Kewar' visible='true' version='1' changeset='12205711' lat='50.016709' lon='14.3981858' />
  <node id='1824118142' timestamp='2012-07-13T11:45:43Z' uid='684284' user='Kewar' visible='true' version='1' changeset='12205711' lat='50.0179818' lon='14.3986699' />
  <node id='1824118143' timestamp='2012-07-13T11:45:43Z' uid='684284' user='Kewar' visible='true' version='1' changeset='12205711' lat='50.0179043' lon='14.3985532' />
  <node id='1824118144' timestamp='2012-07-13T11:45:43Z' uid='684284' user='Kewar' visible='true' version='1' changeset='12205711' lat='50.0181369' lon='14.3988201' />
  <node id='1824118147' timestamp='2012-07-13T11:45:44Z' uid='684284' user='Kewar' visible='true' version='1' changeset='12205711' lat='50.0191279' lon='14.3975635' />
  <node id='1824118148' timestamp='2012-07-13T11:45:44Z' uid='684284' user='Kewar' visible='true' version='1' changeset='12205711' lat='50.0178043' lon='14.3984728' />
  <node id='1824118151' timestamp='2012-07-13T11:45:44Z' uid='684284' user='Kewar' visible='true' version='1' changeset='12205711' lat='50.018149' lon='14.3984459' />
  <node id='1824118158' timestamp='2012-07-13T11:45:44Z' uid='684284' user='Kewar' visible='true' version='1' changeset='12205711' lat='50.0180947' lon='14.398694' />
  <node id='1824118201' timestamp='2012-07-13T11:45:44Z' uid='684284' user='Kewar' visible='true' version='1' changeset='12205711' lat='50.0192425' lon='14.3986484' />
  <node id='1824118205' timestamp='2012-07-13T11:45:44Z' uid='684284' user='Kewar' visible='true' version='1' changeset='12205711' lat='50.0189168' lon='14.3979229' />
  <node id='1824118206' timestamp='2012-07-13T11:45:44Z' uid='684284' user='Kewar' visible='true' version='1' changeset='12205711' lat='50.0190529' lon='14.3976963' />
  <node id='1824118211' timestamp='2012-07-13T11:45:44Z' uid='684284' user='Kewar' visible='true' version='1' changeset='12205711' lat='50.0181421' lon='14.3988496' />
  <node id='1824118213' timestamp='2012-07-13T11:45:45Z' uid='684284' user='Kewar' visible='true' version='1' changeset='12205711' lat='50.0187867' lon='14.3982703' />
  <node id='1824118215' timestamp='2012-07-13T11:45:45Z' uid='684284' user='Kewar' visible='true' version='1' changeset='12205711' lat='50.019065' lon='14.3976413' />
  <node id='1824118217' timestamp='2012-07-13T11:45:45Z' uid='684284' user='Kewar' visible='true' version='1' changeset='12205711' lat='50.0173355' lon='14.3983856' />
  <node id='1824118223' timestamp='2012-07-13T11:45:45Z' uid='684284' user='Kewar' visible='true' version='1' changeset='12205711' lat='50.0167022' lon='14.398163' />
  <node id='1824118226' timestamp='2012-07-13T11:45:45Z' uid='684284' user='Kewar' visible='true' version='1' changeset='12205711' lat='50.0178078' lon='14.3985143' />
  <node id='1824118229' timestamp='2012-07-13T11:45:45Z' uid='684284' user='Kewar' visible='true' version='1' changeset='12205711' lat='50.019009' lon='14.3979497' />
  <node id='1824118252' timestamp='2012-07-13T11:45:45Z' uid='684284' user='Kewar' visible='true' version='1' changeset='12205711' lat='50.0179637' lon='14.3987799' />
  <node id='1824118266' timestamp='2012-07-13T11:45:45Z' uid='684284' user='Kewar' visible='true' version='1' changeset='12205711' lat='50.0191994' lon='14.3977405' />
  <node id='1824118279' timestamp='2012-07-13T11:45:45Z' uid='684284' user='Kewar' visible='true' version='1' changeset='12205711' lat='50.0177388' lon='14.3983306' />
  <node id='1824118281' timestamp='2012-07-13T11:45:45Z' uid='684284' user='Kewar' visible='true' version='1' changeset='12205711' lat='50.0174312' lon='14.3982019' />
  <node id='1824118309' timestamp='2012-07-13T11:45:46Z' uid='684284' user='Kewar' visible='true' version='1' changeset='12205711' lat='50.0168771' lon='14.3980812' />
  <node id='1824118315' timestamp='2012-07-13T11:45:46Z' uid='684284' user='Kewar' visible='true' version='1' changeset='12205711' lat='50.0179973' lon='14.3986873' />
  <node id='1824118320' timestamp='2012-07-13T11:45:46Z' uid='684284' user='Kewar' visible='true' version='1' changeset='12205711' lat='50.0191029' lon='14.3975461' />
  <node id='1824118325' timestamp='2012-07-13T11:45:46Z' uid='684284' user='Kewar' visible='true' version='1' changeset='12205711' lat='50.0190598' lon='14.3974616' />
  <node id='1824118336' timestamp='2012-07-13T11:45:46Z' uid='684284' user='Kewar' visible='true' version='1' changeset='12205711' lat='50.0192572' lon='14.3985385' />
  <node id='1824118338' timestamp='2012-07-13T11:45:46Z' uid='684284' user='Kewar' visible='true' version='1' changeset='12205711' lat='50.0191503' lon='14.3984687' />
  <node id='1824118350' timestamp='2012-07-13T11:45:46Z' uid='684284' user='Kewar' visible='true' version='1' changeset='12205711' lat='50.0181602' lon='14.3986686' />
  <node id='1824118351' timestamp='2012-07-13T11:45:47Z' uid='684284' user='Kewar' visible='true' version='1' changeset='12205711' lat='50.0192184' lon='14.3977861' />
  <node id='1824118352' timestamp='2012-07-13T11:45:47Z' uid='684284' user='Kewar' visible='true' version='1' changeset='12205711' lat='50.0181257' lon='14.3984218' />
  <node id='1824118355' timestamp='2012-07-13T11:45:47Z' uid='684284' user='Kewar' visible='true' version='1' changeset='12205711' lat='50.0181395' lon='14.3982796' />
  <node id='1824118356' timestamp='2012-07-13T11:45:47Z' uid='684284' user='Kewar' visible='true' version='1' changeset='12205711' lat='50.017931' lon='14.3983601' />
  <node id='1824118358' timestamp='2012-07-13T11:45:47Z' uid='684284' user='Kewar' visible='true' version='1' changeset='12205711' lat='50.0164057' lon='14.3980637' />
  <node id='1824118359' timestamp='2012-07-13T11:45:47Z' uid='684284' user='Kewar' visible='true' version='1' changeset='12205711' lat='50.0190796' lon='14.3979511' />
  <node id='1824118360' timestamp='2012-07-13T11:45:47Z' uid='684284' user='Kewar' visible='true' version='1' changeset='12205711' lat='50.0181929' lon='14.3983936' />
  <node id='1824118361' timestamp='2012-07-13T11:45:47Z' uid='684284' user='Kewar' visible='true' version='1' changeset='12205711' lat='50.0189049' lon='14.3983291' />
  <node id='1824118363' timestamp='2012-07-13T11:45:47Z' uid='684284' user='Kewar' visible='true' version='1' changeset='12205711' lat='50.0192236' lon='14.3978639' />
  <node id='1824118364' timestamp='2012-07-13T11:45:47Z' uid='684284' user='Kewar' visible='true' version='1' changeset='12205711' lat='50.0180378' lon='14.3988255' />
  <node id='1824118365' timestamp='2012-07-13T11:45:47Z' uid='684284' user='Kewar' visible='true' version='1' changeset='12205711' lat='50.0164212' lon='14.3980664' />
  <node id='1824118369' timestamp='2012-07-13T11:45:47Z' uid='684284' user='Kewar' visible='true' version='1' changeset='12205711' lat='50.0190771' lon='14.3974669' />
  <node id='1824118372' timestamp='2012-07-13T11:45:48Z' uid='684284' user='Kewar' visible='true' version='1' changeset='12205711' lat='50.0165643' lon='14.3981576' />
  <node id='1824118381' timestamp='2012-07-13T11:45:48Z' uid='684284' user='Kewar' visible='true' version='1' changeset='12205711' lat='50.0190788' lon='14.3984298' />
  <node id='1824118382' timestamp='2012-07-13T11:45:48Z' uid='684284' user='Kewar' visible='true' version='1' changeset='12205711' lat='50.0175355' lon='14.3981844' />
  <node id='1824118388' timestamp='2012-07-13T11:45:48Z' uid='684284' user='Kewar' visible='true' version='1' changeset='12205711' lat='50.0190504' lon='14.3979511' />
  <node id='1824118397' timestamp='2012-07-13T11:45:48Z' uid='684284' user='Kewar' visible='true' version='1' changeset='12205711' lat='50.0180275' lon='14.398749' />
  <node id='1824118401' timestamp='2012-07-13T11:45:49Z' uid='684284' user='Kewar' visible='true' version='1' changeset='12205711' lat='50.0177802' lon='14.3985666' />
  <node id='1824118403' timestamp='2012-07-13T11:45:49Z' uid='684284' user='Kewar' visible='true' version='1' changeset='12205711' lat='50.019096' lon='14.3975058' />
  <node id='1824118404' timestamp='2012-07-13T11:45:49Z' uid='684284' user='Kewar' visible='true' version='1' changeset='12205711' lat='50.0180835' lon='14.3988711' />
  <node id='1824118407' timestamp='2012-07-13T11:45:49Z' uid='684284' user='Kewar' visible='true' version='1' changeset='12205711' lat='50.0181352' lon='14.3988697' />
  <node id='1824118408' timestamp='2012-07-13T11:45:49Z' uid='684284' user='Kewar' visible='true' version='1' changeset='12205711' lat='50.0181714' lon='14.3984821' />
  <node id='1824118410' timestamp='2012-07-13T11:45:49Z' uid='684284' user='Kewar' visible='true' version='1' changeset='12205711' lat='50.0191779' lon='14.3977191' />
  <node id='1824118411' timestamp='2012-07-13T11:45:49Z' uid='684284' user='Kewar' visible='true' version='1' changeset='12205711' lat='50.0181309' lon='14.3982984' />
  <node id='1824118412' timestamp='2012-07-13T11:45:49Z' uid='684284' user='Kewar' visible='true' version='1' changeset='12205711' lat='50.0181507' lon='14.3982703' />
  <node id='1824118414' timestamp='2012-07-13T11:45:49Z' uid='684284' user='Kewar' visible='true' version='1' changeset='12205711' lat='50.0192176' lon='14.3978998' />
  <node id='1824118416' timestamp='2012-07-13T11:45:49Z' uid='684284' user='Kewar' visible='true' version='1' changeset='12205711' lat='50.0191451' lon='14.3979725' />
  <node id='1824118423' timestamp='2012-07-13T11:45:49Z' uid='684284' user='Kewar' visible='true' version='1' changeset='12205711' lat='50.0192313' lon='14.398521' />
  <node id='1824118426' timestamp='2012-07-13T11:45:49Z' uid='684284' user='Kewar' visible='true' version='1' changeset='12205711' lat='50.0165755' lon='14.3981388' />
  <node id='1824118427' timestamp='2012-07-13T11:45:50Z' uid='684284' user='Kewar' visible='true' version='1' changeset='12205711' lat='50.0189797' lon='14.3979403' />
  <node id='1824118428' timestamp='2012-07-13T11:45:50Z' uid='684284' user='Kewar' visible='true' version='1' changeset='12205711' lat='50.018959' lon='14.3979216' />
  <node id='1824118431' timestamp='2012-07-13T11:45:50Z' uid='684284' user='Kewar' visible='true' version='1' changeset='12205711' lat='50.0191391' lon='14.3976171' />
  <node id='1824118433' timestamp='2012-07-13T11:45:50Z' uid='684284' user='Kewar' visible='true' version='1' changeset='12205711' lat='50.016896' lon='14.3981119'>
    <tag k='golf' v='tee' />
    <tag k='ref' v='5' />
    <tag k='source' v='bing' />
    <tag k='tee' v='blue' />
  </node>
  <node id='1824118434' timestamp='2012-07-13T11:45:50Z' uid='684284' user='Kewar' visible='true' version='1' changeset='12205711' lat='50.0189004' lon='14.3979524' />
  <node id='1824118439' timestamp='2012-07-13T11:45:50Z' uid='684284' user='Kewar' visible='true' version='1' changeset='12205711' lat='50.0166866' lon='14.3981509' />
  <node id='1824118440' timestamp='2012-07-13T11:45:50Z' uid='684284' user='Kewar' visible='true' version='1' changeset='12205711' lat='50.0180758' lon='14.3986766' />
  <node id='1824118441' timestamp='2012-07-13T11:45:50Z' uid='684284' user='Kewar' visible='true' version='1' changeset='12205711' lat='50.0181516' lon='14.3984272' />
  <node id='1824118444' timestamp='2012-07-13T11:45:50Z' uid='684284' user='Kewar' visible='true' version='1' changeset='12205711' lat='50.0189349' lon='14.3978894' />
  <node id='1824118445' timestamp='2012-07-13T11:45:50Z' uid='684284' user='Kewar' visible='true' version='1' changeset='12205711' lat='50.0189599' lon='14.3979618' />
  <node id='1824118446' timestamp='2012-07-13T11:45:50Z' uid='684284' user='Kewar' visible='true' version='1' changeset='12205711' lat='50.0164738' lon='14.3980946' />
  <node id='1824118447' timestamp='2012-07-13T11:45:50Z' uid='684284' user='Kewar' visible='true' version='1' changeset='12205711' lat='50.0189762' lon='14.3979819' />
  <node id='1824118452' timestamp='2012-07-13T11:45:51Z' uid='684284' user='Kewar' visible='true' version='1' changeset='12205711' lat='50.0188263' lon='14.3984003' />
  <node id='1824118454' timestamp='2012-07-13T11:45:51Z' uid='684284' user='Kewar' visible='true' version='1' changeset='12205711' lat='50.0181042' lon='14.3988818' />
  <node id='1824118455' timestamp='2012-07-13T11:45:51Z' uid='684284' user='Kewar' visible='true' version='1' changeset='12205711' lat='50.0164643' lon='14.3980825' />
  <node id='1824118457' timestamp='2012-07-13T11:45:51Z' uid='684284' user='Kewar' visible='true' version='1' changeset='12205711' lat='50.0189047' lon='14.3980221' />
  <node id='1824118458' timestamp='2012-07-13T11:45:51Z' uid='684284' user='Kewar' visible='true' version='1' changeset='12205711' lat='50.0181249' lon='14.3987691' />
  <node id='1824118462' timestamp='2012-07-13T11:45:51Z' uid='684284' user='Kewar' visible='true' version='1' changeset='12205711' lat='50.0189254' lon='14.3976627' />
  <node id='1824118463' timestamp='2012-07-13T11:45:51Z' uid='684284' user='Kewar' visible='true' version='1' changeset='12205711' lat='50.0189728' lon='14.3979672' />
  <node id='1824118465' timestamp='2012-07-13T11:45:51Z' uid='684284' user='Kewar' visible='true' version='1' changeset='12205711' lat='50.0179844' lon='14.3988054' />
  <node id='1824118466' timestamp='2012-07-13T11:45:51Z' uid='684284' user='Kewar' visible='true' version='1' changeset='12205711' lat='50.0190262' lon='14.397597' />
  <node id='1824118468' timestamp='2012-07-13T11:45:52Z' uid='684284' user='Kewar' visible='true' version='1' changeset='12205711' lat='50.0166591' lon='14.3981923'>
    <tag k='golf' v='tee' />
    <tag k='ref' v='5' />
    <tag k='source' v='bing' />
    <tag k='tee' v='yellow' />
  </node>
  <node id='1824118471' timestamp='2012-07-13T11:45:52Z' uid='684284' user='Kewar' visible='true' version='1' changeset='12205711' lat='50.0190236' lon='14.3974857' />
  <node id='1824118473' timestamp='2012-07-13T11:45:52Z' uid='684284' user='Kewar' visible='true' version='1' changeset='12205711' lat='50.0181309' lon='14.3988' />
  <node id='1824118478' timestamp='2012-07-13T11:45:52Z' uid='684284' user='Kewar' visible='true' version='1' changeset='12205711' lat='50.018168' lon='14.3982743' />
  <node id='1824118479' timestamp='2012-07-13T11:45:52Z' uid='684284' user='Kewar' visible='true' version='1' changeset='12205711' lat='50.0190081' lon='14.3975608' />
  <node id='1824118481' timestamp='2012-07-13T11:45:52Z' uid='684284' user='Kewar' visible='true' version='1' changeset='12205711' lat='50.0190185' lon='14.3975823' />
  <node id='1824118482' timestamp='2012-07-13T11:45:52Z' uid='684284' user='Kewar' visible='true' version='1' changeset='12205711' lat='50.0191358' lon='14.3976356' />
  <node id='1824118493' timestamp='2012-07-13T11:45:52Z' uid='684284' user='Kewar' visible='true' version='1' changeset='12205711' lat='50.0188987' lon='14.3979833' />
  <node id='1824118495' timestamp='2012-07-13T11:45:53Z' uid='684284' user='Kewar' visible='true' version='1' changeset='12205711' lat='50.0189082' lon='14.3979363' />
  <node id='1824118501' timestamp='2012-07-13T11:45:53Z' uid='684284' user='Kewar' visible='true' version='1' changeset='12205711' lat='50.0166168' lon='14.3981375' />
  <node id='1824118503' timestamp='2012-07-13T11:45:53Z' uid='684284' user='Kewar' visible='true' version='1' changeset='12205711' lat='50.0181671' lon='14.3984391' />
  <node id='1824118507' timestamp='2012-07-13T11:45:53Z' uid='684284' user='Kewar' visible='true' version='1' changeset='12205711' lat='50.0164247' lon='14.3980959'>
    <tag k='golf' v='tee' />
    <tag k='tee' v='white' />
  </node>
  <node id='1824118508' timestamp='2012-07-13T11:45:53Z' uid='684284' user='Kewar' visible='true' version='1' changeset='12205711' lat='50.0164703' lon='14.3981241' />
  <node id='1824118509' timestamp='2012-07-13T11:45:53Z' uid='684284' user='Kewar' visible='true' version='1' changeset='12205711' lat='50.0189375' lon='14.397939' />
  <node id='1824118510' timestamp='2012-07-13T11:45:53Z' uid='684284' user='Kewar' visible='true' version='1' changeset='12205711' lat='50.0190331' lon='14.3974736' />
  <node id='1824118511' timestamp='2012-07-13T11:45:53Z' uid='684284' user='Kewar' visible='true' version='1' changeset='12205711' lat='50.0189719' lon='14.3976037' />
  <node id='1824118515' timestamp='2012-07-13T11:45:53Z' uid='684284' user='Kewar' visible='true' version='1' changeset='12205711' lat='50.0189918' lon='14.3976077' />
  <node id='1824118516' timestamp='2012-07-13T11:45:53Z' uid='684284' user='Kewar' visible='true' version='1' changeset='12205711' lat='50.0194251' lon='14.3983272' />
  <node id='1824118517' timestamp='2012-07-13T11:45:53Z' uid='684284' user='Kewar' visible='true' version='1' changeset='12205711' lat='50.0191839' lon='14.3985398' />
  <node id='1824118519' timestamp='2012-07-13T11:45:53Z' uid='684284' user='Kewar' visible='true' version='1' changeset='12205711' lat='50.0190305' lon='14.3976654' />
  <node id='1824118520' timestamp='2012-07-13T11:45:53Z' uid='684284' user='Kewar' visible='true' version='1' changeset='12205711' lat='50.0192865' lon='14.3985769' />
  <node id='1824118521' timestamp='2012-07-13T11:45:53Z' uid='684284' user='Kewar' visible='true' version='1' changeset='12205711' lat='50.0177948' lon='14.3984339' />
  <node id='1824118522' timestamp='2012-07-13T11:45:53Z' uid='684284' user='Kewar' visible='true' version='1' changeset='12205711' lat='50.0191073' lon='14.3976759' />
  <node id='1824118528' timestamp='2012-07-13T11:45:54Z' uid='684284' user='Kewar' visible='true' version='1' changeset='12205711' lat='50.0177966' lon='14.3985412' />
  <node id='1824118533' timestamp='2012-07-13T11:45:54Z' uid='684284' user='Kewar' visible='true' version='1' changeset='12205711' lat='50.0192813' lon='14.3985613' />
  <node id='1824118535' timestamp='2012-07-13T11:45:54Z' uid='684284' user='Kewar' visible='true' version='1' changeset='12205711' lat='50.018118' lon='14.3987477' />
  <node id='1824118539' timestamp='2012-07-13T11:45:54Z' uid='684284' user='Kewar' visible='true' version='1' changeset='12205711' lat='50.018012' lon='14.3986484' />
  <node id='1824118541' timestamp='2012-07-13T11:45:54Z' uid='684284' user='Kewar' visible='true' version='1' changeset='12205711' lat='50.0181861' lon='14.398576' />
  <node id='1824118542' timestamp='2012-07-13T11:45:54Z' uid='684284' user='Kewar' visible='true' version='1' changeset='12205711' lat='50.0189297' lon='14.3976386' />
  <node id='1824118546' timestamp='2012-07-13T11:45:54Z' uid='684284' user='Kewar' visible='true' version='1' changeset='12205711' lat='50.0176725' lon='14.3982662' />
  <node id='1824118547' timestamp='2012-07-13T11:45:54Z' uid='684284' user='Kewar' visible='true' version='1' changeset='12205711' lat='50.0189117' lon='14.3983596' />
  <node id='1824118548' timestamp='2012-07-13T11:45:54Z' uid='684284' user='Kewar' visible='true' version='1' changeset='12205711' lat='50.0178896' lon='14.3984915' />
  <node id='1824118554' timestamp='2012-07-13T11:45:55Z' uid='684284' user='Kewar' visible='true' version='1' changeset='12205711' lat='50.0190883' lon='14.3976788' />
  <node id='1824118565' timestamp='2012-07-13T11:45:55Z' uid='684284' user='Kewar' visible='true' version='1' changeset='12205711' lat='50.0181369' lon='14.398403' />
  <node id='1824118569' timestamp='2012-07-13T11:45:55Z' uid='684284' user='Kewar' visible='true' version='1' changeset='12205711' lat='50.0192847' lon='14.3986337' />
  <node id='1824118572' timestamp='2012-07-13T11:45:55Z' uid='684284' user='Kewar' visible='true' version='1' changeset='12205711' lat='50.0180741' lon='14.3988535' />
  <node id='1824118576' timestamp='2012-07-13T11:45:55Z' uid='684284' user='Kewar' visible='true' version='1' changeset='12205711' lat='50.0189469' lon='14.3980181' />
  <node id='1824118578' timestamp='2012-07-13T11:45:55Z' uid='684284' user='Kewar' visible='true' version='1' changeset='12205711' lat='50.0189581' lon='14.3980154' />
  <node id='1824118579' timestamp='2012-07-13T11:45:55Z' uid='684284' user='Kewar' visible='true' version='1' changeset='12205711' lat='50.0190099' lon='14.3975353' />
  <node id='1824118581' timestamp='2012-07-13T11:45:55Z' uid='684284' user='Kewar' visible='true' version='1' changeset='12205711' lat='50.0176414' lon='14.3982327' />
  <node id='1824118594' timestamp='2012-07-13T11:45:55Z' uid='684284' user='Kewar' visible='true' version='1' changeset='12205711' lat='50.0164453' lon='14.3980731' />
  <node id='1824118609' timestamp='2012-07-13T11:45:56Z' uid='684284' user='Kewar' visible='true' version='1' changeset='12205711' lat='50.0192719' lon='14.398546' />
  <node id='1824118610' timestamp='2012-07-13T11:45:56Z' uid='684284' user='Kewar' visible='true' version='1' changeset='12205711' lat='50.0190417' lon='14.3976091' />
  <node id='1824118615' timestamp='2012-07-13T11:45:56Z' uid='684284' user='Kewar' visible='true' version='1' changeset='12205711' lat='50.0180559' lon='14.3984084' />
  <node id='1824118618' timestamp='2012-07-13T11:45:56Z' uid='684284' user='Kewar' visible='true' version='1' changeset='12205711' lat='50.0190693' lon='14.3976654' />
  <node id='1824118622' timestamp='2012-07-13T11:45:56Z' uid='684284' user='Kewar' visible='true' version='1' changeset='12205711' lat='50.0175294' lon='14.3985787' />
  <node id='1824118624' timestamp='2012-07-13T11:45:56Z' uid='684284' user='Kewar' visible='true' version='1' changeset='12205711' lat='50.0191288' lon='14.3984352' />
  <node id='1824118626' timestamp='2012-07-13T11:45:56Z' uid='684284' user='Kewar' visible='true' version='1' changeset='12205711' lat='50.0168926' lon='14.398167' />
  <node id='1824118627' timestamp='2012-07-13T11:45:56Z' uid='684284' user='Kewar' visible='true' version='1' changeset='12205711' lat='50.0190529' lon='14.3984889' />
  <node id='1824136516' timestamp='2012-07-13T12:14:40Z' uid='684284' user='Kewar' visible='true' version='1' changeset='12205973' lat='50.0213631' lon='14.3988147' />
  <node id='1824136519' timestamp='2012-07-13T12:14:40Z' uid='684284' user='Kewar' visible='true' version='1' changeset='12205973' lat='50.0191279' lon='14.3997088'>
    <tag k='golf' v='tee' />
    <tag k='source' v='bing' />
    <tag k='tee' v='blue' />
  </node>
  <node id='1824136522' timestamp='2012-07-13T12:14:40Z' uid='684284' user='Kewar' visible='true' version='1' changeset='12205973' lat='50.0188214' lon='14.3969423' />
  <node id='1824136527' timestamp='2012-07-13T12:14:41Z' uid='684284' user='Kewar' visible='true' version='1' changeset='12205973' lat='50.0191296' lon='14.3996686'>
    <tag k='golf' v='tee' />
    <tag k='source' v='bing' />
    <tag k='tee' v='red' />
  </node>
  <node id='1824222669' timestamp='2012-07-13T13:27:25Z' uid='684284' user='Kewar' visible='true' version='1' changeset='12206598' lat='50.0219383' lon='14.3994304' />
  <node id='1824222717' timestamp='2012-07-13T13:27:25Z' uid='684284' user='Kewar' visible='true' version='1' changeset='12206598' lat='50.0191068' lon='14.3984754'>
    <tag k='golf' v='tee' />
    <tag k='tee' v='blue' />
  </node>
  <node id='1824222802' timestamp='2012-07-13T13:27:26Z' uid='684284' user='Kewar' visible='true' version='1' changeset='12206598' lat='50.0186217' lon='14.3983683' />
  <node id='1824222908' timestamp='2012-07-13T13:27:28Z' uid='684284' user='Kewar' visible='true' version='1' changeset='12206598' lat='50.0195653' lon='14.3979633' />
  <node id='1824222936' timestamp='2012-07-13T13:27:28Z' uid='684284' user='Kewar' visible='true' version='1' changeset='12206598' lat='50.0186432' lon='14.3984326' />
  <node id='1824223017' timestamp='2012-07-13T13:27:30Z' uid='684284' user='Kewar' visible='true' version='1' changeset='12206598' lat='50.0185898' lon='14.398379' />
  <node id='1824223145' timestamp='2012-07-13T13:27:31Z' uid='684284' user='Kewar' visible='true' version='1' changeset='12206598' lat='50.0186096' lon='14.3984554' />
  <node id='1824223160' timestamp='2012-07-13T13:27:32Z' uid='684284' user='Kewar' visible='true' version='1' changeset='12206598' lat='50.018645' lon='14.3983978' />
  <node id='1824223288' timestamp='2012-07-13T13:27:33Z' uid='684284' user='Kewar' visible='true' version='1' changeset='12206598' lat='50.018632' lon='14.3984514' />
  <node id='1824223359' timestamp='2012-07-13T13:27:34Z' uid='684284' user='Kewar' visible='true' version='1' changeset='12206598' lat='50.0186184' lon='14.3984147'>
    <tag k='golf' v='tee' />
    <tag k='tee' v='white' />
  </node>
  <node id='1824223376' timestamp='2012-07-13T13:27:34Z' uid='684284' user='Kewar' visible='true' version='1' changeset='12206598' lat='50.0230447' lon='14.3993553'>
    <tag k='golf' v='pin' />
  </node>
  <node id='1824223396' timestamp='2012-07-13T13:27:35Z' uid='684284' user='Kewar' visible='true' version='1' changeset='12206598' lat='50.0210904' lon='14.3991998' />
  <node id='1824223436' timestamp='2012-07-13T13:27:36Z' uid='684284' user='Kewar' visible='true' version='1' changeset='12206598' lat='50.0186036' lon='14.3983683' />
  <node id='1824223459' timestamp='2012-07-13T13:27:36Z' uid='684284' user='Kewar' visible='true' version='1' changeset='12206598' lat='50.0212912' lon='14.3988618'>
    <tag k='golf' v='tee' />
    <tag k='tee' v='white' />
  </node>
  <node id='1824223513' timestamp='2012-07-13T13:27:37Z' uid='684284' user='Kewar' visible='true' version='1' changeset='12206598' lat='50.0185812' lon='14.3983978' />
  <node id='1824223582' timestamp='2012-07-13T13:27:37Z' uid='684284' user='Kewar' visible='true' version='1' changeset='12206598' lat='50.0186423' lon='14.3983904' />
  <node id='1824223590' timestamp='2012-07-13T13:27:37Z' uid='684284' user='Kewar' visible='true' version='1' changeset='12206598' lat='50.0185933' lon='14.3984487' />
  <node id='1824223593' timestamp='2012-07-13T13:27:37Z' uid='684284' user='Kewar' visible='true' version='1' changeset='12206598' lat='50.0185812' lon='14.3984286' />
  <node id='1824223769' timestamp='2012-07-13T13:27:40Z' uid='684284' user='Kewar' visible='true' version='1' changeset='12206598' lat='50.0186381' lon='14.398379' />
  <node id='1824223957' timestamp='2012-07-13T13:27:42Z' uid='684284' user='Kewar' visible='true' version='1' changeset='12206598' lat='50.0188381' lon='14.3983413'>
    <tag k='golf' v='tee' />
    <tag k='tee' v='yellow' />
  </node>
  <node id='1824223978' timestamp='2012-07-13T13:27:43Z' uid='684284' user='Kewar' visible='true' version='1' changeset='12206598' lat='50.0190327' lon='14.3978157'>
    <tag k='golf' v='pin' />
  </node>
  <node id='1825120045' timestamp='2012-07-14T08:22:15Z' uid='684284' user='Kewar' visible='true' version='1' changeset='12214970' lat='50.0161256' lon='14.398686' />
  <node id='1825120048' timestamp='2012-07-14T08:22:15Z' uid='684284' user='Kewar' visible='true' version='1' changeset='12214970' lat='50.0189642' lon='14.39834' />
  <node id='1825120050' timestamp='2012-07-14T08:22:15Z' uid='684284' user='Kewar' visible='true' version='1' changeset='12214970' lat='50.0188048' lon='14.3996905' />
  <node id='1825120052' timestamp='2012-07-14T08:22:15Z' uid='684284' user='Kewar' visible='true' version='1' changeset='12214970' lat='50.0184997' lon='14.3985022' />
  <node id='1825120054' timestamp='2012-07-14T08:22:15Z' uid='684284' user='Kewar' visible='true' version='1' changeset='12214970' lat='50.0181912' lon='14.3968964' />
  <node id='1825120056' timestamp='2012-07-14T08:22:15Z' uid='684284' user='Kewar' visible='true' version='1' changeset='12214970' lat='50.0185411' lon='14.3987651' />
  <node id='1825120058' timestamp='2012-07-14T08:22:15Z' uid='684284' user='Kewar' visible='true' version='1' changeset='12214970' lat='50.0191124' lon='14.3986766' />
  <node id='1825120059' timestamp='2012-07-14T08:22:15Z' uid='684284' user='Kewar' visible='true' version='1' changeset='12214970' lat='50.0193322' lon='14.3985704' />
  <node id='1825120061' timestamp='2012-07-14T08:22:15Z' uid='684284' user='Kewar' visible='true' version='1' changeset='12214970' lat='50.0189935' lon='14.398053' />
  <node id='1825120063' timestamp='2012-07-16T07:34:31Z' uid='684284' user='Kewar' visible='true' version='2' changeset='12240437' lat='50.0186352' lon='14.3974238' />
  <node id='1825120066' timestamp='2012-07-14T08:22:15Z' uid='684284' user='Kewar' visible='true' version='1' changeset='12214970' lat='50.0170737' lon='14.3992454' />
  <node id='1825120070' timestamp='2012-07-14T08:22:15Z' uid='684284' user='Kewar' visible='true' version='1' changeset='12214970' lat='50.0189607' lon='14.3983748' />
  <node id='1825120071' timestamp='2012-07-14T08:22:15Z' uid='684284' user='Kewar' visible='true' version='1' changeset='12214970' lat='50.0163247' lon='14.3988483' />
  <node id='1825120073' timestamp='2012-07-14T08:22:15Z' uid='684284' user='Kewar' visible='true' version='1' changeset='12214970' lat='50.0192554' lon='14.3987034' />
  <node id='1825120089' timestamp='2012-07-14T08:22:16Z' uid='684284' user='Kewar' visible='true' version='1' changeset='12214970' lat='50.0189401' lon='14.3981536' />
  <node id='1825120091' timestamp='2012-07-14T08:22:16Z' uid='684284' user='Kewar' visible='true' version='1' changeset='12214970' lat='50.0188395' lon='14.3987329' />
  <node id='1825120095' timestamp='2012-07-14T08:22:16Z' uid='684284' user='Kewar' visible='true' version='1' changeset='12214970' lat='50.0185471' lon='14.3997133' />
  <node id='1825120098' timestamp='2012-07-14T08:22:16Z' uid='684284' user='Kewar' visible='true' version='1' changeset='12214970' lat='50.0189297' lon='14.3985049' />
  <node id='1825120100' timestamp='2012-07-14T08:22:16Z' uid='684284' user='Kewar' visible='true' version='1' changeset='12214970' lat='50.0186758' lon='14.3971167' />
  <node id='1825120102' timestamp='2012-07-14T08:22:16Z' uid='684284' user='Kewar' visible='true' version='1' changeset='12214970' lat='50.0166694' lon='14.399099' />
  <node id='1825120104' timestamp='2012-07-14T08:22:16Z' uid='684284' user='Kewar' visible='true' version='1' changeset='12214970' lat='50.016103' lon='14.3988092' />
  <node id='1825120106' timestamp='2015-08-27T12:38:54Z' uid='1189910' user='Milancer' visible='true' version='2' changeset='33619700' lat='50.0169396' lon='14.3969825' />
  <node id='1825120108' timestamp='2012-07-14T08:22:16Z' uid='684284' user='Kewar' visible='true' version='1' changeset='12214970' lat='50.0190555' lon='14.3984084' />
  <node id='1825120113' timestamp='2012-07-14T08:22:16Z' uid='684284' user='Kewar' visible='true' version='1' changeset='12214970' lat='50.0169588' lon='14.3991923' />
  <node id='1825120114' timestamp='2012-07-14T08:22:16Z' uid='684284' user='Kewar' visible='true' version='1' changeset='12214970' lat='50.0167478' lon='14.3990441' />
  <node id='1825120116' timestamp='2012-07-14T08:22:16Z' uid='684284' user='Kewar' visible='true' version='1' changeset='12214970' lat='50.0187505' lon='14.3991111' />
  <node id='1825120118' timestamp='2012-07-14T08:22:16Z' uid='684284' user='Kewar' visible='true' version='1' changeset='12214970' lat='50.0174562' lon='14.3985934'>
    <tag k='natural' v='tree' />
  </node>
  <node id='1825120120' timestamp='2012-07-14T08:22:16Z' uid='684284' user='Kewar' visible='true' version='1' changeset='12214970' lat='50.016884' lon='14.3990213' />
  <node id='1825120121' timestamp='2012-07-14T08:22:16Z' uid='684284' user='Kewar' visible='true' version='1' changeset='12214970' lat='50.018517' lon='14.3996636' />
  <node id='1825120123' timestamp='2012-07-14T08:22:16Z' uid='684284' user='Kewar' visible='true' version='1' changeset='12214970' lat='50.0165538' lon='14.3990649' />
  <node id='1825120134' timestamp='2012-07-14T08:22:16Z' uid='684284' user='Kewar' visible='true' version='1' changeset='12214970' lat='50.0187832' lon='14.3988751' />
  <node id='1825120140' timestamp='2012-07-14T08:22:16Z' uid='684284' user='Kewar' visible='true' version='1' changeset='12214970' lat='50.0170468' lon='14.3991192' />
  <node id='1825120143' timestamp='2012-07-14T08:22:16Z' uid='684284' user='Kewar' visible='true' version='1' changeset='12214970' lat='50.0190176' lon='14.3980168' />
  <node id='1825120145' timestamp='2012-07-14T08:22:16Z' uid='684284' user='Kewar' visible='true' version='1' changeset='12214970' lat='50.018504' lon='14.3987115' />
  <node id='1825120147' timestamp='2012-07-14T08:22:17Z' uid='684284' user='Kewar' visible='true' version='1' changeset='12214970' lat='50.0165186' lon='14.3988697' />
  <node id='1825120149' timestamp='2012-07-14T08:22:17Z' uid='684284' user='Kewar' visible='true' version='1' changeset='12214970' lat='50.0187074' lon='14.3968262' />
  <node id='1825120151' timestamp='2012-07-14T08:22:17Z' uid='684284' user='Kewar' visible='true' version='1' changeset='12214970' lat='50.0189073' lon='14.3987141' />
  <node id='1825120152' timestamp='2012-07-14T08:22:17Z' uid='684284' user='Kewar' visible='true' version='1' changeset='12214970' lat='50.0174045' lon='14.3991781'>
    <tag k='natural' v='tree' />
  </node>
  <node id='1825120156' timestamp='2015-08-27T12:38:54Z' uid='1189910' user='Milancer' visible='true' version='2' changeset='33619700' lat='50.0161436' lon='14.3970887' />
  <node id='1825120158' timestamp='2012-07-14T08:22:17Z' uid='684284' user='Kewar' visible='true' version='1' changeset='12214970' lat='50.0184894' lon='14.3986229' />
  <node id='1825120162' timestamp='2012-07-14T08:22:17Z' uid='684284' user='Kewar' visible='true' version='1' changeset='12214970' lat='50.0185583' lon='14.3979752' />
  <node id='1825120166' timestamp='2012-07-14T08:22:17Z' uid='684284' user='Kewar' visible='true' version='1' changeset='12214970' lat='50.016135' lon='14.3989362' />
  <node id='1825120168' timestamp='2012-07-14T08:22:17Z' uid='684284' user='Kewar' visible='true' version='1' changeset='12214970' lat='50.0162595' lon='14.3986024' />
  <node id='1825120170' timestamp='2012-07-14T08:22:17Z' uid='684284' user='Kewar' visible='true' version='1' changeset='12214970' lat='50.0178017' lon='14.3969018' />
  <node id='1825120182' timestamp='2012-07-14T08:22:17Z' uid='684284' user='Kewar' visible='true' version='1' changeset='12214970' lat='50.0168013' lon='14.3990293' />
  <node id='1825120186' timestamp='2012-07-14T08:22:17Z' uid='684284' user='Kewar' visible='true' version='1' changeset='12214970' lat='50.0190038' lon='14.3986846' />
  <node id='1825120189' timestamp='2012-07-14T08:22:17Z' uid='684284' user='Kewar' visible='true' version='1' changeset='12214970' lat='50.0186229' lon='14.3997562' />
  <node id='1825120191' timestamp='2012-07-14T08:22:17Z' uid='684284' user='Kewar' visible='true' version='1' changeset='12214970' lat='50.0192873' lon='14.3986739' />
  <node id='1825120193' timestamp='2012-07-14T08:22:17Z' uid='684284' user='Kewar' visible='true' version='1' changeset='12214970' lat='50.0185101' lon='14.3973797' />
  <node id='1825120195' timestamp='2012-07-14T08:22:17Z' uid='684284' user='Kewar' visible='true' version='1' changeset='12214970' lat='50.0191882' lon='14.3986967' />
  <node id='1825120197' timestamp='2012-07-14T08:22:17Z' uid='684284' user='Kewar' visible='true' version='1' changeset='12214970' lat='50.0166729' lon='14.3989207' />
  <node id='1825120199' timestamp='2012-07-14T08:22:17Z' uid='684284' user='Kewar' visible='true' version='1' changeset='12214970' lat='50.0167486' lon='14.3991266' />
  <node id='1825120200' timestamp='2012-07-14T08:22:17Z' uid='684284' user='Kewar' visible='true' version='1' changeset='12214970' lat='50.018585' lon='14.3997455' />
  <node id='1825120203' timestamp='2012-07-14T08:22:17Z' uid='684284' user='Kewar' visible='true' version='1' changeset='12214970' lat='50.0189435' lon='14.3982662' />
  <node id='1825120206' timestamp='2012-07-14T08:22:17Z' uid='684284' user='Kewar' visible='true' version='1' changeset='12214970' lat='50.0180947' lon='14.3973738' />
  <node id='1825120209' timestamp='2012-07-14T08:22:17Z' uid='684284' user='Kewar' visible='true' version='1' changeset='12214970' lat='50.0169727' lon='14.3976641' />
  <node id='1825120211' timestamp='2012-07-14T08:22:17Z' uid='684284' user='Kewar' visible='true' version='1' changeset='12214970' lat='50.0162606' lon='14.398601' />
  <node id='1825120213' timestamp='2012-07-14T08:22:17Z' uid='684284' user='Kewar' visible='true' version='1' changeset='12214970' lat='50.0192537' lon='14.3985183' />
  <node id='1825120215' timestamp='2012-07-14T08:22:17Z' uid='684284' user='Kewar' visible='true' version='1' changeset='12214970' lat='50.0162463' lon='14.3986766' />
  <node id='1825120216' timestamp='2012-07-14T08:22:17Z' uid='684284' user='Kewar' visible='true' version='1' changeset='12214970' lat='50.0190124' lon='14.3983963' />
  <node id='1825120220' timestamp='2012-07-14T08:22:17Z' uid='684284' user='Kewar' visible='true' version='1' changeset='12214970' lat='50.0170829' lon='14.3991736' />
  <node id='1825120221' timestamp='2012-07-14T08:22:18Z' uid='684284' user='Kewar' visible='true' version='1' changeset='12214970' lat='50.0162661' lon='14.3977231' />
  <node id='1825120235' timestamp='2012-07-14T08:22:18Z' uid='684284' user='Kewar' visible='true' version='1' changeset='12214970' lat='50.0191796' lon='14.398458' />
  <node id='1825120238' timestamp='2012-07-14T08:22:18Z' uid='684284' user='Kewar' visible='true' version='1' changeset='12214970' lat='50.0186023' lon='14.3988067' />
  <node id='1825120241' timestamp='2012-07-14T08:22:18Z' uid='684284' user='Kewar' visible='true' version='1' changeset='12214970' lat='50.0179465' lon='14.3981112' />
  <node id='1825120243' timestamp='2012-07-14T08:22:18Z' uid='684284' user='Kewar' visible='true' version='1' changeset='12214970' lat='50.0193201' lon='14.3985733' />
  <node id='1825120245' timestamp='2012-07-14T08:22:18Z' uid='684284' user='Kewar' visible='true' version='1' changeset='12214970' lat='50.0186652' lon='14.3997495' />
  <node id='1825120247' timestamp='2012-07-14T08:22:18Z' uid='684284' user='Kewar' visible='true' version='1' changeset='12214970' lat='50.0191339' lon='14.3984231' />
  <node id='1825120249' timestamp='2012-07-14T08:22:18Z' uid='684284' user='Kewar' visible='true' version='1' changeset='12214970' lat='50.0162945' lon='14.3987557' />
  <node id='1825120251' timestamp='2012-07-14T08:22:18Z' uid='684284' user='Kewar' visible='true' version='1' changeset='12214970' lat='50.0189857' lon='14.3983695' />
  <node id='1825120253' timestamp='2012-07-14T08:22:18Z' uid='684284' user='Kewar' visible='true' version='1' changeset='12214970' lat='50.0175931' lon='14.3990495'>
    <tag k='natural' v='tree' />
  </node>
  <node id='1825120255' timestamp='2012-07-14T08:22:18Z' uid='684284' user='Kewar' visible='true' version='1' changeset='12214970' lat='50.0189392' lon='14.3982032' />
  <node id='1825120257' timestamp='2012-07-14T08:22:18Z' uid='684284' user='Kewar' visible='true' version='1' changeset='12214970' lat='50.0178638' lon='14.3973953' />
  <node id='1825120259' timestamp='2012-07-14T08:22:18Z' uid='684284' user='Kewar' visible='true' version='1' changeset='12214970' lat='50.0177112' lon='14.3987369'>
    <tag k='natural' v='tree' />
  </node>
  <node id='1825120261' timestamp='2012-07-14T08:22:18Z' uid='684284' user='Kewar' visible='true' version='1' changeset='12214970' lat='50.0184237' lon='14.3980819' />
  <node id='1825120263' timestamp='2012-07-14T08:22:18Z' uid='684284' user='Kewar' visible='true' version='1' changeset='12214970' lat='50.0186358' lon='14.3999351' />
  <node id='1825120266' timestamp='2012-07-14T08:22:18Z' uid='684284' user='Kewar' visible='true' version='1' changeset='12214970' lat='50.0163971' lon='14.398867' />
  <node id='1825120268' timestamp='2012-07-14T08:22:18Z' uid='684284' user='Kewar' visible='true' version='1' changeset='12214970' lat='50.0163513' lon='14.3989871' />
  <node id='1825120271' timestamp='2012-07-14T08:22:18Z' uid='684284' user='Kewar' visible='true' version='1' changeset='12214970' lat='50.0166987' lon='14.3990253' />
  <node id='1825120279' timestamp='2012-07-14T08:22:18Z' uid='684284' user='Kewar' visible='true' version='1' changeset='12214970' lat='50.0189573' lon='14.398108' />
  <node id='1825120281' timestamp='2012-07-14T08:22:18Z' uid='684284' user='Kewar' visible='true' version='1' changeset='12214970' lat='50.0193183' lon='14.3986015' />
  <node id='1825436653' timestamp='2012-07-14T15:18:31Z' uid='684284' user='Kewar' visible='true' version='1' changeset='12218494' lat='50.0233541' lon='14.4013057' />
  <node id='1825436706' timestamp='2012-07-14T15:18:33Z' uid='684284' user='Kewar' visible='true' version='1' changeset='12218494' lat='50.0232205' lon='14.4014968' />
  <node id='1825436715' timestamp='2012-07-14T15:18:33Z' uid='684284' user='Kewar' visible='true' version='1' changeset='12218494' lat='50.0232816' lon='14.4014779' />
  <node id='1825436719' timestamp='2012-07-14T15:18:33Z' uid='684284' user='Kewar' visible='true' version='1' changeset='12218494' lat='50.0234132' lon='14.4004356' />
  <node id='1825436752' timestamp='2012-07-14T15:18:34Z' uid='684284' user='Kewar' visible='true' version='1' changeset='12218494' lat='50.023252' lon='14.4014985' />
  <node id='1825436772' timestamp='2012-07-14T15:18:34Z' uid='684284' user='Kewar' visible='true' version='1' changeset='12218494' lat='50.0233342' lon='14.4013766' />
  <node id='1827277303' timestamp='2012-07-16T07:34:29Z' uid='684284' user='Kewar' visible='true' version='1' changeset='12240437' lat='50.018689' lon='14.3969214' />
  <node id='1827277325' timestamp='2012-07-16T07:34:31Z' uid='684284' user='Kewar' visible='true' version='1' changeset='12240437' lat='50.0186014' lon='14.3977408' />
  <node id='1827376003' timestamp='2012-07-16T10:06:49Z' uid='684284' user='Kewar' visible='true' version='1' changeset='12242253' lat='50.018427' lon='14.3991638'>
    <tag k='natural' v='tree' />
    <tag k='source' v='bing' />
  </node>
  <node id='1827376006' timestamp='2012-07-16T10:06:49Z' uid='684284' user='Kewar' visible='true' version='1' changeset='12242253' lat='50.0183322' lon='14.3987923'>
    <tag k='natural' v='tree' />
    <tag k='source' v='bing' />
  </node>
  <node id='1827376007' timestamp='2012-07-16T10:06:49Z' uid='684284' user='Kewar' visible='true' version='1' changeset='12242253' lat='50.0213853' lon='14.4008293' />
  <node id='1827376009' timestamp='2012-07-16T10:06:49Z' uid='684284' user='Kewar' visible='true' version='1' changeset='12242253' lat='50.018246' lon='14.398339'>
    <tag k='natural' v='tree' />
    <tag k='source' v='bing' />
  </node>
  <node id='1827376017' timestamp='2012-07-16T10:06:50Z' uid='684284' user='Kewar' visible='true' version='1' changeset='12242253' lat='50.0218711' lon='14.4012944' />
  <node id='1827376021' timestamp='2012-07-16T10:06:50Z' uid='684284' user='Kewar' visible='true' version='1' changeset='12242253' lat='50.0185416' lon='14.3989975'>
    <tag k='natural' v='tree' />
    <tag k='source' v='bing' />
  </node>
  <node id='1827376024' timestamp='2012-07-16T10:06:50Z' uid='684284' user='Kewar' visible='true' version='1' changeset='12242253' lat='50.0189501' lon='14.3987614'>
    <tag k='natural' v='tree' />
    <tag k='source' v='bing' />
  </node>
  <node id='1827376026' timestamp='2012-07-16T10:06:51Z' uid='684284' user='Kewar' visible='true' version='1' changeset='12242253' lat='50.0184184' lon='14.3984865'>
    <tag k='natural' v='tree' />
    <tag k='source' v='bing' />
  </node>
  <node id='1827376032' timestamp='2012-07-16T10:06:51Z' uid='684284' user='Kewar' visible='true' version='1' changeset='12242253' lat='50.0188561' lon='14.3989867'>
    <tag k='natural' v='tree' />
    <tag k='source' v='bing' />
  </node>
  <node id='1827376033' timestamp='2012-07-16T10:06:51Z' uid='684284' user='Kewar' visible='true' version='1' changeset='12242253' lat='50.0223103' lon='14.4014592' />
  <node id='1827376060' timestamp='2012-07-16T10:06:52Z' uid='684284' user='Kewar' visible='true' version='1' changeset='12242253' lat='50.0213501' lon='14.4011097' />
  <node id='1827376072' timestamp='2020-04-09T11:12:02Z' uid='102554' user='Jezevec' visible='true' version='3' changeset='83304286' lat='50.0226993' lon='14.4015974' />
  <node id='1827376086' timestamp='2012-07-16T10:06:53Z' uid='684284' user='Kewar' visible='true' version='1' changeset='12242253' lat='50.0191017' lon='14.3987614'>
    <tag k='natural' v='tree' />
    <tag k='source' v='bing' />
  </node>
  <node id='1827376091' timestamp='2015-09-12T09:13:05Z' uid='102554' user='Jezevec' visible='true' version='2' changeset='33977323' lat='50.0210397' lon='14.4009939' />
  <node id='1827376095' timestamp='2020-04-09T11:12:02Z' uid='102554' user='Jezevec' visible='true' version='3' changeset='83304286' lat='50.0205555' lon='14.400818' />
  <node id='1827376111' timestamp='2012-07-16T10:06:54Z' uid='684284' user='Kewar' visible='true' version='1' changeset='12242253' lat='50.0186459' lon='14.3988848'>
    <tag k='natural' v='tree' />
    <tag k='source' v='bing' />
  </node>
  <node id='1827400751' timestamp='2015-08-27T12:38:54Z' uid='1189910' user='Milancer' visible='true' version='2' changeset='33619700' lat='50.0222434' lon='14.3990953' />
  <node id='1827802666' timestamp='2012-07-16T18:10:40Z' uid='684284' user='Kewar' visible='true' version='1' changeset='12249051' lat='50.0232074' lon='14.4017724' />
  <node id='1827802669' timestamp='2012-07-16T18:10:40Z' uid='684284' user='Kewar' visible='true' version='1' changeset='12249051' lat='50.0189478' lon='14.4000706' />
  <node id='1827802673' timestamp='2012-07-16T18:10:40Z' uid='684284' user='Kewar' visible='true' version='1' changeset='12249051' lat='50.0200268' lon='14.4003864' />
  <node id='1827802675' timestamp='2012-07-16T18:10:40Z' uid='684284' user='Kewar' visible='true' version='1' changeset='12249051' lat='50.0194186' lon='14.4003737' />
  <node id='1827802676' timestamp='2012-07-16T18:10:40Z' uid='684284' user='Kewar' visible='true' version='1' changeset='12249051' lat='50.022272' lon='14.40141' />
  <node id='1827802678' timestamp='2012-07-16T18:10:40Z' uid='684284' user='Kewar' visible='true' version='1' changeset='12249051' lat='50.0190031' lon='14.4000343' />
  <node id='1827802680' timestamp='2012-07-16T18:10:40Z' uid='684284' user='Kewar' visible='true' version='1' changeset='12249051' lat='50.0222936' lon='14.401267' />
  <node id='1827802682' timestamp='2012-07-16T18:10:40Z' uid='684284' user='Kewar' visible='true' version='1' changeset='12249051' lat='50.023316' lon='14.4017989' />
  <node id='1827802684' timestamp='2012-07-16T18:10:40Z' uid='684284' user='Kewar' visible='true' version='1' changeset='12249051' lat='50.0218675' lon='14.4012596' />
  <node id='1827802685' timestamp='2012-07-16T18:10:40Z' uid='684284' user='Kewar' visible='true' version='1' changeset='12249051' lat='50.0227257' lon='14.4015892' />
  <node id='1827802687' timestamp='2012-07-16T18:10:40Z' uid='684284' user='Kewar' visible='true' version='1' changeset='12249051' lat='50.0215015' lon='14.4009809' />
  <node id='1827802688' timestamp='2012-07-16T18:10:40Z' uid='684284' user='Kewar' visible='true' version='1' changeset='12249051' lat='50.0211234' lon='14.4008471' />
  <node id='1827802707' timestamp='2012-07-16T18:10:40Z' uid='684284' user='Kewar' visible='true' version='1' changeset='12249051' lat='50.0231735' lon='14.4015843' />
  <node id='1827802710' timestamp='2012-07-16T18:10:40Z' uid='684284' user='Kewar' visible='true' version='1' changeset='12249051' lat='50.0190552' lon='14.4000399' />
  <node id='1827802713' timestamp='2012-07-16T18:10:40Z' uid='684284' user='Kewar' visible='true' version='1' changeset='12249051' lat='50.0208253' lon='14.4006799' />
  <node id='1827802716' timestamp='2012-07-16T18:10:40Z' uid='684284' user='Kewar' visible='true' version='1' changeset='12249051' lat='50.0227449' lon='14.4014327' />
  <node id='1827802719' timestamp='2012-07-16T18:10:40Z' uid='684284' user='Kewar' visible='true' version='1' changeset='12249051' lat='50.0205485' lon='14.4005755' />
  <node id='1827802721' timestamp='2012-07-16T18:10:40Z' uid='684284' user='Kewar' visible='true' version='1' changeset='12249051' lat='50.0189012' lon='14.4001729' />
  <node id='1827802724' timestamp='2012-07-16T18:10:41Z' uid='684284' user='Kewar' visible='true' version='1' changeset='12249051' lat='50.0232769' lon='14.4016135' />
  <node id='1827802727' timestamp='2012-07-16T18:10:41Z' uid='684284' user='Kewar' visible='true' version='1' changeset='12249051' lat='50.0211705' lon='14.4010137' />
  <node id='1827802730' timestamp='2012-07-16T18:10:41Z' uid='684284' user='Kewar' visible='true' version='1' changeset='12249051' lat='50.0201511' lon='14.4006348' />
  <node id='1827802732' timestamp='2012-07-16T18:10:41Z' uid='684284' user='Kewar' visible='true' version='1' changeset='12249051' lat='50.0218563' lon='14.401108' />
  <node id='1827802735' timestamp='2012-07-16T18:10:41Z' uid='684284' user='Kewar' visible='true' version='1' changeset='12249051' lat='50.0207866' lon='14.4008762' />
  <node id='1827802737' timestamp='2012-07-16T18:10:41Z' uid='684284' user='Kewar' visible='true' version='1' changeset='12249051' lat='50.0215225' lon='14.4011396' />
  <node id='1830595980' timestamp='2012-07-19T09:45:44Z' uid='684284' user='Kewar' visible='true' version='1' changeset='12316744' lat='50.0184891' lon='14.3983252' />
  <node id='1830595986' action='delete' timestamp='2012-07-19T09:45:44Z' uid='684284' user='Kewar' visible='true' version='1' changeset='12316744' lat='50.0167708' lon='14.3982193' />
  <node id='1830595988' timestamp='2012-07-19T09:45:44Z' uid='684284' user='Kewar' visible='true' version='1' changeset='12316744' lat='50.0188381' lon='14.3996864' />
  <node id='1830596005' timestamp='2012-07-19T09:45:45Z' uid='684284' user='Kewar' visible='true' version='1' changeset='12316744' lat='50.0195094' lon='14.3996851' />
  <node id='1830596006' action='delete' timestamp='2012-07-19T09:45:45Z' uid='684284' user='Kewar' visible='true' version='1' changeset='12316744' lat='50.0166519' lon='14.3982743' />
  <node id='1830596040' timestamp='2012-07-19T09:45:45Z' uid='684284' user='Kewar' visible='true' version='1' changeset='12316744' lat='50.0185234' lon='14.3982892' />
  <node id='1830596041' action='delete' timestamp='2012-07-19T09:45:45Z' uid='684284' user='Kewar' visible='true' version='1' changeset='12316744' lat='50.0165907' lon='14.3983601' />
  <node id='1830596042' action='delete' timestamp='2012-07-19T09:45:45Z' uid='684284' user='Kewar' visible='true' version='1' changeset='12316744' lat='50.0165407' lon='14.3981898' />
  <node id='1830596045' timestamp='2012-07-19T09:45:46Z' uid='684284' user='Kewar' visible='true' version='1' changeset='12316744' lat='50.0190182' lon='14.3996234' />
  <node id='1830596046' timestamp='2012-07-19T09:45:46Z' uid='684284' user='Kewar' visible='true' version='1' changeset='12316744' lat='50.0193517' lon='14.3996435' />
  <node id='1830596049' action='delete' timestamp='2012-07-19T09:45:46Z' uid='684284' user='Kewar' visible='true' version='1' changeset='12316744' lat='50.0165131' lon='14.3981576' />
  <node id='1830596051' action='delete' timestamp='2012-07-19T09:45:46Z' uid='684284' user='Kewar' visible='true' version='1' changeset='12316744' lat='50.0166898' lon='14.3985398' />
  <node id='1830596053' action='delete' timestamp='2012-07-19T09:45:46Z' uid='684284' user='Kewar' visible='true' version='1' changeset='12316744' lat='50.0164761' lon='14.3981549' />
  <node id='1830596056' action='delete' timestamp='2012-07-19T09:45:46Z' uid='684284' user='Kewar' visible='true' version='1' changeset='12316744' lat='50.0166036' lon='14.3983105' />
  <node id='1830596057' timestamp='2012-07-19T09:45:46Z' uid='684284' user='Kewar' visible='true' version='1' changeset='12316744' lat='50.0191166' lon='14.3994592' />
  <node id='1830596060' action='delete' timestamp='2012-07-19T09:45:46Z' uid='684284' user='Kewar' visible='true' version='1' changeset='12316744' lat='50.0167174' lon='14.3982702' />
  <node id='1830596061' action='delete' timestamp='2012-07-19T09:45:46Z' uid='684284' user='Kewar' visible='true' version='1' changeset='12316744' lat='50.0166114' lon='14.3982917' />
  <node id='1830596063' action='delete' timestamp='2012-07-19T09:45:46Z' uid='684284' user='Kewar' visible='true' version='1' changeset='12316744' lat='50.0167562' lon='14.3985948' />
  <node id='1830596064' action='delete' timestamp='2012-07-19T09:45:46Z' uid='684284' user='Kewar' visible='true' version='1' changeset='12316744' lat='50.016595' lon='14.3984191' />
  <node id='1830596065' timestamp='2012-07-19T09:45:46Z' uid='684284' user='Kewar' visible='true' version='1' changeset='12316744' lat='50.0192541' lon='14.3996255' />
  <node id='1830596066' action='delete' timestamp='2012-07-19T09:45:46Z' uid='684284' user='Kewar' visible='true' version='1' changeset='12316744' lat='50.0166183' lon='14.3984245' />
  <node id='1830596067' timestamp='2012-07-19T09:45:46Z' uid='684284' user='Kewar' visible='true' version='1' changeset='12316744' lat='50.0183581' lon='14.3983614' />
  <node id='1830596068' action='delete' timestamp='2012-07-19T09:45:46Z' uid='684284' user='Kewar' visible='true' version='1' changeset='12316744' lat='50.0166743' lon='14.3984701' />
  <node id='1830596072' timestamp='2012-07-19T09:45:46Z' uid='684284' user='Kewar' visible='true' version='1' changeset='12316744' lat='50.018315' lon='14.398399' />
  <node id='1830596075' timestamp='2012-07-19T09:45:47Z' uid='684284' user='Kewar' visible='true' version='1' changeset='12316744' lat='50.0190829' lon='14.3993652' />
  <node id='1830596078' action='delete' timestamp='2012-07-19T09:45:47Z' uid='684284' user='Kewar' visible='true' version='1' changeset='12316744' lat='50.0167269' lon='14.3985841' />
  <node id='1830596079' timestamp='2012-07-19T09:45:47Z' uid='684284' user='Kewar' visible='true' version='1' changeset='12316744' lat='50.019748' lon='14.3998393' />
  <node id='1830596081' action='delete' timestamp='2012-07-19T09:45:47Z' uid='684284' user='Kewar' visible='true' version='1' changeset='12316744' lat='50.0169974' lon='14.39823' />
  <node id='1830596082' action='delete' timestamp='2012-07-19T09:45:47Z' uid='684284' user='Kewar' visible='true' version='1' changeset='12316744' lat='50.0164373' lon='14.3981495' />
  <node id='1830596083' action='delete' timestamp='2012-07-19T09:45:47Z' uid='684284' user='Kewar' visible='true' version='1' changeset='12316744' lat='50.0172973' lon='14.3983078' />
  <node id='1830596084' timestamp='2012-07-19T09:45:47Z' uid='684284' user='Kewar' visible='true' version='1' changeset='12316744' lat='50.0181875' lon='14.3984902' />
  <node id='1830596085' action='delete' timestamp='2012-07-19T09:45:47Z' uid='684284' user='Kewar' visible='true' version='1' changeset='12316744' lat='50.0166493' lon='14.3984446' />
  <node id='1830596087' action='delete' timestamp='2012-07-19T09:45:47Z' uid='684284' user='Kewar' visible='true' version='1' changeset='12316744' lat='50.016832' lon='14.3981817' />
  <node id='1830596088' action='delete' timestamp='2012-07-19T09:45:47Z' uid='684284' user='Kewar' visible='true' version='1' changeset='12316744' lat='50.0166002' lon='14.3982716' />
  <node id='1830596089' action='delete' timestamp='2012-07-19T09:45:47Z' uid='684284' user='Kewar' visible='true' version='1' changeset='12316744' lat='50.0165654' lon='14.3982448' />
  <node id='1830596090' timestamp='2012-07-19T09:45:47Z' uid='684284' user='Kewar' visible='true' version='1' changeset='12316744' lat='50.0191881' lon='14.39956' />
  <node id='1830596091' timestamp='2012-07-19T09:45:47Z' uid='684284' user='Kewar' visible='true' version='1' changeset='12316744' lat='50.0190957' lon='14.3995885' />
  <node id='1830596092' timestamp='2012-07-19T09:45:47Z' uid='684284' user='Kewar' visible='true' version='1' changeset='12316744' lat='50.0184236' lon='14.3983279' />
  <node id='1899414879' timestamp='2012-09-05T02:40:08Z' uid='488732' user='montardo' visible='true' version='1' changeset='12989968' lat='50.0100069' lon='14.3987747' />
  <node id='1899414881' timestamp='2018-10-24T06:34:22Z' uid='64876' user='Andreeeee' visible='true' version='2' changeset='63819425' lat='50.0100683' lon='14.3992552' />
  <node id='1899414883' timestamp='2018-10-24T06:34:22Z' uid='64876' user='Andreeeee' visible='true' version='2' changeset='63819425' lat='50.0100356' lon='14.3994692' />
  <node id='1899414887' timestamp='2018-10-24T06:34:22Z' uid='64876' user='Andreeeee' visible='true' version='2' changeset='63819425' lat='50.0103317' lon='14.3989432' />
  <node id='1899414893' timestamp='2012-09-05T02:40:08Z' uid='488732' user='montardo' visible='true' version='1' changeset='12989968' lat='50.0104382' lon='14.3993765' />
  <node id='1899414896' timestamp='2018-10-24T06:34:22Z' uid='64876' user='Andreeeee' visible='true' version='2' changeset='63819425' lat='50.0105211' lon='14.3987071' />
  <node id='1899414926' timestamp='2018-10-24T06:34:22Z' uid='64876' user='Andreeeee' visible='true' version='2' changeset='63819425' lat='50.0107238' lon='14.3985675' />
  <node id='1899414939' timestamp='2012-09-05T02:40:09Z' uid='488732' user='montardo' visible='true' version='1' changeset='12989968' lat='50.0111282' lon='14.3991359' />
  <node id='1899414946' timestamp='2012-09-05T02:40:10Z' uid='488732' user='montardo' visible='true' version='1' changeset='12989968' lat='50.0113512' lon='14.398361' />
  <node id='1899414961' timestamp='2012-09-05T02:40:10Z' uid='488732' user='montardo' visible='true' version='1' changeset='12989968' lat='50.0115859' lon='14.3995082' />
  <node id='1899414991' timestamp='2012-09-05T02:40:12Z' uid='488732' user='montardo' visible='true' version='1' changeset='12989968' lat='50.0120151' lon='14.3988802' />
  <node id='1899415003' timestamp='2012-09-05T02:40:12Z' uid='488732' user='montardo' visible='true' version='1' changeset='12989968' lat='50.0121339' lon='14.3980901' />
  <node id='1899415015' timestamp='2013-12-21T19:45:22Z' uid='1845771' user='ZdenekS' visible='true' version='2' changeset='19571720' lat='50.0123751' lon='14.4000073' />
  <node id='1899415016' timestamp='2013-12-21T19:45:22Z' uid='1845771' user='ZdenekS' visible='true' version='2' changeset='19571720' lat='50.0123897' lon='14.4009593' />
  <node id='1899415018' timestamp='2013-12-21T19:28:53Z' uid='1845771' user='ZdenekS' visible='true' version='2' changeset='19571720' lat='50.0124308' lon='14.3999516' />
  <node id='1899415023' timestamp='2013-12-21T19:28:53Z' uid='1845771' user='ZdenekS' visible='true' version='2' changeset='19571720' lat='50.0125034' lon='14.3999425' />
  <node id='1899415031' timestamp='2012-09-05T02:40:13Z' uid='488732' user='montardo' visible='true' version='1' changeset='12989968' lat='50.0126673' lon='14.3992001' />
  <node id='1899415037' timestamp='2012-09-05T02:40:14Z' uid='488732' user='montardo' visible='true' version='1' changeset='12989968' lat='50.0129302' lon='14.3991716' />
  <node id='1899415040' timestamp='2013-12-21T19:28:53Z' uid='1845771' user='ZdenekS' visible='true' version='2' changeset='19571720' lat='50.013051' lon='14.3999161' />
  <node id='1899415041' timestamp='2012-09-05T02:40:14Z' uid='488732' user='montardo' visible='true' version='1' changeset='12989968' lat='50.0130582' lon='14.3987054' />
  <node id='1899415042' timestamp='2012-09-05T02:40:14Z' uid='488732' user='montardo' visible='true' version='1' changeset='12989968' lat='50.0130615' lon='14.3977558' />
  <node id='1899415043' timestamp='2012-09-05T02:40:14Z' uid='488732' user='montardo' visible='true' version='1' changeset='12989968' lat='50.0130957' lon='14.3977913' />
  <node id='1899415044' timestamp='2012-09-05T02:40:14Z' uid='488732' user='montardo' visible='true' version='1' changeset='12989968' lat='50.0131136' lon='14.398518' />
  <node id='1899415046' timestamp='2013-12-21T19:28:53Z' uid='1845771' user='ZdenekS' visible='true' version='2' changeset='19571720' lat='50.013258' lon='14.3998548' />
  <node id='1899415056' timestamp='2012-09-05T02:40:14Z' uid='488732' user='montardo' visible='true' version='1' changeset='12989968' lat='50.0136622' lon='14.3990888' />
  <node id='1899415063' timestamp='2013-12-21T19:28:53Z' uid='1845771' user='ZdenekS' visible='true' version='2' changeset='19571720' lat='50.0136532' lon='14.3998559' />
  <node id='1899415070' timestamp='2013-12-21T19:45:22Z' uid='1845771' user='ZdenekS' visible='true' version='2' changeset='19571720' lat='50.0139526' lon='14.4008901' />
  <node id='1899415072' timestamp='2013-12-21T19:28:53Z' uid='1845771' user='ZdenekS' visible='true' version='2' changeset='19571720' lat='50.0139899' lon='14.3998351' />
  <node id='1899415104' timestamp='2013-12-21T19:28:53Z' uid='1845771' user='ZdenekS' visible='true' version='2' changeset='19571720' lat='50.0140925' lon='14.3998678' />
  <node id='1899415122' timestamp='2013-12-21T19:28:53Z' uid='1845771' user='ZdenekS' visible='true' version='2' changeset='19571720' lat='50.0141859' lon='14.3998847' />
  <node id='1899415135' timestamp='2013-12-21T19:28:53Z' uid='1845771' user='ZdenekS' visible='true' version='2' changeset='19571720' lat='50.0143396' lon='14.3998732' />
  <node id='1899415136' timestamp='2012-09-05T02:40:18Z' uid='488732' user='montardo' visible='true' version='1' changeset='12989968' lat='50.014346' lon='14.3990396' />
  <node id='1899415139' timestamp='2013-12-21T19:28:53Z' uid='1845771' user='ZdenekS' visible='true' version='2' changeset='19571720' lat='50.0144356' lon='14.3998304' />
  <node id='1899415161' timestamp='2013-12-21T20:38:18Z' uid='1845771' user='ZdenekS' visible='true' version='3' changeset='19572575' lat='50.0146156' lon='14.3998093' />
  <node id='1899415180' timestamp='2013-12-21T19:28:53Z' uid='1845771' user='ZdenekS' visible='true' version='2' changeset='19571720' lat='50.0147067' lon='14.3998163' />
  <node id='1920491791' timestamp='2012-09-18T17:36:21Z' uid='787799' user='czechreg' visible='true' version='1' changeset='13159503' lat='50.0187355' lon='14.3976227' />
  <node id='1920491793' timestamp='2012-09-18T17:36:21Z' uid='787799' user='czechreg' visible='true' version='1' changeset='13159503' lat='50.0186806' lon='14.3982964' />
  <node id='1920491796' timestamp='2012-09-18T17:36:21Z' uid='787799' user='czechreg' visible='true' version='1' changeset='13159503' lat='50.0186636' lon='14.3984274' />
  <node id='1920491799' timestamp='2012-09-18T17:36:21Z' uid='787799' user='czechreg' visible='true' version='1' changeset='13159503' lat='50.0186731' lon='14.398428' />
  <node id='1920491800' timestamp='2012-09-18T17:36:21Z' uid='787799' user='czechreg' visible='true' version='1' changeset='13159503' lat='50.0186556' lon='14.3988027' />
  <node id='1920491802' timestamp='2012-09-18T17:36:21Z' uid='787799' user='czechreg' visible='true' version='1' changeset='13159503' lat='50.0185953' lon='14.3994542' />
  <node id='1920491804' timestamp='2012-09-18T17:36:21Z' uid='787799' user='czechreg' visible='true' version='1' changeset='13159503' lat='50.0185406' lon='14.4000707' />
  <node id='1920491806' timestamp='2012-09-18T17:36:21Z' uid='787799' user='czechreg' visible='true' version='1' changeset='13159503' lat='50.0185174' lon='14.4000692' />
  <node id='1920491808' timestamp='2012-09-18T17:36:21Z' uid='787799' user='czechreg' visible='true' version='1' changeset='13159503' lat='50.0185148' lon='14.4000885' />
  <node id='1920491809' timestamp='2012-09-18T17:36:21Z' uid='787799' user='czechreg' visible='true' version='1' changeset='13159503' lat='50.0185113' lon='14.4000902' />
  <node id='1920491810' timestamp='2012-09-18T17:36:21Z' uid='787799' user='czechreg' visible='true' version='1' changeset='13159503' lat='50.0184889' lon='14.4002253' />
  <node id='1920491811' timestamp='2012-09-18T17:36:21Z' uid='787799' user='czechreg' visible='true' version='1' changeset='13159503' lat='50.0183635' lon='14.4010537' />
  <node id='1920491812' timestamp='2012-09-18T17:36:21Z' uid='787799' user='czechreg' visible='true' version='1' changeset='13159503' lat='50.0182721' lon='14.401671' />
  <node id='1920491814' timestamp='2012-09-18T17:36:21Z' uid='787799' user='czechreg' visible='true' version='1' changeset='13159503' lat='50.0181819' lon='14.4023424' />
  <node id='1920491816' timestamp='2012-09-18T17:36:21Z' uid='787799' user='czechreg' visible='true' version='1' changeset='13159503' lat='50.0181767' lon='14.4023817' />
  <node id='1920491818' timestamp='2012-09-18T17:36:22Z' uid='787799' user='czechreg' visible='true' version='1' changeset='13159503' lat='50.0181847' lon='14.4023841' />
  <node id='1920491820' timestamp='2012-09-18T17:36:22Z' uid='787799' user='czechreg' visible='true' version='1' changeset='13159503' lat='50.0181387' lon='14.4027331' />
  <node id='1920491822' timestamp='2012-09-18T17:36:22Z' uid='787799' user='czechreg' visible='true' version='1' changeset='13159503' lat='50.0178618' lon='14.4026495' />
  <node id='1920491824' timestamp='2012-09-18T17:36:22Z' uid='787799' user='czechreg' visible='true' version='1' changeset='13159503' lat='50.0174536' lon='14.4025335' />
  <node id='1920491826' timestamp='2012-09-18T17:36:22Z' uid='787799' user='czechreg' visible='true' version='1' changeset='13159503' lat='50.0174635' lon='14.4026551' />
  <node id='1920491828' timestamp='2012-09-18T17:36:22Z' uid='787799' user='czechreg' visible='true' version='1' changeset='13159503' lat='50.0174356' lon='14.4026534' />
  <node id='1920491830' timestamp='2012-09-18T17:36:22Z' uid='787799' user='czechreg' visible='true' version='1' changeset='13159503' lat='50.0173524' lon='14.4026616' />
  <node id='1920491833' timestamp='2012-09-18T17:36:22Z' uid='787799' user='czechreg' visible='true' version='1' changeset='13159503' lat='50.0172022' lon='14.4027688' />
  <node id='1920491835' timestamp='2013-07-24T10:44:55Z' uid='91228' user='georgeino' visible='true' version='2' changeset='17073650' lat='50.017179' lon='14.4027974' />
  <node id='1920491837' timestamp='2012-09-18T17:36:22Z' uid='787799' user='czechreg' visible='true' version='1' changeset='13159503' lat='50.0171215' lon='14.4028857' />
  <node id='1920491839' timestamp='2012-09-18T17:36:22Z' uid='787799' user='czechreg' visible='true' version='1' changeset='13159503' lat='50.0170892' lon='14.4029589' />
  <node id='1920491841' timestamp='2012-09-18T17:36:22Z' uid='787799' user='czechreg' visible='true' version='1' changeset='13159503' lat='50.0170679' lon='14.4030367' />
  <node id='1920491842' timestamp='2012-09-18T17:36:22Z' uid='787799' user='czechreg' visible='true' version='1' changeset='13159503' lat='50.0170621' lon='14.4030747' />
  <node id='1920491844' timestamp='2012-09-18T17:36:22Z' uid='787799' user='czechreg' visible='true' version='1' changeset='13159503' lat='50.0170391' lon='14.4032771' />
  <node id='1920491849' timestamp='2012-09-18T17:36:22Z' uid='787799' user='czechreg' visible='true' version='1' changeset='13159503' lat='50.0169395' lon='14.4038123' />
  <node id='1920491850' timestamp='2012-09-18T17:36:22Z' uid='787799' user='czechreg' visible='true' version='1' changeset='13159503' lat='50.0169417' lon='14.4038544' />
  <node id='1920491851' timestamp='2012-09-18T17:36:22Z' uid='787799' user='czechreg' visible='true' version='1' changeset='13159503' lat='50.0169018' lon='14.4040477' />
  <node id='1920491852' timestamp='2012-09-18T17:36:22Z' uid='787799' user='czechreg' visible='true' version='1' changeset='13159503' lat='50.0168865' lon='14.404084' />
  <node id='1920491853' timestamp='2012-09-18T17:36:22Z' uid='787799' user='czechreg' visible='true' version='1' changeset='13159503' lat='50.0168716' lon='14.4041521' />
  <node id='1920491854' timestamp='2012-09-18T17:36:22Z' uid='787799' user='czechreg' visible='true' version='1' changeset='13159503' lat='50.0168166' lon='14.4043426' />
  <node id='1920491855' timestamp='2012-09-18T17:36:22Z' uid='787799' user='czechreg' visible='true' version='1' changeset='13159503' lat='50.01672' lon='14.404704' />
  <node id='1920491856' timestamp='2012-09-18T17:36:22Z' uid='787799' user='czechreg' visible='true' version='1' changeset='13159503' lat='50.016611' lon='14.4052174' />
  <node id='1920491857' timestamp='2012-09-18T17:36:22Z' uid='787799' user='czechreg' visible='true' version='1' changeset='13159503' lat='50.0166038' lon='14.4052606' />
  <node id='1920491858' timestamp='2012-09-18T17:36:22Z' uid='787799' user='czechreg' visible='true' version='1' changeset='13159503' lat='50.0165619' lon='14.4054775' />
  <node id='1920491860' timestamp='2012-09-18T17:36:22Z' uid='787799' user='czechreg' visible='true' version='1' changeset='13159503' lat='50.0165137' lon='14.4057439' />
  <node id='1920491862' timestamp='2012-09-18T17:36:22Z' uid='787799' user='czechreg' visible='true' version='1' changeset='13159503' lat='50.0164308' lon='14.4062506' />
  <node id='1920491863' timestamp='2012-09-18T17:36:22Z' uid='787799' user='czechreg' visible='true' version='1' changeset='13159503' lat='50.0164' lon='14.4065356' />
  <node id='1920491865' timestamp='2012-09-18T17:36:22Z' uid='787799' user='czechreg' visible='true' version='1' changeset='13159503' lat='50.0163754' lon='14.4067873' />
  <node id='1920491867' timestamp='2012-09-18T17:36:23Z' uid='787799' user='czechreg' visible='true' version='1' changeset='13159503' lat='50.0163554' lon='14.4070732' />
  <node id='1920491869' timestamp='2012-09-18T17:36:23Z' uid='787799' user='czechreg' visible='true' version='1' changeset='13159503' lat='50.0163434' lon='14.4073349' />
  <node id='1920491871' timestamp='2012-09-18T17:36:23Z' uid='787799' user='czechreg' visible='true' version='1' changeset='13159503' lat='50.0163375' lon='14.4076027' />
  <node id='1920491873' timestamp='2012-09-18T17:36:23Z' uid='787799' user='czechreg' visible='true' version='1' changeset='13159503' lat='50.0163401' lon='14.4077295' />
  <node id='1920491875' timestamp='2012-09-18T17:36:23Z' uid='787799' user='czechreg' visible='true' version='1' changeset='13159503' lat='50.0163647' lon='14.407696' />
  <node id='1920491877' timestamp='2012-09-18T17:36:23Z' uid='787799' user='czechreg' visible='true' version='1' changeset='13159503' lat='50.0163738' lon='14.4081672' />
  <node id='1920491889' timestamp='2012-09-18T17:36:23Z' uid='787799' user='czechreg' visible='true' version='1' changeset='13159503' lat='50.0164357' lon='14.4086874' />
  <node id='1920491890' timestamp='2012-09-18T17:36:23Z' uid='787799' user='czechreg' visible='true' version='1' changeset='13159503' lat='50.0165041' lon='14.4092224' />
  <node id='1920491891' timestamp='2012-09-18T17:36:23Z' uid='787799' user='czechreg' visible='true' version='1' changeset='13159503' lat='50.0165381' lon='14.4094733' />
  <node id='1920491892' timestamp='2012-09-18T17:36:23Z' uid='787799' user='czechreg' visible='true' version='1' changeset='13159503' lat='50.0165883' lon='14.4097457' />
  <node id='1920491893' timestamp='2012-09-18T17:36:23Z' uid='787799' user='czechreg' visible='true' version='1' changeset='13159503' lat='50.0166253' lon='14.4100308' />
  <node id='1920491894' timestamp='2012-09-18T17:36:23Z' uid='787799' user='czechreg' visible='true' version='1' changeset='13159503' lat='50.0167428' lon='14.4104119' />
  <node id='1920491895' timestamp='2012-09-18T17:36:23Z' uid='787799' user='czechreg' visible='true' version='1' changeset='13159503' lat='50.0167712' lon='14.4105154' />
  <node id='1920491896' timestamp='2012-09-18T17:36:23Z' uid='787799' user='czechreg' visible='true' version='1' changeset='13159503' lat='50.0169156' lon='14.4109296' />
  <node id='1920491897' timestamp='2012-09-18T17:36:23Z' uid='787799' user='czechreg' visible='true' version='1' changeset='13159503' lat='50.0169414' lon='14.4110963' />
  <node id='1920491898' timestamp='2012-09-18T17:36:23Z' uid='787799' user='czechreg' visible='true' version='1' changeset='13159503' lat='50.0169977' lon='14.4113195' />
  <node id='1920491899' timestamp='2012-09-18T17:36:23Z' uid='787799' user='czechreg' visible='true' version='1' changeset='13159503' lat='50.0170567' lon='14.4114821' />
  <node id='1920491900' timestamp='2012-09-18T17:36:23Z' uid='787799' user='czechreg' visible='true' version='1' changeset='13159503' lat='50.0170213' lon='14.4116074' />
  <node id='1920491901' timestamp='2012-09-18T17:36:23Z' uid='787799' user='czechreg' visible='true' version='1' changeset='13159503' lat='50.017022' lon='14.4117388' />
  <node id='1920491902' timestamp='2012-09-18T17:36:23Z' uid='787799' user='czechreg' visible='true' version='1' changeset='13159503' lat='50.01698' lon='14.4117226' />
  <node id='1920491903' timestamp='2012-09-18T17:36:23Z' uid='787799' user='czechreg' visible='true' version='1' changeset='13159503' lat='50.0170195' lon='14.4119225' />
  <node id='1920491905' timestamp='2012-09-18T17:36:23Z' uid='787799' user='czechreg' visible='true' version='1' changeset='13159503' lat='50.0170051' lon='14.4120291' />
  <node id='1920491907' timestamp='2012-09-18T17:36:23Z' uid='787799' user='czechreg' visible='true' version='1' changeset='13159503' lat='50.017004' lon='14.4120708' />
  <node id='1920491908' timestamp='2012-09-18T17:36:23Z' uid='787799' user='czechreg' visible='true' version='1' changeset='13159503' lat='50.0170105' lon='14.4121562' />
  <node id='1920491910' timestamp='2012-09-18T17:36:23Z' uid='787799' user='czechreg' visible='true' version='1' changeset='13159503' lat='50.017024' lon='14.4124073' />
  <node id='1920491922' timestamp='2012-09-18T17:36:24Z' uid='787799' user='czechreg' visible='true' version='1' changeset='13159503' lat='50.0170233' lon='14.4124797' />
  <node id='1920491924' timestamp='2012-09-18T17:36:24Z' uid='787799' user='czechreg' visible='true' version='1' changeset='13159503' lat='50.0170269' lon='14.4126204' />
  <node id='1920491926' timestamp='2012-09-18T17:36:24Z' uid='787799' user='czechreg' visible='true' version='1' changeset='13159503' lat='50.0170269' lon='14.4128393' />
  <node id='1920491928' timestamp='2012-09-18T17:36:24Z' uid='787799' user='czechreg' visible='true' version='1' changeset='13159503' lat='50.0170214' lon='14.4130505' />
  <node id='1920491931' timestamp='2012-09-18T17:36:24Z' uid='787799' user='czechreg' visible='true' version='1' changeset='13159503' lat='50.0170039' lon='14.4134733' />
  <node id='1920491932' timestamp='2012-09-18T17:36:24Z' uid='787799' user='czechreg' visible='true' version='1' changeset='13159503' lat='50.016987' lon='14.4137293' />
  <node id='1920491933' timestamp='2012-09-18T17:36:24Z' uid='787799' user='czechreg' visible='true' version='1' changeset='13159503' lat='50.0188518' lon='14.3958701' />
  <node id='1920491999' timestamp='2012-09-18T17:36:25Z' uid='787799' user='czechreg' visible='true' version='1' changeset='13159503' lat='50.0169567' lon='14.4141117' />
  <node id='1920935741' timestamp='2012-09-18T22:41:11Z' uid='787799' user='czechreg' visible='true' version='1' changeset='13163603' lat='50.0088935' lon='14.3983652' />
  <node id='1920935776' timestamp='2012-09-18T22:41:25Z' uid='787799' user='czechreg' visible='true' version='1' changeset='13163605' lat='50.0150618' lon='14.3964238' />
  <node id='1920935777' timestamp='2012-09-18T22:41:25Z' uid='787799' user='czechreg' visible='true' version='1' changeset='13163605' lat='50.0137597' lon='14.3968145' />
  <node id='1920935778' timestamp='2012-09-18T22:41:25Z' uid='787799' user='czechreg' visible='true' version='1' changeset='13163605' lat='50.0122058' lon='14.3973201' />
  <node id='1920935779' timestamp='2012-09-18T22:41:25Z' uid='787799' user='czechreg' visible='true' version='1' changeset='13163605' lat='50.0102904' lon='14.3979099' />
  <node id='1920935780' timestamp='2012-09-18T22:41:25Z' uid='787799' user='czechreg' visible='true' version='1' changeset='13163605' lat='50.0163988' lon='14.3962294' />
  <node id='2394912059' timestamp='2013-07-24T10:34:35Z' uid='91228' user='georgeino' visible='true' version='1' changeset='17073529' lat='50.0169506' lon='14.4037527' />
  <node id='2476955914' timestamp='2013-09-29T20:01:03Z' uid='411213' user='pedro&apos;' visible='true' version='1' changeset='18099503' lat='50.0131659' lon='14.3978132' />
  <node id='2476955915' timestamp='2013-09-29T20:01:03Z' uid='411213' user='pedro&apos;' visible='true' version='1' changeset='18099503' lat='50.0131744' lon='14.3982366' />
  <node id='2476955916' timestamp='2013-09-29T20:01:03Z' uid='411213' user='pedro&apos;' visible='true' version='1' changeset='18099503' lat='50.013261' lon='14.3982652' />
  <node id='2476955917' timestamp='2013-09-29T20:01:03Z' uid='411213' user='pedro&apos;' visible='true' version='1' changeset='18099503' lat='50.0132718' lon='14.3985705' />
  <node id='2476955918' timestamp='2013-09-29T20:01:03Z' uid='411213' user='pedro&apos;' visible='true' version='1' changeset='18099503' lat='50.0134178' lon='14.3985967' />
  <node id='2476955919' timestamp='2013-09-29T20:01:03Z' uid='411213' user='pedro&apos;' visible='true' version='1' changeset='18099503' lat='50.0134209' lon='14.3986873' />
  <node id='2476955923' timestamp='2013-09-29T20:01:03Z' uid='411213' user='pedro&apos;' visible='true' version='1' changeset='18099503' lat='50.0140086' lon='14.3975398' />
  <node id='2476955924' timestamp='2013-09-29T20:01:03Z' uid='411213' user='pedro&apos;' visible='true' version='1' changeset='18099503' lat='50.0140351' lon='14.3982378' />
  <node id='2476955925' timestamp='2013-09-29T20:01:03Z' uid='411213' user='pedro&apos;' visible='true' version='1' changeset='18099503' lat='50.0140459' lon='14.398543' />
  <node id='2476955926' timestamp='2013-09-29T20:01:03Z' uid='411213' user='pedro&apos;' visible='true' version='1' changeset='18099503' lat='50.0140473' lon='14.398575' />
  <node id='2476955927' timestamp='2013-09-29T20:01:03Z' uid='411213' user='pedro&apos;' visible='true' version='1' changeset='18099503' lat='50.0140505' lon='14.3986657' />
  <node id='2476955928' timestamp='2013-09-29T20:01:03Z' uid='411213' user='pedro&apos;' visible='true' version='1' changeset='18099503' lat='50.0140808' lon='14.398214' />
  <node id='2476955929' timestamp='2013-09-29T20:01:03Z' uid='411213' user='pedro&apos;' visible='true' version='1' changeset='18099503' lat='50.014114' lon='14.397486' />
  <node id='2476955930' timestamp='2013-09-29T20:01:03Z' uid='411213' user='pedro&apos;' visible='true' version='1' changeset='18099503' lat='50.0142548' lon='14.3986289' />
  <node id='2476955932' timestamp='2013-09-29T20:01:03Z' uid='411213' user='pedro&apos;' visible='true' version='1' changeset='18099503' lat='50.0142918' lon='14.3980969' />
  <node id='2476955933' timestamp='2013-09-29T20:01:03Z' uid='411213' user='pedro&apos;' visible='true' version='1' changeset='18099503' lat='50.0142963' lon='14.3984744' />
  <node id='2476955934' timestamp='2013-09-29T20:01:03Z' uid='411213' user='pedro&apos;' visible='true' version='1' changeset='18099503' lat='50.0146705' lon='14.3980924' />
  <node id='2476955935' timestamp='2013-09-29T20:01:03Z' uid='411213' user='pedro&apos;' visible='true' version='1' changeset='18099503' lat='50.014675' lon='14.3984699' />
  <node id='2476955936' timestamp='2013-09-29T20:01:03Z' uid='411213' user='pedro&apos;' visible='true' version='1' changeset='18099503' lat='50.0148476' lon='14.397259' />
  <node id='2476955937' timestamp='2013-09-29T20:01:03Z' uid='411213' user='pedro&apos;' visible='true' version='1' changeset='18099503' lat='50.0149294' lon='14.3986677' />
  <node id='2476955938' timestamp='2013-09-29T20:01:03Z' uid='411213' user='pedro&apos;' visible='true' version='1' changeset='18099503' lat='50.0149942' lon='14.3986714' />
  <node id='2476955944' timestamp='2013-09-29T20:01:04Z' uid='411213' user='pedro&apos;' visible='true' version='1' changeset='18099503' lat='50.0158002' lon='14.398897' />
  <node id='2499166515' timestamp='2020-03-17T07:32:19Z' uid='6588887' user='Martin2035' visible='true' version='2' changeset='82289806' lat='50.0138868' lon='14.3975502'>
    <tag k='amenity' v='bicycle_parking' />
    <tag k='bicycle_parking' v='stands' />
  </node>
  <node id='2589534126' timestamp='2015-11-18T11:47:55Z' uid='2169558' user='JandaM' visible='true' version='2' changeset='35402714' lat='50.0136625' lon='14.40041' />
  <node id='2589550128' timestamp='2013-12-21T19:45:22Z' uid='1845771' user='ZdenekS' visible='true' version='1' changeset='19571720' lat='50.0147577' lon='14.3991118' />
  <node id='2589602045' timestamp='2013-12-21T20:38:17Z' uid='1845771' user='ZdenekS' visible='true' version='1' changeset='19572575' lat='50.0138879' lon='14.4016046' />
  <node id='2589602046' timestamp='2013-12-21T20:38:17Z' uid='1845771' user='ZdenekS' visible='true' version='1' changeset='19572575' lat='50.013734' lon='14.399981' />
  <node id='2589602048' timestamp='2013-12-21T20:38:17Z' uid='1845771' user='ZdenekS' visible='true' version='1' changeset='19572575' lat='50.0144717' lon='14.3999836' />
  <node id='2589602049' timestamp='2013-12-21T20:38:17Z' uid='1845771' user='ZdenekS' visible='true' version='1' changeset='19572575' lat='50.0146113' lon='14.3999085' />
  <node id='2589602050' timestamp='2013-12-21T20:38:17Z' uid='1845771' user='ZdenekS' visible='true' version='1' changeset='19572575' lat='50.0138704' lon='14.4003987' />
  <node id='2589602051' timestamp='2017-03-07T10:00:18Z' uid='5748' user='pschonmann' visible='true' version='2' changeset='46646820' lat='50.0126192' lon='14.4000555'>
    <tag k='addr:conscriptionnumber' v='2075' />
    <tag k='addr:housenumber' v='2075/2' />
    <tag k='addr:postcode' v='14300' />
    <tag k='addr:street' v='Vorařská' />
    <tag k='addr:streetnumber' v='2' />
  </node>
  <node id='2589602052' timestamp='2017-03-07T10:00:18Z' uid='5748' user='pschonmann' visible='true' version='2' changeset='46646820' lat='50.0136809' lon='14.4001843'>
    <tag k='addr:conscriptionnumber' v='2075' />
    <tag k='addr:housenumber' v='2075/8' />
    <tag k='addr:postcode' v='14300' />
    <tag k='addr:street' v='Vorařská' />
    <tag k='addr:streetnumber' v='8' />
  </node>
  <node id='2589602054' timestamp='2013-12-21T20:38:17Z' uid='1845771' user='ZdenekS' visible='true' version='1' changeset='19572575' lat='50.0138672' lon='14.4001819' />
  <node id='2589602055' timestamp='2013-12-21T20:38:17Z' uid='1845771' user='ZdenekS' visible='true' version='1' changeset='19572575' lat='50.0145926' lon='14.4001953' />
  <node id='2589602056' timestamp='2013-12-21T20:38:17Z' uid='1845771' user='ZdenekS' visible='true' version='1' changeset='19572575' lat='50.013864' lon='14.3999706' />
  <node id='2589602058' timestamp='2017-03-07T10:00:19Z' uid='5748' user='pschonmann' visible='true' version='2' changeset='46646820' lat='50.0129897' lon='14.400018'>
    <tag k='addr:conscriptionnumber' v='2075' />
    <tag k='addr:housenumber' v='2075/4' />
    <tag k='addr:postcode' v='14300' />
    <tag k='addr:street' v='Vorařská' />
    <tag k='addr:streetnumber' v='4' />
  </node>
  <node id='2589602061' timestamp='2013-12-21T20:38:18Z' uid='1845771' user='ZdenekS' visible='true' version='1' changeset='19572575' lat='50.0138636' lon='14.3998429' />
  <node id='2589602062' timestamp='2013-12-21T20:38:18Z' uid='1845771' user='ZdenekS' visible='true' version='1' changeset='19572575' lat='50.0137429' lon='14.4009016' />
  <node id='2589602063' timestamp='2017-03-07T10:00:19Z' uid='5748' user='pschonmann' visible='true' version='2' changeset='46646820' lat='50.0133602' lon='14.3999566'>
    <tag k='addr:conscriptionnumber' v='2075' />
    <tag k='addr:housenumber' v='2075/6' />
    <tag k='addr:postcode' v='14300' />
    <tag k='addr:street' v='Vorařská' />
    <tag k='addr:streetnumber' v='6' />
  </node>
  <node id='2589602064' timestamp='2013-12-21T20:38:18Z' uid='1845771' user='ZdenekS' visible='true' version='1' changeset='19572575' lat='50.013879' lon='14.4008941' />
  <node id='2589602065' timestamp='2013-12-21T20:38:18Z' uid='1845771' user='ZdenekS' visible='true' version='1' changeset='19572575' lat='50.0145495' lon='14.4000637' />
  <node id='2772158049' timestamp='2017-07-01T17:45:23Z' uid='1942179' user='CzechAddress' visible='true' version='3' changeset='49969783' lat='50.0110274' lon='14.4002069'>
    <tag k='addr:conscriptionnumber' v='2044' />
    <tag k='addr:housenumber' v='2044/23' />
    <tag k='addr:place' v='Modřany' />
    <tag k='addr:postcode' v='14300' />
    <tag k='addr:street' v='Mezi vodami' />
    <tag k='addr:streetnumber' v='23' />
    <tag k='ref:ruian:addr' v='26682982' />
  </node>
  <node id='2777026942' timestamp='2014-04-08T11:50:45Z' uid='2017015' user='uran_pb' visible='true' version='1' changeset='21569882' lat='50.0082505' lon='14.398109' />
  <node id='2972898565' timestamp='2018-11-08T09:30:05Z' uid='349591' user='Martin Kuzela' visible='true' version='2' changeset='64285938' lat='50.0144794' lon='14.3978344' />
  <node id='2972898566' timestamp='2014-07-21T11:07:21Z' uid='349591' user='Martin Kuzela' visible='true' version='1' changeset='24270868' lat='50.014484' lon='14.3980632' />
  <node id='2972898568' timestamp='2018-11-08T09:30:05Z' uid='349591' user='Martin Kuzela' visible='true' version='2' changeset='64285938' lat='50.0146621' lon='14.3976782' />
  <node id='2972898569' timestamp='2018-11-08T09:30:05Z' uid='349591' user='Martin Kuzela' visible='true' version='2' changeset='64285938' lat='50.0144736' lon='14.3976855' />
  <node id='3069756292' timestamp='2014-09-10T07:15:09Z' uid='5748' user='pschonmann' visible='true' version='1' changeset='25342634' lat='50.0137381' lon='14.400406' />
  <node id='3078341847' timestamp='2018-12-30T13:26:52Z' uid='1189910' user='Milancer' visible='true' version='2' changeset='65887381' lat='49.8889756' lon='14.3983542'>
    <tag k='leisure' v='marina' />
    <tag k='name' v='Davle, PPS' />
  </node>
  <node id='3078441540' timestamp='2014-09-15T15:21:58Z' uid='2335184' user='Vlada_O' visible='true' version='1' changeset='25458425' lat='49.8531667' lon='14.402177'>
    <tag k='leisure' v='marina' />
    <tag k='name' v='Zastávka Štěchovice PPS' />
  </node>
  <node id='3127351344' timestamp='2014-10-13T08:43:40Z' uid='100163' user='Hlav' visible='true' version='1' changeset='26042708' lat='50.0023661' lon='14.4013088' />
  <node id='3127351357' timestamp='2014-10-13T08:43:40Z' uid='100163' user='Hlav' visible='true' version='1' changeset='26042708' lat='50.0031899' lon='14.4011241' />
  <node id='3127357738' timestamp='2014-10-13T08:48:50Z' uid='100163' user='Hlav' visible='true' version='2' changeset='26042708' lat='49.9964908' lon='14.4011031' />
  <node id='3127358671' timestamp='2014-10-13T08:48:49Z' uid='100163' user='Hlav' visible='true' version='1' changeset='26042708' lat='49.995974' lon='14.4008269' />
  <node id='3188752049' timestamp='2014-11-15T17:45:30Z' uid='665336' user='Minimalis' visible='true' version='1' changeset='26804030' lat='49.9989596' lon='14.4031256' />
  <node id='3252001459' timestamp='2014-12-25T13:41:30Z' uid='403828' user='Kamenitxan' visible='true' version='1' changeset='27689374' lat='50.0111231' lon='14.4004464' />
  <node id='3252001460' timestamp='2014-12-25T13:41:30Z' uid='403828' user='Kamenitxan' visible='true' version='1' changeset='27689374' lat='50.011136' lon='14.4007759' />
  <node id='3260025146' timestamp='2015-08-27T12:38:54Z' uid='1189910' user='Milancer' visible='true' version='2' changeset='33619700' lat='50.018268' lon='14.4020353' />
  <node id='3260025766' timestamp='2015-08-27T12:38:54Z' uid='1189910' user='Milancer' visible='true' version='2' changeset='33619700' lat='50.018445' lon='14.402079' />
  <node id='3484446138' timestamp='2015-04-28T16:24:56Z' uid='959668' user='Tomas Runa' visible='true' version='1' changeset='30586660' lat='50.013148' lon='14.399493' />
  <node id='3484446139' timestamp='2015-04-28T16:24:56Z' uid='959668' user='Tomas Runa' visible='true' version='1' changeset='30586660' lat='50.0131583' lon='14.3998843' />
  <node id='3484446140' timestamp='2015-04-28T16:24:56Z' uid='959668' user='Tomas Runa' visible='true' version='1' changeset='30586660' lat='50.0136868' lon='14.3994694' />
  <node id='3484446141' timestamp='2015-04-28T16:24:56Z' uid='959668' user='Tomas Runa' visible='true' version='1' changeset='30586660' lat='50.0138' lon='14.3991309' />
  <node id='3484446142' timestamp='2015-04-28T16:24:56Z' uid='959668' user='Tomas Runa' visible='true' version='1' changeset='30586660' lat='50.0138695' lon='14.3990942' />
  <node id='3484446143' timestamp='2015-04-28T16:24:56Z' uid='959668' user='Tomas Runa' visible='true' version='1' changeset='30586660' lat='50.0142751' lon='14.3991003' />
  <node id='3484446144' timestamp='2015-04-28T16:24:56Z' uid='959668' user='Tomas Runa' visible='true' version='1' changeset='30586660' lat='50.0144203' lon='14.3991003' />
  <node id='3484446145' timestamp='2015-04-28T16:24:56Z' uid='959668' user='Tomas Runa' visible='true' version='1' changeset='30586660' lat='50.0145331' lon='14.3990986' />
  <node id='3484446146' timestamp='2020-04-09T11:12:02Z' uid='102554' user='Jezevec' visible='true' version='4' changeset='83304286' lat='50.0146863' lon='14.3988756'>
    <tag k='railway' v='crossing' />
  </node>
  <node id='3484446147' timestamp='2015-04-28T16:24:56Z' uid='959668' user='Tomas Runa' visible='true' version='1' changeset='30586660' lat='50.0146936' lon='14.3988072' />
  <node id='3484446149' timestamp='2015-04-28T16:24:56Z' uid='959668' user='Tomas Runa' visible='true' version='1' changeset='30586660' lat='50.0146989' lon='14.3986969' />
  <node id='3484446150' timestamp='2015-04-28T16:24:56Z' uid='959668' user='Tomas Runa' visible='true' version='1' changeset='30586660' lat='50.0147332' lon='14.3990353' />
  <node id='3484446151' timestamp='2015-04-28T16:24:56Z' uid='959668' user='Tomas Runa' visible='true' version='1' changeset='30586660' lat='50.014745' lon='14.3991111' />
  <node id='3484446152' timestamp='2015-04-28T16:24:56Z' uid='959668' user='Tomas Runa' visible='true' version='1' changeset='30586660' lat='50.0148134' lon='14.3991086' />
  <node id='3716508966' timestamp='2015-08-27T07:42:29Z' uid='1189910' user='Milancer' visible='true' version='1' changeset='33613540' lat='50.0165212' lon='14.4057024' />
  <node id='3716509015' timestamp='2017-12-02T19:15:07Z' uid='1189910' user='Milancer' visible='true' version='2' changeset='54279212' lat='50.0147476' lon='14.3989642' />
  <node id='3716509016' timestamp='2015-08-27T07:42:30Z' uid='1189910' user='Milancer' visible='true' version='1' changeset='33613540' lat='50.0145895' lon='14.4014475' />
  <node id='3716509017' timestamp='2015-08-27T07:42:30Z' uid='1189910' user='Milancer' visible='true' version='1' changeset='33613540' lat='50.0168099' lon='14.4017362' />
  <node id='3716509018' timestamp='2015-08-27T07:42:30Z' uid='1189910' user='Milancer' visible='true' version='1' changeset='33613540' lat='50.0179185' lon='14.4020505' />
  <node id='3716509019' timestamp='2015-08-27T07:42:30Z' uid='1189910' user='Milancer' visible='true' version='1' changeset='33613540' lat='50.0181521' lon='14.4019581' />
  <node id='3716509020' timestamp='2015-08-27T07:42:30Z' uid='1189910' user='Milancer' visible='true' version='1' changeset='33613540' lat='50.0184531' lon='14.4001218' />
  <node id='3716509021' timestamp='2015-08-27T07:42:30Z' uid='1189910' user='Milancer' visible='true' version='1' changeset='33613540' lat='50.0164179' lon='14.3993762' />
  <node id='3716509022' timestamp='2020-07-14T06:57:58Z' uid='1189910' user='Milancer' visible='true' version='2' changeset='87958669' lat='50.0161933' lon='14.3993366' />
  <node id='3716509023' timestamp='2015-08-27T07:42:30Z' uid='1189910' user='Milancer' visible='true' version='1' changeset='33613540' lat='50.0149409' lon='14.3989695' />
  <node id='3716509625' timestamp='2015-08-27T07:42:30Z' uid='1189910' user='Milancer' visible='true' version='1' changeset='33613540' lat='50.0101921' lon='14.4023585' />
  <node id='3716509626' timestamp='2015-08-27T07:42:30Z' uid='1189910' user='Milancer' visible='true' version='1' changeset='33613540' lat='50.0099624' lon='14.4001709' />
  <node id='3716509627' timestamp='2015-08-27T07:42:30Z' uid='1189910' user='Milancer' visible='true' version='1' changeset='33613540' lat='50.0085843' lon='14.4007871' />
  <node id='3716509628' timestamp='2015-08-27T07:42:30Z' uid='1189910' user='Milancer' visible='true' version='1' changeset='33613540' lat='50.0071308' lon='14.4018285' />
  <node id='3716509629' timestamp='2015-08-27T07:42:30Z' uid='1189910' user='Milancer' visible='true' version='1' changeset='33613540' lat='50.0071506' lon='14.4024817' />
  <node id='3716509630' timestamp='2015-08-27T07:42:30Z' uid='1189910' user='Milancer' visible='true' version='1' changeset='33613540' lat='50.00721' lon='14.4028699' />
  <node id='3716509631' timestamp='2015-08-27T07:42:30Z' uid='1189910' user='Milancer' visible='true' version='1' changeset='33613540' lat='50.0076338' lon='14.4029439' />
  <node id='3716509632' timestamp='2015-08-27T07:42:30Z' uid='1189910' user='Milancer' visible='true' version='1' changeset='33613540' lat='50.0086595' lon='14.4029007' />
  <node id='3716509633' timestamp='2015-08-27T07:42:30Z' uid='1189910' user='Milancer' visible='true' version='1' changeset='33613540' lat='50.0096416' lon='14.4027035' />
  <node id='3716509634' timestamp='2015-08-27T07:42:30Z' uid='1189910' user='Milancer' visible='true' version='1' changeset='33613540' lat='50.010204' lon='14.4024632' />
  <node id='3716509635' timestamp='2015-08-27T07:42:30Z' uid='1189910' user='Milancer' visible='true' version='1' changeset='33613540' lat='50.0099149' lon='14.3999553' />
  <node id='3716509636' timestamp='2015-08-27T07:42:30Z' uid='1189910' user='Milancer' visible='true' version='1' changeset='33613540' lat='50.0085407' lon='14.4007255' />
  <node id='3716509637' timestamp='2015-08-27T07:42:30Z' uid='1189910' user='Milancer' visible='true' version='1' changeset='33613540' lat='50.0074081' lon='14.4014157' />
  <node id='3716509638' timestamp='2015-08-27T07:42:30Z' uid='1189910' user='Milancer' visible='true' version='1' changeset='33613540' lat='50.0061209' lon='14.4024139' />
  <node id='3716509639' timestamp='2015-08-27T07:42:30Z' uid='1189910' user='Milancer' visible='true' version='1' changeset='33613540' lat='50.0060695' lon='14.4024694' />
  <node id='3716509640' timestamp='2015-08-27T07:42:30Z' uid='1189910' user='Milancer' visible='true' version='1' changeset='33613540' lat='50.0061051' lon='14.4025002' />
  <node id='3716509641' timestamp='2015-08-27T07:42:30Z' uid='1189910' user='Milancer' visible='true' version='1' changeset='33613540' lat='50.0063467' lon='14.4024756' />
  <node id='3716509642' timestamp='2015-08-27T07:42:30Z' uid='1189910' user='Milancer' visible='true' version='1' changeset='33613540' lat='50.0068655' lon='14.4025865' />
  <node id='3716509643' timestamp='2015-08-27T07:42:30Z' uid='1189910' user='Milancer' visible='true' version='1' changeset='33613540' lat='50.0071427' lon='14.4027282' />
  <node id='3716509644' timestamp='2015-08-27T07:42:30Z' uid='1189910' user='Milancer' visible='true' version='1' changeset='33613540' lat='50.0071898' lon='14.4027375' />
  <node id='3716887938' timestamp='2015-08-27T12:38:46Z' uid='1189910' user='Milancer' visible='true' version='1' changeset='33619700' lat='50.0170076' lon='14.4113468' />
  <node id='3716887959' timestamp='2015-08-27T12:38:47Z' uid='1189910' user='Milancer' visible='true' version='1' changeset='33619700' lat='50.0188134' lon='14.400274' />
  <node id='3716887960' timestamp='2015-08-27T12:38:47Z' uid='1189910' user='Milancer' visible='true' version='1' changeset='33619700' lat='50.0185224' lon='14.4019233' />
  <node id='3740024584' timestamp='2015-09-12T09:12:43Z' uid='102554' user='Jezevec' visible='true' version='1' changeset='33977323' lat='50.0002669' lon='14.4036294' />
  <node id='3740024606' timestamp='2015-09-12T09:12:44Z' uid='102554' user='Jezevec' visible='true' version='1' changeset='33977323' lat='50.0094471' lon='14.4001147' />
  <node id='3740024616' timestamp='2015-09-12T09:12:45Z' uid='102554' user='Jezevec' visible='true' version='1' changeset='33977323' lat='50.0104758' lon='14.3996347' />
  <node id='3740024620' timestamp='2015-09-12T09:12:45Z' uid='102554' user='Jezevec' visible='true' version='1' changeset='33977323' lat='50.010984' lon='14.3994491' />
  <node id='3740024623' timestamp='2015-09-12T09:12:45Z' uid='102554' user='Jezevec' visible='true' version='1' changeset='33977323' lat='50.0112522' lon='14.3993604' />
  <node id='3740025467' timestamp='2015-09-12T09:12:43Z' uid='102554' user='Jezevec' visible='true' version='1' changeset='33977323' lat='50.0022716' lon='14.4033877' />
  <node id='3740025485' timestamp='2015-09-12T09:12:43Z' uid='102554' user='Jezevec' visible='true' version='1' changeset='33977323' lat='50.0033941' lon='14.4030881' />
  <node id='3740025488' timestamp='2015-09-12T09:12:43Z' uid='102554' user='Jezevec' visible='true' version='1' changeset='33977323' lat='50.0035481' lon='14.4030432' />
  <node id='3740025493' timestamp='2015-09-12T09:12:44Z' uid='102554' user='Jezevec' visible='true' version='1' changeset='33977323' lat='50.0052013' lon='14.4025522' />
  <node id='3740025495' timestamp='2015-09-12T09:12:44Z' uid='102554' user='Jezevec' visible='true' version='1' changeset='33977323' lat='50.0055404' lon='14.4024247' />
  <node id='3740025497' timestamp='2015-09-12T09:12:44Z' uid='102554' user='Jezevec' visible='true' version='1' changeset='33977323' lat='50.0057156' lon='14.4023486' />
  <node id='3740025501' timestamp='2015-09-12T09:12:44Z' uid='102554' user='Jezevec' visible='true' version='1' changeset='33977323' lat='50.0061232' lon='14.4021318' />
  <node id='3740025515' timestamp='2015-09-12T09:12:45Z' uid='102554' user='Jezevec' visible='true' version='1' changeset='33977323' lat='50.0116938' lon='14.4013961' />
  <node id='3740025528' timestamp='2015-09-12T09:12:45Z' uid='102554' user='Jezevec' visible='true' version='1' changeset='33977323' lat='50.0116069' lon='14.3995508' />
  <node id='3740025534' timestamp='2015-09-12T09:12:45Z' uid='102554' user='Jezevec' visible='true' version='1' changeset='33977323' lat='50.0116609' lon='14.3992455' />
  <node id='3740025535' timestamp='2015-09-12T09:12:45Z' uid='102554' user='Jezevec' visible='true' version='1' changeset='33977323' lat='50.0116681' lon='14.4009721' />
  <node id='3740025539' timestamp='2015-09-12T09:12:45Z' uid='102554' user='Jezevec' visible='true' version='1' changeset='33977323' lat='50.011681' lon='14.401216' />
  <node id='3740025627' timestamp='2015-09-12T09:12:45Z' uid='102554' user='Jezevec' visible='true' version='1' changeset='33977323' lat='50.0118285' lon='14.3992042' />
  <node id='3740025629' timestamp='2015-09-12T09:12:45Z' uid='102554' user='Jezevec' visible='true' version='1' changeset='33977323' lat='50.0120274' lon='14.3991609' />
  <node id='3740025633' timestamp='2015-09-12T09:12:45Z' uid='102554' user='Jezevec' visible='true' version='1' changeset='33977323' lat='50.0122472' lon='14.3991162' />
  <node id='3740025637' timestamp='2015-09-12T09:12:45Z' uid='102554' user='Jezevec' visible='true' version='1' changeset='33977323' lat='50.012497' lon='14.3990764' />
  <node id='3740025640' timestamp='2015-09-12T09:12:45Z' uid='102554' user='Jezevec' visible='true' version='1' changeset='33977323' lat='50.0128575' lon='14.3990246' />
  <node id='3740025651' timestamp='2015-09-12T09:12:46Z' uid='102554' user='Jezevec' visible='true' version='1' changeset='33977323' lat='50.0141291' lon='14.3988922' />
  <node id='3740025655' timestamp='2015-09-12T09:12:46Z' uid='102554' user='Jezevec' visible='true' version='1' changeset='33977323' lat='50.01435' lon='14.3988762' />
  <node id='3740025662' timestamp='2015-09-12T09:12:46Z' uid='102554' user='Jezevec' visible='true' version='1' changeset='33977323' lat='50.014929' lon='14.398895' />
  <node id='3740025666' timestamp='2015-09-12T09:12:46Z' uid='102554' user='Jezevec' visible='true' version='1' changeset='33977323' lat='50.0153089' lon='14.3989623' />
  <node id='3740025670' timestamp='2015-09-12T09:12:46Z' uid='102554' user='Jezevec' visible='true' version='1' changeset='33977323' lat='50.0155166' lon='14.3990159' />
  <node id='3740025671' timestamp='2015-09-12T09:12:46Z' uid='102554' user='Jezevec' visible='true' version='1' changeset='33977323' lat='50.0157153' lon='14.399078' />
  <node id='3740025675' timestamp='2020-04-09T11:12:02Z' uid='102554' user='Jezevec' visible='true' version='2' changeset='83304286' lat='50.0160832' lon='14.3992081' />
  <node id='3740025683' timestamp='2015-09-12T09:12:46Z' uid='102554' user='Jezevec' visible='true' version='1' changeset='33977323' lat='50.0178005' lon='14.3998227' />
  <node id='3748778037' timestamp='2015-09-18T06:42:32Z' uid='1189910' user='Milancer' visible='true' version='1' changeset='34096559' lat='50.0091926' lon='14.397519' />
  <node id='3748778038' timestamp='2015-09-18T06:42:32Z' uid='1189910' user='Milancer' visible='true' version='1' changeset='34096559' lat='50.0103105' lon='14.3972186' />
  <node id='3748778039' timestamp='2015-09-18T06:42:32Z' uid='1189910' user='Milancer' visible='true' version='1' changeset='34096559' lat='50.0115928' lon='14.3968741' />
  <node id='3748778040' timestamp='2015-09-18T06:42:32Z' uid='1189910' user='Milancer' visible='true' version='1' changeset='34096559' lat='50.0120837' lon='14.3967421' />
  <node id='3830368552' timestamp='2015-11-11T09:16:17Z' uid='2169558' user='JandaM' visible='true' version='1' changeset='35234911' lat='50.0144878' lon='14.4003765' />
  <node id='3830368553' timestamp='2015-11-11T09:16:17Z' uid='2169558' user='JandaM' visible='true' version='1' changeset='35234911' lat='50.014488' lon='14.4003804' />
  <node id='3830368649' timestamp='2015-11-11T09:16:18Z' uid='2169558' user='JandaM' visible='true' version='1' changeset='35234911' lat='50.0147893' lon='14.4007027' />
  <node id='3830368651' timestamp='2015-11-11T09:16:18Z' uid='2169558' user='JandaM' visible='true' version='1' changeset='35234911' lat='50.0147942' lon='14.3998852' />
  <node id='3830368655' timestamp='2015-11-11T09:16:18Z' uid='2169558' user='JandaM' visible='true' version='1' changeset='35234911' lat='50.0148002' lon='14.3997853' />
  <node id='3830368660' timestamp='2015-11-11T09:16:19Z' uid='2169558' user='JandaM' visible='true' version='1' changeset='35234911' lat='50.0148044' lon='14.3995949' />
  <node id='3830368661' timestamp='2015-11-11T09:16:19Z' uid='2169558' user='JandaM' visible='true' version='1' changeset='35234911' lat='50.0148053' lon='14.3995757' />
  <node id='3830368662' timestamp='2015-11-11T09:16:19Z' uid='2169558' user='JandaM' visible='true' version='1' changeset='35234911' lat='50.0148074' lon='14.399887' />
  <node id='3830368665' timestamp='2015-11-11T09:16:19Z' uid='2169558' user='JandaM' visible='true' version='1' changeset='35234911' lat='50.014808' lon='14.4007051' />
  <node id='3830368666' timestamp='2015-11-11T09:16:19Z' uid='2169558' user='JandaM' visible='true' version='1' changeset='35234911' lat='50.0148127' lon='14.3995963' />
  <node id='3830368668' timestamp='2015-11-11T09:16:19Z' uid='2169558' user='JandaM' visible='true' version='1' changeset='35234911' lat='50.0148134' lon='14.3995757' />
  <node id='3830368669' timestamp='2015-11-11T09:16:19Z' uid='2169558' user='JandaM' visible='true' version='1' changeset='35234911' lat='50.0148134' lon='14.3997871' />
  <node id='3830368673' timestamp='2015-11-11T09:16:19Z' uid='2169558' user='JandaM' visible='true' version='1' changeset='35234911' lat='50.0148215' lon='14.4002027' />
  <node id='3830368675' timestamp='2015-11-11T09:16:19Z' uid='2169558' user='JandaM' visible='true' version='1' changeset='35234911' lat='50.0148371' lon='14.3999366' />
  <node id='3830368677' timestamp='2015-11-11T09:16:19Z' uid='2169558' user='JandaM' visible='true' version='1' changeset='35234911' lat='50.0148399' lon='14.4002064' />
  <node id='3830368679' timestamp='2015-11-11T09:16:19Z' uid='2169558' user='JandaM' visible='true' version='1' changeset='35234911' lat='50.0148415' lon='14.3994598' />
  <node id='3830368681' timestamp='2015-11-11T09:16:19Z' uid='2169558' user='JandaM' visible='true' version='1' changeset='35234911' lat='50.014843' lon='14.3998457' />
  <node id='3830368684' timestamp='2015-11-11T09:16:19Z' uid='2169558' user='JandaM' visible='true' version='1' changeset='35234911' lat='50.0148434' lon='14.3994314' />
  <node id='3830368689' timestamp='2015-11-11T09:16:19Z' uid='2169558' user='JandaM' visible='true' version='1' changeset='35234911' lat='50.0148544' lon='14.3994631' />
  <node id='3830368690' timestamp='2015-11-11T09:16:19Z' uid='2169558' user='JandaM' visible='true' version='1' changeset='35234911' lat='50.0148553' lon='14.3994335' />
  <node id='3830368692' timestamp='2015-11-11T09:16:19Z' uid='2169558' user='JandaM' visible='true' version='1' changeset='35234911' lat='50.0148564' lon='14.3999405' />
  <node id='3830368699' timestamp='2015-11-11T09:16:19Z' uid='2169558' user='JandaM' visible='true' version='1' changeset='35234911' lat='50.0148618' lon='14.3998493' />
  <node id='3830368704' timestamp='2015-11-11T09:16:19Z' uid='2169558' user='JandaM' visible='true' version='1' changeset='35234911' lat='50.0148664' lon='14.4009173' />
  <node id='3830368707' timestamp='2015-11-11T09:16:19Z' uid='2169558' user='JandaM' visible='true' version='1' changeset='35234911' lat='50.0148686' lon='14.4008937' />
  <node id='3830368710' timestamp='2015-11-11T09:16:20Z' uid='2169558' user='JandaM' visible='true' version='1' changeset='35234911' lat='50.0148699' lon='14.4009713' />
  <node id='3830368714' timestamp='2015-11-11T09:16:20Z' uid='2169558' user='JandaM' visible='true' version='1' changeset='35234911' lat='50.0148723' lon='14.4009189' />
  <node id='3830368716' timestamp='2015-11-11T09:16:20Z' uid='2169558' user='JandaM' visible='true' version='1' changeset='35234911' lat='50.0148746' lon='14.3993513' />
  <node id='3830368718' timestamp='2015-11-11T09:16:20Z' uid='2169558' user='JandaM' visible='true' version='1' changeset='35234911' lat='50.0148769' lon='14.3993326' />
  <node id='3830368721' timestamp='2015-11-11T09:16:20Z' uid='2169558' user='JandaM' visible='true' version='1' changeset='35234911' lat='50.0148927' lon='14.4009736' />
  <node id='3830368722' timestamp='2015-11-11T09:16:20Z' uid='2169558' user='JandaM' visible='true' version='1' changeset='35234911' lat='50.0148948' lon='14.399354' />
  <node id='3830368723' timestamp='2015-11-11T09:16:20Z' uid='2169558' user='JandaM' visible='true' version='1' changeset='35234911' lat='50.0148952' lon='14.3993365' />
  <node id='3830368724' timestamp='2015-11-11T09:16:20Z' uid='2169558' user='JandaM' visible='true' version='1' changeset='35234911' lat='50.0148954' lon='14.400924' />
  <node id='3830368730' timestamp='2015-11-11T09:16:20Z' uid='2169558' user='JandaM' visible='true' version='1' changeset='35234911' lat='50.0149113' lon='14.4009254' />
  <node id='3830368731' timestamp='2015-11-11T09:16:20Z' uid='2169558' user='JandaM' visible='true' version='1' changeset='35234911' lat='50.0149142' lon='14.4008975' />
  <node id='3830368984' timestamp='2015-11-11T09:16:21Z' uid='2169558' user='JandaM' visible='true' version='1' changeset='35234911' lat='50.0150754' lon='14.3996188' />
  <node id='3830368985' timestamp='2015-11-11T09:16:21Z' uid='2169558' user='JandaM' visible='true' version='1' changeset='35234911' lat='50.0150761' lon='14.3995969' />
  <node id='3830369004' timestamp='2015-11-11T09:16:21Z' uid='2169558' user='JandaM' visible='true' version='1' changeset='35234911' lat='50.0151051' lon='14.3996227' />
  <node id='3830369008' timestamp='2015-11-11T09:16:21Z' uid='2169558' user='JandaM' visible='true' version='1' changeset='35234911' lat='50.0151073' lon='14.3996025' />
  <node id='3830369113' timestamp='2015-11-11T09:16:23Z' uid='2169558' user='JandaM' visible='true' version='1' changeset='35234911' lat='50.015427' lon='14.3994307' />
  <node id='3830369115' timestamp='2015-11-11T09:16:23Z' uid='2169558' user='JandaM' visible='true' version='1' changeset='35234911' lat='50.0154294' lon='14.3993937' />
  <node id='3830369118' timestamp='2015-11-11T09:16:23Z' uid='2169558' user='JandaM' visible='true' version='1' changeset='35234911' lat='50.0154386' lon='14.3994325' />
  <node id='3830369123' timestamp='2015-11-11T09:16:23Z' uid='2169558' user='JandaM' visible='true' version='1' changeset='35234911' lat='50.0154424' lon='14.3993957' />
  <node id='3830369169' timestamp='2015-11-11T09:16:24Z' uid='2169558' user='JandaM' visible='true' version='1' changeset='35234911' lat='50.0155606' lon='14.3993381' />
  <node id='3830369171' timestamp='2015-11-11T09:16:24Z' uid='2169558' user='JandaM' visible='true' version='1' changeset='35234911' lat='50.0155635' lon='14.3992932' />
  <node id='3830369181' timestamp='2015-11-11T09:16:24Z' uid='2169558' user='JandaM' visible='true' version='1' changeset='35234911' lat='50.0156578' lon='14.3998518' />
  <node id='3830369183' timestamp='2015-11-11T09:16:24Z' uid='2169558' user='JandaM' visible='true' version='1' changeset='35234911' lat='50.015658' lon='14.3998427' />
  <node id='3830369197' timestamp='2015-11-11T09:16:24Z' uid='2169558' user='JandaM' visible='true' version='1' changeset='35234911' lat='50.0156856' lon='14.3998552' />
  <node id='3830369198' timestamp='2015-11-11T09:16:24Z' uid='2169558' user='JandaM' visible='true' version='1' changeset='35234911' lat='50.015686' lon='14.3998467' />
  <node id='3830369203' timestamp='2015-11-11T09:16:24Z' uid='2169558' user='JandaM' visible='true' version='1' changeset='35234911' lat='50.0156962' lon='14.3998569' />
  <node id='3830369204' timestamp='2015-11-11T09:16:24Z' uid='2169558' user='JandaM' visible='true' version='1' changeset='35234911' lat='50.0156969' lon='14.3998483' />
  <node id='3830369220' timestamp='2015-11-11T09:16:25Z' uid='2169558' user='JandaM' visible='true' version='1' changeset='35234911' lat='50.0157193' lon='14.3998513' />
  <node id='3830369221' timestamp='2015-11-11T09:16:25Z' uid='2169558' user='JandaM' visible='true' version='1' changeset='35234911' lat='50.0157195' lon='14.3998604' />
  <node id='3830369231' timestamp='2015-11-11T09:16:25Z' uid='2169558' user='JandaM' visible='true' version='1' changeset='35234911' lat='50.0157492' lon='14.3996811' />
  <node id='3830369234' timestamp='2015-11-11T09:16:25Z' uid='2169558' user='JandaM' visible='true' version='1' changeset='35234911' lat='50.0157539' lon='14.3996226' />
  <node id='3830369237' timestamp='2015-11-11T09:16:25Z' uid='2169558' user='JandaM' visible='true' version='1' changeset='35234911' lat='50.0157623' lon='14.4011574' />
  <node id='3830369239' timestamp='2015-11-11T09:16:25Z' uid='2169558' user='JandaM' visible='true' version='1' changeset='35234911' lat='50.0157674' lon='14.4010666' />
  <node id='3830369240' timestamp='2015-11-11T09:16:25Z' uid='2169558' user='JandaM' visible='true' version='1' changeset='35234911' lat='50.0157746' lon='14.4014199' />
  <node id='3830369241' timestamp='2015-11-11T09:16:25Z' uid='2169558' user='JandaM' visible='true' version='1' changeset='35234911' lat='50.0157779' lon='14.4013662' />
  <node id='3830369244' timestamp='2015-11-11T09:16:25Z' uid='2169558' user='JandaM' visible='true' version='1' changeset='35234911' lat='50.0157898' lon='14.401161' />
  <node id='3830369245' timestamp='2015-11-11T09:16:25Z' uid='2169558' user='JandaM' visible='true' version='1' changeset='35234911' lat='50.0157907' lon='14.4014233' />
  <node id='3830369246' timestamp='2015-11-11T09:16:25Z' uid='2169558' user='JandaM' visible='true' version='1' changeset='35234911' lat='50.0157947' lon='14.4013678' />
  <node id='3830369247' timestamp='2015-11-11T09:16:25Z' uid='2169558' user='JandaM' visible='true' version='1' changeset='35234911' lat='50.0157953' lon='14.4010715' />
  <node id='3842469591' timestamp='2015-11-18T11:45:21Z' uid='2169558' user='JandaM' visible='true' version='1' changeset='35402714' lat='50.0125878' lon='14.4000104' />
  <node id='3842469593' timestamp='2015-11-18T11:45:21Z' uid='2169558' user='JandaM' visible='true' version='1' changeset='35402714' lat='50.0125887' lon='14.4001533' />
  <node id='3842469596' timestamp='2015-11-18T11:45:21Z' uid='2169558' user='JandaM' visible='true' version='1' changeset='35402714' lat='50.0126006' lon='14.4001542' />
  <node id='3842469599' timestamp='2015-11-18T11:45:21Z' uid='2169558' user='JandaM' visible='true' version='1' changeset='35402714' lat='50.0126101' lon='14.4008178' />
  <node id='3842469623' timestamp='2015-11-18T11:45:21Z' uid='2169558' user='JandaM' visible='true' version='1' changeset='35402714' lat='50.0127805' lon='14.3999743' />
  <node id='3842469624' timestamp='2015-11-18T11:45:21Z' uid='2169558' user='JandaM' visible='true' version='1' changeset='35402714' lat='50.0127806' lon='14.3999807' />
  <node id='3842469655' timestamp='2015-11-18T11:45:22Z' uid='2169558' user='JandaM' visible='true' version='1' changeset='35402714' lat='50.0131153' lon='14.3999697' />
  <node id='3842469656' timestamp='2015-11-18T11:45:22Z' uid='2169558' user='JandaM' visible='true' version='1' changeset='35402714' lat='50.0131182' lon='14.4001393' />
  <node id='3842469674' timestamp='2015-11-18T11:45:22Z' uid='2169558' user='JandaM' visible='true' version='1' changeset='35402714' lat='50.0131935' lon='14.3999649' />
  <node id='3842469675' timestamp='2015-11-18T11:45:22Z' uid='2169558' user='JandaM' visible='true' version='1' changeset='35402714' lat='50.0131941' lon='14.3999921' />
  <node id='3842469679' timestamp='2015-11-18T11:45:22Z' uid='2169558' user='JandaM' visible='true' version='1' changeset='35402714' lat='50.0132009' lon='14.399926' />
  <node id='3842469680' timestamp='2015-11-18T11:45:22Z' uid='2169558' user='JandaM' visible='true' version='1' changeset='35402714' lat='50.0132015' lon='14.3999647' />
  <node id='3842469681' timestamp='2015-11-18T11:45:22Z' uid='2169558' user='JandaM' visible='true' version='1' changeset='35402714' lat='50.0132019' lon='14.3999918' />
  <node id='3842469683' timestamp='2015-11-18T11:45:22Z' uid='2169558' user='JandaM' visible='true' version='1' changeset='35402714' lat='50.0132046' lon='14.4001366' />
  <node id='3842469686' timestamp='2015-11-18T11:45:22Z' uid='2169558' user='JandaM' visible='true' version='1' changeset='35402714' lat='50.0133616' lon='14.400793' />
  <node id='3842469687' timestamp='2015-11-18T11:45:22Z' uid='2169558' user='JandaM' visible='true' version='1' changeset='35402714' lat='50.0133619' lon='14.4008097' />
  <node id='3842469688' timestamp='2015-11-18T11:45:22Z' uid='2169558' user='JandaM' visible='true' version='1' changeset='35402714' lat='50.0133859' lon='14.4007923' />
  <node id='3842469689' timestamp='2015-11-18T11:45:22Z' uid='2169558' user='JandaM' visible='true' version='1' changeset='35402714' lat='50.0133861' lon='14.4008091' />
  <node id='3842469690' timestamp='2015-11-18T11:45:22Z' uid='2169558' user='JandaM' visible='true' version='1' changeset='35402714' lat='50.0136595' lon='14.4002548' />
  <node id='3842469691' timestamp='2015-11-18T11:45:22Z' uid='2169558' user='JandaM' visible='true' version='1' changeset='35402714' lat='50.0136631' lon='14.4005037' />
  <node id='3842469693' timestamp='2015-11-18T11:45:22Z' uid='2169558' user='JandaM' visible='true' version='1' changeset='35402714' lat='50.0136971' lon='14.3999102' />
  <node id='3842469695' timestamp='2015-11-18T11:45:22Z' uid='2169558' user='JandaM' visible='true' version='1' changeset='35402714' lat='50.0137024' lon='14.4002535' />
  <node id='3842469696' timestamp='2015-11-18T11:45:22Z' uid='2169558' user='JandaM' visible='true' version='1' changeset='35402714' lat='50.0137058' lon='14.4005022' />
  <node id='3842469697' timestamp='2015-11-18T11:45:22Z' uid='2169558' user='JandaM' visible='true' version='1' changeset='35402714' lat='50.0137094' lon='14.4007828' />
  <node id='3899530036' timestamp='2020-03-17T07:32:19Z' uid='6588887' user='Martin2035' visible='true' version='2' changeset='82289806' lat='50.0003031' lon='14.4031155' />
  <node id='3899530037' timestamp='2020-03-17T07:32:19Z' uid='6588887' user='Martin2035' visible='true' version='2' changeset='82289806' lat='49.9997128' lon='14.4031537' />
  <node id='3990404766' timestamp='2018-10-24T07:50:34Z' uid='64876' user='Andreeeee' visible='true' version='2' changeset='63821814' lat='50.0144305' lon='14.3972726' />
  <node id='3998023302' timestamp='2016-05-06T14:11:06Z' uid='102554' user='Jezevec' visible='true' version='2' changeset='39144792' lat='50.0757172' lon='14.4113205' />
  <node id='4169825981' timestamp='2016-05-06T14:10:38Z' uid='102554' user='Jezevec' visible='true' version='1' changeset='39144792' lat='50.0763409' lon='14.4112314' />
  <node id='4973663982' timestamp='2017-07-16T13:55:42Z' uid='102554' user='Jezevec' visible='true' version='1' changeset='50326575' lat='50.0670436' lon='14.4137746' />
  <node id='5260610522' timestamp='2017-12-02T19:15:02Z' uid='1189910' user='Milancer' visible='true' version='1' changeset='54279212' lat='50.0146968' lon='14.3989504' />
  <node id='5260610523' timestamp='2017-12-02T19:15:03Z' uid='1189910' user='Milancer' visible='true' version='1' changeset='54279212' lat='50.013975' lon='14.399721' />
  <node id='5260610524' timestamp='2017-12-02T19:15:03Z' uid='1189910' user='Milancer' visible='true' version='1' changeset='54279212' lat='50.0134019' lon='14.3997528' />
  <node id='5260610525' timestamp='2017-12-02T19:15:03Z' uid='1189910' user='Milancer' visible='true' version='1' changeset='54279212' lat='50.0123284' lon='14.3998696' />
  <node id='5260610526' timestamp='2017-12-02T19:15:03Z' uid='1189910' user='Milancer' visible='true' version='1' changeset='54279212' lat='50.0123352' lon='14.4017065' />
  <node id='5260610527' timestamp='2017-12-02T19:15:03Z' uid='1189910' user='Milancer' visible='true' version='1' changeset='54279212' lat='50.0128356' lon='14.4015755' />
  <node id='5260610528' timestamp='2017-12-02T19:15:03Z' uid='1189910' user='Milancer' visible='true' version='1' changeset='54279212' lat='50.0139977' lon='14.401487' />
  <node id='5260610529' timestamp='2017-12-02T19:15:03Z' uid='1189910' user='Milancer' visible='true' version='1' changeset='54279212' lat='50.014702' lon='14.3996801' />
  <node id='5260610530' timestamp='2017-12-02T19:15:03Z' uid='1189910' user='Milancer' visible='true' version='1' changeset='54279212' lat='50.0100334' lon='14.3999292' />
  <node id='5260610531' timestamp='2017-12-02T19:15:03Z' uid='1189910' user='Milancer' visible='true' version='1' changeset='54279212' lat='50.0100442' lon='14.4002568' />
  <node id='5260610532' timestamp='2017-12-02T19:15:03Z' uid='1189910' user='Milancer' visible='true' version='1' changeset='54279212' lat='50.0101784' lon='14.4016937' />
  <node id='5260610533' timestamp='2017-12-02T19:15:03Z' uid='1189910' user='Milancer' visible='true' version='1' changeset='54279212' lat='50.0102602' lon='14.4023484' />
  <node id='5260610535' timestamp='2017-12-02T19:15:03Z' uid='1189910' user='Milancer' visible='true' version='1' changeset='54279212' lat='50.0114566' lon='14.4018211' />
  <node id='5260610536' timestamp='2018-10-24T06:34:22Z' uid='64876' user='Andreeeee' visible='true' version='2' changeset='63819425' lat='50.0116713' lon='14.401711' />
  <node id='6009243421' timestamp='2018-10-24T06:34:19Z' uid='64876' user='Andreeeee' visible='true' version='1' changeset='63819425' lat='50.0111207' lon='14.4010328' />
  <node id='6009243422' timestamp='2018-10-24T06:34:19Z' uid='64876' user='Andreeeee' visible='true' version='1' changeset='63819425' lat='50.0114709' lon='14.4009575' />
  <node id='6009243423' timestamp='2018-10-24T06:34:19Z' uid='64876' user='Andreeeee' visible='true' version='1' changeset='63819425' lat='50.0107071' lon='14.4021212' />
  <node id='6009243433' timestamp='2018-10-24T06:34:20Z' uid='64876' user='Andreeeee' visible='true' version='1' changeset='63819425' lat='50.0111114' lon='14.4019387' />
  <node id='6009243447' timestamp='2018-10-24T06:34:20Z' uid='64876' user='Andreeeee' visible='true' version='1' changeset='63819425' lat='50.0101491' lon='14.401598' />
  <node id='6009243448' timestamp='2018-10-24T06:34:20Z' uid='64876' user='Andreeeee' visible='true' version='1' changeset='63819425' lat='50.0104645' lon='14.4012198' />
  <node id='6009243449' timestamp='2018-10-24T06:34:20Z' uid='64876' user='Andreeeee' visible='true' version='1' changeset='63819425' lat='50.010423' lon='14.4001256' />
  <node id='6009243450' timestamp='2018-10-24T06:34:20Z' uid='64876' user='Andreeeee' visible='true' version='1' changeset='63819425' lat='50.0106279' lon='14.4000819' />
  <node id='6009243451' timestamp='2018-10-24T06:34:20Z' uid='64876' user='Andreeeee' visible='true' version='1' changeset='63819425' lat='50.010794' lon='14.4000214' />
  <node id='6009243452' timestamp='2018-10-24T06:34:20Z' uid='64876' user='Andreeeee' visible='true' version='1' changeset='63819425' lat='50.0110953' lon='14.4000214' />
  <node id='6009243453' timestamp='2018-10-24T06:34:20Z' uid='64876' user='Andreeeee' visible='true' version='1' changeset='63819425' lat='50.0114851' lon='14.3999735' />
  <node id='6009243454' timestamp='2018-10-24T06:34:20Z' uid='64876' user='Andreeeee' visible='true' version='1' changeset='63819425' lat='50.0114409' lon='14.4008467' />
  <node id='6009243455' timestamp='2018-10-24T06:34:20Z' uid='64876' user='Andreeeee' visible='true' version='1' changeset='63819425' lat='50.0110833' lon='14.4009614' />
  <node id='6009243456' timestamp='2018-10-24T06:34:20Z' uid='64876' user='Andreeeee' visible='true' version='1' changeset='63819425' lat='50.0110767' lon='14.4021211' />
  <node id='6009243462' timestamp='2018-10-24T06:34:20Z' uid='64876' user='Andreeeee' visible='true' version='1' changeset='63819425' lat='50.0110817' lon='14.4012386' />
  <node id='6009243464' timestamp='2018-10-24T06:34:20Z' uid='64876' user='Andreeeee' visible='true' version='1' changeset='63819425' lat='50.0107567' lon='14.4012214'>
    <tag k='entrance' v='yes' />
  </node>
  <node id='6009243465' timestamp='2018-10-24T06:34:20Z' uid='64876' user='Andreeeee' visible='true' version='1' changeset='63819425' lat='50.0112469' lon='14.3997838' />
  <node id='6009243466' timestamp='2018-10-24T06:34:20Z' uid='64876' user='Andreeeee' visible='true' version='1' changeset='63819425' lat='50.0112523' lon='14.3999092' />
  <node id='6009243467' timestamp='2018-10-24T06:34:20Z' uid='64876' user='Andreeeee' visible='true' version='1' changeset='63819425' lat='50.0109826' lon='14.3999375' />
  <node id='6009243468' timestamp='2018-10-24T06:34:20Z' uid='64876' user='Andreeeee' visible='true' version='1' changeset='63819425' lat='50.0109772' lon='14.3998122' />
  <node id='6009243469' timestamp='2018-10-24T06:34:20Z' uid='64876' user='Andreeeee' visible='true' version='1' changeset='63819425' lat='50.0100392' lon='14.3998907' />
  <node id='6009243470' timestamp='2018-10-24T06:34:20Z' uid='64876' user='Andreeeee' visible='true' version='1' changeset='63819425' lat='50.0118126' lon='14.3993491' />
  <node id='6009243471' timestamp='2018-10-24T06:34:20Z' uid='64876' user='Andreeeee' visible='true' version='1' changeset='63819425' lat='50.0126867' lon='14.3991354' />
  <node id='6009243472' timestamp='2018-10-24T06:34:20Z' uid='64876' user='Andreeeee' visible='true' version='1' changeset='63819425' lat='50.0143807' lon='14.3989729' />
  <node id='6009243473' timestamp='2018-10-24T06:34:20Z' uid='64876' user='Andreeeee' visible='true' version='1' changeset='63819425' lat='50.0146669' lon='14.3989879' />
  <node id='6009243474' timestamp='2018-10-24T06:34:20Z' uid='64876' user='Andreeeee' visible='true' version='1' changeset='63819425' lat='50.0158406' lon='14.399003' />
  <node id='6009243475' timestamp='2018-10-24T06:34:20Z' uid='64876' user='Andreeeee' visible='true' version='1' changeset='63819425' lat='50.0147906' lon='14.3987683' />
  <node id='6009243476' timestamp='2018-10-24T06:34:20Z' uid='64876' user='Andreeeee' visible='true' version='1' changeset='63819425' lat='50.0141216' lon='14.3987713' />
  <node id='6009243477' timestamp='2018-10-24T06:34:20Z' uid='64876' user='Andreeeee' visible='true' version='1' changeset='63819425' lat='50.0128801' lon='14.3988916' />
  <node id='6009243478' timestamp='2018-10-24T06:34:20Z' uid='64876' user='Andreeeee' visible='true' version='1' changeset='63819425' lat='50.0116308' lon='14.3991444' />
  <node id='6009243479' timestamp='2018-10-24T06:34:20Z' uid='64876' user='Andreeeee' visible='true' version='1' changeset='63819425' lat='50.0108108' lon='14.3993671' />
  <node id='6009243480' timestamp='2018-10-24T06:34:20Z' uid='64876' user='Andreeeee' visible='true' version='1' changeset='63819425' lat='50.0100547' lon='14.3996981' />
  <node id='6009243481' timestamp='2018-10-24T06:34:20Z' uid='64876' user='Andreeeee' visible='true' version='1' changeset='63819425' lat='50.0098375' lon='14.399766' />
  <node id='6009243482' timestamp='2018-10-24T06:34:20Z' uid='64876' user='Andreeeee' visible='true' version='1' changeset='63819425' lat='50.0089706' lon='14.4002819' />
  <node id='6009243483' timestamp='2018-10-24T06:34:20Z' uid='64876' user='Andreeeee' visible='true' version='1' changeset='63819425' lat='50.0105336' lon='14.3990287'>
    <tag k='leisure' v='playground' />
  </node>
  <node id='6009243484' timestamp='2018-10-24T06:34:20Z' uid='64876' user='Andreeeee' visible='true' version='1' changeset='63819425' lat='50.0100199' lon='14.3993555' />
  <node id='6009243485' timestamp='2018-10-24T06:34:20Z' uid='64876' user='Andreeeee' visible='true' version='1' changeset='63819425' lat='50.0148005' lon='14.3999519' />
  <node id='6009243486' timestamp='2018-10-24T06:34:20Z' uid='64876' user='Andreeeee' visible='true' version='1' changeset='63819425' lat='50.0147438' lon='14.4008678' />
  <node id='6009243487' timestamp='2018-10-24T06:34:20Z' uid='64876' user='Andreeeee' visible='true' version='1' changeset='63819425' lat='50.0147276' lon='14.400866' />
  <node id='6009243488' timestamp='2018-10-24T06:34:20Z' uid='64876' user='Andreeeee' visible='true' version='1' changeset='63819425' lat='50.0146548' lon='14.400857' />
  <node id='6009243507' timestamp='2018-10-24T06:34:21Z' uid='64876' user='Andreeeee' visible='true' version='1' changeset='63819425' lat='50.0147111' lon='14.3991739' />
  <node id='6009243508' timestamp='2018-10-24T06:34:21Z' uid='64876' user='Andreeeee' visible='true' version='1' changeset='63819425' lat='50.0146756' lon='14.3997453' />
  <node id='6009243509' timestamp='2018-10-24T06:34:21Z' uid='64876' user='Andreeeee' visible='true' version='1' changeset='63819425' lat='50.0140443' lon='14.3997744' />
  <node id='6009243510' timestamp='2018-10-24T06:34:21Z' uid='64876' user='Andreeeee' visible='true' version='1' changeset='63819425' lat='50.0137484' lon='14.399687' />
  <node id='6009243511' timestamp='2018-10-24T06:34:21Z' uid='64876' user='Andreeeee' visible='true' version='1' changeset='63819425' lat='50.0131865' lon='14.3997482' />
  <node id='6009243512' timestamp='2018-10-24T06:34:21Z' uid='64876' user='Andreeeee' visible='true' version='1' changeset='63819425' lat='50.0131584' lon='14.399171' />
  <node id='6009243513' timestamp='2018-10-24T06:34:21Z' uid='64876' user='Andreeeee' visible='true' version='1' changeset='63819425' lat='50.0137484' lon='14.3991098' />
  <node id='6009243514' timestamp='2018-10-24T06:34:21Z' uid='64876' user='Andreeeee' visible='true' version='1' changeset='63819425' lat='50.014211' lon='14.3991506' />
  <node id='6009243515' timestamp='2020-07-14T06:57:58Z' uid='1189910' user='Milancer' visible='true' version='2' changeset='87958669' lat='50.012453' lon='14.399856' />
  <node id='6009243516' timestamp='2018-10-24T06:34:21Z' uid='64876' user='Andreeeee' visible='true' version='1' changeset='63819425' lat='50.0116486' lon='14.3997832' />
  <node id='6009243517' timestamp='2018-10-24T06:34:21Z' uid='64876' user='Andreeeee' visible='true' version='1' changeset='63819425' lat='50.0116992' lon='14.4011998' />
  <node id='6009243518' timestamp='2018-10-24T06:34:21Z' uid='64876' user='Andreeeee' visible='true' version='1' changeset='63819425' lat='50.0122574' lon='14.4010773' />
  <node id='6009243519' timestamp='2018-10-24T06:34:21Z' uid='64876' user='Andreeeee' visible='true' version='1' changeset='63819425' lat='50.012366' lon='14.4008762' />
  <node id='6009243520' timestamp='2018-10-24T06:34:21Z' uid='64876' user='Andreeeee' visible='true' version='1' changeset='63819425' lat='50.012366' lon='14.3999143' />
  <node id='6009243521' action='delete' timestamp='2018-10-24T06:34:21Z' uid='64876' user='Andreeeee' visible='true' version='1' changeset='63819425' lat='50.0109898' lon='14.4012505' />
  <node id='6009243522' action='delete' timestamp='2018-10-24T06:34:21Z' uid='64876' user='Andreeeee' visible='true' version='1' changeset='63819425' lat='50.0109532' lon='14.4003768' />
  <node id='6009406374' timestamp='2018-10-24T07:50:33Z' uid='64876' user='Andreeeee' visible='true' version='1' changeset='63821814' lat='50.0212718' lon='14.3970743' />
  <node id='6009406376' timestamp='2018-10-24T07:50:33Z' uid='64876' user='Andreeeee' visible='true' version='1' changeset='63821814' lat='50.0149937' lon='14.3980554' />
  <node id='6009406377' timestamp='2018-10-24T07:50:33Z' uid='64876' user='Andreeeee' visible='true' version='1' changeset='63821814' lat='50.0146729' lon='14.3980757' />
  <node id='6009406378' timestamp='2018-11-08T09:30:05Z' uid='349591' user='Martin Kuzela' visible='true' version='2' changeset='64285938' lat='50.0150009' lon='14.3984746' />
  <node id='6009406381' timestamp='2018-11-08T09:30:05Z' uid='349591' user='Martin Kuzela' visible='true' version='2' changeset='64285938' lat='50.0146826' lon='14.3984725' />
  <node id='6045853890' timestamp='2018-11-08T09:52:59Z' uid='349591' user='Martin Kuzela' visible='true' version='1' changeset='64286536' lat='50.0150299' lon='14.398054' />
  <node id='6045853891' timestamp='2018-11-08T09:52:59Z' uid='349591' user='Martin Kuzela' visible='true' version='1' changeset='64286536' lat='50.0150378' lon='14.3986069' />
  <node id='6045853892' timestamp='2018-11-08T09:52:59Z' uid='349591' user='Martin Kuzela' visible='true' version='1' changeset='64286536' lat='50.0160749' lon='14.3988508' />
  <node id='6045853893' timestamp='2018-11-08T09:52:59Z' uid='349591' user='Martin Kuzela' visible='true' version='1' changeset='64286536' lat='50.0161193' lon='14.3971514' />
  <node id='6045853894' timestamp='2018-11-08T09:52:59Z' uid='349591' user='Martin Kuzela' visible='true' version='1' changeset='64286536' lat='50.0148915' lon='14.3973384' />
  <node id='6045853895' timestamp='2018-11-08T09:52:59Z' uid='349591' user='Martin Kuzela' visible='true' version='1' changeset='64286536' lat='50.0146041' lon='14.3974075' />
  <node id='6045853896' timestamp='2018-11-08T09:52:59Z' uid='349591' user='Martin Kuzela' visible='true' version='1' changeset='64286536' lat='50.0146015' lon='14.3976108' />
  <node id='6171685457' timestamp='2018-12-29T22:05:46Z' uid='1189910' user='Milancer' visible='true' version='1' changeset='65876469' lat='49.821515' lon='14.4433859' />
  <node id='6172824633' timestamp='2018-12-30T13:26:48Z' uid='1189910' user='Milancer' visible='true' version='1' changeset='65887381' lat='49.8214214' lon='14.4438073' />
  <node id='6172824634' timestamp='2018-12-30T13:26:48Z' uid='1189910' user='Milancer' visible='true' version='1' changeset='65887381' lat='49.8216429' lon='14.4452986' />
  <node id='6172824635' timestamp='2018-12-30T13:26:48Z' uid='1189910' user='Milancer' visible='true' version='1' changeset='65887381' lat='49.8219336' lon='14.4459853' />
  <node id='6172824636' timestamp='2018-12-30T13:26:48Z' uid='1189910' user='Milancer' visible='true' version='1' changeset='65887381' lat='49.8223627' lon='14.4465968' />
  <node id='6172824637' timestamp='2018-12-30T13:26:48Z' uid='1189910' user='Milancer' visible='true' version='1' changeset='65887381' lat='49.8238647' lon='14.4475624' />
  <node id='6172824638' timestamp='2018-12-30T13:26:48Z' uid='1189910' user='Milancer' visible='true' version='1' changeset='65887381' lat='49.8244116' lon='14.4477233' />
  <node id='6172824639' timestamp='2018-12-30T13:26:48Z' uid='1189910' user='Milancer' visible='true' version='1' changeset='65887381' lat='49.825429' lon='14.4475088' />
  <node id='6172824640' timestamp='2018-12-30T13:26:48Z' uid='1189910' user='Milancer' visible='true' version='1' changeset='65887381' lat='49.8260035' lon='14.447144' />
  <node id='6172824641' timestamp='2018-12-30T13:26:48Z' uid='1189910' user='Milancer' visible='true' version='1' changeset='65887381' lat='49.8277545' lon='14.4450411' />
  <node id='6172824642' timestamp='2018-12-30T13:26:48Z' uid='1189910' user='Milancer' visible='true' version='1' changeset='65887381' lat='49.829201' lon='14.4435498' />
  <node id='6172824643' timestamp='2018-12-30T13:26:48Z' uid='1189910' user='Milancer' visible='true' version='1' changeset='65887381' lat='49.8302045' lon='14.4431743' />
  <node id='6172824644' timestamp='2018-12-30T13:26:48Z' uid='1189910' user='Milancer' visible='true' version='1' changeset='65887381' lat='49.831208' lon='14.4433031' />
  <node id='6172824645' timestamp='2018-12-30T13:26:48Z' uid='1189910' user='Milancer' visible='true' version='1' changeset='65887381' lat='49.8319416' lon='14.444097' />
  <node id='6172824646' timestamp='2018-12-30T13:26:48Z' uid='1189910' user='Milancer' visible='true' version='1' changeset='65887381' lat='49.8326405' lon='14.4455561' />
  <node id='6172824647' timestamp='2018-12-30T13:26:48Z' uid='1189910' user='Milancer' visible='true' version='1' changeset='65887381' lat='49.8328481' lon='14.4468865' />
  <node id='6172824648' timestamp='2018-12-30T13:26:48Z' uid='1189910' user='Milancer' visible='true' version='1' changeset='65887381' lat='49.8327028' lon='14.4483027' />
  <node id='6172824649' timestamp='2018-12-30T13:26:48Z' uid='1189910' user='Milancer' visible='true' version='1' changeset='65887381' lat='49.8323499' lon='14.451575' />
  <node id='6172824650' timestamp='2018-12-30T13:26:48Z' uid='1189910' user='Milancer' visible='true' version='1' changeset='65887381' lat='49.8323776' lon='14.4522831' />
  <node id='6172824651' timestamp='2018-12-30T13:26:48Z' uid='1189910' user='Milancer' visible='true' version='1' changeset='65887381' lat='49.8327513' lon='14.4531307' />
  <node id='6172824652' timestamp='2018-12-30T13:26:48Z' uid='1189910' user='Milancer' visible='true' version='1' changeset='65887381' lat='49.8332426' lon='14.4533882' />
  <node id='6172824653' timestamp='2018-12-30T13:26:48Z' uid='1189910' user='Milancer' visible='true' version='1' changeset='65887381' lat='49.8342529' lon='14.4530341' />
  <node id='6172824654' timestamp='2018-12-30T13:26:48Z' uid='1189910' user='Milancer' visible='true' version='1' changeset='65887381' lat='49.8351595' lon='14.4517896' />
  <node id='6172824655' timestamp='2018-12-30T13:26:48Z' uid='1189910' user='Milancer' visible='true' version='1' changeset='65887381' lat='49.8379827' lon='14.447498' />
  <node id='6172824656' timestamp='2018-12-30T13:26:48Z' uid='1189910' user='Milancer' visible='true' version='1' changeset='65887381' lat='49.8391245' lon='14.4461891' />
  <node id='6172824657' timestamp='2018-12-30T13:26:48Z' uid='1189910' user='Milancer' visible='true' version='1' changeset='65887381' lat='49.8400032' lon='14.4458887' />
  <node id='6172824658' timestamp='2018-12-30T13:26:48Z' uid='1189910' user='Milancer' visible='true' version='1' changeset='65887381' lat='49.8407159' lon='14.446114' />
  <node id='6172824659' timestamp='2018-12-30T13:26:48Z' uid='1189910' user='Milancer' visible='true' version='1' changeset='65887381' lat='49.8413455' lon='14.4469401' />
  <node id='6172824660' timestamp='2018-12-30T13:26:48Z' uid='1189910' user='Milancer' visible='true' version='1' changeset='65887381' lat='49.8429023' lon='14.4491825' />
  <node id='6172824661' timestamp='2018-12-30T13:26:48Z' uid='1189910' user='Milancer' visible='true' version='1' changeset='65887381' lat='49.8451855' lon='14.4512531' />
  <node id='6172824662' timestamp='2018-12-30T13:26:48Z' uid='1189910' user='Milancer' visible='true' version='1' changeset='65887381' lat='49.8460088' lon='14.4516716' />
  <node id='6172824663' timestamp='2018-12-30T13:26:48Z' uid='1189910' user='Milancer' visible='true' version='1' changeset='65887381' lat='49.8465968' lon='14.4514462' />
  <node id='6172824664' timestamp='2018-12-30T13:26:48Z' uid='1189910' user='Milancer' visible='true' version='1' changeset='65887381' lat='49.8471088' lon='14.4502124' />
  <node id='6172824665' timestamp='2018-12-30T13:26:48Z' uid='1189910' user='Milancer' visible='true' version='1' changeset='65887381' lat='49.8474132' lon='14.448292' />
  <node id='6172824666' timestamp='2018-12-30T13:26:48Z' uid='1189910' user='Milancer' visible='true' version='1' changeset='65887381' lat='49.8474893' lon='14.4465754' />
  <node id='6172824667' timestamp='2018-12-30T13:26:48Z' uid='1189910' user='Milancer' visible='true' version='1' changeset='65887381' lat='49.8473025' lon='14.4414792' />
  <node id='6172824668' timestamp='2018-12-30T13:26:48Z' uid='1189910' user='Milancer' visible='true' version='1' changeset='65887381' lat='49.8469635' lon='14.4349668' />
  <node id='6172824669' timestamp='2018-12-30T13:26:48Z' uid='1189910' user='Milancer' visible='true' version='1' changeset='65887381' lat='49.845988' lon='14.4284651' />
  <node id='6172824670' timestamp='2018-12-30T13:26:48Z' uid='1189910' user='Milancer' visible='true' version='1' changeset='65887381' lat='49.8457459' lon='14.4255468' />
  <node id='6172824671' timestamp='2018-12-30T13:26:48Z' uid='1189910' user='Milancer' visible='true' version='1' changeset='65887381' lat='49.8462094' lon='14.4240019' />
  <node id='6172824672' timestamp='2018-12-30T13:26:48Z' uid='1189910' user='Milancer' visible='true' version='1' changeset='65887381' lat='49.8469279' lon='14.422627' />
  <node id='6172824673' timestamp='2018-12-30T13:26:48Z' uid='1189910' user='Milancer' visible='true' version='1' changeset='65887381' lat='49.8480683' lon='14.4200414' />
  <node id='6172824674' timestamp='2018-12-30T13:26:48Z' uid='1189910' user='Milancer' visible='true' version='1' changeset='65887381' lat='49.8489255' lon='14.4184274' />
  <node id='6172824675' timestamp='2018-12-30T13:26:48Z' uid='1189910' user='Milancer' visible='true' version='1' changeset='65887381' lat='49.8511143' lon='14.4163825' />
  <node id='6172824676' timestamp='2018-12-30T13:26:48Z' uid='1189910' user='Milancer' visible='true' version='1' changeset='65887381' lat='49.8521026' lon='14.4154271' />
  <node id='6172824677' timestamp='2018-12-30T13:26:48Z' uid='1189910' user='Milancer' visible='true' version='1' changeset='65887381' lat='49.8529414' lon='14.4140245' />
  <node id='6172824678' timestamp='2018-12-30T13:26:48Z' uid='1189910' user='Milancer' visible='true' version='1' changeset='65887381' lat='49.8534132' lon='14.4118617' />
  <node id='6172824679' timestamp='2018-12-30T13:26:48Z' uid='1189910' user='Milancer' visible='true' version='1' changeset='65887381' lat='49.8534499' lon='14.4102192' />
  <node id='6172824680' timestamp='2018-12-30T13:26:48Z' uid='1189910' user='Milancer' visible='true' version='1' changeset='65887381' lat='49.8531353' lon='14.4068652' />
  <node id='6172824681' timestamp='2018-12-30T13:26:48Z' uid='1189910' user='Milancer' visible='true' version='1' changeset='65887381' lat='49.8530665' lon='14.4052776' />
  <node id='6172824682' timestamp='2018-12-30T13:26:48Z' uid='1189910' user='Milancer' visible='true' version='1' changeset='65887381' lat='49.8530731' lon='14.4036897' />
  <node id='6172824683' timestamp='2018-12-30T13:26:48Z' uid='1189910' user='Milancer' visible='true' version='1' changeset='65887381' lat='49.8546055' lon='14.4004846' />
  <node id='6172824685' timestamp='2018-12-30T13:26:48Z' uid='1189910' user='Milancer' visible='true' version='1' changeset='65887381' lat='49.8559461' lon='14.3988089' />
  <node id='6172824686' timestamp='2018-12-30T13:26:48Z' uid='1189910' user='Milancer' visible='true' version='1' changeset='65887381' lat='49.8570346' lon='14.3980633' />
  <node id='6172824687' timestamp='2018-12-30T13:26:48Z' uid='1189910' user='Milancer' visible='true' version='1' changeset='65887381' lat='49.8588223' lon='14.3973608' />
  <node id='6172824688' timestamp='2018-12-30T13:26:48Z' uid='1189910' user='Milancer' visible='true' version='1' changeset='65887381' lat='49.8600259' lon='14.3971205' />
  <node id='6172824689' timestamp='2018-12-30T13:26:48Z' uid='1189910' user='Milancer' visible='true' version='1' changeset='65887381' lat='49.8621909' lon='14.3969664' />
  <node id='6172824690' timestamp='2018-12-30T13:26:48Z' uid='1189910' user='Milancer' visible='true' version='1' changeset='65887381' lat='49.8637122' lon='14.3968185' />
  <node id='6172824691' timestamp='2018-12-30T13:26:48Z' uid='1189910' user='Milancer' visible='true' version='1' changeset='65887381' lat='49.865873' lon='14.396116' />
  <node id='6172824692' timestamp='2018-12-30T13:26:48Z' uid='1189910' user='Milancer' visible='true' version='1' changeset='65887381' lat='49.8682403' lon='14.3952041' />
  <node id='6172824693' timestamp='2018-12-30T13:26:48Z' uid='1189910' user='Milancer' visible='true' version='1' changeset='65887381' lat='49.871358' lon='14.3939038' />
  <node id='6172824694' timestamp='2018-12-30T13:26:48Z' uid='1189910' user='Milancer' visible='true' version='1' changeset='65887381' lat='49.8766657' lon='14.3916239' />
  <node id='6172824695' timestamp='2018-12-30T13:26:48Z' uid='1189910' user='Milancer' visible='true' version='1' changeset='65887381' lat='49.8803513' lon='14.3916806' />
  <node id='6172824696' timestamp='2018-12-30T13:26:48Z' uid='1189910' user='Milancer' visible='true' version='1' changeset='65887381' lat='49.8835897' lon='14.3906188' />
  <node id='6172824697' timestamp='2018-12-30T13:26:48Z' uid='1189910' user='Milancer' visible='true' version='1' changeset='65887381' lat='49.8850401' lon='14.3906188' />
  <node id='6172824698' timestamp='2018-12-30T13:26:49Z' uid='1189910' user='Milancer' visible='true' version='1' changeset='65887381' lat='49.886162' lon='14.3920203' />
  <node id='6172824699' timestamp='2018-12-30T13:26:49Z' uid='1189910' user='Milancer' visible='true' version='1' changeset='65887381' lat='49.888723' lon='14.3978852' />
  <node id='6172824700' timestamp='2018-12-30T13:26:49Z' uid='1189910' user='Milancer' visible='true' version='1' changeset='65887381' lat='49.8891027' lon='14.3986623' />
  <node id='6172824701' timestamp='2018-12-30T13:26:49Z' uid='1189910' user='Milancer' visible='true' version='1' changeset='65887381' lat='49.8900793' lon='14.4008006' />
  <node id='6172824702' timestamp='2018-12-30T13:26:49Z' uid='1189910' user='Milancer' visible='true' version='1' changeset='65887381' lat='49.890389' lon='14.4013244' />
  <node id='6172824704' timestamp='2018-12-30T13:26:49Z' uid='1189910' user='Milancer' visible='true' version='1' changeset='65887381' lat='49.8916529' lon='14.4023129' />
  <node id='6172824705' timestamp='2018-12-30T13:26:49Z' uid='1189910' user='Milancer' visible='true' version='1' changeset='65887381' lat='49.8928397' lon='14.4027268' />
  <node id='6172824706' timestamp='2018-12-30T13:26:49Z' uid='1189910' user='Milancer' visible='true' version='1' changeset='65887381' lat='49.8936484' lon='14.4025444' />
  <node id='6172824707' timestamp='2018-12-30T13:26:49Z' uid='1189910' user='Milancer' visible='true' version='1' changeset='65887381' lat='49.8958808' lon='14.4012998' />
  <node id='6172824708' timestamp='2018-12-30T13:26:49Z' uid='1189910' user='Milancer' visible='true' version='1' changeset='65887381' lat='49.8992741' lon='14.3994545' />
  <node id='6172824709' timestamp='2018-12-30T13:26:49Z' uid='1189910' user='Milancer' visible='true' version='1' changeset='65887381' lat='49.9052309' lon='14.3966542' />
  <node id='6172824710' timestamp='2018-12-30T13:26:49Z' uid='1189910' user='Milancer' visible='true' version='1' changeset='65887381' lat='49.9078497' lon='14.3943154' />
  <node id='6172824711' timestamp='2018-12-30T13:26:49Z' uid='1189910' user='Milancer' visible='true' version='1' changeset='65887381' lat='49.9112836' lon='14.3880712' />
  <node id='6172824712' timestamp='2018-12-30T13:26:49Z' uid='1189910' user='Milancer' visible='true' version='1' changeset='65887381' lat='49.9153321' lon='14.3815159' />
  <node id='6172824713' timestamp='2019-10-29T19:04:04Z' uid='1189910' user='Milancer' visible='true' version='2' changeset='76361636' lat='49.9184682' lon='14.3769871' />
  <node id='6172824714' timestamp='2018-12-30T13:26:49Z' uid='1189910' user='Milancer' visible='true' version='1' changeset='65887381' lat='49.9239601' lon='14.3734692' />
  <node id='6172824715' timestamp='2018-12-30T13:26:49Z' uid='1189910' user='Milancer' visible='true' version='1' changeset='65887381' lat='49.9289469' lon='14.3702935' />
  <node id='6172824716' timestamp='2018-12-30T13:26:49Z' uid='1189910' user='Milancer' visible='true' version='1' changeset='65887381' lat='49.9338572' lon='14.3703364' />
  <node id='6172824717' timestamp='2018-12-30T13:26:49Z' uid='1189910' user='Milancer' visible='true' version='1' changeset='65887381' lat='49.9371097' lon='14.37142' />
  <node id='6172824718' timestamp='2018-12-30T13:26:49Z' uid='1189910' user='Milancer' visible='true' version='1' changeset='65887381' lat='49.9378538' lon='14.3724213' />
  <node id='6172824719' timestamp='2018-12-30T13:26:49Z' uid='1189910' user='Milancer' visible='true' version='1' changeset='65887381' lat='49.939575' lon='14.37549' />
  <node id='6172824720' timestamp='2018-12-30T13:26:49Z' uid='1189910' user='Milancer' visible='true' version='1' changeset='65887381' lat='49.9404198' lon='14.3772955' />
  <node id='6172824721' timestamp='2018-12-30T13:26:49Z' uid='1189910' user='Milancer' visible='true' version='1' changeset='65887381' lat='49.9408441' lon='14.378454' />
  <node id='6172824722' timestamp='2018-12-30T13:26:49Z' uid='1189910' user='Milancer' visible='true' version='1' changeset='65887381' lat='49.9416016' lon='14.3803581' />
  <node id='6172824723' timestamp='2018-12-30T13:26:49Z' uid='1189910' user='Milancer' visible='true' version='1' changeset='65887381' lat='49.9420061' lon='14.3822807' />
  <node id='6172824724' timestamp='2018-12-30T13:26:49Z' uid='1189910' user='Milancer' visible='true' version='1' changeset='65887381' lat='49.942014' lon='14.3850598' />
  <node id='6172824725' timestamp='2018-12-30T13:26:49Z' uid='1189910' user='Milancer' visible='true' version='1' changeset='65887381' lat='49.9418633' lon='14.3869824' />
  <node id='6172824726' timestamp='2018-12-30T13:26:49Z' uid='1189910' user='Milancer' visible='true' version='1' changeset='65887381' lat='49.9417523' lon='14.3904516' />
  <node id='6172824727' timestamp='2018-12-30T13:26:49Z' uid='1189910' user='Milancer' visible='true' version='1' changeset='65887381' lat='49.9418911' lon='14.3926638' />
  <node id='6172824728' timestamp='2018-12-30T13:26:49Z' uid='1189910' user='Milancer' visible='true' version='1' changeset='65887381' lat='49.9422638' lon='14.3942598' />
  <node id='6172824729' timestamp='2018-12-30T13:26:49Z' uid='1189910' user='Milancer' visible='true' version='1' changeset='65887381' lat='49.9428468' lon='14.3952827' />
  <node id='6172824730' timestamp='2018-12-30T13:26:49Z' uid='1189910' user='Milancer' visible='true' version='1' changeset='65887381' lat='49.943624' lon='14.3958126' />
  <node id='6172824731' timestamp='2018-12-30T13:26:49Z' uid='1189910' user='Milancer' visible='true' version='1' changeset='65887381' lat='49.9443021' lon='14.3960098' />
  <node id='6172824732' timestamp='2018-12-30T13:26:49Z' uid='1189910' user='Milancer' visible='true' version='1' changeset='65887381' lat='49.9451151' lon='14.3958866' />
  <node id='6172824733' timestamp='2018-12-30T13:26:49Z' uid='1189910' user='Milancer' visible='true' version='1' changeset='65887381' lat='49.945583' lon='14.395597' />
  <node id='6172824734' timestamp='2018-12-30T13:26:49Z' uid='1189910' user='Milancer' visible='true' version='1' changeset='65887381' lat='49.9482675' lon='14.3937545' />
  <node id='6172824735' timestamp='2018-12-30T13:26:49Z' uid='1189910' user='Milancer' visible='true' version='1' changeset='65887381' lat='49.9507972' lon='14.3925467' />
  <node id='6172824736' timestamp='2018-12-30T13:26:49Z' uid='1189910' user='Milancer' visible='true' version='1' changeset='65887381' lat='49.9515505' lon='14.392442' />
  <node id='6172824737' timestamp='2018-12-30T13:26:49Z' uid='1189910' user='Milancer' visible='true' version='1' changeset='65887381' lat='49.9536836' lon='14.3926823' />
  <node id='6172824738' timestamp='2018-12-30T13:26:49Z' uid='1189910' user='Milancer' visible='true' version='1' changeset='65887381' lat='49.9575253' lon='14.3936251' />
  <node id='6172824739' timestamp='2018-12-30T13:26:49Z' uid='1189910' user='Milancer' visible='true' version='1' changeset='65887381' lat='49.9604866' lon='14.3954614' />
  <node id='6172824740' timestamp='2018-12-30T13:26:49Z' uid='1189910' user='Milancer' visible='true' version='1' changeset='65887381' lat='49.9627303' lon='14.3965028' />
  <node id='6172824741' timestamp='2018-12-30T13:26:49Z' uid='1189910' user='Milancer' visible='true' version='1' changeset='65887381' lat='49.9639393' lon='14.3970574' />
  <node id='6172824742' timestamp='2018-12-30T13:26:49Z' uid='1189910' user='Milancer' visible='true' version='1' changeset='65887381' lat='49.9669716' lon='14.3978276' />
  <node id='6172824743' timestamp='2018-12-30T13:26:49Z' uid='1189910' user='Milancer' visible='true' version='1' changeset='65887381' lat='49.968882' lon='14.3981604' />
  <node id='6172824744' timestamp='2018-12-30T13:26:49Z' uid='1189910' user='Milancer' visible='true' version='1' changeset='65887381' lat='49.9701265' lon='14.3979201' />
  <node id='6172824745' timestamp='2018-12-30T13:26:49Z' uid='1189910' user='Milancer' visible='true' version='1' changeset='65887381' lat='49.9732734' lon='14.3977229' />
  <node id='6172824746' timestamp='2018-12-30T13:26:49Z' uid='1189910' user='Milancer' visible='true' version='1' changeset='65887381' lat='49.97663' lon='14.397575' />
  <node id='6172824747' timestamp='2018-12-30T13:26:49Z' uid='1189910' user='Milancer' visible='true' version='1' changeset='65887381' lat='49.9798755' lon='14.3976736' />
  <node id='6172824748' timestamp='2018-12-30T13:26:49Z' uid='1189910' user='Milancer' visible='true' version='1' changeset='65887381' lat='49.9817616' lon='14.3979016' />
  <node id='6172824749' timestamp='2018-12-30T13:26:49Z' uid='1189910' user='Milancer' visible='true' version='1' changeset='65887381' lat='49.9831445' lon='14.3984623' />
  <node id='6172824750' timestamp='2018-12-30T13:26:49Z' uid='1189910' user='Milancer' visible='true' version='1' changeset='65887381' lat='49.9860963' lon='14.4002555' />
  <node id='6172824751' timestamp='2018-12-30T13:26:49Z' uid='1189910' user='Milancer' visible='true' version='1' changeset='65887381' lat='49.9879664' lon='14.4004219' />
  <node id='6172824752' timestamp='2018-12-30T13:26:49Z' uid='1189910' user='Milancer' visible='true' version='1' changeset='65887381' lat='49.9894402' lon='14.4003356' />
  <node id='6172824753' timestamp='2018-12-30T13:26:49Z' uid='1189910' user='Milancer' visible='true' version='1' changeset='65887381' lat='49.992356' lon='14.4004096' />
  <node id='6172824754' timestamp='2018-12-30T13:26:49Z' uid='1189910' user='Milancer' visible='true' version='1' changeset='65887381' lat='49.9929779' lon='14.4005636' />
  <node id='6172824755' timestamp='2018-12-30T13:26:49Z' uid='1189910' user='Milancer' visible='true' version='1' changeset='65887381' lat='49.9957826' lon='14.401568' />
  <node id='6172824756' timestamp='2018-12-30T13:26:49Z' uid='1189910' user='Milancer' visible='true' version='1' changeset='65887381' lat='49.9975572' lon='14.4020055' />
  <node id='6172824757' timestamp='2018-12-30T13:26:49Z' uid='1189910' user='Milancer' visible='true' version='1' changeset='65887381' lat='50.000017' lon='14.4022767' />
  <node id='6172824758' timestamp='2018-12-30T13:26:49Z' uid='1189910' user='Milancer' visible='true' version='1' changeset='65887381' lat='50.0038668' lon='14.4015249' />
  <node id='6172824759' timestamp='2018-12-30T13:26:49Z' uid='1189910' user='Milancer' visible='true' version='1' changeset='65887381' lat='50.0071738' lon='14.4001446' />
  <node id='6172824760' timestamp='2018-12-30T13:26:49Z' uid='1189910' user='Milancer' visible='true' version='1' changeset='65887381' lat='50.008152' lon='14.3995838' />
  <node id='6172824761' timestamp='2018-12-30T13:26:49Z' uid='1189910' user='Milancer' visible='true' version='1' changeset='65887381' lat='50.0109716' lon='14.3979694' />
  <node id='6172824762' timestamp='2018-12-30T13:26:49Z' uid='1189910' user='Milancer' visible='true' version='1' changeset='65887381' lat='50.0136208' lon='14.3970142' />
  <node id='6172824763' timestamp='2018-12-30T13:26:49Z' uid='1189910' user='Milancer' visible='true' version='1' changeset='65887381' lat='50.0160838' lon='14.3964165' />
  <node id='6172824764' timestamp='2018-12-30T13:26:49Z' uid='1189910' user='Milancer' visible='true' version='1' changeset='65887381' lat='50.0193147' lon='14.3961207' />
  <node id='6172824765' timestamp='2018-12-30T13:26:49Z' uid='1189910' user='Milancer' visible='true' version='1' changeset='65887381' lat='50.0222484' lon='14.3961146' />
  <node id='6172824766' timestamp='2018-12-30T13:26:49Z' uid='1189910' user='Milancer' visible='true' version='1' changeset='65887381' lat='50.0252216' lon='14.3968725' />
  <node id='6172824767' timestamp='2018-12-30T13:26:49Z' uid='1189910' user='Milancer' visible='true' version='1' changeset='65887381' lat='50.0271416' lon='14.3977352' />
  <node id='6172824768' timestamp='2018-12-30T13:26:49Z' uid='1189910' user='Milancer' visible='true' version='1' changeset='65887381' lat='50.0309576' lon='14.4004034' />
  <node id='6172824769' timestamp='2018-12-30T13:26:49Z' uid='1189910' user='Milancer' visible='true' version='1' changeset='65887381' lat='50.0351296' lon='14.404039' />
  <node id='6172824770' timestamp='2018-12-30T13:26:50Z' uid='1189910' user='Milancer' visible='true' version='1' changeset='65887381' lat='50.0380149' lon='14.4060725' />
  <node id='6172824771' timestamp='2018-12-30T13:26:50Z' uid='1189910' user='Milancer' visible='true' version='1' changeset='65887381' lat='50.0411573' lon='14.4083155' />
  <node id='6172824772' timestamp='2018-12-30T13:26:50Z' uid='1189910' user='Milancer' visible='true' version='1' changeset='65887381' lat='50.0429342' lon='14.4096527' />
  <node id='6172824773' timestamp='2018-12-30T13:26:50Z' uid='1189910' user='Milancer' visible='true' version='1' changeset='65887381' lat='50.0442084' lon='14.4102628' />
  <node id='6172824774' timestamp='2018-12-30T13:26:50Z' uid='1189910' user='Milancer' visible='true' version='1' changeset='65887381' lat='50.0473227' lon='14.4116616' />
  <node id='6172824775' timestamp='2018-12-30T13:26:50Z' uid='1189910' user='Milancer' visible='true' version='1' changeset='65887381' lat='50.0502548' lon='14.4128447' />
  <node id='6172824776' timestamp='2018-12-30T13:26:50Z' uid='1189910' user='Milancer' visible='true' version='1' changeset='65887381' lat='50.0532697' lon='14.4142743' />
  <node id='6172824777' timestamp='2018-12-30T13:26:50Z' uid='1189910' user='Milancer' visible='true' version='1' changeset='65887381' lat='50.0576653' lon='14.4163263' />
  <node id='6172824778' timestamp='2018-12-30T13:26:50Z' uid='1189910' user='Milancer' visible='true' version='1' changeset='65887381' lat='50.0590776' lon='14.4165111' />
  <node id='6172824779' timestamp='2018-12-30T13:26:50Z' uid='1189910' user='Milancer' visible='true' version='1' changeset='65887381' lat='50.0626498' lon='14.4157285' />
  <node id='6172824780' timestamp='2018-12-30T13:26:50Z' uid='1189910' user='Milancer' visible='true' version='1' changeset='65887381' lat='50.0660793' lon='14.4137752' />
  <node id='6172824781' timestamp='2018-12-30T13:26:50Z' uid='1189910' user='Milancer' visible='true' version='1' changeset='65887381' lat='50.0672461' lon='14.4132452' />
  <node id='6172824782' timestamp='2018-12-30T13:26:50Z' uid='1189910' user='Milancer' visible='true' version='1' changeset='65887381' lat='50.0703629' lon='14.4139292' />
  <node id='6191316419' timestamp='2019-01-08T03:11:59Z' uid='3003739' user='r00tcz' visible='true' version='1' changeset='66115731' lat='50.0132226' lon='14.3985234' />
  <node id='6191316420' timestamp='2019-01-08T03:11:59Z' uid='3003739' user='r00tcz' visible='true' version='1' changeset='66115731' lat='50.0132243' lon='14.3985703' />
  <node id='6191316421' timestamp='2019-01-08T03:11:59Z' uid='3003739' user='r00tcz' visible='true' version='1' changeset='66115731' lat='50.0131988' lon='14.3985725' />
  <node id='6191316422' timestamp='2019-01-08T03:11:59Z' uid='3003739' user='r00tcz' visible='true' version='1' changeset='66115731' lat='50.0131972' lon='14.3985256' />
  <node id='6727152730' timestamp='2019-08-20T16:34:05Z' uid='25867' user='adamos' visible='true' version='1' changeset='73548305' lat='50.0181574' lon='14.4025977' />
  <node id='6855893851' timestamp='2019-10-06T19:17:16Z' uid='1189910' user='Milancer' visible='true' version='1' changeset='75348843' lat='50.0077133' lon='14.4008679' />
  <node id='6855893860' timestamp='2019-10-06T19:17:16Z' uid='1189910' user='Milancer' visible='true' version='1' changeset='75348843' lat='50.0076451' lon='14.4000172' />
  <node id='6855893863' timestamp='2020-10-19T19:33:14Z' uid='1189910' user='Milancer' visible='true' version='2' changeset='92726530' lat='50.0095102' lon='14.3987501' />
  <node id='6855893864' timestamp='2020-10-19T19:33:14Z' uid='1189910' user='Milancer' visible='true' version='2' changeset='92726530' lat='50.0095108' lon='14.3988446' />
  <node id='6855893865' timestamp='2019-10-06T19:17:16Z' uid='1189910' user='Milancer' visible='true' version='1' changeset='75348843' lat='50.009554' lon='14.3989057' />
  <node id='6855893866' timestamp='2020-10-19T19:33:14Z' uid='1189910' user='Milancer' visible='true' version='2' changeset='92726530' lat='50.0086397' lon='14.3992489' />
  <node id='6855893867' timestamp='2020-10-19T19:33:14Z' uid='1189910' user='Milancer' visible='true' version='2' changeset='92726530' lat='50.0086433' lon='14.3993452' />
  <node id='6855893868' timestamp='2019-10-06T19:17:16Z' uid='1189910' user='Milancer' visible='true' version='1' changeset='75348843' lat='50.008686' lon='14.399409' />
  <node id='6855893869' timestamp='2020-10-19T19:33:14Z' uid='1189910' user='Milancer' visible='true' version='2' changeset='92726530' lat='50.0077331' lon='14.3997606' />
  <node id='6855893870' timestamp='2020-10-19T19:33:14Z' uid='1189910' user='Milancer' visible='true' version='2' changeset='92726530' lat='50.007766' lon='14.399914' />
  <node id='6855893871' timestamp='2020-10-19T19:33:14Z' uid='1189910' user='Milancer' visible='true' version='2' changeset='92726530' lat='50.007749' lon='14.3998346' />
  <node id='6928122290' timestamp='2019-10-29T19:04:04Z' uid='1189910' user='Milancer' visible='true' version='1' changeset='76361636' lat='49.917996' lon='14.377557' />
  <node id='6935054025' timestamp='2019-10-31T14:10:30Z' uid='10293562' user='Pixxlic' visible='true' version='1' changeset='76453757' lat='49.9748267' lon='14.3973294' />
  <node id='6935054026' timestamp='2019-10-31T14:10:30Z' uid='10293562' user='Pixxlic' visible='true' version='1' changeset='76453757' lat='49.9750235' lon='14.3976425' />
  <node id='6935054027' timestamp='2019-10-31T14:10:30Z' uid='10293562' user='Pixxlic' visible='true' version='1' changeset='76453757' lat='49.9745555' lon='14.397631' />
  <node id='7159462793' timestamp='2020-01-25T21:21:45Z' uid='6588887' user='Martin2035' visible='true' version='1' changeset='80084303' lat='50.0185474' lon='14.402062' />
  <node id='7159462794' timestamp='2020-01-25T21:21:45Z' uid='6588887' user='Martin2035' visible='true' version='1' changeset='80084303' lat='50.0184659' lon='14.4021558' />
  <node id='7201607659' timestamp='2020-02-10T20:35:22Z' uid='1189910' user='Milancer' visible='true' version='1' changeset='80814365' lat='50.0048645' lon='14.4010651' />
  <node id='7301398113' timestamp='2020-03-17T07:32:19Z' uid='6588887' user='Martin2035' visible='true' version='1' changeset='82289806' lat='50.00278' lon='14.4027576' />
  <node id='7301398124' timestamp='2020-03-17T07:32:19Z' uid='6588887' user='Martin2035' visible='true' version='1' changeset='82289806' lat='50.001419' lon='14.4029902' />
  <node id='7301398137' timestamp='2020-03-17T07:32:19Z' uid='6588887' user='Martin2035' visible='true' version='1' changeset='82289806' lat='50.0010272' lon='14.403019' />
  <node id='7301398139' timestamp='2020-03-17T07:32:19Z' uid='6588887' user='Martin2035' visible='true' version='1' changeset='82289806' lat='50.0001406' lon='14.403126' />
  <node id='7301398141' timestamp='2020-03-17T07:32:19Z' uid='6588887' user='Martin2035' visible='true' version='1' changeset='82289806' lat='50.0005728' lon='14.4030852' />
  <node id='7385114794' timestamp='2020-04-09T11:12:02Z' uid='102554' user='Jezevec' visible='true' version='1' changeset='83304286' lat='50.0122517' lon='14.3979867' />
  <node id='7385114795' timestamp='2020-04-09T11:12:02Z' uid='102554' user='Jezevec' visible='true' version='1' changeset='83304286' lat='50.0111529' lon='14.3983635' />
  <node id='7385114796' timestamp='2020-04-09T11:12:02Z' uid='102554' user='Jezevec' visible='true' version='1' changeset='83304286' lat='50.0098343' lon='14.3996037' />
  <node id='7385114797' timestamp='2020-04-09T11:12:02Z' uid='102554' user='Jezevec' visible='true' version='1' changeset='83304286' lat='50.0099713' lon='14.3996041' />
  <node id='7385114798' timestamp='2020-04-09T11:12:02Z' uid='102554' user='Jezevec' visible='true' version='1' changeset='83304286' lat='50.0099954' lon='14.3993519' />
  <node id='7385114799' timestamp='2020-04-09T11:12:02Z' uid='102554' user='Jezevec' visible='true' version='1' changeset='83304286' lat='50.0100066' lon='14.3992969' />
  <node id='7385114800' timestamp='2020-04-09T11:12:02Z' uid='102554' user='Jezevec' visible='true' version='1' changeset='83304286' lat='50.0100032' lon='14.3994619' />
  <node id='7385114801' timestamp='2020-04-09T11:12:02Z' uid='102554' user='Jezevec' visible='true' version='1' changeset='83304286' lat='50.0099592' lon='14.3996885' />
  <node id='7385114802' timestamp='2020-04-09T11:12:02Z' uid='102554' user='Jezevec' visible='true' version='1' changeset='83304286' lat='50.0105151' lon='14.3986545' />
  <node id='7385114803' timestamp='2020-04-09T11:12:02Z' uid='102554' user='Jezevec' visible='true' version='1' changeset='83304286' lat='50.0105832' lon='14.3986009' />
  <node id='7712810915' timestamp='2020-07-14T06:57:58Z' uid='1189910' user='Milancer' visible='true' version='1' changeset='87958669' lat='50.0160845' lon='14.4016419' />
  <node id='7712810916' timestamp='2020-07-14T06:57:58Z' uid='1189910' user='Milancer' visible='true' version='1' changeset='87958669' lat='50.0180021' lon='14.4001226' />
  <node id='7712810917' timestamp='2020-07-14T06:57:58Z' uid='1189910' user='Milancer' visible='true' version='1' changeset='87958669' lat='50.0176495' lon='14.3999912' />
  <node id='7712810918' timestamp='2020-07-14T06:57:58Z' uid='1189910' user='Milancer' visible='true' version='1' changeset='87958669' lat='50.0178126' lon='14.4004676' />
  <node id='7712810919' timestamp='2020-07-14T06:57:58Z' uid='1189910' user='Milancer' visible='true' version='1' changeset='87958669' lat='50.0179027' lon='14.4007211' />
  <node id='7712810920' timestamp='2020-07-14T06:57:58Z' uid='1189910' user='Milancer' visible='true' version='1' changeset='87958669' lat='50.0177336' lon='14.400021' />
  <node id='7712810921' timestamp='2020-07-14T06:57:58Z' uid='1189910' user='Milancer' visible='true' version='1' changeset='87958669' lat='50.0179406' lon='14.400516' />
  <node id='7712810946' timestamp='2020-07-14T06:57:58Z' uid='1189910' user='Milancer' visible='true' version='1' changeset='87958669' lat='50.0175885' lon='14.4003823' />
  <node id='7712810947' timestamp='2020-07-14T06:57:58Z' uid='1189910' user='Milancer' visible='true' version='1' changeset='87958669' lat='50.01778' lon='14.4006741' />
  <node id='7712810948' timestamp='2020-07-14T06:57:58Z' uid='1189910' user='Milancer' visible='true' version='1' changeset='87958669' lat='50.0176721' lon='14.4004144' />
  <node id='7712821090' timestamp='2020-07-14T06:57:58Z' uid='1189910' user='Milancer' visible='true' version='1' changeset='87958669' lat='50.0116499' lon='14.39949' />
  <node id='7712821091' timestamp='2020-07-14T06:57:58Z' uid='1189910' user='Milancer' visible='true' version='1' changeset='87958669' lat='50.0126912' lon='14.3991975' />
  <node id='7712821092' timestamp='2020-07-14T06:57:58Z' uid='1189910' user='Milancer' visible='true' version='1' changeset='87958669' lat='50.0127498' lon='14.3998238' />
  <node id='7712821093' timestamp='2020-07-14T06:57:58Z' uid='1189910' user='Milancer' visible='true' version='1' changeset='87958669' lat='50.0120849' lon='14.3996487' />
  <node id='7712821094' timestamp='2020-07-14T06:57:58Z' uid='1189910' user='Milancer' visible='true' version='1' changeset='87958669' lat='50.0117297' lon='14.3995843' />
  <node id='7712821095' timestamp='2020-07-14T06:57:58Z' uid='1189910' user='Milancer' visible='true' version='1' changeset='87958669' lat='50.0116935' lon='14.4000668' />
  <node id='7712821096' timestamp='2020-07-14T06:57:58Z' uid='1189910' user='Milancer' visible='true' version='1' changeset='87958669' lat='50.0120487' lon='14.4001313' />
  <node id='7712821097' timestamp='2020-07-14T06:57:58Z' uid='1189910' user='Milancer' visible='true' version='1' changeset='87958669' lat='50.012598' lon='14.3993503' />
  <node id='7712821098' timestamp='2020-07-14T06:57:58Z' uid='1189910' user='Milancer' visible='true' version='1' changeset='87958669' lat='50.0122178' lon='14.3993459' />
  <node id='7712821099' timestamp='2020-07-14T06:57:58Z' uid='1189910' user='Milancer' visible='true' version='1' changeset='87958669' lat='50.0122155' lon='14.3998245' />
  <node id='7712821100' timestamp='2020-07-14T06:57:58Z' uid='1189910' user='Milancer' visible='true' version='1' changeset='87958669' lat='50.0125957' lon='14.3998289' />
  <node id='7712821101' timestamp='2020-07-14T06:57:58Z' uid='1189910' user='Milancer' visible='true' version='1' changeset='87958669' lat='50.0122014' lon='14.3992948' />
  <node id='7782916574' timestamp='2020-08-04T05:54:20Z' uid='2169558' user='JandaM' visible='true' version='1' changeset='88907479' lat='50.0163699' lon='14.3998644' />
  <node id='7782916575' timestamp='2020-08-04T05:54:20Z' uid='2169558' user='JandaM' visible='true' version='1' changeset='88907479' lat='50.0168763' lon='14.4000397' />
  <node id='7782916576' timestamp='2020-08-04T05:54:20Z' uid='2169558' user='JandaM' visible='true' version='1' changeset='88907479' lat='50.0168548' lon='14.4001895' />
  <node id='7782916577' timestamp='2020-08-04T05:54:20Z' uid='2169558' user='JandaM' visible='true' version='1' changeset='88907479' lat='50.0166627' lon='14.4001272' />
  <node id='7782916578' timestamp='2020-08-04T05:54:20Z' uid='2169558' user='JandaM' visible='true' version='1' changeset='88907479' lat='50.0166444' lon='14.400263' />
  <node id='7782916579' timestamp='2020-08-04T05:54:20Z' uid='2169558' user='JandaM' visible='true' version='1' changeset='88907479' lat='50.0168694' lon='14.400336' />
  <node id='7782916580' timestamp='2020-08-04T05:54:20Z' uid='2169558' user='JandaM' visible='true' version='1' changeset='88907479' lat='50.0167165' lon='14.4014715' />
  <node id='7782916581' timestamp='2020-08-04T05:54:20Z' uid='2169558' user='JandaM' visible='true' version='1' changeset='88907479' lat='50.0168932' lon='14.4015279' />
  <node id='7782916582' timestamp='2020-08-04T05:54:20Z' uid='2169558' user='JandaM' visible='true' version='1' changeset='88907479' lat='50.0169143' lon='14.4013739' />
  <node id='7782916583' timestamp='2020-08-04T05:54:20Z' uid='2169558' user='JandaM' visible='true' version='1' changeset='88907479' lat='50.0168705' lon='14.4013598' />
  <node id='7782916584' timestamp='2020-08-04T05:54:20Z' uid='2169558' user='JandaM' visible='true' version='1' changeset='88907479' lat='50.0169709' lon='14.4006148' />
  <node id='7782916585' timestamp='2020-08-04T05:54:20Z' uid='2169558' user='JandaM' visible='true' version='1' changeset='88907479' lat='50.0170185' lon='14.4006303' />
  <node id='7782916586' timestamp='2020-08-04T05:54:20Z' uid='2169558' user='JandaM' visible='true' version='1' changeset='88907479' lat='50.0170315' lon='14.4005362' />
  <node id='7782916587' timestamp='2020-08-04T05:54:20Z' uid='2169558' user='JandaM' visible='true' version='1' changeset='88907479' lat='50.016984' lon='14.400521' />
  <node id='7782916588' timestamp='2020-08-04T05:54:20Z' uid='2169558' user='JandaM' visible='true' version='1' changeset='88907479' lat='50.0170177' lon='14.4002669' />
  <node id='7782916589' timestamp='2020-08-04T05:54:20Z' uid='2169558' user='JandaM' visible='true' version='1' changeset='88907479' lat='50.0170799' lon='14.4002868' />
  <node id='7782916590' timestamp='2020-08-04T05:54:20Z' uid='2169558' user='JandaM' visible='true' version='1' changeset='88907479' lat='50.0170914' lon='14.4002001' />
  <node id='7782916591' timestamp='2020-08-04T05:54:20Z' uid='2169558' user='JandaM' visible='true' version='1' changeset='88907479' lat='50.0171082' lon='14.4002049' />
  <node id='7782916592' timestamp='2020-08-04T05:54:20Z' uid='2169558' user='JandaM' visible='true' version='1' changeset='88907479' lat='50.0171379' lon='14.3999962' />
  <node id='7782916593' timestamp='2020-08-04T05:54:20Z' uid='2169558' user='JandaM' visible='true' version='1' changeset='88907479' lat='50.0163877' lon='14.3997397' />
  <node id='7997516202' timestamp='2020-10-11T16:18:13Z' uid='1258714' user='jaosobne' visible='true' version='1' changeset='92306863' lat='50.0231933' lon='14.4017805'>
    <tag k='railway' v='signal' />
    <tag k='railway:signal:direction' v='backward' />
  </node>
  <node id='7997516203' timestamp='2020-10-11T16:18:13Z' uid='1258714' user='jaosobne' visible='true' version='1' changeset='92306863' lat='50.0169835' lon='14.3995338'>
    <tag k='railway' v='signal' />
    <tag k='railway:signal:direction' v='forward' />
  </node>
  <node id='7997516204' timestamp='2020-10-11T16:18:13Z' uid='1258714' user='jaosobne' visible='true' version='1' changeset='92306863' lat='50.0149496' lon='14.398898'>
    <tag k='railway' v='signal' />
    <tag k='railway:signal:direction' v='backward' />
    <tag k='ref' v='PřS' />
  </node>
  <node id='7997516205' timestamp='2020-10-11T16:18:13Z' uid='1258714' user='jaosobne' visible='true' version='1' changeset='92306863' lat='50.0087832' lon='14.4005032'>
    <tag k='railway' v='signal' />
    <tag k='railway:signal:direction' v='forward' />
    <tag k='ref' v='S' />
  </node>
  <node id='7997516206' timestamp='2020-10-11T16:18:13Z' uid='1258714' user='jaosobne' visible='true' version='1' changeset='92306863' lat='50.0076359' lon='14.4012053'>
    <tag k='railway' v='signal' />
    <tag k='railway:signal:direction' v='forward' />
    <tag k='ref' v='Se4' />
  </node>
  <node id='7997516208' timestamp='2020-10-11T16:18:13Z' uid='1258714' user='jaosobne' visible='true' version='1' changeset='92306863' lat='50.0068558' lon='14.401683'>
    <tag k='railway' v='signal' />
    <tag k='railway:signal:direction' v='backward' />
    <tag k='ref' v='L9a' />
  </node>
  <node id='7997516209' timestamp='2020-10-11T16:18:13Z' uid='1258714' user='jaosobne' visible='true' version='1' changeset='92306863' lat='50.0023468' lon='14.4033708'>
    <tag k='railway' v='signal' />
    <tag k='railway:signal:direction' v='forward' />
    <tag k='ref' v='Se9a' />
  </node>
  <node id='8023035680' timestamp='2020-10-19T19:33:14Z' uid='1189910' user='Milancer' visible='true' version='1' changeset='92726530' lat='50.0100208' lon='14.3982428' />
  <node id='8023035681' timestamp='2020-10-19T19:33:14Z' uid='1189910' user='Milancer' visible='true' version='1' changeset='92726530' lat='50.009992' lon='14.3982855' />
  <node id='8023035682' timestamp='2020-10-19T19:33:14Z' uid='1189910' user='Milancer' visible='true' version='1' changeset='92726530' lat='50.0098283' lon='14.3985309' />
  <node id='8023035683' timestamp='2020-10-19T19:33:14Z' uid='1189910' user='Milancer' visible='true' version='1' changeset='92726530' lat='50.0095493' lon='14.3986788' />
  <node id='8023035684' timestamp='2020-10-19T19:33:14Z' uid='1189910' user='Milancer' visible='true' version='1' changeset='92726530' lat='50.0095419' lon='14.3986553' />
  <node id='8023056985' timestamp='2020-10-19T19:33:14Z' uid='1189910' user='Milancer' visible='true' version='1' changeset='92726530' lat='50.0094225' lon='14.3987165' />
  <node id='8023056986' timestamp='2020-10-19T19:33:14Z' uid='1189910' user='Milancer' visible='true' version='1' changeset='92726530' lat='50.0093911' lon='14.3987673' />
  <node id='8023056987' timestamp='2020-10-19T19:33:14Z' uid='1189910' user='Milancer' visible='true' version='1' changeset='92726530' lat='50.008653' lon='14.3991901' />
  <node id='8023056988' timestamp='2020-10-19T19:33:14Z' uid='1189910' user='Milancer' visible='true' version='1' changeset='92726530' lat='50.0086047' lon='14.399182' />
  <node id='8023056989' timestamp='2020-10-19T19:33:14Z' uid='1189910' user='Milancer' visible='true' version='1' changeset='92726530' lat='50.0085785' lon='14.3991962' />
  <node id='8023056990' timestamp='2020-10-19T19:33:14Z' uid='1189910' user='Milancer' visible='true' version='1' changeset='92726530' lat='50.0085407' lon='14.3992511' />
  <node id='8023056991' timestamp='2020-10-19T19:33:14Z' uid='1189910' user='Milancer' visible='true' version='1' changeset='92726530' lat='50.0084338' lon='14.3993122' />
  <node id='8023056992' timestamp='2020-10-19T19:33:14Z' uid='1189910' user='Milancer' visible='true' version='1' changeset='92726530' lat='50.007762' lon='14.399684' />
  <node id='8023056993' timestamp='2020-10-19T19:33:14Z' uid='1189910' user='Milancer' visible='true' version='1' changeset='92726530' lat='50.007732' lon='14.3996861' />
  <node id='8023056994' timestamp='2020-10-19T19:33:14Z' uid='1189910' user='Milancer' visible='true' version='1' changeset='92726530' lat='50.007617' lon='14.3997471' />
  <node id='8023056995' timestamp='2020-10-19T19:33:14Z' uid='1189910' user='Milancer' visible='true' version='1' changeset='92726530' lat='50.0075961' lon='14.3997633' />
  <node id='8023056996' timestamp='2020-10-19T19:33:14Z' uid='1189910' user='Milancer' visible='true' version='1' changeset='92726530' lat='50.0075961' lon='14.3997837' />
  <node id='8023056997' timestamp='2020-10-19T19:33:14Z' uid='1189910' user='Milancer' visible='true' version='1' changeset='92726530' lat='50.0075988' lon='14.3998116' />
  <node id='8023056998' timestamp='2020-10-19T19:33:14Z' uid='1189910' user='Milancer' visible='true' version='1' changeset='92726530' lat='50.0071503' lon='14.3999144' />
  <node id='8023056999' timestamp='2020-10-19T19:33:14Z' uid='1189910' user='Milancer' visible='true' version='1' changeset='92726530' lat='50.0071218' lon='14.3999308' />
  <node id='8023057000' timestamp='2020-10-19T19:33:14Z' uid='1189910' user='Milancer' visible='true' version='1' changeset='92726530' lat='50.0071068' lon='14.3999564' />
  <node id='8023057001' timestamp='2020-10-19T19:33:14Z' uid='1189910' user='Milancer' visible='true' version='1' changeset='92726530' lat='50.0071173' lon='14.3999728' />
  <node id='8023057002' timestamp='2020-10-19T19:33:14Z' uid='1189910' user='Milancer' visible='true' version='1' changeset='92726530' lat='50.0071383' lon='14.3999728' />
  <node id='8023057003' timestamp='2020-10-19T19:33:14Z' uid='1189910' user='Milancer' visible='true' version='1' changeset='92726530' lat='50.0074294' lon='14.3999471' />
  <node id='8023057004' timestamp='2020-10-19T19:33:14Z' uid='1189910' user='Milancer' visible='true' version='1' changeset='92726530' lat='50.0078211' lon='14.3997066' />
  <node id='8023057005' timestamp='2020-10-19T19:33:14Z' uid='1189910' user='Milancer' visible='true' version='1' changeset='92726530' lat='50.0086855' lon='14.3992233' />
  <node id='8023057006' timestamp='2020-10-19T19:33:14Z' uid='1189910' user='Milancer' visible='true' version='1' changeset='92726530' lat='50.0095483' lon='14.3987282' />
  <node id='8023057007' timestamp='2020-10-19T19:33:14Z' uid='1189910' user='Milancer' visible='true' version='1' changeset='92726530' lat='50.0096609' lon='14.3986699' />
  <node id='8023057008' timestamp='2020-10-19T19:33:14Z' uid='1189910' user='Milancer' visible='true' version='1' changeset='92726530' lat='50.009615' lon='14.3986447' />
  <node id='8023057009' timestamp='2020-10-19T19:33:14Z' uid='1189910' user='Milancer' visible='true' version='1' changeset='92726530' lat='50.0096173' lon='14.3986656' />
  <node id='8023057010' timestamp='2020-10-19T19:33:14Z' uid='1189910' user='Milancer' visible='true' version='1' changeset='92726530' lat='50.0099922' lon='14.3983076' />
  <node id='8023057011' timestamp='2020-10-19T19:33:14Z' uid='1189910' user='Milancer' visible='true' version='1' changeset='92726530' lat='50.0105732' lon='14.3983383' />
  <node id='8023057012' timestamp='2020-10-19T19:33:14Z' uid='1189910' user='Milancer' visible='true' version='1' changeset='92726530' lat='50.0107788' lon='14.3983009' />
  <node id='8023057013' timestamp='2020-10-19T19:33:14Z' uid='1189910' user='Milancer' visible='true' version='1' changeset='92726530' lat='50.0107833' lon='14.3983243' />
  <node id='8023057014' timestamp='2020-10-19T19:33:14Z' uid='1189910' user='Milancer' visible='true' version='1' changeset='92726530' lat='50.0105732' lon='14.398364' />
  <node id='8023057015' timestamp='2020-10-19T19:33:14Z' uid='1189910' user='Milancer' visible='true' version='1' changeset='92726530' lat='50.0096755' lon='14.3988581' />
  <way id='19874721' timestamp='2020-04-09T11:12:02Z' uid='102554' user='Jezevec' visible='true' version='12' changeset='83304286'>
    <nd ref='723305' />
    <nd ref='7385114797' />
    <nd ref='7385114801' />
    <nd ref='476499480' />
    <nd ref='6009243447' />
    <nd ref='723306' />
    <nd ref='476499473' />
    <tag k='highway' v='residential' />
    <tag k='name' v='K Jezu' />
  </way>
  <way id='24639599' timestamp='2019-05-07T17:11:03Z' uid='2087700' user='NESClUS' visible='true' version='16' changeset='69990296'>
    <nd ref='723300' />
    <nd ref='476499485' />
    <nd ref='476499486' />
    <nd ref='476499484' />
    <nd ref='2476955944' />
    <nd ref='723301' />
    <nd ref='476499483' />
    <nd ref='3484446149' />
    <nd ref='723302' />
    <tag k='highway' v='residential' />
    <tag k='motorcar' v='no' />
    <tag k='name' v='Vltavanů' />
    <tag k='surface' v='asphalt' />
  </way>
  <way id='24674857' timestamp='2018-10-24T07:50:34Z' uid='64876' user='Andreeeee' visible='true' version='15' changeset='63821814'>
    <nd ref='268193339' />
    <nd ref='1824136516' />
    <nd ref='1140211467' />
    <nd ref='1140211513' />
    <nd ref='6009406374' />
    <nd ref='1140211489' />
    <nd ref='1140211546' />
    <nd ref='1666961040' />
    <nd ref='1140211555' />
    <nd ref='476499493' />
    <nd ref='1140211436' />
    <nd ref='1825120261' />
    <nd ref='1825120241' />
    <nd ref='476499492' />
    <nd ref='1825120211' />
    <nd ref='476499491' />
    <nd ref='476499489' />
    <nd ref='768917805' />
    <nd ref='768917806' />
    <nd ref='476499488' />
    <nd ref='476499487' />
    <nd ref='768916932' />
    <nd ref='1827376007' />
    <nd ref='1825436706' />
    <nd ref='1825436752' />
    <nd ref='1825436715' />
    <nd ref='768916903' />
    <nd ref='1825436772' />
    <nd ref='1825436653' />
    <nd ref='1825436719' />
    <nd ref='268193338' />
    <nd ref='476499446' />
    <nd ref='476499447' />
    <nd ref='1827400751' />
    <nd ref='476499437' />
    <nd ref='268193339' />
  </way>
  <way id='25301523' timestamp='2020-10-19T19:33:14Z' uid='1189910' user='Milancer' visible='true' version='27' changeset='92726530'>
    <nd ref='31797488' />
    <nd ref='953673702' />
    <nd ref='1729293837' />
    <nd ref='1729293839' />
    <nd ref='1729293841' />
    <nd ref='1729293844' />
    <nd ref='275830342' />
    <nd ref='2777026942' />
    <nd ref='1729293850' />
    <nd ref='1729293847' />
    <nd ref='31797633' />
    <nd ref='3748778037' />
    <nd ref='3748778038' />
    <nd ref='3748778039' />
    <nd ref='3748778040' />
    <nd ref='952405476' />
    <nd ref='25343770' />
    <nd ref='277483237' />
    <nd ref='25343771' />
    <nd ref='1729293869' />
    <nd ref='1729293861' />
    <nd ref='1729293859' />
    <nd ref='1729293856' />
    <nd ref='25343850' />
    <nd ref='25343849' />
    <nd ref='25343848' />
    <nd ref='31797143' />
    <nd ref='31797155' />
    <nd ref='31797163' />
    <nd ref='1899414879' />
    <nd ref='25343847' />
    <nd ref='8023057015' />
    <nd ref='277483240' />
    <nd ref='6855893865' />
    <nd ref='6855893868' />
    <nd ref='275830338' />
    <nd ref='6855893870' />
    <nd ref='25343845' />
    <nd ref='6855893860' />
    <nd ref='31797852' />
    <nd ref='31797851' />
    <nd ref='25343844' />
    <nd ref='949623847' />
    <nd ref='31797872' />
    <nd ref='25343843' />
    <nd ref='25343842' />
    <nd ref='7301398113' />
    <nd ref='947045092' />
    <nd ref='947045093' />
    <nd ref='25343841' />
    <nd ref='7301398124' />
    <nd ref='7301398137' />
    <nd ref='25343840' />
    <nd ref='7301398141' />
    <nd ref='3899530036' />
    <nd ref='7301398139' />
    <nd ref='3899530037' />
    <nd ref='25343819' />
    <nd ref='1727111451' />
    <nd ref='3188752049' />
    <nd ref='1727111450' />
    <nd ref='25343818' />
    <nd ref='25343817' />
    <nd ref='25343816' />
    <nd ref='248119355' />
    <nd ref='25343815' />
    <nd ref='248119372' />
    <nd ref='25343813' />
    <nd ref='3127358671' />
    <nd ref='3127357738' />
    <nd ref='25343812' />
    <nd ref='25343811' />
    <nd ref='1729293405' />
    <nd ref='25343806' />
    <nd ref='25343805' />
    <nd ref='25343804' />
    <nd ref='1729293740' />
    <nd ref='3127351344' />
    <nd ref='25343803' />
    <nd ref='3127351357' />
    <nd ref='1729293748' />
    <nd ref='25343802' />
    <nd ref='25343800' />
    <nd ref='25343801' />
    <nd ref='31797488' />
  </way>
  <way id='25318649' timestamp='2020-04-12T11:29:08Z' uid='2831457' user='AdVerburg' visible='true' version='39' changeset='83424306'>
    <nd ref='248119371' />
    <nd ref='248119356' />
    <nd ref='248119357' />
    <nd ref='949627587' />
    <nd ref='953591257' />
    <nd ref='248119358' />
    <nd ref='248119359' />
    <nd ref='7201607659' />
    <nd ref='277483238' />
    <nd ref='953117868' />
    <nd ref='248119360' />
    <nd ref='275830340' />
    <nd ref='953800938' />
    <nd ref='248119361' />
    <nd ref='952848468' />
    <nd ref='248119362' />
    <nd ref='277483237' />
    <nd ref='248119363' />
    <nd ref='953156692' />
    <nd ref='248119364' />
    <nd ref='248119365' />
    <nd ref='248119366' />
    <nd ref='953225421' />
    <nd ref='248119367' />
    <nd ref='248119368' />
    <nd ref='953305429' />
    <nd ref='610953607' />
    <nd ref='248119370' />
    <nd ref='378218576' />
    <nd ref='248120582' />
    <nd ref='274625726' />
    <nd ref='248120583' />
    <nd ref='248120585' />
    <nd ref='248120586' />
    <nd ref='4973663982' />
    <nd ref='248120587' />
    <nd ref='949691480' />
    <nd ref='3998023302' />
    <nd ref='4169825981' />
    <nd ref='949527349' />
    <nd ref='248120588' />
    <nd ref='248120589' />
    <nd ref='949704823' />
    <nd ref='1714897014' />
    <nd ref='248120590' />
    <nd ref='371179752' />
    <nd ref='371179753' />
    <nd ref='953514113' />
    <nd ref='248120591' />
    <nd ref='248120592' />
    <nd ref='371179754' />
    <nd ref='949665957' />
    <tag k='CEMT' v='Va' />
    <tag k='have_riverbank' v='yes' />
    <tag k='name' v='Vltava' />
    <tag k='name:be' v='Влтава' />
    <tag k='name:de' v='Moldau' />
    <tag k='name:it' v='Moldava' />
    <tag k='name:ko' v='블타바' />
    <tag k='name:pl' v='Wełtawa' />
    <tag k='name:ru' v='Влтава' />
    <tag k='note' v='nemazat, riverbank sam o sobe nestaci (neobsahuje informaci o smeru toku)' />
    <tag k='waterway' v='river' />
  </way>
  <way id='25923222' timestamp='2020-07-07T09:54:31Z' uid='1758654' user='JJJWegdam' visible='true' version='8' changeset='87646259'>
    <nd ref='282776044' />
    <nd ref='282776043' />
    <tag k='bridge' v='yes' />
    <tag k='bridge:structure' v='beam' />
    <tag k='electrified' v='no' />
    <tag k='gauge' v='1435' />
    <tag k='layer' v='1' />
    <tag k='maxspeed' v='80' />
    <tag k='passenger_lines' v='1' />
    <tag k='railway' v='rail' />
    <tag k='railway:etcs' v='no' />
    <tag k='railway:ls' v='no' />
    <tag k='railway:lzb' v='no' />
    <tag k='railway:pzb' v='no' />
    <tag k='source:maxspeed' v='sign' />
    <tag k='usage' v='branch' />
  </way>
  <way id='25923223' timestamp='2020-10-11T16:18:13Z' uid='1258714' user='jaosobne' visible='true' version='13' changeset='92306863'>
    <nd ref='282776043' />
    <nd ref='3740024616' />
    <nd ref='1140257136' />
    <nd ref='3740024620' />
    <nd ref='3740024623' />
    <nd ref='23833154' />
    <nd ref='3740025534' />
    <nd ref='3740025627' />
    <nd ref='3740025629' />
    <nd ref='3740025633' />
    <nd ref='3740025637' />
    <nd ref='23833125' />
    <nd ref='3740025640' />
    <nd ref='3740025651' />
    <nd ref='3740025655' />
    <nd ref='23833097' />
    <nd ref='3484446146' />
    <nd ref='3740025662' />
    <nd ref='7997516204' />
    <nd ref='476499495' />
    <nd ref='3740025666' />
    <nd ref='3740025670' />
    <nd ref='3740025671' />
    <nd ref='23833085' />
    <nd ref='3740025675' />
    <nd ref='7997516203' />
    <nd ref='3740025683' />
    <nd ref='476499494' />
    <tag k='electrified' v='no' />
    <tag k='gauge' v='1435' />
    <tag k='maxspeed' v='80' />
    <tag k='passenger_lines' v='1' />
    <tag k='railway' v='rail' />
    <tag k='railway:etcs' v='no' />
    <tag k='railway:ls' v='no' />
    <tag k='railway:lzb' v='no' />
    <tag k='railway:pzb' v='no' />
    <tag k='source:maxspeed' v='sign' />
    <tag k='usage' v='branch' />
  </way>
  <way id='25923347' timestamp='2020-10-11T16:18:13Z' uid='1258714' user='jaosobne' visible='true' version='11' changeset='92306863'>
    <nd ref='282777470' />
    <nd ref='7997516202' />
    <nd ref='23833037' />
    <nd ref='1827376072' />
    <nd ref='1827376033' />
    <nd ref='1827376017' />
    <nd ref='1827376060' />
    <nd ref='1827376091' />
    <nd ref='1827376095' />
    <nd ref='23833062' />
    <tag k='electrified' v='no' />
    <tag k='gauge' v='1435' />
    <tag k='maxspeed' v='80' />
    <tag k='passenger_lines' v='1' />
    <tag k='railway' v='rail' />
    <tag k='railway:etcs' v='no' />
    <tag k='railway:ls' v='no' />
    <tag k='railway:lzb' v='no' />
    <tag k='railway:pzb' v='no' />
    <tag k='source:maxspeed' v='sign' />
    <tag k='usage' v='branch' />
  </way>
  <way id='39744653' timestamp='2020-07-07T09:54:31Z' uid='1758654' user='JJJWegdam' visible='true' version='9' changeset='87646259'>
    <nd ref='23833062' />
    <nd ref='476499494' />
    <tag k='bridge' v='yes' />
    <tag k='bridge:structure' v='beam' />
    <tag k='electrified' v='no' />
    <tag k='gauge' v='1435' />
    <tag k='layer' v='1' />
    <tag k='maxspeed' v='80' />
    <tag k='passenger_lines' v='1' />
    <tag k='railway' v='rail' />
    <tag k='railway:etcs' v='no' />
    <tag k='railway:ls' v='no' />
    <tag k='railway:lzb' v='no' />
    <tag k='railway:pzb' v='no' />
    <tag k='source:maxspeed' v='sign' />
    <tag k='usage' v='branch' />
  </way>
  <way id='39744657' timestamp='2016-02-05T15:54:34Z' uid='527259' user='Vratislav Filler' visible='true' version='7' changeset='37022605'>
    <nd ref='723302' />
    <nd ref='476499496' />
    <nd ref='476499497' />
    <tag k='highway' v='service' />
    <tag k='surface' v='asphalt' />
  </way>
  <way id='40765074' timestamp='2009-09-13T18:30:10Z' uid='8007' user='vrabcak' visible='true' version='1' changeset='2472830'>
    <nd ref='495470231' />
    <nd ref='495470236' />
    <tag k='highway' v='service' />
    <tag k='motorcar' v='no' />
  </way>
  <way id='40765075' timestamp='2009-09-13T18:30:10Z' uid='8007' user='vrabcak' visible='true' version='1' changeset='2472830'>
    <nd ref='495470236' />
    <nd ref='495470238' />
    <nd ref='476499496' />
    <tag k='highway' v='service' />
    <tag k='service' v='parking_aisle' />
  </way>
  <way id='40765076' timestamp='2009-09-13T18:30:10Z' uid='8007' user='vrabcak' visible='true' version='1' changeset='2472830'>
    <nd ref='495470236' />
    <nd ref='495470234' />
    <tag k='highway' v='service' />
  </way>
  <way id='61674512' timestamp='2019-10-06T19:17:16Z' uid='1189910' user='Milancer' visible='true' version='4' changeset='75348843'>
    <nd ref='768730142' />
    <nd ref='768728366' />
    <nd ref='768730639' />
    <nd ref='768727017' />
    <nd ref='768729357' />
    <nd ref='768729991' />
    <nd ref='768729960' />
    <nd ref='768730605' />
    <nd ref='1824053160' />
    <nd ref='768728670' />
    <nd ref='768729318' />
    <nd ref='1824053303' />
    <nd ref='768727330' />
    <nd ref='768727970' />
    <nd ref='1824053177' />
    <nd ref='768730298' />
    <nd ref='768730928' />
    <nd ref='768730891' />
    <nd ref='768727294' />
    <nd ref='768729619' />
    <nd ref='768730252' />
    <nd ref='768728328' />
    <nd ref='768728965' />
    <nd ref='1824052902' />
    <nd ref='768731236' />
    <nd ref='768727621' />
    <nd ref='768727582' />
    <nd ref='768728269' />
    <nd ref='768730567' />
    <nd ref='768731190' />
    <nd ref='768729287' />
    <nd ref='1824117456' />
    <nd ref='768729921' />
    <nd ref='768727932' />
    <nd ref='768728628' />
    <nd ref='768729428' />
    <nd ref='1824118516' />
    <nd ref='768730064' />
    <nd ref='1824117984' />
    <nd ref='768728091' />
    <nd ref='768728776' />
    <nd ref='768731038' />
    <nd ref='768727435' />
    <nd ref='768729760' />
    <nd ref='768730410' />
    <nd ref='768730371' />
    <nd ref='768730996' />
    <nd ref='768729084' />
    <nd ref='768729729' />
    <nd ref='768727737' />
    <nd ref='768728437' />
    <nd ref='768730706' />
    <nd ref='768727093' />
    <nd ref='768727051' />
    <nd ref='768727701' />
    <nd ref='768730030' />
    <nd ref='768730673' />
    <nd ref='768728734' />
    <nd ref='768729389' />
    <nd ref='768727399' />
    <nd ref='768728052' />
    <nd ref='1824053161' />
    <nd ref='768728010' />
    <nd ref='768728703' />
    <nd ref='768730964' />
    <nd ref='768727364' />
    <nd ref='1824053290' />
    <nd ref='768729696' />
    <nd ref='768730336' />
    <nd ref='768730142' />
    <tag k='dibavod:error' v='missing' />
    <tag k='golf' v='water_hazard' />
    <tag k='natural' v='water' />
  </way>
  <way id='62065455' timestamp='2015-11-11T09:18:01Z' uid='2169558' user='JandaM' visible='true' version='2' changeset='35234911'>
    <nd ref='773599973' />
    <nd ref='3830368665' />
    <nd ref='3830368649' />
    <nd ref='3830368673' />
    <nd ref='3830368677' />
    <nd ref='3830368692' />
    <nd ref='3830368675' />
    <nd ref='3830368681' />
    <nd ref='3830368699' />
    <nd ref='773599702' />
    <nd ref='3830368984' />
    <nd ref='3830368985' />
    <nd ref='3830369008' />
    <nd ref='3830369004' />
    <nd ref='773599789' />
    <nd ref='773599274' />
    <nd ref='773600108' />
    <nd ref='773599574' />
    <nd ref='773599069' />
    <nd ref='773599931' />
    <nd ref='773599349' />
    <nd ref='773600170' />
    <nd ref='773599653' />
    <nd ref='3830369239' />
    <nd ref='3830369247' />
    <nd ref='3830369244' />
    <nd ref='3830369237' />
    <nd ref='773599529' />
    <nd ref='773599032' />
    <nd ref='3830369241' />
    <nd ref='3830369246' />
    <nd ref='3830369245' />
    <nd ref='3830369240' />
    <nd ref='773599868' />
    <nd ref='773599319' />
    <nd ref='773600143' />
    <nd ref='773599617' />
    <nd ref='773599108' />
    <nd ref='3830368731' />
    <nd ref='3830368730' />
    <nd ref='3830368724' />
    <nd ref='3830368721' />
    <nd ref='3830368710' />
    <nd ref='3830368714' />
    <nd ref='3830368704' />
    <nd ref='3830368707' />
    <nd ref='773599973' />
    <tag k='building' v='industrial' />
    <tag k='building:levels' v='1' />
    <tag k='building:ruian:type' v='1' />
    <tag k='ref:ruian:building' v='21862591' />
    <tag k='source' v='cuzk:ruian' />
  </way>
  <way id='62065467' timestamp='2015-11-11T09:17:58Z' uid='2169558' user='JandaM' visible='true' version='2' changeset='35234911'>
    <nd ref='773599371' />
    <nd ref='773600188' />
    <nd ref='773599676' />
    <nd ref='773599167' />
    <nd ref='773599371' />
    <tag k='building' v='industrial' />
    <tag k='building:ruian:type' v='1' />
    <tag k='ref:ruian:building' v='46736328' />
    <tag k='source' v='cuzk:ruian' />
  </way>
  <way id='62065476' timestamp='2015-11-11T09:18:13Z' uid='2169558' user='JandaM' visible='true' version='2' changeset='35234911'>
    <nd ref='773599586' />
    <nd ref='773599946' />
    <nd ref='773600182' />
    <nd ref='773599159' />
    <nd ref='773599462' />
    <nd ref='773600119' />
    <nd ref='773599586' />
    <tag k='building' v='industrial' />
    <tag k='building:ruian:type' v='1' />
    <tag k='ref:ruian:building' v='46752650' />
    <tag k='source' v='cuzk:ruian' />
  </way>
  <way id='62065479' timestamp='2015-11-11T09:17:10Z' uid='2169558' user='JandaM' visible='true' version='2' changeset='35234911'>
    <nd ref='773599577' />
    <nd ref='773599072' />
    <nd ref='773599933' />
    <nd ref='773599351' />
    <nd ref='773600172' />
    <nd ref='773599658' />
    <nd ref='773599151' />
    <nd ref='773600011' />
    <nd ref='773599451' />
    <nd ref='773599741' />
    <nd ref='3830368552' />
    <nd ref='3830368553' />
    <nd ref='773599234' />
    <nd ref='773600148' />
    <nd ref='773599624' />
    <nd ref='773599114' />
    <nd ref='773599975' />
    <nd ref='773599398' />
    <nd ref='773600213' />
    <nd ref='773600050' />
    <nd ref='773599497' />
    <nd ref='773600283' />
    <nd ref='773599577' />
    <tag k='building' v='commercial' />
    <tag k='building:levels' v='1' />
    <tag k='building:ruian:type' v='14' />
    <tag k='ref:ruian:building' v='26048400' />
    <tag k='source' v='cuzk:ruian' />
    <tag k='start_date' v='2006-07-10' />
  </way>
  <way id='62065480' timestamp='2015-11-11T09:17:11Z' uid='2169558' user='JandaM' visible='true' version='2' changeset='35234911'>
    <nd ref='773599474' />
    <nd ref='773599017' />
    <nd ref='773599852' />
    <nd ref='773599303' />
    <nd ref='3830368723' />
    <nd ref='3830368722' />
    <nd ref='3830368716' />
    <nd ref='3830368718' />
    <nd ref='773599955' />
    <nd ref='3830368684' />
    <nd ref='3830368690' />
    <nd ref='3830368689' />
    <nd ref='3830368679' />
    <nd ref='773599376' />
    <nd ref='773600192' />
    <nd ref='3830368661' />
    <nd ref='3830368668' />
    <nd ref='3830368666' />
    <nd ref='3830368660' />
    <nd ref='773599684' />
    <nd ref='773599173' />
    <nd ref='773600034' />
    <nd ref='773599474' />
    <tag k='building' v='industrial' />
    <tag k='building:ruian:type' v='1' />
    <tag k='ref:ruian:building' v='46736336' />
    <tag k='source' v='cuzk:ruian' />
  </way>
  <way id='62065499' timestamp='2015-11-11T09:16:59Z' uid='2169558' user='JandaM' visible='true' version='2' changeset='35234911'>
    <nd ref='3830369231' />
    <nd ref='3830369234' />
    <nd ref='773599778' />
    <nd ref='773600203' />
    <nd ref='3830369220' />
    <nd ref='3830369221' />
    <nd ref='3830369203' />
    <nd ref='3830369204' />
    <nd ref='3830369198' />
    <nd ref='3830369197' />
    <nd ref='3830369181' />
    <nd ref='3830369183' />
    <nd ref='773599483' />
    <nd ref='773600274' />
    <nd ref='3830369231' />
    <tag k='building' v='industrial' />
    <tag k='building:ruian:type' v='1' />
    <tag k='ref:ruian:building' v='46762728' />
    <tag k='source' v='cuzk:ruian' />
  </way>
  <way id='62065513' timestamp='2015-11-11T09:17:37Z' uid='2169558' user='JandaM' visible='true' version='2' changeset='35234911'>
    <nd ref='773599043' />
    <nd ref='773599247' />
    <nd ref='773600088' />
    <nd ref='773599546' />
    <nd ref='773599043' />
    <tag k='building' v='industrial' />
    <tag k='building:ruian:type' v='1' />
    <tag k='ref:ruian:building' v='40403866' />
    <tag k='source' v='cuzk:ruian' />
  </way>
  <way id='62065533' timestamp='2015-11-11T09:18:24Z' uid='2169558' user='JandaM' visible='true' version='2' changeset='35234911'>
    <nd ref='773599422' />
    <nd ref='3830368655' />
    <nd ref='3830368669' />
    <nd ref='3830368662' />
    <nd ref='3830368651' />
    <nd ref='773599638' />
    <nd ref='773599131' />
    <nd ref='773599991' />
    <nd ref='773599422' />
    <tag k='building' v='industrial' />
    <tag k='building:ruian:type' v='1' />
    <tag k='ref:ruian:building' v='48069701' />
    <tag k='source' v='cuzk:ruian' />
  </way>
  <way id='62065554' timestamp='2010-06-16T12:01:04Z' uid='17615' user='Petr Dlouhý' visible='true' version='1' changeset='4999963'>
    <nd ref='773599707' />
    <nd ref='773599675' />
    <nd ref='773599164' />
    <nd ref='773600025' />
    <nd ref='773599243' />
    <nd ref='773600086' />
    <nd ref='773599543' />
    <nd ref='773599202' />
    <nd ref='773600054' />
    <nd ref='773599503' />
    <nd ref='773600116' />
    <nd ref='773599582' />
    <nd ref='773599075' />
    <nd ref='773600248' />
    <nd ref='773599707' />
  </way>
  <way id='62065571' timestamp='2015-11-11T09:18:12Z' uid='2169558' user='JandaM' visible='true' version='3' changeset='35234911'>
    <nd ref='773599071' />
    <nd ref='773599932' />
    <nd ref='3252001459' />
    <nd ref='3252001460' />
    <nd ref='773599277' />
    <nd ref='773600110' />
    <nd ref='773599071' />
    <tag k='building' v='industrial' />
    <tag k='building:levels' v='1' />
    <tag k='building:ruian:type' v='1' />
    <tag k='ref:ruian:building' v='21858012' />
    <tag k='source' v='cuzk:ruian' />
  </way>
  <way id='62065573' timestamp='2015-11-11T09:17:32Z' uid='2169558' user='JandaM' visible='true' version='2' changeset='35234911'>
    <nd ref='773599592' />
    <nd ref='773599831' />
    <nd ref='773599293' />
    <nd ref='773600124' />
    <nd ref='773599592' />
    <tag k='building' v='industrial' />
    <tag k='building:ruian:type' v='1' />
    <tag k='ref:ruian:building' v='40403882' />
    <tag k='source' v='cuzk:ruian' />
  </way>
  <way id='62065581' timestamp='2015-11-11T09:16:41Z' uid='2169558' user='JandaM' visible='true' version='2' changeset='35234911'>
    <nd ref='3830369118' />
    <nd ref='3830369113' />
    <nd ref='3830369115' />
    <nd ref='3830369123' />
    <nd ref='773599725' />
    <nd ref='3830369171' />
    <nd ref='3830369169' />
    <nd ref='773599219' />
    <nd ref='773599433' />
    <nd ref='773600234' />
    <nd ref='3830369118' />
    <tag k='building' v='industrial' />
    <tag k='building:ruian:type' v='1' />
    <tag k='ref:ruian:building' v='40421953' />
    <tag k='source' v='cuzk:ruian' />
  </way>
  <way id='62065582' timestamp='2018-10-24T06:34:22Z' uid='64876' user='Andreeeee' visible='true' version='3' changeset='63819425'>
    <nd ref='773600206' />
    <nd ref='773600278' />
    <nd ref='773599787' />
    <nd ref='773599270' />
    <nd ref='773600104' />
    <nd ref='6009243464' />
    <nd ref='773599566' />
    <nd ref='773599062' />
    <nd ref='773599916' />
    <nd ref='773600133' />
    <nd ref='773599606' />
    <nd ref='773599093' />
    <nd ref='773599959' />
    <nd ref='773599379' />
    <nd ref='773600194' />
    <nd ref='773600206' />
    <tag k='building' v='industrial' />
    <tag k='building:ruian:type' v='1' />
    <tag k='ref:ruian:building' v='26172071' />
    <tag k='source' v='cuzk:ruian' />
    <tag k='start_date' v='2007-02-19' />
  </way>
  <way id='62080704' timestamp='2015-11-11T09:18:04Z' uid='2169558' user='JandaM' visible='true' version='2' changeset='35234911'>
    <nd ref='773902392' />
    <nd ref='773902982' />
    <nd ref='773902658' />
    <nd ref='773903040' />
    <nd ref='773902736' />
    <nd ref='773902392' />
    <tag k='building' v='yes' />
    <tag k='building:ruian:type' v='19' />
    <tag k='ref:ruian:building' v='46769293' />
    <tag k='source' v='cuzk:ruian' />
  </way>
  <way id='62080748' timestamp='2015-11-11T09:17:46Z' uid='2169558' user='JandaM' visible='true' version='2' changeset='35234911'>
    <nd ref='773902556' />
    <nd ref='773902293' />
    <nd ref='773902311' />
    <nd ref='773903012' />
    <nd ref='773902556' />
    <tag k='building' v='yes' />
    <tag k='building:ruian:type' v='19' />
    <tag k='ref:ruian:building' v='40420213' />
    <tag k='source' v='cuzk:ruian' />
  </way>
  <way id='98561178' timestamp='2011-02-07T01:25:11Z' uid='3516' user='BiIbo' visible='true' version='1' changeset='7204886'>
    <nd ref='1140211427' />
    <nd ref='1140211550' />
    <tag k='dibavod:id' v='137540000200' />
    <tag k='layer' v='-1' />
    <tag k='name' v='Zátišský potok' />
    <tag k='source' v='dibavod' />
    <tag k='tunnel' v='yes' />
    <tag k='waterway' v='stream' />
  </way>
  <way id='98561180' timestamp='2012-07-13T12:14:42Z' uid='684284' user='Kewar' visible='true' version='2' changeset='12205973'>
    <nd ref='1140211550' />
    <nd ref='953283241' />
    <nd ref='952844393' />
    <nd ref='1140211486' />
    <nd ref='1140211465' />
    <nd ref='1824136522' />
    <nd ref='25343773' />
    <nd ref='953156692' />
    <tag k='dibavod:id' v='137540000200' />
    <tag k='name' v='Zátišský potok' />
    <tag k='source' v='dibavod' />
    <tag k='waterway' v='stream' />
  </way>
  <way id='98561725' timestamp='2011-02-07T01:35:19Z' uid='3516' user='BiIbo' visible='true' version='1' changeset='7204886'>
    <nd ref='949561064' />
    <nd ref='953466029' />
    <nd ref='952405476' />
    <nd ref='952848468' />
    <tag k='dibavod:id' v='137530000100' />
    <tag k='name' v='Vrutice' />
    <tag k='source' v='dibavod' />
    <tag k='waterway' v='stream' />
  </way>
  <way id='98563977' timestamp='2020-10-11T16:18:13Z' uid='1258714' user='jaosobne' visible='true' version='11' changeset='92306863'>
    <nd ref='282776044' />
    <nd ref='3740024606' />
    <nd ref='23833189' />
    <nd ref='7997516205' />
    <nd ref='7997516206' />
    <nd ref='23833257' />
    <nd ref='7997516208' />
    <nd ref='3740025501' />
    <nd ref='1140254431' />
    <nd ref='3740025497' />
    <nd ref='3740025495' />
    <nd ref='23833282' />
    <nd ref='3740025493' />
    <nd ref='1140254356' />
    <nd ref='248577700' />
    <nd ref='3740025488' />
    <nd ref='3740025485' />
    <nd ref='1140254502' />
    <nd ref='7997516209' />
    <nd ref='3740025467' />
    <nd ref='1140260879' />
    <nd ref='23833384' />
    <nd ref='3740024584' />
    <nd ref='1140260912' />
    <nd ref='23833410' />
    <tag k='electrified' v='no' />
    <tag k='gauge' v='1435' />
    <tag k='maxspeed' v='80' />
    <tag k='passenger_lines' v='1' />
    <tag k='railway' v='rail' />
    <tag k='railway:etcs' v='no' />
    <tag k='railway:ls' v='no' />
    <tag k='railway:lzb' v='no' />
    <tag k='railway:pzb' v='no' />
    <tag k='source:maxspeed' v='sign' />
    <tag k='usage' v='branch' />
  </way>
  <way id='98605525' timestamp='2013-12-21T20:38:19Z' uid='1845771' user='ZdenekS' visible='true' version='4' changeset='19572575'>
    <nd ref='476499464' />
    <nd ref='1899415070' />
    <nd ref='1140788190' />
    <nd ref='1140788176' />
    <nd ref='1140788164' />
    <nd ref='1140788228' />
    <nd ref='2589602055' />
    <nd ref='1140788204' />
    <tag k='highway' v='residential' />
    <tag k='motor_vehicle' v='destination' />
    <tag k='name' v='Kormidelnická' />
    <tag k='surface' v='asphalt' />
  </way>
  <way id='164836906' timestamp='2020-10-19T19:33:14Z' uid='1189910' user='Milancer' visible='true' version='4' changeset='92726530'>
    <nd ref='1764372159' />
    <nd ref='1764372160' />
    <nd ref='8023035680' />
    <nd ref='8023035681' />
    <nd ref='8023057010' />
    <nd ref='8023035682' />
    <nd ref='8023057009' />
    <nd ref='8023057008' />
    <nd ref='8023035683' />
    <nd ref='8023035684' />
    <nd ref='8023056985' />
    <nd ref='8023056986' />
    <nd ref='8023056987' />
    <nd ref='8023056988' />
    <nd ref='8023056989' />
    <nd ref='8023056990' />
    <nd ref='8023056991' />
    <nd ref='8023056992' />
    <nd ref='8023056993' />
    <nd ref='8023056994' />
    <nd ref='8023056995' />
    <nd ref='8023056996' />
    <nd ref='8023056997' />
    <nd ref='1764372157' />
    <nd ref='1764372158' />
    <nd ref='8023056998' />
    <nd ref='8023056999' />
    <nd ref='8023057000' />
    <nd ref='8023057001' />
    <nd ref='8023057002' />
    <nd ref='8023057003' />
    <nd ref='6855893869' />
    <nd ref='8023057004' />
    <nd ref='6855893866' />
    <nd ref='8023057005' />
    <nd ref='6855893863' />
    <nd ref='8023057006' />
    <nd ref='8023057007' />
    <nd ref='1764372159' />
    <tag k='area' v='yes' />
    <tag k='barrier' v='wall' />
  </way>
  <way id='171371136' timestamp='2017-08-03T15:24:37Z' uid='693098' user='radek-drlicka' visible='true' version='2' changeset='50812186'>
    <nd ref='1824053115' />
    <nd ref='1824053126' />
    <nd ref='1824053078' />
    <nd ref='1824053073' />
    <nd ref='1824053133' />
    <nd ref='1824053167' />
    <nd ref='1824053123' />
    <nd ref='1824052935' />
    <nd ref='1824052928' />
    <nd ref='1824053172' />
    <nd ref='1824053438' />
    <nd ref='1824053214' />
    <nd ref='1824053196' />
    <nd ref='1824053447' />
    <nd ref='1824053099' />
    <nd ref='1824053052' />
    <nd ref='1824053195' />
    <nd ref='1824053079' />
    <nd ref='1824053358' />
    <nd ref='1824053166' />
    <nd ref='1824053115' />
    <tag k='golf' v='bunker' />
    <tag k='natural' v='sand' />
    <tag k='source' v='bing' />
    <tag k='surface' v='sand' />
  </way>
  <way id='171371143' timestamp='2012-07-13T10:26:45Z' uid='684284' user='Kewar' visible='true' version='1' changeset='12204983'>
    <nd ref='1824053411' />
    <nd ref='1824053030' />
    <nd ref='1824053227' />
    <nd ref='1824052948' />
    <nd ref='1824053401' />
    <nd ref='1824053352' />
    <nd ref='1824053267' />
    <nd ref='1824053363' />
    <nd ref='1824052983' />
    <nd ref='1824053097' />
    <nd ref='1824053441' />
    <nd ref='1824053046' />
    <nd ref='1824053185' />
    <nd ref='1824053398' />
    <nd ref='1824052933' />
    <nd ref='1824053007' />
    <nd ref='1824053351' />
    <nd ref='1824052950' />
    <nd ref='1824053216' />
    <nd ref='1824053102' />
    <nd ref='1824052964' />
    <nd ref='1824053411' />
    <tag k='finely_mown' v='yes' />
    <tag k='golf' v='green' />
    <tag k='landuse' v='grass' />
    <tag k='source' v='bing' />
  </way>
  <way id='171371152' timestamp='2012-07-13T11:06:52Z' uid='684284' user='Kewar' visible='true' version='2' changeset='12205355'>
    <nd ref='1824053113' />
    <nd ref='1824052924' />
    <nd ref='1824053300' />
    <nd ref='1824053308' />
    <nd ref='1824053374' />
    <nd ref='1824053208' />
    <nd ref='1824053292' />
    <nd ref='1824053231' />
    <nd ref='1824053092' />
    <nd ref='1824053081' />
    <nd ref='1824053205' />
    <nd ref='1824052916' />
    <nd ref='1824053084' />
    <nd ref='1824053128' />
    <nd ref='1824053428' />
    <nd ref='1824053437' />
    <nd ref='1824053442' />
    <nd ref='1824053138' />
    <nd ref='1824053194' />
    <nd ref='1824053005' />
    <nd ref='1824053445' />
    <nd ref='1824053371' />
    <nd ref='1824053132' />
    <nd ref='1824053354' />
    <nd ref='1824052972' />
    <nd ref='1824052900' />
    <nd ref='1824053219' />
    <nd ref='1824052958' />
    <nd ref='1824052922' />
    <nd ref='1824052944' />
    <nd ref='1824052908' />
    <nd ref='1824053159' />
    <nd ref='1824053356' />
    <nd ref='1824053189' />
    <nd ref='1824053154' />
    <nd ref='1824053137' />
    <nd ref='1824053192' />
    <nd ref='1824052978' />
    <nd ref='1824053109' />
    <nd ref='1824053347' />
    <nd ref='1824053404' />
    <nd ref='1824052898' />
    <nd ref='1824053040' />
    <nd ref='1824053248' />
    <nd ref='1824052920' />
    <nd ref='1824053296' />
    <nd ref='1824053129' />
    <nd ref='1824053056' />
    <nd ref='1824052918' />
    <nd ref='1824052896' />
    <nd ref='1824053085' />
    <nd ref='1824053439' />
    <nd ref='1824053168' />
    <nd ref='1824052956' />
    <nd ref='1824052974' />
    <nd ref='1824052997' />
    <nd ref='1824053153' />
    <nd ref='1824052991' />
    <nd ref='1824053230' />
    <nd ref='1824053229' />
    <nd ref='1824053139' />
    <nd ref='1824053156' />
    <nd ref='1824053038' />
    <nd ref='1824053158' />
    <nd ref='1824053361' />
    <nd ref='1824053180' />
    <nd ref='1824053335' />
    <nd ref='1824053163' />
    <nd ref='1824053127' />
    <nd ref='1824053134' />
    <nd ref='1824053113' />
    <tag k='golf' v='fairway' />
    <tag k='landuse' v='grass' />
    <tag k='mown' v='yes' />
    <tag k='source' v='bing' />
  </way>
  <way id='171371154' timestamp='2017-08-03T15:24:39Z' uid='693098' user='radek-drlicka' visible='true' version='2' changeset='50812186'>
    <nd ref='1824052911' />
    <nd ref='1824053136' />
    <nd ref='1824053164' />
    <nd ref='1824053360' />
    <nd ref='1824053119' />
    <nd ref='1824053301' />
    <nd ref='1824053171' />
    <nd ref='1824052993' />
    <nd ref='1824053118' />
    <nd ref='1824053086' />
    <nd ref='1824053076' />
    <nd ref='1824053019' />
    <nd ref='1824053173' />
    <nd ref='1824053406' />
    <nd ref='1824053315' />
    <nd ref='1824052893' />
    <nd ref='1824053215' />
    <nd ref='1824053191' />
    <nd ref='1824053160' />
    <nd ref='768730605' />
    <nd ref='768729960' />
    <nd ref='768729991' />
    <nd ref='1824052912' />
    <nd ref='1824053304' />
    <nd ref='1824052970' />
    <nd ref='1824052911' />
    <tag k='golf' v='bunker' />
    <tag k='natural' v='sand' />
    <tag k='source' v='bing' />
    <tag k='surface' v='sand' />
  </way>
  <way id='171374533' timestamp='2012-07-13T10:51:08Z' uid='684284' user='Kewar' visible='true' version='1' changeset='12205197'>
    <nd ref='1824076356' />
    <nd ref='1824076349' />
    <nd ref='1824076351' />
    <tag k='dist:blue' v='455' />
    <tag k='dist:gold' v='486' />
    <tag k='dist:red' v='441' />
    <tag k='dist:white' v='498' />
    <tag k='golf' v='hole' />
    <tag k='handicap' v='1' />
    <tag k='name' v='3rd' />
    <tag k='par' v='5' />
    <tag k='ref' v='3' />
    <tag k='source' v='bing' />
  </way>
  <way id='171375516' timestamp='2012-07-13T11:06:49Z' uid='684284' user='Kewar' visible='true' version='1' changeset='12205355'>
    <nd ref='1824090002' />
    <nd ref='1824089815' />
    <nd ref='1824089808' />
    <nd ref='1824089916' />
    <nd ref='1824090055' />
    <nd ref='1824090061' />
    <nd ref='1824089861' />
    <nd ref='1824090014' />
    <nd ref='1824090200' />
    <nd ref='1824089998' />
    <nd ref='1824090052' />
    <nd ref='1824089918' />
    <nd ref='1824090081' />
    <nd ref='1824089833' />
    <nd ref='1824090093' />
    <nd ref='1824090119' />
    <nd ref='1824090208' />
    <nd ref='1824090077' />
    <nd ref='1824090181' />
    <nd ref='1824090063' />
    <nd ref='1824090214' />
    <nd ref='1824090117' />
    <nd ref='1824089876' />
    <nd ref='1824089804' />
    <nd ref='1824090017' />
    <nd ref='1824090267' />
    <nd ref='1824090153' />
    <nd ref='1824089976' />
    <nd ref='1824089930' />
    <nd ref='1824090218' />
    <nd ref='1824089843' />
    <nd ref='1824090002' />
    <tag k='finely_mown' v='yes' />
    <tag k='golf' v='green' />
    <tag k='landuse' v='grass' />
    <tag k='source' v='bing' />
  </way>
  <way id='171375517' timestamp='2017-08-03T15:24:40Z' uid='693098' user='radek-drlicka' visible='true' version='2' changeset='50812186'>
    <nd ref='1824090091' />
    <nd ref='1824090128' />
    <nd ref='1824090298' />
    <nd ref='1824090115' />
    <nd ref='1824089934' />
    <nd ref='1824090020' />
    <nd ref='1824089965' />
    <nd ref='1824090124' />
    <nd ref='1824090226' />
    <nd ref='1824089960' />
    <nd ref='1824089917' />
    <nd ref='1824089922' />
    <nd ref='1824089923' />
    <nd ref='1824089831' />
    <nd ref='1824090048' />
    <nd ref='1824089995' />
    <nd ref='1824090084' />
    <nd ref='1824090059' />
    <nd ref='1824090005' />
    <nd ref='1824090091' />
    <tag k='golf' v='bunker' />
    <tag k='natural' v='sand' />
    <tag k='source' v='bing' />
    <tag k='surface' v='sand' />
  </way>
  <way id='171375519' timestamp='2017-08-03T15:24:40Z' uid='693098' user='radek-drlicka' visible='true' version='2' changeset='50812186'>
    <nd ref='1824089877' />
    <nd ref='1824089819' />
    <nd ref='1824089811' />
    <nd ref='1824090249' />
    <nd ref='1824089924' />
    <nd ref='1824090051' />
    <nd ref='1824090064' />
    <nd ref='1824089893' />
    <nd ref='1824090012' />
    <nd ref='1824089961' />
    <nd ref='1824089829' />
    <nd ref='1824089802' />
    <nd ref='1824090185' />
    <nd ref='1824090189' />
    <nd ref='1824089973' />
    <nd ref='1824089989' />
    <nd ref='1824089883' />
    <nd ref='1824090310' />
    <nd ref='1824090257' />
    <nd ref='1824090240' />
    <nd ref='1824090253' />
    <nd ref='1824090282' />
    <nd ref='1824090280' />
    <nd ref='1824090197' />
    <nd ref='1824089891' />
    <nd ref='1824089878' />
    <nd ref='1824089877' />
    <tag k='golf' v='bunker' />
    <tag k='natural' v='sand' />
    <tag k='source' v='bing' />
    <tag k='surface' v='sand' />
  </way>
  <way id='171375520' timestamp='2017-08-03T15:24:41Z' uid='693098' user='radek-drlicka' visible='true' version='2' changeset='50812186'>
    <nd ref='1824090301' />
    <nd ref='1824090244' />
    <nd ref='1824090211' />
    <nd ref='1824090145' />
    <nd ref='1824090165' />
    <nd ref='1824089845' />
    <nd ref='1824089813' />
    <nd ref='1824089800' />
    <nd ref='1824090270' />
    <nd ref='1824090223' />
    <nd ref='1824089920' />
    <nd ref='1824089882' />
    <nd ref='1824089884' />
    <nd ref='1824090259' />
    <nd ref='1824089896' />
    <nd ref='1824090015' />
    <nd ref='1824089972' />
    <nd ref='1824090229' />
    <nd ref='1824089880' />
    <nd ref='1824090301' />
    <tag k='golf' v='bunker' />
    <tag k='natural' v='sand' />
    <tag k='source' v='bing' />
    <tag k='surface' v='sand' />
  </way>
  <way id='171375521' timestamp='2012-07-13T11:06:50Z' uid='684284' user='Kewar' visible='true' version='1' changeset='12205355'>
    <nd ref='1824090203' />
    <nd ref='1824089927' />
    <nd ref='1824090120' />
    <nd ref='1824090137' />
    <nd ref='1824089925' />
    <nd ref='1824089912' />
    <nd ref='1824090277' />
    <nd ref='1824090071' />
    <nd ref='1824090008' />
    <nd ref='1824090242' />
    <nd ref='1824089828' />
    <nd ref='1824090167' />
    <nd ref='1824089945' />
    <nd ref='1824090262' />
    <nd ref='1824089857' />
    <nd ref='1824090278' />
    <nd ref='1824089947' />
    <nd ref='1824089898' />
    <nd ref='1824090016' />
    <nd ref='1824090247' />
    <nd ref='1824089866' />
    <nd ref='1824090113' />
    <nd ref='1824090192' />
    <nd ref='1824090057' />
    <nd ref='1824089846' />
    <nd ref='1824090194' />
    <nd ref='1824089874' />
    <nd ref='1824089948' />
    <nd ref='1824089822' />
    <nd ref='1824089806' />
    <nd ref='1824089919' />
    <nd ref='1824089889' />
    <nd ref='1824089824' />
    <nd ref='1824090000' />
    <nd ref='1824089970' />
    <nd ref='1824089820' />
    <nd ref='1824089907' />
    <nd ref='1824089958' />
    <nd ref='1824089852' />
    <nd ref='1824090010' />
    <nd ref='1824090308' />
    <nd ref='1824089956' />
    <nd ref='1824089855' />
    <nd ref='1824089841' />
    <nd ref='1824089817' />
    <nd ref='1824090066' />
    <nd ref='1824089994' />
    <nd ref='1824089914' />
    <nd ref='1824090206' />
    <nd ref='1824089826' />
    <nd ref='1824089875' />
    <nd ref='1824090179' />
    <nd ref='1824089952' />
    <nd ref='1824090074' />
    <nd ref='1824090305' />
    <nd ref='1824089879' />
    <nd ref='1824089888' />
    <nd ref='1824090251' />
    <nd ref='1824089810' />
    <nd ref='1824089932' />
    <nd ref='1824090203' />
    <tag k='golf' v='fairway' />
    <tag k='landuse' v='grass' />
    <tag k='mown' v='yes' />
    <tag k='source' v='bing' />
  </way>
  <way id='171375522' timestamp='2020-03-14T09:30:25Z' uid='5748' user='pschonmann' visible='true' version='4' changeset='82189119'>
    <nd ref='1824089838' />
    <nd ref='1824089963' />
    <tag k='dist:blue' v='301' />
    <tag k='dist:gold' v='341' />
    <tag k='dist:red' v='301' />
    <tag k='dist:white' v='369' />
    <tag k='golf' v='hole' />
    <tag k='handicap' v='4' />
    <tag k='name' v='4th' />
    <tag k='par' v='4' />
    <tag k='ref' v='4' />
    <tag k='source' v='bing' />
  </way>
  <way id='171375523' timestamp='2012-07-13T11:06:51Z' uid='684284' user='Kewar' visible='true' version='1' changeset='12205355'>
    <nd ref='1824089992' />
    <nd ref='1824089926' />
    <nd ref='1824089862' />
    <nd ref='1824089848' />
    <nd ref='1824089859' />
    <nd ref='1824090273' />
    <nd ref='1824090007' />
    <nd ref='1824089967' />
    <nd ref='1824090087' />
    <nd ref='1824089974' />
    <nd ref='1824089910' />
    <nd ref='1824089850' />
    <nd ref='1824089992' />
    <tag k='landuse' v='grass' />
    <tag k='source' v='bing' />
  </way>
  <way id='171379990' timestamp='2012-07-13T11:45:57Z' uid='684284' user='Kewar' visible='true' version='1' changeset='12205711'>
    <nd ref='1824118088' />
    <nd ref='1824118624' />
    <nd ref='1824117797' />
    <nd ref='1824118381' />
    <nd ref='1824118058' />
    <nd ref='1824117751' />
    <nd ref='1824118627' />
    <nd ref='1824117762' />
    <nd ref='1824117502' />
    <nd ref='1824118028' />
    <nd ref='1824117823' />
    <nd ref='1824117820' />
    <nd ref='1824117694' />
    <nd ref='1824118338' />
    <nd ref='1824118088' />
    <tag k='landuse' v='grass' />
    <tag k='source' v='bing' />
  </way>
  <way id='171379994' timestamp='2012-07-13T11:45:58Z' uid='684284' user='Kewar' visible='true' version='1' changeset='12205711'>
    <nd ref='1824118151' />
    <nd ref='1824118352' />
    <nd ref='1824117838' />
    <nd ref='1824118615' />
    <nd ref='1824117655' />
    <nd ref='1824117641' />
    <nd ref='1824118098' />
    <nd ref='1824117422' />
    <nd ref='1824118356' />
    <nd ref='1824117648' />
    <nd ref='1824117930' />
    <nd ref='1824118548' />
    <nd ref='1824118143' />
    <nd ref='1824117491' />
    <nd ref='1824117426' />
    <nd ref='1824118539' />
    <nd ref='1824117561' />
    <nd ref='1824118440' />
    <nd ref='1824118158' />
    <nd ref='1824118113' />
    <nd ref='1824118350' />
    <nd ref='1824117971' />
    <nd ref='1824118541' />
    <nd ref='1824117976' />
    <nd ref='1824118408' />
    <nd ref='1824118151' />
    <tag k='finely_mown' v='yes' />
    <tag k='golf' v='green' />
    <tag k='landuse' v='grass' />
    <tag k='source' v='bing' />
  </way>
  <way id='171380000' timestamp='2012-07-13T11:45:58Z' uid='684284' user='Kewar' visible='true' version='1' changeset='12205711'>
    <nd ref='1824117649' />
    <nd ref='1824118626' />
    <nd ref='1824117568' />
    <nd ref='1824117725' />
    <nd ref='1824118087' />
    <nd ref='1824118025' />
    <nd ref='1824118107' />
    <nd ref='1824118309' />
    <nd ref='1824117633' />
    <nd ref='1824117567' />
    <nd ref='1824117666' />
    <nd ref='1824117649' />
    <tag k='landuse' v='grass' />
    <tag k='source' v='bing' />
  </way>
  <way id='171380001' timestamp='2017-08-03T15:24:42Z' uid='693098' user='radek-drlicka' visible='true' version='2' changeset='50812186'>
    <nd ref='1824118463' />
    <nd ref='1824118445' />
    <nd ref='1824117564' />
    <nd ref='1824118509' />
    <nd ref='1824117400' />
    <nd ref='1824118205' />
    <nd ref='1824118495' />
    <nd ref='1824118434' />
    <nd ref='1824118493' />
    <nd ref='1824117486' />
    <nd ref='1824118457' />
    <nd ref='1824118010' />
    <nd ref='1824118046' />
    <nd ref='1824117996' />
    <nd ref='1824118576' />
    <nd ref='1824118578' />
    <nd ref='1824118085' />
    <nd ref='1824117770' />
    <nd ref='1824118447' />
    <nd ref='1824118463' />
    <tag k='golf' v='bunker' />
    <tag k='natural' v='sand' />
    <tag k='source' v='bing' />
    <tag k='surface' v='sand' />
  </way>
  <way id='171380018' timestamp='2012-07-13T12:14:43Z' uid='684284' user='Kewar' visible='true' version='2' changeset='12205973'>
    <nd ref='1824118410' />
    <nd ref='1824117489' />
    <nd ref='1824117603' />
    <nd ref='1824117526' />
    <nd ref='1824117566' />
    <nd ref='1824118206' />
    <nd ref='1824118519' />
    <nd ref='1824117570' />
    <nd ref='1824118515' />
    <nd ref='1824118511' />
    <nd ref='1824117394' />
    <nd ref='1824118542' />
    <nd ref='1824118462' />
    <nd ref='1824118089' />
    <nd ref='1824117410' />
    <nd ref='1824117581' />
    <nd ref='1824117776' />
    <nd ref='1824118444' />
    <nd ref='1824118428' />
    <nd ref='1824118427' />
    <nd ref='1824118229' />
    <nd ref='1824118388' />
    <nd ref='1824118359' />
    <nd ref='1824118116' />
    <nd ref='1824118416' />
    <nd ref='1824118064' />
    <nd ref='1824117677' />
    <nd ref='1824117533' />
    <nd ref='1824118414' />
    <nd ref='1824118363' />
    <nd ref='1824117447' />
    <nd ref='1824118351' />
    <nd ref='1824117935' />
    <nd ref='1824118266' />
    <nd ref='1824118410' />
    <tag k='finely_mown' v='yes' />
    <tag k='golf' v='green' />
    <tag k='landuse' v='grass' />
    <tag k='source' v='bing' />
  </way>
  <way id='171380020' timestamp='2012-07-13T11:46:00Z' uid='684284' user='Kewar' visible='true' version='1' changeset='12205711'>
    <nd ref='1824118361' />
    <nd ref='1824117606' />
    <nd ref='1824117670' />
    <nd ref='1824117897' />
    <nd ref='1824118213' />
    <nd ref='1824117650' />
    <nd ref='1824118049' />
    <nd ref='1824118044' />
    <nd ref='1824117993' />
    <nd ref='1824118452' />
    <nd ref='1824117579' />
    <nd ref='1824117615' />
    <nd ref='1824118104' />
    <nd ref='1824118547' />
    <nd ref='1824118361' />
    <tag k='landuse' v='grass' />
    <tag k='source' v='bing' />
  </way>
  <way id='171380023' timestamp='2012-07-13T11:46:00Z' uid='684284' user='Kewar' visible='true' version='1' changeset='12205711'>
    <nd ref='1824118446' />
    <nd ref='1824118455' />
    <nd ref='1824118594' />
    <nd ref='1824118365' />
    <nd ref='1824118358' />
    <nd ref='1824118038' />
    <nd ref='1824117473' />
    <nd ref='1824117856' />
    <nd ref='1824117418' />
    <nd ref='1824117836' />
    <nd ref='1824118508' />
    <nd ref='1824118031' />
    <nd ref='1824118446' />
    <tag k='landuse' v='grass' />
    <tag k='source' v='bing' />
  </way>
  <way id='171380026' timestamp='2017-08-03T15:24:43Z' uid='693098' user='radek-drlicka' visible='true' version='2' changeset='50812186'>
    <nd ref='1824118144' />
    <nd ref='1824118473' />
    <nd ref='1824118458' />
    <nd ref='1824118535' />
    <nd ref='1824117544' />
    <nd ref='1824117913' />
    <nd ref='1824117398' />
    <nd ref='1824117696' />
    <nd ref='1824117538' />
    <nd ref='1824118397' />
    <nd ref='1824117733' />
    <nd ref='1824117673' />
    <nd ref='1824118315' />
    <nd ref='1824118142' />
    <nd ref='1824117485' />
    <nd ref='1824117829' />
    <nd ref='1824117924' />
    <nd ref='1824117484' />
    <nd ref='1824117899' />
    <nd ref='1824118252' />
    <nd ref='1824117492' />
    <nd ref='1824118465' />
    <nd ref='1824118364' />
    <nd ref='1824118096' />
    <nd ref='1824118572' />
    <nd ref='1824118404' />
    <nd ref='1824118454' />
    <nd ref='1824117614' />
    <nd ref='1824118407' />
    <nd ref='1824118211' />
    <nd ref='1824118004' />
    <nd ref='1824118144' />
    <tag k='golf' v='bunker' />
    <tag k='natural' v='sand' />
    <tag k='source' v='bing' />
    <tag k='surface' v='sand' />
  </way>
  <way id='171380030' timestamp='2012-07-13T11:46:01Z' uid='684284' user='Kewar' visible='true' version='1' changeset='12205711'>
    <nd ref='1824118507' />
    <nd ref='1824117947' />
    <tag k='dist:blue' v='132' />
    <tag k='dist:gold' v='157' />
    <tag k='dist:red' v='132' />
    <tag k='dist:white' v='181' />
    <tag k='golf' v='hole' />
    <tag k='handicap' v='2' />
    <tag k='name' v='5th' />
    <tag k='par' v='3' />
    <tag k='ref' v='5' />
    <tag k='source' v='bing' />
  </way>
  <way id='171380032' timestamp='2012-07-13T11:46:01Z' uid='684284' user='Kewar' visible='true' version='1' changeset='12205711'>
    <nd ref='1824117781' />
    <nd ref='1824118501' />
    <nd ref='1824117510' />
    <nd ref='1824118426' />
    <nd ref='1824118372' />
    <nd ref='1824117743' />
    <nd ref='1824117969' />
    <nd ref='1824117755' />
    <nd ref='1824117680' />
    <nd ref='1824117406' />
    <nd ref='1824117469' />
    <nd ref='1824118121' />
    <nd ref='1824118223' />
    <nd ref='1824118439' />
    <nd ref='1824117781' />
    <tag k='landuse' v='grass' />
    <tag k='source' v='bing' />
  </way>
  <way id='171380035' timestamp='2012-07-13T11:46:01Z' uid='684284' user='Kewar' visible='true' version='1' changeset='12205711'>
    <nd ref='1824118533' />
    <nd ref='1824118609' />
    <nd ref='1824118336' />
    <nd ref='1824118423' />
    <nd ref='1824117460' />
    <nd ref='1824117779' />
    <nd ref='1824118517' />
    <nd ref='1824117739' />
    <nd ref='1824118084' />
    <nd ref='1824118110' />
    <nd ref='1824118201' />
    <nd ref='1824117914' />
    <nd ref='1824118569' />
    <nd ref='1824117401' />
    <nd ref='1824118520' />
    <nd ref='1824118533' />
    <tag k='landuse' v='grass' />
    <tag k='source' v='bing' />
  </way>
  <way id='171380038' timestamp='2017-08-03T15:24:43Z' uid='693098' user='radek-drlicka' visible='true' version='2' changeset='50812186'>
    <nd ref='1824118360' />
    <nd ref='1824117494' />
    <nd ref='1824117911' />
    <nd ref='1824117527' />
    <nd ref='1824117571' />
    <nd ref='1824118478' />
    <nd ref='1824118412' />
    <nd ref='1824118355' />
    <nd ref='1824118411' />
    <nd ref='1824117500' />
    <nd ref='1824117682' />
    <nd ref='1824117458' />
    <nd ref='1824117535' />
    <nd ref='1824118565' />
    <nd ref='1824118441' />
    <nd ref='1824118503' />
    <nd ref='1824117508' />
    <nd ref='1824117645' />
    <nd ref='1824118360' />
    <tag k='golf' v='bunker' />
    <tag k='natural' v='sand' />
    <tag k='source' v='bing' />
    <tag k='surface' v='sand' />
  </way>
  <way id='171380040' timestamp='2012-07-13T11:46:02Z' uid='684284' user='Kewar' visible='true' version='1' changeset='12205711'>
    <nd ref='1824118382' />
    <nd ref='1824117452' />
    <nd ref='1824117483' />
    <nd ref='1824118281' />
    <nd ref='1824117727' />
    <nd ref='1824117647' />
    <nd ref='1824117803' />
    <nd ref='1824117918' />
    <nd ref='1824117842' />
    <nd ref='1824117529' />
    <nd ref='1824117520' />
    <nd ref='1824118217' />
    <nd ref='1824117758' />
    <nd ref='1824117698' />
    <nd ref='1824117879' />
    <nd ref='1824117435' />
    <nd ref='1824118622' />
    <nd ref='1824117870' />
    <nd ref='1824117710' />
    <nd ref='1824117887' />
    <nd ref='1824117805' />
    <nd ref='1824118401' />
    <nd ref='1824118528' />
    <nd ref='1824118226' />
    <nd ref='1824118148' />
    <nd ref='1824118521' />
    <nd ref='1824117609' />
    <nd ref='1824118279' />
    <nd ref='1824117428' />
    <nd ref='1824118546' />
    <nd ref='1824118581' />
    <nd ref='1824117844' />
    <nd ref='1824117840' />
    <nd ref='1824117528' />
    <nd ref='1824118382' />
    <tag k='golf' v='fairway' />
    <tag k='landuse' v='grass' />
    <tag k='mown' v='yes' />
    <tag k='source' v='bing' />
  </way>
  <way id='171380044' timestamp='2017-08-03T15:24:44Z' uid='693098' user='radek-drlicka' visible='true' version='2' changeset='50812186'>
    <nd ref='1824117546' />
    <nd ref='1824117747' />
    <nd ref='1824118147' />
    <nd ref='1824117537' />
    <nd ref='1824118320' />
    <nd ref='1824117973' />
    <nd ref='1824118403' />
    <nd ref='1824117938' />
    <nd ref='1824118369' />
    <nd ref='1824118325' />
    <nd ref='1824118030' />
    <nd ref='1824118510' />
    <nd ref='1824118471' />
    <nd ref='1824118008' />
    <nd ref='1824117688' />
    <nd ref='1824118579' />
    <nd ref='1824118479' />
    <nd ref='1824118481' />
    <nd ref='1824118466' />
    <nd ref='1824118610' />
    <nd ref='1824117773' />
    <nd ref='1824118215' />
    <nd ref='1824118618' />
    <nd ref='1824118554' />
    <nd ref='1824118522' />
    <nd ref='1824117708' />
    <nd ref='1824118482' />
    <nd ref='1824118431' />
    <nd ref='1824117546' />
    <tag k='golf' v='bunker' />
    <tag k='natural' v='sand' />
    <tag k='source' v='bing' />
    <tag k='surface' v='sand' />
  </way>
  <way id='171387738' timestamp='2012-07-13T13:27:44Z' uid='684284' user='Kewar' visible='true' version='1' changeset='12206598'>
    <nd ref='1824223459' />
    <nd ref='1824222908' />
    <nd ref='1824223978' />
    <tag k='dist:blue' v='199' />
    <tag k='dist:gold' v='239' />
    <tag k='dist:red' v='199' />
    <tag k='dist:white' v='259' />
    <tag k='golf' v='hole' />
    <tag k='handicap' v='3' />
    <tag k='name' v='7th' />
    <tag k='par' v='4' />
    <tag k='ref' v='7' />
    <tag k='source' v='bing' />
  </way>
  <way id='171387754' timestamp='2012-07-13T13:27:45Z' uid='684284' user='Kewar' visible='true' version='1' changeset='12206598'>
    <nd ref='1824223359' />
    <nd ref='1824223396' />
    <nd ref='1824222669' />
    <nd ref='1824223376' />
    <tag k='dist:blue' v='424' />
    <tag k='dist:gold' v='456' />
    <tag k='dist:red' v='410' />
    <tag k='dist:white' v='480' />
    <tag k='golf' v='hole' />
    <tag k='handicap' v='7' />
    <tag k='name' v='8th' />
    <tag k='par' v='5' />
    <tag k='ref' v='8' />
    <tag k='source' v='bing' />
  </way>
  <way id='171387762' timestamp='2012-07-13T13:27:48Z' uid='684284' user='Kewar' visible='true' version='1' changeset='12206598'>
    <nd ref='1824223160' />
    <nd ref='1824223582' />
    <nd ref='1824223769' />
    <nd ref='1824222802' />
    <nd ref='1824223436' />
    <nd ref='1824223017' />
    <nd ref='1824223513' />
    <nd ref='1824223593' />
    <nd ref='1824223590' />
    <nd ref='1824223145' />
    <nd ref='1824223288' />
    <nd ref='1824222936' />
    <nd ref='1824223160' />
    <tag k='landuse' v='grass' />
    <tag k='source' v='bing' />
  </way>
  <way id='171489940' timestamp='2015-09-18T06:42:45Z' uid='1189910' user='Milancer' visible='true' version='2' changeset='34096559'>
    <nd ref='1825120054' />
    <nd ref='1140211555' />
    <nd ref='476499493' />
    <nd ref='1140211436' />
    <nd ref='1825120193' />
    <nd ref='1825120206' />
    <nd ref='1825120257' />
    <nd ref='1825120209' />
    <nd ref='1825120221' />
    <nd ref='1825120156' />
    <nd ref='1825120106' />
    <nd ref='1825120170' />
    <nd ref='1825120054' />
    <tag k='natural' v='scrub' />
  </way>
  <way id='171489941' timestamp='2012-07-14T08:22:19Z' uid='684284' user='Kewar' visible='true' version='1' changeset='12214970'>
    <nd ref='1825120245' />
    <nd ref='1825120050' />
    <tag k='highway' v='footway' />
  </way>
  <way id='171489943' timestamp='2012-07-14T08:22:19Z' uid='684284' user='Kewar' visible='true' version='1' changeset='12214970'>
    <nd ref='1825120199' />
    <nd ref='1825120113' />
    <nd ref='1825120066' />
    <nd ref='1825120220' />
    <nd ref='1825120140' />
    <nd ref='1825120120' />
    <nd ref='1825120182' />
    <nd ref='1825120114' />
    <nd ref='1825120199' />
    <tag k='landuse' v='forest' />
  </way>
  <way id='171489946' timestamp='2012-07-14T08:22:19Z' uid='684284' user='Kewar' visible='true' version='1' changeset='12214970'>
    <nd ref='1825120048' />
    <nd ref='1825120251' />
    <nd ref='1825120216' />
    <nd ref='1825120108' />
    <tag k='highway' v='footway' />
  </way>
  <way id='171489947' timestamp='2012-07-14T08:22:19Z' uid='684284' user='Kewar' visible='true' version='1' changeset='12214970'>
    <nd ref='1825120263' />
    <nd ref='1825120245' />
    <nd ref='1825120116' />
    <nd ref='1825120134' />
    <nd ref='1825120091' />
    <nd ref='1825120098' />
    <nd ref='1825120070' />
    <nd ref='1825120048' />
    <nd ref='1825120203' />
    <nd ref='1825120255' />
    <nd ref='1825120089' />
    <nd ref='1825120279' />
    <nd ref='1825120061' />
    <nd ref='1825120143' />
    <tag k='highway' v='footway' />
  </way>
  <way id='171489948' timestamp='2012-07-14T08:22:19Z' uid='684284' user='Kewar' visible='true' version='1' changeset='12214970'>
    <nd ref='1825120108' />
    <nd ref='1825120247' />
    <nd ref='1825120235' />
    <nd ref='1825120213' />
    <nd ref='1825120243' />
    <nd ref='1825120059' />
    <tag k='highway' v='path' />
  </way>
  <way id='171489949' timestamp='2012-07-14T08:22:19Z' uid='684284' user='Kewar' visible='true' version='1' changeset='12214970'>
    <nd ref='1825120245' />
    <nd ref='1825120189' />
    <nd ref='1825120200' />
    <nd ref='1825120095' />
    <nd ref='1825120121' />
    <tag k='highway' v='footway' />
  </way>
  <way id='171489951' timestamp='2016-12-17T19:42:26Z' uid='1189910' user='Milancer' visible='true' version='3' changeset='44477371'>
    <nd ref='1825120221' />
    <nd ref='1825120209' />
    <nd ref='1825120257' />
    <nd ref='1825120206' />
    <nd ref='1825120193' />
    <nd ref='1140211436' />
    <nd ref='1825120261' />
    <nd ref='1825120241' />
    <nd ref='476499492' />
    <nd ref='1825120168' />
    <nd ref='1825120215' />
    <nd ref='1825120045' />
    <nd ref='1825120104' />
    <nd ref='1825120166' />
    <nd ref='2476955938' />
    <nd ref='2476955937' />
    <nd ref='2476955930' />
    <nd ref='2476955929' />
    <nd ref='2476955936' />
    <nd ref='1825120156' />
    <nd ref='1825120221' />
  </way>
  <way id='171489952' timestamp='2012-07-14T08:22:20Z' uid='684284' user='Kewar' visible='true' version='1' changeset='12214970'>
    <nd ref='1825120091' />
    <nd ref='1825120151' />
    <nd ref='1825120186' />
    <nd ref='1825120058' />
    <nd ref='1825120195' />
    <nd ref='1825120073' />
    <nd ref='1825120191' />
    <nd ref='1825120281' />
    <nd ref='1825120059' />
    <tag k='highway' v='path' />
  </way>
  <way id='171489953' timestamp='2012-07-19T09:45:49Z' uid='684284' user='Kewar' visible='true' version='3' changeset='12316744'>
    <nd ref='1825120134' />
    <nd ref='1825120238' />
    <nd ref='1825120056' />
    <nd ref='1825120145' />
    <nd ref='1825120158' />
    <nd ref='1825120052' />
    <nd ref='1830596040' />
    <nd ref='1825120162' />
    <nd ref='1827277325' />
    <nd ref='1825120063' />
    <nd ref='1825120100' />
    <nd ref='1827277303' />
    <nd ref='1825120149' />
    <tag k='highway' v='footway' />
  </way>
  <way id='171489954' timestamp='2012-07-14T08:22:20Z' uid='684284' user='Kewar' visible='true' version='1' changeset='12214970'>
    <nd ref='1825120166' />
    <nd ref='1825120268' />
    <nd ref='1825120123' />
    <nd ref='1825120102' />
    <nd ref='1825120271' />
    <nd ref='1825120197' />
    <nd ref='1825120147' />
    <nd ref='1825120266' />
    <nd ref='1825120071' />
    <nd ref='1825120249' />
    <nd ref='1825120215' />
    <nd ref='1825120045' />
    <nd ref='1825120104' />
    <nd ref='1825120166' />
    <tag k='landuse' v='forest' />
  </way>
  <way id='171802417' timestamp='2015-12-04T19:40:01Z' uid='1189910' user='Milancer' visible='true' version='2' changeset='35755002'>
    <nd ref='1827802721' />
    <nd ref='1827802675' />
    <nd ref='1827802730' />
    <nd ref='1827802735' />
    <nd ref='1827802727' />
    <nd ref='1827802737' />
    <nd ref='1827802684' />
    <nd ref='1827802676' />
    <nd ref='1827802685' />
    <nd ref='1827802666' />
    <nd ref='1827802682' />
    <nd ref='1827802724' />
    <nd ref='1827802707' />
    <nd ref='1827802716' />
    <nd ref='1827802680' />
    <nd ref='1827802732' />
    <nd ref='1827802687' />
    <nd ref='1827802688' />
    <nd ref='1827802713' />
    <nd ref='1827802719' />
    <nd ref='1827802673' />
    <nd ref='1827802710' />
    <nd ref='1827802678' />
    <nd ref='1827802669' />
    <nd ref='1827802721' />
    <tag k='natural' v='scrub' />
  </way>
  <way id='172126744' action='delete' timestamp='2012-07-19T09:45:47Z' uid='684284' user='Kewar' visible='true' version='1' changeset='12316744'>
    <tag k='highway' v='path' />
  </way>
  <way id='172126746' action='delete' timestamp='2012-07-19T09:45:48Z' uid='684284' user='Kewar' visible='true' version='1' changeset='12316744'>
    <tag k='highway' v='path' />
  </way>
  <way id='172126749' timestamp='2012-07-19T09:45:48Z' uid='684284' user='Kewar' visible='true' version='1' changeset='12316744'>
    <nd ref='1825120050' />
    <nd ref='1830595988' />
    <nd ref='1830596045' />
    <nd ref='1830596091' />
    <nd ref='1830596065' />
    <nd ref='1830596046' />
    <nd ref='1830596005' />
    <nd ref='1830596079' />
    <tag k='highway' v='path' />
  </way>
  <way id='172126750' timestamp='2012-07-19T09:45:48Z' uid='684284' user='Kewar' visible='true' version='1' changeset='12316744'>
    <nd ref='1830596075' />
    <nd ref='1830596057' />
    <nd ref='1830596090' />
    <nd ref='1830596065' />
    <tag k='highway' v='path' />
  </way>
  <way id='172126752' timestamp='2012-07-19T09:45:49Z' uid='684284' user='Kewar' visible='true' version='1' changeset='12316744'>
    <nd ref='1830596084' />
    <nd ref='1830596072' />
    <nd ref='1830596067' />
    <nd ref='1830596092' />
    <nd ref='1830595980' />
    <nd ref='1830596040' />
    <tag k='highway' v='path' />
  </way>
  <way id='179556195' timestamp='2020-08-04T07:38:04Z' uid='8976801' user='majkaz_imports' visible='true' version='5' changeset='88913147'>
    <nd ref='1899415016' />
    <nd ref='1899415015' />
    <nd ref='1899415018' />
    <tag k='highway' v='residential' />
    <tag k='name' v='Vrátnická' />
    <tag k='surface' v='asphalt' />
  </way>
  <way id='179556201' timestamp='2015-08-27T07:42:41Z' uid='1189910' user='Milancer' visible='true' version='3' changeset='33613540'>
    <nd ref='2589550128' />
    <nd ref='1899415180' />
    <nd ref='1140788204' />
    <nd ref='3716509016' />
    <nd ref='1140788184' />
    <tag k='highway' v='residential' />
    <tag k='motor_vehicle' v='destination' />
    <tag k='name' v='Potahová' />
    <tag k='surface' v='asphalt' />
  </way>
  <way id='179556288' timestamp='2018-10-24T06:34:23Z' uid='64876' user='Andreeeee' visible='true' version='2' changeset='63819425'>
    <nd ref='1899414946' />
    <nd ref='1899414926' />
    <nd ref='1899414896' />
    <nd ref='1899414887' />
    <nd ref='1899414881' />
    <nd ref='6009243484' />
    <nd ref='1899414883' />
    <nd ref='1899414893' />
    <nd ref='1899414939' />
    <nd ref='1899414991' />
    <nd ref='1899415041' />
    <nd ref='1899415044' />
    <nd ref='1899415043' />
    <nd ref='1899415042' />
    <nd ref='1899415003' />
    <nd ref='1899414946' />
    <tag k='natural' v='scrub' />
  </way>
  <way id='179556338' timestamp='2020-07-14T06:57:58Z' uid='1189910' user='Milancer' visible='true' version='2' changeset='87958669'>
    <nd ref='1899415136' />
    <nd ref='1899415056' />
    <nd ref='1899415037' />
    <nd ref='7712821091' />
    <nd ref='1899415031' />
    <nd ref='7712821101' />
    <nd ref='7712821090' />
    <nd ref='1899414961' />
    <tag k='barrier' v='wall' />
  </way>
  <way id='181639393' timestamp='2019-08-20T16:34:05Z' uid='25867' user='adamos' visible='true' version='6' changeset='73548305'>
    <nd ref='1920491999' />
    <nd ref='1920491932' />
    <nd ref='1920491931' />
    <nd ref='1920491928' />
    <nd ref='1920491926' />
    <nd ref='1920491924' />
    <nd ref='1920491922' />
    <nd ref='1920491910' />
    <nd ref='1920491908' />
    <nd ref='1920491907' />
    <nd ref='1920491905' />
    <nd ref='1920491903' />
    <nd ref='1920491902' />
    <nd ref='1920491901' />
    <nd ref='1920491900' />
    <nd ref='1920491899' />
    <nd ref='3716887938' />
    <nd ref='1920491898' />
    <nd ref='1920491897' />
    <nd ref='1920491896' />
    <nd ref='1920491895' />
    <nd ref='1920491894' />
    <nd ref='1920491893' />
    <nd ref='1920491892' />
    <nd ref='1920491891' />
    <nd ref='1920491890' />
    <nd ref='1920491889' />
    <nd ref='1920491877' />
    <nd ref='1920491875' />
    <nd ref='1920491873' />
    <nd ref='1920491871' />
    <nd ref='1920491869' />
    <nd ref='1920491867' />
    <nd ref='1920491865' />
    <nd ref='1920491863' />
    <nd ref='1920491862' />
    <nd ref='1920491860' />
    <nd ref='3716508966' />
    <nd ref='1920491858' />
    <nd ref='1920491857' />
    <nd ref='1920491856' />
    <nd ref='1920491855' />
    <nd ref='1920491854' />
    <nd ref='1920491853' />
    <nd ref='1920491852' />
    <nd ref='1920491851' />
    <nd ref='1920491850' />
    <nd ref='1920491849' />
    <nd ref='2394912059' />
    <nd ref='1920491844' />
    <nd ref='1920491842' />
    <nd ref='1920491841' />
    <nd ref='1920491839' />
    <nd ref='1920491837' />
    <nd ref='1920491835' />
    <nd ref='1920491833' />
    <nd ref='1920491830' />
    <nd ref='1920491828' />
    <nd ref='1920491826' />
    <nd ref='1920491824' />
    <nd ref='1920491822' />
    <nd ref='1920491820' />
    <nd ref='6727152730' />
    <nd ref='1920491818' />
    <nd ref='1920491816' />
    <nd ref='1920491814' />
    <nd ref='1920491812' />
    <nd ref='1920491811' />
    <nd ref='1920491810' />
    <nd ref='1920491809' />
    <nd ref='1920491808' />
    <nd ref='1920491806' />
    <nd ref='1920491804' />
    <nd ref='1920491802' />
    <nd ref='1920491800' />
    <nd ref='1920491799' />
    <nd ref='1920491796' />
    <nd ref='1920491793' />
    <nd ref='1920491791' />
    <nd ref='1920491933' />
    <tag k='admin_level' v='10' />
    <tag k='boundary' v='administrative' />
    <tag k='source' v='cuzk:ruian' />
  </way>
  <way id='181679104' timestamp='2012-09-18T22:41:28Z' uid='787799' user='czechreg' visible='true' version='1' changeset='13163605'>
    <nd ref='1920935741' />
    <nd ref='1920935779' />
    <nd ref='1920935778' />
    <nd ref='1920935777' />
    <nd ref='1920935776' />
    <nd ref='1920935780' />
    <tag k='admin_level' v='10' />
    <tag k='boundary' v='administrative' />
    <tag k='source' v='cuzk:ruian' />
  </way>
  <way id='184574428' timestamp='2020-04-09T11:12:02Z' uid='102554' user='Jezevec' visible='true' version='7' changeset='83304286'>
    <nd ref='723305' />
    <nd ref='7385114796' />
    <nd ref='6855893851' />
    <nd ref='208280162' />
    <nd ref='208280163' />
    <nd ref='208280165' />
    <tag k='bicycle' v='yes' />
    <tag k='highway' v='residential' />
    <tag k='motorcar' v='no' />
    <tag k='name' v='Vltavanů' />
    <tag k='smoothness' v='good' />
    <tag k='surface' v='asphalt' />
  </way>
  <way id='184574429' timestamp='2020-04-09T11:12:02Z' uid='102554' user='Jezevec' visible='true' version='6' changeset='83304286'>
    <nd ref='495470231' />
    <nd ref='1729293854' />
    <nd ref='476499500' />
    <nd ref='7385114794' />
    <nd ref='476499501' />
    <nd ref='7385114795' />
    <nd ref='476499502' />
    <nd ref='7385114803' />
    <nd ref='7385114802' />
    <nd ref='476499503' />
    <nd ref='476499505' />
    <nd ref='7385114799' />
    <nd ref='7385114798' />
    <nd ref='7385114800' />
    <nd ref='723305' />
    <tag k='foot' v='yes' />
    <tag k='highway' v='cycleway' />
    <tag k='inline_skates' v='yes' />
    <tag k='smoothness' v='excellent' />
    <tag k='surface' v='asphalt' />
  </way>
  <way id='239926794' timestamp='2013-09-29T20:01:04Z' uid='411213' user='pedro&apos;' visible='true' version='1' changeset='18099503'>
    <nd ref='2476955923' />
    <nd ref='2476955928' />
    <nd ref='2476955915' />
    <nd ref='2476955914' />
    <nd ref='2476955923' />
    <tag k='landuse' v='recreation_ground' />
  </way>
  <way id='239926795' timestamp='2013-09-29T20:01:04Z' uid='411213' user='pedro&apos;' visible='true' version='1' changeset='18099503'>
    <nd ref='2476955934' />
    <nd ref='2476955935' />
    <nd ref='2476955933' />
    <nd ref='2476955932' />
    <nd ref='2476955934' />
    <tag k='leisure' v='pitch' />
    <tag k='sport' v='beachvolleyball' />
  </way>
  <way id='239926796' timestamp='2013-09-29T20:01:04Z' uid='411213' user='pedro&apos;' visible='true' version='1' changeset='18099503'>
    <nd ref='2476955924' />
    <nd ref='2476955925' />
    <nd ref='2476955917' />
    <nd ref='2476955916' />
    <nd ref='2476955924' />
    <tag k='amenity' v='parking' />
    <tag k='parking' v='surface' />
  </way>
  <way id='239926797' timestamp='2013-09-29T20:01:04Z' uid='411213' user='pedro&apos;' visible='true' version='1' changeset='18099503'>
    <nd ref='2476955927' />
    <nd ref='2476955926' />
    <nd ref='2476955918' />
    <nd ref='2476955919' />
    <nd ref='2476955927' />
    <tag k='amenity' v='parking' />
    <tag k='parking' v='surface' />
  </way>
  <way id='252949093' timestamp='2015-04-28T16:24:58Z' uid='959668' user='Tomas Runa' visible='true' version='3' changeset='30586660'>
    <nd ref='1899415018' />
    <nd ref='1899415023' />
    <nd ref='1899415040' />
    <nd ref='3484446139' />
    <nd ref='1899415046' />
    <nd ref='1899415063' />
    <nd ref='2589602061' />
    <nd ref='1899415072' />
    <nd ref='1899415104' />
    <nd ref='1899415122' />
    <nd ref='1899415135' />
    <nd ref='1899415139' />
    <nd ref='1899415161' />
    <nd ref='1899415180' />
    <tag k='highway' v='residential' />
    <tag k='name' v='Vorařská' />
    <tag k='oneway' v='yes' />
    <tag k='surface' v='asphalt' />
  </way>
  <way id='252949096' timestamp='2016-12-18T10:48:13Z' uid='5748' user='pschonmann' visible='true' version='4' changeset='44487666'>
    <nd ref='2589534126' />
    <nd ref='3069756292' />
    <nd ref='2589602050' />
    <nd ref='1140788190' />
    <tag k='highway' v='service' />
    <tag k='lanes' v='1' />
    <tag k='surface' v='asphalt' />
  </way>
  <way id='252957060' timestamp='2013-12-21T20:38:18Z' uid='1845771' user='ZdenekS' visible='true' version='1' changeset='19572575'>
    <nd ref='2589602049' />
    <nd ref='2589602055' />
    <tag k='highway' v='footway' />
  </way>
  <way id='252957061' timestamp='2013-12-21T20:38:18Z' uid='1845771' user='ZdenekS' visible='true' version='1' changeset='19572575'>
    <nd ref='2589602061' />
    <nd ref='2589602056' />
    <nd ref='2589602054' />
    <nd ref='2589602050' />
    <nd ref='2589602064' />
    <nd ref='2589602045' />
    <tag k='highway' v='footway' />
  </way>
  <way id='252957062' timestamp='2014-09-10T07:15:15Z' uid='5748' user='pschonmann' visible='true' version='2' changeset='25342634'>
    <nd ref='2589602056' />
    <nd ref='2589602046' />
    <nd ref='3069756292' />
    <nd ref='2589602062' />
    <tag k='highway' v='footway' />
  </way>
  <way id='252957063' timestamp='2013-12-21T20:38:18Z' uid='1845771' user='ZdenekS' visible='true' version='1' changeset='19572575'>
    <nd ref='2589602054' />
    <nd ref='2589602048' />
    <nd ref='2589602065' />
    <nd ref='2589602049' />
    <nd ref='1899415161' />
    <tag k='highway' v='footway' />
  </way>
  <way id='293699248' timestamp='2018-11-08T10:24:40Z' uid='349591' user='Martin Kuzela' visible='true' version='7' changeset='64287446'>
    <nd ref='2972898565' />
    <nd ref='2972898566' />
    <nd ref='6009406377' />
    <nd ref='6009406381' />
    <nd ref='6009406378' />
    <nd ref='6009406376' />
    <nd ref='2972898568' />
    <nd ref='2972898569' />
    <nd ref='2972898565' />
    <tag k='leisure' v='miniature_golf' />
    <tag k='name' v='Pirátí Park adventure minigolf' />
    <tag k='sport' v='miniature_golf' />
    <tag k='website' v='https://www.rosmarina.eu/sporty/minigolf' />
  </way>
  <way id='341235142' timestamp='2015-04-28T16:24:56Z' uid='959668' user='Tomas Runa' visible='true' version='1' changeset='30586660'>
    <nd ref='3484446152' />
    <nd ref='2589550128' />
    <nd ref='3484446151' />
    <nd ref='3484446145' />
    <tag k='highway' v='residential' />
  </way>
  <way id='341235144' timestamp='2018-10-24T06:34:23Z' uid='64876' user='Andreeeee' visible='true' version='3' changeset='63819425'>
    <nd ref='3484446149' />
    <nd ref='3484446147' />
    <nd ref='3484446146' />
    <nd ref='5260610522' />
    <nd ref='3484446150' />
    <nd ref='3484446151' />
    <tag k='highway' v='path' />
    <tag k='source' v='survey' />
  </way>
  <way id='341235145' timestamp='2015-04-28T16:24:56Z' uid='959668' user='Tomas Runa' visible='true' version='1' changeset='30586660'>
    <nd ref='3484446139' />
    <nd ref='3484446138' />
    <nd ref='3484446140' />
    <nd ref='3484446141' />
    <nd ref='3484446142' />
    <nd ref='3484446143' />
    <nd ref='3484446144' />
    <nd ref='3484446145' />
    <tag k='highway' v='unclassified' />
    <tag k='source' v='survey' />
  </way>
  <way id='367768562' timestamp='2020-07-14T06:57:58Z' uid='1189910' user='Milancer' visible='true' version='3' changeset='87958669'>
    <nd ref='7712810915' />
    <nd ref='3716509022' />
    <nd ref='3716509023' />
    <nd ref='3716509015' />
    <nd ref='5260610529' />
    <nd ref='3716509016' />
    <nd ref='7712810915' />
    <tag k='landuse' v='industrial' />
  </way>
  <way id='367768563' timestamp='2015-08-27T07:42:33Z' uid='1189910' user='Milancer' visible='true' version='1' changeset='33613540'>
    <nd ref='3716509625' />
    <nd ref='3716509626' />
    <nd ref='3716509627' />
    <nd ref='3716509628' />
    <nd ref='3716509629' />
    <nd ref='3716509644' />
    <nd ref='3716509630' />
    <nd ref='3716509631' />
    <nd ref='3716509632' />
    <nd ref='3716509633' />
    <nd ref='3716509634' />
    <nd ref='3716509625' />
    <tag k='landuse' v='industrial' />
  </way>
  <way id='367768564' timestamp='2015-08-27T07:42:33Z' uid='1189910' user='Milancer' visible='true' version='1' changeset='33613540'>
    <nd ref='3716509626' />
    <nd ref='3716509635' />
    <nd ref='3716509636' />
    <nd ref='3716509637' />
    <nd ref='3716509638' />
    <nd ref='3716509639' />
    <nd ref='3716509640' />
    <nd ref='3716509641' />
    <nd ref='3716509642' />
    <nd ref='3716509643' />
    <nd ref='3716509644' />
    <nd ref='3716509629' />
    <nd ref='3716509628' />
    <nd ref='3716509627' />
    <nd ref='3716509626' />
    <tag k='landuse' v='village_green' />
  </way>
  <way id='367809876' timestamp='2015-12-04T19:40:01Z' uid='1189910' user='Milancer' visible='true' version='2' changeset='35755002'>
    <nd ref='3716887959' />
    <nd ref='3716509020' />
    <nd ref='3716509019' />
    <nd ref='3260025146' />
    <nd ref='3260025766' />
    <nd ref='3716887960' />
    <nd ref='3716887959' />
    <tag k='natural' v='scrub' />
  </way>
  <way id='370292457' timestamp='2020-11-04T19:41:15Z' uid='102554' user='Jezevec' visible='true' version='2' changeset='93560068'>
    <nd ref='3740025528' />
    <nd ref='3740025535' />
    <nd ref='3740025539' />
    <nd ref='3740025515' />
    <tag k='abandoned:railway' v='rail' />
    <tag k='gauge' v='1435' />
    <tag k='railway' v='abandoned' />
    <tag k='service' v='spur' />
  </way>
  <way id='380955517' timestamp='2015-11-18T11:45:24Z' uid='2169558' user='JandaM' visible='true' version='1' changeset='35402714'>
    <nd ref='3842469690' />
    <nd ref='2589534126' />
    <nd ref='3842469691' />
    <nd ref='3842469696' />
    <nd ref='3842469697' />
    <nd ref='3842469688' />
    <nd ref='3842469689' />
    <nd ref='3842469687' />
    <nd ref='3842469686' />
    <nd ref='3842469599' />
    <nd ref='3842469596' />
    <nd ref='3842469593' />
    <nd ref='3842469591' />
    <nd ref='3842469623' />
    <nd ref='3842469624' />
    <nd ref='3842469655' />
    <nd ref='3842469656' />
    <nd ref='3842469683' />
    <nd ref='3842469681' />
    <nd ref='3842469675' />
    <nd ref='3842469674' />
    <nd ref='3842469680' />
    <nd ref='3842469679' />
    <nd ref='3842469693' />
    <nd ref='3842469695' />
    <nd ref='3842469690' />
    <tag k='source' v='cuzk:ruian' />
  </way>
  <way id='396246112' timestamp='2016-02-05T15:54:16Z' uid='527259' user='Vratislav Filler' visible='true' version='1' changeset='37022605'>
    <nd ref='723298' />
    <nd ref='268193342' />
    <nd ref='476499448' />
    <nd ref='723299' />
    <nd ref='476499450' />
    <nd ref='1825120263' />
    <nd ref='723300' />
    <tag k='highway' v='unclassified' />
    <tag k='motorcar' v='no' />
    <tag k='name' v='Vltavanů' />
  </way>
  <way id='396246113' timestamp='2019-05-07T17:11:06Z' uid='2087700' user='NESClUS' visible='true' version='2' changeset='69990296'>
    <nd ref='723302' />
    <nd ref='476499482' />
    <nd ref='495470234' />
    <nd ref='723303' />
    <nd ref='723304' />
    <nd ref='566658880' />
    <nd ref='566658881' />
    <nd ref='723305' />
    <tag k='highway' v='residential' />
    <tag k='name' v='Vltavanů' />
    <tag k='surface' v='asphalt' />
  </way>
  <way id='396246116' timestamp='2016-02-05T15:54:17Z' uid='527259' user='Vratislav Filler' visible='true' version='1' changeset='37022605'>
    <nd ref='3990404766' />
    <nd ref='476499497' />
    <tag k='highway' v='service' />
    <tag k='inline_skates' v='yes' />
    <tag k='segregated' v='no' />
    <tag k='smoothness' v='excellent' />
    <tag k='surface' v='asphalt' />
  </way>
  <way id='396246118' timestamp='2016-02-05T15:54:17Z' uid='527259' user='Vratislav Filler' visible='true' version='1' changeset='37022605'>
    <nd ref='476499497' />
    <nd ref='476499499' />
    <nd ref='495470231' />
    <tag k='highway' v='service' />
    <tag k='inline_skates' v='yes' />
    <tag k='smoothness' v='excellent' />
    <tag k='surface' v='asphalt' />
  </way>
  <way id='474580335' timestamp='2020-01-25T21:21:45Z' uid='6588887' user='Martin2035' visible='true' version='3' changeset='80084303'>
    <nd ref='476499450' />
    <nd ref='476499451' />
    <nd ref='7159462793' />
    <nd ref='476499452' />
    <nd ref='7159462794' />
    <nd ref='476499453' />
    <tag k='highway' v='residential' />
    <tag k='name' v='Mezi Vodami' />
    <tag k='oneway' v='no' />
    <tag k='source' v='uhul:ortofoto;cuzk:km' />
  </way>
  <way id='544200844' timestamp='2020-07-14T06:57:58Z' uid='1189910' user='Milancer' visible='true' version='2' changeset='87958669'>
    <nd ref='5260610523' />
    <nd ref='5260610524' />
    <nd ref='7712821092' />
    <nd ref='6009243515' />
    <nd ref='5260610525' />
    <nd ref='5260610526' />
    <nd ref='5260610527' />
    <nd ref='5260610528' />
    <nd ref='5260610523' />
    <tag k='landuse' v='residential' />
  </way>
  <way id='544200845' timestamp='2018-10-24T06:34:22Z' uid='64876' user='Andreeeee' visible='true' version='2' changeset='63819425'>
    <nd ref='1899414961' />
    <nd ref='5260610530' />
    <nd ref='5260610531' />
    <nd ref='5260610532' />
    <nd ref='5260610533' />
    <nd ref='6009243423' />
    <nd ref='773599916' />
    <nd ref='773600133' />
    <nd ref='773600194' />
    <nd ref='6009243422' />
    <nd ref='6009243421' />
    <nd ref='6009243433' />
    <nd ref='5260610535' />
    <nd ref='5260610536' />
    <nd ref='1899414961' />
    <tag k='landuse' v='industrial' />
  </way>
  <way id='637398356' timestamp='2018-10-24T06:34:21Z' uid='64876' user='Andreeeee' visible='true' version='1' changeset='63819425'>
    <nd ref='6009243447' />
    <nd ref='6009243448' />
    <nd ref='6009243449' />
    <nd ref='6009243450' />
    <nd ref='6009243451' />
    <nd ref='6009243452' />
    <nd ref='6009243453' />
    <nd ref='6009243454' />
    <nd ref='6009243455' />
    <nd ref='6009243462' />
    <nd ref='6009243456' />
    <tag k='highway' v='service' />
  </way>
  <way id='637398359' timestamp='2018-10-24T06:34:21Z' uid='64876' user='Andreeeee' visible='true' version='1' changeset='63819425'>
    <nd ref='6009243465' />
    <nd ref='6009243466' />
    <nd ref='6009243467' />
    <nd ref='6009243468' />
    <nd ref='6009243465' />
    <tag k='building' v='yes' />
  </way>
  <way id='637398360' timestamp='2018-10-24T06:34:21Z' uid='64876' user='Andreeeee' visible='true' version='1' changeset='63819425'>
    <nd ref='6009243469' />
    <nd ref='6009243470' />
    <nd ref='6009243471' />
    <nd ref='6009243472' />
    <nd ref='6009243473' />
    <tag k='natural' v='tree_row' />
  </way>
  <way id='637398361' timestamp='2018-10-24T06:34:21Z' uid='64876' user='Andreeeee' visible='true' version='1' changeset='63819425'>
    <nd ref='6009243474' />
    <nd ref='6009243475' />
    <nd ref='6009243476' />
    <nd ref='6009243477' />
    <nd ref='6009243478' />
    <nd ref='6009243479' />
    <nd ref='6009243480' />
    <tag k='natural' v='tree_row' />
  </way>
  <way id='637398362' timestamp='2018-10-24T06:34:22Z' uid='64876' user='Andreeeee' visible='true' version='1' changeset='63819425'>
    <nd ref='6009243481' />
    <nd ref='6009243482' />
    <tag k='natural' v='tree_row' />
  </way>
  <way id='637398363' timestamp='2018-10-24T06:34:22Z' uid='64876' user='Andreeeee' visible='true' version='1' changeset='63819425'>
    <nd ref='773599638' />
    <nd ref='6009243485' />
    <nd ref='6009243486' />
    <nd ref='6009243487' />
    <nd ref='6009243488' />
    <nd ref='773599131' />
    <nd ref='773599638' />
    <tag k='building' v='yes' />
  </way>
  <way id='637398367' timestamp='2018-10-24T06:34:22Z' uid='64876' user='Andreeeee' visible='true' version='1' changeset='63819425'>
    <nd ref='6009243507' />
    <nd ref='6009243508' />
    <nd ref='6009243509' />
    <nd ref='6009243510' />
    <nd ref='6009243511' />
    <nd ref='6009243512' />
    <nd ref='6009243513' />
    <nd ref='6009243514' />
    <nd ref='6009243507' />
    <tag k='landuse' v='grass' />
  </way>
  <way id='637398368' timestamp='2020-07-14T06:57:58Z' uid='1189910' user='Milancer' visible='true' version='2' changeset='87958669'>
    <nd ref='6009243515' />
    <nd ref='7712821092' />
    <nd ref='7712821091' />
    <nd ref='7712821101' />
    <nd ref='7712821090' />
    <nd ref='6009243516' />
    <nd ref='6009243517' />
    <nd ref='6009243518' />
    <nd ref='6009243519' />
    <nd ref='6009243520' />
    <nd ref='6009243515' />
    <tag k='landuse' v='construction' />
  </way>
  <way id='637398369' action='delete' timestamp='2018-10-24T06:34:22Z' uid='64876' user='Andreeeee' visible='true' version='1' changeset='63819425'>
    <tag k='highway' v='service' />
  </way>
  <way id='642115822' timestamp='2018-11-08T09:52:59Z' uid='349591' user='Martin Kuzela' visible='true' version='1' changeset='64286536'>
    <nd ref='6045853890' />
    <nd ref='6045853891' />
    <nd ref='6045853892' />
    <nd ref='6045853893' />
    <nd ref='6045853894' />
    <nd ref='6045853895' />
    <nd ref='6045853896' />
    <nd ref='6045853890' />
    <tag k='name' v='Fotbal-Golfové Hřište' />
    <tag k='operator' v='FOTBALGOLF MODŘANY' />
    <tag k='tourism' v='theme_park' />
    <tag k='website' v='http://www.fotbalgolfmodrany.cz' />
  </way>
  <way id='659301333' timestamp='2020-10-19T19:33:14Z' uid='1189910' user='Milancer' visible='true' version='5' changeset='92726530'>
    <nd ref='6171685457' />
    <nd ref='6172824633' />
    <nd ref='6172824634' />
    <nd ref='6172824635' />
    <nd ref='6172824636' />
    <nd ref='6172824637' />
    <nd ref='6172824638' />
    <nd ref='6172824639' />
    <nd ref='6172824640' />
    <nd ref='6172824641' />
    <nd ref='6172824642' />
    <nd ref='6172824643' />
    <nd ref='6172824644' />
    <nd ref='6172824645' />
    <nd ref='6172824646' />
    <nd ref='6172824647' />
    <nd ref='6172824648' />
    <nd ref='6172824649' />
    <nd ref='6172824650' />
    <nd ref='6172824651' />
    <nd ref='6172824652' />
    <nd ref='6172824653' />
    <nd ref='6172824654' />
    <nd ref='6172824655' />
    <nd ref='6172824656' />
    <nd ref='6172824657' />
    <nd ref='6172824658' />
    <nd ref='6172824659' />
    <nd ref='6172824660' />
    <nd ref='6172824661' />
    <nd ref='6172824662' />
    <nd ref='6172824663' />
    <nd ref='6172824664' />
    <nd ref='6172824665' />
    <nd ref='6172824666' />
    <nd ref='6172824667' />
    <nd ref='6172824668' />
    <nd ref='6172824669' />
    <nd ref='6172824670' />
    <nd ref='6172824671' />
    <nd ref='6172824672' />
    <nd ref='6172824673' />
    <nd ref='6172824674' />
    <nd ref='6172824675' />
    <nd ref='6172824676' />
    <nd ref='6172824677' />
    <nd ref='6172824678' />
    <nd ref='6172824679' />
    <nd ref='6172824680' />
    <nd ref='6172824681' />
    <nd ref='6172824682' />
    <nd ref='3078441540' />
    <nd ref='6172824683' />
    <nd ref='6172824685' />
    <nd ref='6172824686' />
    <nd ref='6172824687' />
    <nd ref='6172824688' />
    <nd ref='6172824689' />
    <nd ref='6172824690' />
    <nd ref='6172824691' />
    <nd ref='6172824692' />
    <nd ref='6172824693' />
    <nd ref='6172824694' />
    <nd ref='6172824695' />
    <nd ref='6172824696' />
    <nd ref='6172824697' />
    <nd ref='6172824698' />
    <nd ref='6172824699' />
    <nd ref='3078341847' />
    <nd ref='6172824700' />
    <nd ref='6172824701' />
    <nd ref='6172824702' />
    <nd ref='6172824704' />
    <nd ref='6172824705' />
    <nd ref='6172824706' />
    <nd ref='6172824707' />
    <nd ref='6172824708' />
    <nd ref='6172824709' />
    <nd ref='6172824710' />
    <nd ref='6172824711' />
    <nd ref='6172824712' />
    <nd ref='6928122290' />
    <nd ref='6172824713' />
    <nd ref='6172824714' />
    <nd ref='6172824715' />
    <nd ref='6172824716' />
    <nd ref='6172824717' />
    <nd ref='6172824718' />
    <nd ref='6172824719' />
    <nd ref='6172824720' />
    <nd ref='6172824721' />
    <nd ref='6172824722' />
    <nd ref='6172824723' />
    <nd ref='6172824724' />
    <nd ref='6172824725' />
    <nd ref='6172824726' />
    <nd ref='6172824727' />
    <nd ref='6172824728' />
    <nd ref='6172824729' />
    <nd ref='6172824730' />
    <nd ref='6172824731' />
    <nd ref='6172824732' />
    <nd ref='6172824733' />
    <nd ref='6172824734' />
    <nd ref='6172824735' />
    <nd ref='6172824736' />
    <nd ref='6172824737' />
    <nd ref='6172824738' />
    <nd ref='6172824739' />
    <nd ref='6172824740' />
    <nd ref='6172824741' />
    <nd ref='6172824742' />
    <nd ref='6172824743' />
    <nd ref='6172824744' />
    <nd ref='6172824745' />
    <nd ref='6935054027' />
    <nd ref='6935054025' />
    <nd ref='6935054026' />
    <nd ref='6172824746' />
    <nd ref='6172824747' />
    <nd ref='6172824748' />
    <nd ref='6172824749' />
    <nd ref='6172824750' />
    <nd ref='6172824751' />
    <nd ref='6172824752' />
    <nd ref='6172824753' />
    <nd ref='6172824754' />
    <nd ref='6172824755' />
    <nd ref='6172824756' />
    <nd ref='6172824757' />
    <nd ref='6172824758' />
    <nd ref='6172824759' />
    <nd ref='6855893871' />
    <nd ref='6172824760' />
    <nd ref='6855893867' />
    <nd ref='6855893864' />
    <nd ref='6172824761' />
    <nd ref='6172824762' />
    <nd ref='6172824763' />
    <nd ref='6172824764' />
    <nd ref='6172824765' />
    <nd ref='6172824766' />
    <nd ref='6172824767' />
    <nd ref='6172824768' />
    <nd ref='6172824769' />
    <nd ref='6172824770' />
    <nd ref='6172824771' />
    <nd ref='6172824772' />
    <nd ref='6172824773' />
    <nd ref='6172824774' />
    <nd ref='6172824775' />
    <nd ref='6172824776' />
    <nd ref='6172824777' />
    <nd ref='6172824778' />
    <nd ref='6172824779' />
    <nd ref='6172824780' />
    <nd ref='6172824781' />
    <nd ref='6172824782' />
    <tag k='duration' v='3:45' />
    <tag k='foot' v='yes' />
    <tag k='from' v='Praha' />
    <tag k='horse' v='no' />
    <tag k='motor_vehicle' v='no' />
    <tag k='name' v='Praha - Slapy' />
    <tag k='operator' v='PPS' />
    <tag k='route' v='ferry' />
    <tag k='to' v='Slapy' />
  </way>
  <way id='661326694' timestamp='2019-01-08T03:12:01Z' uid='3003739' user='r00tcz' visible='true' version='1' changeset='66115731'>
    <nd ref='6191316422' />
    <nd ref='6191316421' />
    <nd ref='6191316420' />
    <nd ref='6191316419' />
    <nd ref='6191316422' />
    <tag k='man_made' v='street_cabinet' />
    <tag k='operator' v='cz:PRE' />
    <tag k='power' v='substation' />
    <tag k='ref' v='TS8618' />
    <tag k='start_date' v='2009-06-08' />
    <tag k='street_cabinet' v='power' />
    <tag k='substation' v='minor_distribution' />
    <tag k='transformer' v='distribution' />
    <tag k='voltage' v='22000;400' />
  </way>
  <way id='826069417' timestamp='2020-07-14T06:57:58Z' uid='1189910' user='Milancer' visible='true' version='1' changeset='87958669'>
    <nd ref='3716509022' />
    <nd ref='3716509021' />
    <nd ref='3716509020' />
    <nd ref='3716509019' />
    <nd ref='3716509018' />
    <nd ref='3716509017' />
    <nd ref='7712810915' />
    <nd ref='3716509022' />
    <tag k='landuse' v='construction' />
    <tag k='name' v='Zahálka' />
  </way>
  <way id='826069418' timestamp='2020-07-14T06:57:58Z' uid='1189910' user='Milancer' visible='true' version='1' changeset='87958669'>
    <nd ref='7712810916' />
    <nd ref='7712810920' />
    <nd ref='7712810917' />
    <nd ref='7712810946' />
    <nd ref='7712810948' />
    <nd ref='7712810918' />
    <nd ref='7712810947' />
    <nd ref='7712810919' />
    <nd ref='7712810921' />
    <nd ref='7712810916' />
    <tag k='building' v='yes' />
    <tag k='building:levels' v='4' />
  </way>
  <way id='826069419' timestamp='2020-07-14T06:57:58Z' uid='1189910' user='Milancer' visible='true' version='1' changeset='87958669'>
    <nd ref='7712810920' />
    <nd ref='7712810916' />
    <nd ref='7712810921' />
    <nd ref='7712810918' />
    <nd ref='7712810948' />
    <nd ref='7712810920' />
    <tag k='building:levels' v='12' />
    <tag k='building:part' v='yes' />
  </way>
  <way id='826069429' timestamp='2020-07-14T06:57:58Z' uid='1189910' user='Milancer' visible='true' version='1' changeset='87958669'>
    <nd ref='7712821093' />
    <nd ref='7712821094' />
    <nd ref='7712821095' />
    <nd ref='7712821096' />
    <nd ref='7712821093' />
    <tag k='building' v='construction' />
  </way>
  <way id='826069430' timestamp='2020-07-14T06:57:58Z' uid='1189910' user='Milancer' visible='true' version='1' changeset='87958669'>
    <nd ref='7712821097' />
    <nd ref='7712821098' />
    <nd ref='7712821099' />
    <nd ref='7712821100' />
    <nd ref='7712821097' />
    <tag k='building' v='construction' />
  </way>
  <way id='833742421' timestamp='2020-08-04T05:54:20Z' uid='2169558' user='JandaM' visible='true' version='1' changeset='88907479'>
    <nd ref='7782916593' />
    <nd ref='7782916592' />
    <nd ref='7782916591' />
    <nd ref='7782916590' />
    <nd ref='7782916589' />
    <nd ref='7782916588' />
    <nd ref='7782916587' />
    <nd ref='7782916586' />
    <nd ref='7782916585' />
    <nd ref='7782916584' />
    <nd ref='7782916583' />
    <nd ref='7782916582' />
    <nd ref='7782916581' />
    <nd ref='7782916580' />
    <nd ref='7782916579' />
    <nd ref='7782916578' />
    <nd ref='7782916577' />
    <nd ref='7782916576' />
    <nd ref='7782916575' />
    <nd ref='7782916574' />
    <nd ref='7782916593' />
    <tag k='building' v='warehouse' />
    <tag k='building:ruian:type' v='12' />
    <tag k='ref:ruian:building' v='21866074' />
    <tag k='source' v='cuzk:ruian' />
  </way>
  <way id='860807651' timestamp='2020-10-19T19:33:14Z' uid='1189910' user='Milancer' visible='true' version='1' changeset='92726530'>
    <nd ref='277483240' />
    <nd ref='8023057011' />
    <nd ref='8023057012' />
    <nd ref='8023057013' />
    <nd ref='8023057014' />
    <nd ref='8023057015' />
    <nd ref='277483240' />
    <tag k='area' v='yes' />
    <tag k='barrier' v='wall' />
  </way>
  <relation id='15066' timestamp='2020-09-20T18:16:34Z' uid='6588887' user='Martin2035' visible='true' version='116' changeset='91184404'>
    <member type='way' ref='310923228' role='' />
    <member type='way' ref='310923224' role='' />
    <member type='way' ref='296309935' role='' />
    <member type='way' ref='309606453' role='' />
    <member type='way' ref='310923219' role='' />
    <member type='way' ref='296309936' role='' />
    <member type='way' ref='296309937' role='' />
    <member type='way' ref='789880214' role='' />
    <member type='way' ref='789880215' role='' />
    <member type='way' ref='310923222' role='' />
    <member type='way' ref='789880212' role='' />
    <member type='way' ref='218365940' role='' />
    <member type='way' ref='168966828' role='' />
    <member type='way' ref='24639782' role='' />
    <member type='way' ref='421316920' role='' />
    <member type='way' ref='789880206' role='' />
    <member type='way' ref='789880207' role='' />
    <member type='way' ref='24639690' role='' />
    <member type='way' ref='98563987' role='' />
    <member type='way' ref='98563986' role='' />
    <member type='way' ref='421316921' role='' />
    <member type='way' ref='24639602' role='' />
    <member type='way' ref='184574428' role='' />
    <member type='way' ref='184574429' role='' />
    <member type='way' ref='396246118' role='' />
    <member type='way' ref='396246116' role='' />
    <member type='way' ref='154101921' role='' />
    <member type='way' ref='23926535' role='' />
    <member type='way' ref='25407811' role='' />
    <member type='way' ref='19876383' role='' />
    <member type='way' ref='24639539' role='' />
    <member type='way' ref='25408547' role='' />
    <member type='way' ref='218365942' role='' />
    <member type='way' ref='384301134' role='' />
    <member type='way' ref='249509279' role='' />
    <member type='way' ref='249509278' role='' />
    <member type='way' ref='184575097' role='' />
    <member type='way' ref='184575100' role='' />
    <member type='way' ref='548175976' role='' />
    <member type='way' ref='548175975' role='' />
    <member type='way' ref='548175977' role='' />
    <member type='way' ref='548175978' role='' />
    <member type='way' ref='218365939' role='' />
    <member type='way' ref='218365941' role='' />
    <member type='way' ref='285194610' role='' />
    <member type='way' ref='342826314' role='' />
    <member type='way' ref='78879988' role='' />
    <member type='way' ref='78879996' role='' />
    <member type='way' ref='342826316' role='' />
    <member type='way' ref='78879997' role='' />
    <member type='way' ref='78880000' role='' />
    <member type='way' ref='711302420' role='' />
    <member type='way' ref='138244923' role='' />
    <member type='way' ref='138244928' role='' />
    <member type='way' ref='138244927' role='' />
    <member type='way' ref='138244926' role='' />
    <member type='way' ref='133330954' role='' />
    <member type='way' ref='518100743' role='forward' />
    <member type='way' ref='203160832' role='forward' />
    <member type='way' ref='518100741' role='forward' />
    <member type='way' ref='172911471' role='forward' />
    <member type='way' ref='849538281' role='forward' />
    <member type='way' ref='846901508' role='forward' />
    <member type='way' ref='849538282' role='forward' />
    <member type='way' ref='483064038' role='forward' />
    <member type='way' ref='476039109' role='forward' />
    <member type='way' ref='708474104' role='forward' />
    <member type='way' ref='476073803' role='forward' />
    <member type='way' ref='200172059' role='forward' />
    <member type='way' ref='285188271' role='forward' />
    <member type='way' ref='849538285' role='forward' />
    <member type='way' ref='363523249' role='forward' />
    <member type='way' ref='9580183' role='' />
    <member type='way' ref='193336657' role='' />
    <member type='way' ref='4890563' role='' />
    <member type='way' ref='25320858' role='' />
    <member type='way' ref='363523246' role='forward' />
    <member type='way' ref='525247503' role='forward' />
    <member type='way' ref='525247502' role='forward' />
    <member type='way' ref='483508431' role='forward' />
    <member type='way' ref='537748125' role='forward' />
    <member type='way' ref='483508429' role='forward' />
    <member type='way' ref='525247504' role='forward' />
    <member type='way' ref='537748127' role='forward' />
    <member type='way' ref='537748126' role='forward' />
    <member type='way' ref='170661712' role='forward' />
    <member type='way' ref='849538284' role='forward' />
    <member type='way' ref='525247507' role='forward' />
    <member type='way' ref='285188272' role='forward' />
    <member type='way' ref='170661713' role='forward' />
    <member type='way' ref='770622258' role='forward' />
    <member type='way' ref='849538283' role='forward' />
    <member type='way' ref='483508426' role='forward' />
    <member type='way' ref='200172060' role='forward' />
    <member type='way' ref='531435783' role='forward' />
    <member type='way' ref='531435774' role='forward' />
    <member type='way' ref='476039111' role='forward' />
    <member type='way' ref='531435784' role='forward' />
    <member type='way' ref='476039104' role='forward' />
    <member type='way' ref='345621886' role='forward' />
    <member type='way' ref='518100744' role='forward' />
    <member type='way' ref='203160833' role='forward' />
    <member type='way' ref='30169243' role='' />
    <member type='way' ref='173043940' role='' />
    <member type='way' ref='7649969' role='forward' />
    <member type='way' ref='812662141' role='forward' />
    <member type='way' ref='805407399' role='forward' />
    <member type='way' ref='151364029' role='forward' />
    <member type='way' ref='141140410' role='forward' />
    <member type='way' ref='141140411' role='forward' />
    <member type='way' ref='805407400' role='forward' />
    <member type='way' ref='805407401' role='forward' />
    <member type='way' ref='27204579' role='forward' />
    <member type='way' ref='805407403' role='forward' />
    <member type='way' ref='127711591' role='forward' />
    <member type='way' ref='345621897' role='forward' />
    <member type='way' ref='399592635' role='forward' />
    <member type='way' ref='425860933' role='forward' />
    <member type='way' ref='109939338' role='forward' />
    <member type='way' ref='345621887' role='forward' />
    <member type='way' ref='151364030' role='' />
    <member type='way' ref='403367715' role='' />
    <member type='way' ref='476507489' role='' />
    <member type='way' ref='476507496' role='forward' />
    <member type='way' ref='476507490' role='forward' />
    <member type='way' ref='476507488' role='forward' />
    <member type='way' ref='27852193' role='forward' />
    <member type='way' ref='30619203' role='forward' />
    <member type='way' ref='403367713' role='' />
    <member type='way' ref='118174013' role='' />
    <member type='way' ref='476507494' role='forward' />
    <member type='way' ref='128356307' role='' />
    <member type='way' ref='133325746' role='' />
    <member type='way' ref='4323229' role='' />
    <member type='way' ref='4086159' role='forward' />
    <member type='way' ref='637966420' role='backward' />
    <member type='way' ref='165287749' role='backward' />
    <member type='way' ref='28239137' role='forward' />
    <member type='way' ref='4353678' role='backward' />
    <member type='way' ref='113941883' role='' />
    <member type='way' ref='812660241' role='' />
    <member type='way' ref='27451566' role='' />
    <member type='way' ref='141222272' role='' />
    <member type='way' ref='42099283' role='' />
    <member type='way' ref='42099277' role='' />
    <member type='way' ref='42099278' role='' />
    <member type='way' ref='42099285' role='' />
    <member type='way' ref='633360691' role='' />
    <member type='way' ref='651713502' role='' />
    <member type='way' ref='651713501' role='' />
    <member type='way' ref='26664176' role='' />
    <member type='way' ref='668197144' role='' />
    <member type='way' ref='493271929' role='' />
    <member type='way' ref='493271928' role='' />
    <member type='way' ref='123300055' role='' />
    <member type='way' ref='172381320' role='' />
    <member type='way' ref='339944895' role='' />
    <member type='way' ref='339944898' role='' />
    <member type='way' ref='23049085' role='' />
    <member type='way' ref='26664181' role='' />
    <member type='way' ref='19846886' role='' />
    <member type='way' ref='19846956' role='' />
    <member type='way' ref='19846872' role='' />
    <member type='way' ref='272534937' role='' />
    <member type='way' ref='27588940' role='' />
    <member type='way' ref='23048667' role='' />
    <member type='way' ref='23048004' role='' />
    <member type='way' ref='38254384' role='' />
    <member type='way' ref='38254386' role='' />
    <member type='way' ref='814008603' role='' />
    <member type='way' ref='38254383' role='' />
    <member type='way' ref='38254385' role='' />
    <member type='way' ref='24609906' role='' />
    <member type='way' ref='114924979' role='forward' />
    <member type='way' ref='543282272' role='' />
    <member type='way' ref='114924956' role='' />
    <member type='way' ref='131653860' role='' />
    <member type='way' ref='535167288' role='' />
    <member type='way' ref='131653856' role='' />
    <member type='way' ref='535167287' role='' />
    <member type='way' ref='133150844' role='' />
    <member type='way' ref='599181927' role='' />
    <member type='way' ref='599181932' role='' />
    <member type='way' ref='394315787' role='' />
    <member type='way' ref='394315788' role='' />
    <member type='way' ref='25464516' role='' />
    <member type='way' ref='23897476' role='' />
    <member type='way' ref='552523866' role='' />
    <member type='way' ref='27119846' role='' />
    <member type='way' ref='34179252' role='' />
    <member type='way' ref='181330053' role='' />
    <member type='way' ref='36287254' role='' />
    <member type='way' ref='415723597' role='' />
    <member type='way' ref='24604664' role='' />
    <member type='way' ref='34179251' role='' />
    <member type='way' ref='506450423' role='' />
    <member type='way' ref='34179249' role='' />
    <member type='way' ref='24599289' role='' />
    <member type='way' ref='506450425' role='' />
    <member type='way' ref='181330050' role='' />
    <member type='way' ref='22758779' role='' />
    <member type='way' ref='506450427' role='' />
    <member type='way' ref='731468701' role='' />
    <member type='way' ref='731468699' role='' />
    <member type='way' ref='653899650' role='' />
    <member type='way' ref='114924958' role='forward' />
    <member type='way' ref='141178984' role='forward' />
    <member type='way' ref='114924930' role='forward' />
    <member type='way' ref='543282265' role='forward' />
    <member type='way' ref='543282269' role='forward' />
    <tag k='complete' v='yes' />
    <tag k='name' v='Vltava, pravobřežní trasa' />
    <tag k='network' v='rcn' />
    <tag k='operator' v='cz:MHP' />
    <tag k='ref' v='A2' />
    <tag k='route' v='bicycle' />
    <tag k='source' v='www.prahounakole.cz' />
    <tag k='type' v='route' />
  </relation>
  <relation id='48882' timestamp='2020-11-06T12:19:16Z' uid='25867' user='adamos' visible='true' version='68' changeset='93663696'>
    <member type='way' ref='345030897' role='' />
    <member type='way' ref='345030870' role='' />
    <member type='way' ref='345030888' role='' />
    <member type='way' ref='217497292' role='' />
    <member type='way' ref='217497291' role='' />
    <member type='way' ref='368341717' role='' />
    <member type='way' ref='368341716' role='' />
    <member type='way' ref='345030878' role='' />
    <member type='way' ref='285315097' role='' />
    <member type='way' ref='285315093' role='' />
    <member type='way' ref='345030913' role='' />
    <member type='way' ref='345030909' role='' />
    <member type='way' ref='345030904' role='' />
    <member type='way' ref='662739102' role='' />
    <member type='way' ref='662739104' role='' />
    <member type='way' ref='345030847' role='' />
    <member type='way' ref='30231947' role='' />
    <member type='way' ref='30231946' role='' />
    <member type='way' ref='30231645' role='' />
    <member type='way' ref='30231642' role='' />
    <member type='way' ref='30231640' role='' />
    <member type='way' ref='30231638' role='' />
    <member type='way' ref='8135178' role='' />
    <member type='way' ref='662739106' role='' />
    <member type='way' ref='662739105' role='' />
    <member type='way' ref='345030850' role='' />
    <member type='way' ref='345030922' role='' />
    <member type='way' ref='48390701' role='' />
    <member type='way' ref='48390695' role='' />
    <member type='way' ref='30231630' role='' />
    <member type='way' ref='30231632' role='' />
    <member type='way' ref='499786770' role='' />
    <member type='way' ref='499786769' role='' />
    <member type='way' ref='458679474' role='' />
    <member type='way' ref='458679461' role='' />
    <member type='way' ref='345030846' role='' />
    <member type='way' ref='458679467' role='' />
    <member type='way' ref='345030900' role='' />
    <member type='way' ref='77042071' role='' />
    <member type='way' ref='77042076' role='' />
    <member type='way' ref='77042082' role='' />
    <member type='way' ref='77042080' role='' />
    <member type='way' ref='77042068' role='' />
    <member type='way' ref='77042075' role='' />
    <member type='way' ref='77042073' role='' />
    <member type='way' ref='345030892' role='' />
    <member type='way' ref='345030848' role='' />
    <member type='way' ref='750392836' role='' />
    <member type='way' ref='76742756' role='' />
    <member type='way' ref='76742757' role='' />
    <member type='way' ref='49531243' role='' />
    <member type='way' ref='4165458' role='' />
    <member type='way' ref='345030943' role='' />
    <member type='way' ref='345030960' role='' />
    <member type='way' ref='345030950' role='' />
    <member type='way' ref='38605225' role='' />
    <member type='way' ref='38605109' role='' />
    <member type='way' ref='38605113' role='' />
    <member type='way' ref='345030956' role='' />
    <member type='way' ref='750392832' role='' />
    <member type='way' ref='38633293' role='' />
    <member type='way' ref='38633292' role='' />
    <member type='way' ref='789880217' role='' />
    <member type='way' ref='789880216' role='' />
    <member type='way' ref='38633302' role='' />
    <member type='way' ref='38633301' role='' />
    <member type='way' ref='390638055' role='' />
    <member type='way' ref='370292455' role='' />
    <member type='way' ref='370292459' role='' />
    <member type='way' ref='98563991' role='' />
    <member type='way' ref='98563977' role='' />
    <member type='way' ref='25923222' role='' />
    <member type='way' ref='25923223' role='' />
    <member type='way' ref='39744653' role='' />
    <member type='way' ref='25923347' role='' />
    <member type='way' ref='25923348' role='' />
    <member type='way' ref='25923349' role='' />
    <member type='way' ref='25923350' role='' />
    <member type='way' ref='345030938' role='' />
    <member type='way' ref='345030940' role='' />
    <member type='way' ref='129971704' role='' />
    <member type='way' ref='4844953' role='' />
    <member type='way' ref='789919392' role='' />
    <member type='way' ref='789919393' role='' />
    <member type='way' ref='129794026' role='' />
    <member type='way' ref='4323320' role='' />
    <member type='way' ref='180240585' role='' />
    <member type='way' ref='38089408' role='' />
    <member type='way' ref='4844971' role='' />
    <member type='way' ref='4323319' role='' />
    <member type='way' ref='8101905' role='' />
    <member type='way' ref='141868023' role='' />
    <member type='way' ref='141868028' role='' />
    <member type='way' ref='24241655' role='' />
    <member type='way' ref='24241656' role='' />
    <member type='way' ref='42349324' role='' />
    <member type='way' ref='42349327' role='' />
    <member type='way' ref='4323318' role='' />
    <member type='way' ref='8927957' role='' />
    <member type='way' ref='22869273' role='' />
    <member type='way' ref='22869270' role='' />
    <member type='way' ref='8927959' role='' />
    <member type='way' ref='345030965' role='' />
    <member type='way' ref='867700062' role='' />
    <member type='way' ref='747409541' role='' />
    <member type='way' ref='747409535' role='' />
    <member type='way' ref='867717668' role='' />
    <member type='way' ref='750374841' role='' />
    <member type='way' ref='757829037' role='' />
    <member type='way' ref='856710674' role='' />
    <member type='way' ref='747409530' role='' />
    <member type='way' ref='503211667' role='' />
    <member type='way' ref='8102452' role='' />
    <member type='way' ref='8102900' role='' />
    <member type='way' ref='430445223' role='' />
    <member type='way' ref='490732751' role='' />
    <member type='way' ref='12783594' role='' />
    <member type='way' ref='76248827' role='' />
    <member type='way' ref='12783595' role='' />
    <member type='way' ref='557048761' role='' />
    <member type='way' ref='557048762' role='' />
    <member type='way' ref='76248914' role='' />
    <member type='way' ref='76248816' role='' />
    <member type='way' ref='76248917' role='' />
    <member type='way' ref='76248885' role='' />
    <member type='way' ref='708643481' role='' />
    <member type='way' ref='708643482' role='' />
    <member type='way' ref='76248899' role='' />
    <member type='way' ref='76248796' role='' />
    <member type='way' ref='37656733' role='' />
    <member type='way' ref='24605505' role='' />
    <member type='way' ref='370263320' role='' />
    <member type='way' ref='557048763' role='' />
    <member type='way' ref='557048764' role='' />
    <member type='way' ref='370263321' role='' />
    <member type='way' ref='370257232' role='' />
    <member type='way' ref='370257237' role='' />
    <member type='way' ref='370257233' role='' />
    <member type='way' ref='370257235' role='' />
    <member type='way' ref='370257234' role='' />
    <member type='way' ref='49531245' role='' />
    <member type='way' ref='207910201' role='' />
    <member type='way' ref='860367960' role='' />
    <member type='way' ref='282466132' role='' />
    <member type='way' ref='282466113' role='' />
    <member type='way' ref='368302656' role='' />
    <member type='way' ref='368302641' role='' />
    <member type='way' ref='207910202' role='' />
    <member type='way' ref='368303824' role='' />
    <member type='way' ref='368303826' role='' />
    <member type='way' ref='89617337' role='' />
    <member type='way' ref='89617339' role='' />
    <member type='way' ref='368303833' role='' />
    <member type='way' ref='368303830' role='' />
    <member type='way' ref='12913534' role='' />
    <member type='way' ref='345030926' role='' />
    <member type='way' ref='368314698' role='' />
    <member type='way' ref='368314697' role='' />
    <member type='way' ref='368314700' role='' />
    <member type='way' ref='368314705' role='' />
    <member type='way' ref='368314719' role='' />
    <member type='way' ref='368314709' role='' />
    <member type='way' ref='38086275' role='' />
    <member type='way' ref='38086276' role='' />
    <member type='way' ref='12793812' role='' />
    <member type='way' ref='12793811' role='' />
    <member type='way' ref='405277982' role='' />
    <member type='way' ref='38086280' role='' />
    <member type='way' ref='368314723' role='' />
    <member type='way' ref='368314703' role='' />
    <member type='way' ref='42117873' role='' />
    <member type='way' ref='42117872' role='' />
    <member type='way' ref='345030863' role='' />
    <member type='way' ref='27638343' role='' />
    <tag k='name' v='210 – Praha – Vrané nad Vltavou – Čerčany, Vrané nad Vltavou – Dobříš' />
    <tag k='operator' v='cz:SŽDC' />
    <tag k='ref' v='210' />
    <tag k='route' v='tracks' />
    <tag k='type' v='route' />
    <tag k='wikidata' v='Q1868482' />
    <tag k='wikipedia' v='cs:Železniční trať Praha – Vrané nad Vltavou – Čerčany/Dobříš' />
  </relation>
  <relation id='401702' timestamp='2020-11-06T12:19:16Z' uid='25867' user='adamos' visible='true' version='47' changeset='93663696'>
    <member type='node' ref='6993540275' role='stop' />
    <member type='node' ref='3935762982' role='' />
    <member type='way' ref='490732751' role='' />
    <member type='way' ref='430445223' role='' />
    <member type='way' ref='8102900' role='' />
    <member type='way' ref='8102452' role='' />
    <member type='way' ref='503211667' role='' />
    <member type='way' ref='747409530' role='' />
    <member type='way' ref='856710674' role='' />
    <member type='way' ref='757829037' role='' />
    <member type='way' ref='750374841' role='' />
    <member type='way' ref='867717668' role='' />
    <member type='way' ref='747409535' role='' />
    <member type='way' ref='747409541' role='' />
    <member type='way' ref='867700062' role='' />
    <member type='way' ref='345030965' role='' />
    <member type='way' ref='8927959' role='' />
    <member type='way' ref='22869270' role='' />
    <member type='way' ref='22869273' role='' />
    <member type='way' ref='8927957' role='' />
    <member type='way' ref='4323318' role='' />
    <member type='way' ref='42349327' role='' />
    <member type='way' ref='42349324' role='' />
    <member type='way' ref='24241656' role='' />
    <member type='way' ref='24241655' role='' />
    <member type='way' ref='141868028' role='' />
    <member type='way' ref='141868023' role='' />
    <member type='way' ref='8101905' role='' />
    <member type='way' ref='4323319' role='' />
    <member type='way' ref='4844971' role='' />
    <member type='way' ref='38089408' role='' />
    <member type='way' ref='180240585' role='' />
    <member type='way' ref='4323320' role='' />
    <member type='way' ref='129794026' role='' />
    <member type='way' ref='789919393' role='' />
    <member type='way' ref='789919392' role='' />
    <member type='way' ref='4844953' role='' />
    <member type='way' ref='129971704' role='' />
    <member type='way' ref='345030940' role='' />
    <member type='way' ref='345030938' role='' />
    <member type='way' ref='25923350' role='' />
    <member type='way' ref='25923349' role='' />
    <member type='way' ref='25923348' role='' />
    <member type='way' ref='25923347' role='' />
    <member type='way' ref='39744653' role='' />
    <member type='way' ref='25923223' role='' />
    <member type='way' ref='25923222' role='' />
    <member type='way' ref='98563977' role='' />
    <member type='way' ref='98563991' role='' />
    <member type='way' ref='370292459' role='' />
    <member type='way' ref='370292455' role='' />
    <member type='way' ref='390638055' role='' />
    <member type='way' ref='38633301' role='' />
    <member type='way' ref='38633302' role='' />
    <member type='way' ref='789880216' role='' />
    <member type='way' ref='789880217' role='' />
    <member type='way' ref='38633292' role='' />
    <member type='way' ref='38633293' role='' />
    <member type='way' ref='750392832' role='' />
    <member type='way' ref='345030956' role='' />
    <member type='way' ref='38605113' role='' />
    <member type='way' ref='38605109' role='' />
    <member type='way' ref='38605225' role='' />
    <member type='way' ref='345030950' role='' />
    <member type='way' ref='345030960' role='' />
    <member type='way' ref='345030943' role='' />
    <member type='way' ref='4165458' role='' />
    <member type='way' ref='49531243' role='' />
    <member type='way' ref='76742757' role='' />
    <member type='way' ref='76742756' role='' />
    <member type='way' ref='750392836' role='' />
    <member type='way' ref='345030848' role='' />
    <member type='way' ref='345030892' role='' />
    <member type='way' ref='77042073' role='' />
    <member type='way' ref='77042075' role='' />
    <member type='way' ref='77042068' role='' />
    <member type='way' ref='77042080' role='' />
    <member type='way' ref='77042082' role='' />
    <member type='way' ref='77042076' role='' />
    <member type='way' ref='77042071' role='' />
    <member type='way' ref='345030900' role='' />
    <member type='way' ref='458679467' role='' />
    <member type='way' ref='345030846' role='' />
    <member type='way' ref='458679461' role='' />
    <member type='way' ref='458679474' role='' />
    <member type='way' ref='499786769' role='' />
    <member type='way' ref='499786770' role='' />
    <member type='way' ref='30231632' role='' />
    <member type='way' ref='30231630' role='' />
    <member type='way' ref='48390695' role='' />
    <member type='way' ref='48390701' role='' />
    <member type='way' ref='345030922' role='' />
    <member type='way' ref='345030850' role='' />
    <member type='way' ref='662739105' role='' />
    <member type='way' ref='662739106' role='' />
    <member type='way' ref='8135178' role='' />
    <member type='way' ref='30231638' role='' />
    <member type='way' ref='30231640' role='' />
    <member type='way' ref='30231642' role='' />
    <member type='way' ref='30231645' role='' />
    <member type='way' ref='30231946' role='' />
    <member type='way' ref='30231947' role='' />
    <member type='way' ref='345030847' role='' />
    <member type='way' ref='662739104' role='' />
    <member type='way' ref='662739102' role='' />
    <member type='way' ref='345030904' role='' />
    <member type='way' ref='345030909' role='' />
    <member type='way' ref='345030913' role='' />
    <member type='way' ref='285315093' role='' />
    <member type='way' ref='285315097' role='' />
    <member type='way' ref='345030878' role='' />
    <member type='way' ref='368341716' role='' />
    <member type='way' ref='368341717' role='' />
    <member type='way' ref='217497291' role='' />
    <member type='way' ref='217497292' role='' />
    <member type='way' ref='345030888' role='' />
    <member type='way' ref='345030870' role='' />
    <member type='way' ref='345030897' role='' />
    <member type='way' ref='27638342' role='' />
    <member type='way' ref='27638343' role='' />
    <member type='way' ref='345030863' role='' />
    <member type='way' ref='42117872' role='' />
    <member type='way' ref='42117873' role='' />
    <member type='way' ref='368314703' role='' />
    <member type='way' ref='368314723' role='' />
    <member type='way' ref='38086280' role='' />
    <member type='way' ref='405277982' role='' />
    <member type='way' ref='12793811' role='' />
    <member type='way' ref='12793812' role='' />
    <member type='way' ref='38086276' role='' />
    <member type='way' ref='38086275' role='' />
    <member type='way' ref='368314709' role='' />
    <member type='way' ref='368314719' role='' />
    <member type='way' ref='368314705' role='' />
    <member type='way' ref='368314700' role='' />
    <member type='way' ref='368314697' role='' />
    <member type='way' ref='368314698' role='' />
    <member type='way' ref='345030926' role='' />
    <member type='way' ref='12913534' role='' />
    <member type='way' ref='368303830' role='' />
    <member type='way' ref='368303833' role='' />
    <member type='way' ref='89617339' role='' />
    <member type='way' ref='89617337' role='' />
    <member type='way' ref='368303826' role='' />
    <member type='way' ref='368303824' role='' />
    <member type='way' ref='207910202' role='' />
    <member type='way' ref='368302641' role='' />
    <member type='way' ref='368302656' role='' />
    <member type='way' ref='282466113' role='' />
    <member type='way' ref='282466132' role='' />
    <member type='way' ref='860367960' role='' />
    <member type='way' ref='207910201' role='' />
    <tag k='complete' v='yes' />
    <tag k='from' v='Praha hl. n.' />
    <tag k='name' v='S8: Praha - Vrané nad Vltavou - Čerčany' />
    <tag k='network' v='PID' />
    <tag k='operator' v='České dráhy, a.s.' />
    <tag k='public_transport:version' v='2' />
    <tag k='ref' v='S8' />
    <tag k='route' v='train' />
    <tag k='to' v='Čerčany' />
    <tag k='type' v='route' />
    <tag k='website' v='https://pid.cz/linka/S8' />
  </relation>
  <relation id='401703' timestamp='2020-11-06T12:19:16Z' uid='25867' user='adamos' visible='true' version='35' changeset='93663696'>
    <member type='node' ref='6993540275' role='stop' />
    <member type='way' ref='42349324' role='' />
    <member type='way' ref='42349327' role='' />
    <member type='way' ref='4323318' role='' />
    <member type='way' ref='8927957' role='' />
    <member type='way' ref='22869273' role='' />
    <member type='way' ref='22869270' role='' />
    <member type='way' ref='8927959' role='' />
    <member type='way' ref='345030965' role='' />
    <member type='way' ref='867700062' role='' />
    <member type='way' ref='747409541' role='' />
    <member type='way' ref='747409535' role='' />
    <member type='way' ref='867717668' role='' />
    <member type='way' ref='750374841' role='' />
    <member type='way' ref='757829037' role='' />
    <member type='way' ref='856710674' role='' />
    <member type='way' ref='747409530' role='' />
    <member type='way' ref='503211667' role='' />
    <member type='way' ref='8102452' role='' />
    <member type='way' ref='8102900' role='' />
    <member type='way' ref='430445223' role='' />
    <member type='way' ref='490732751' role='' />
    <member type='way' ref='24241656' role='' />
    <member type='way' ref='24241655' role='' />
    <member type='way' ref='141868028' role='' />
    <member type='way' ref='141868023' role='' />
    <member type='way' ref='8101905' role='' />
    <member type='way' ref='4323319' role='' />
    <member type='way' ref='4844971' role='' />
    <member type='way' ref='38089408' role='' />
    <member type='way' ref='180240585' role='' />
    <member type='way' ref='4323320' role='' />
    <member type='way' ref='129794026' role='' />
    <member type='way' ref='789919393' role='' />
    <member type='way' ref='789919392' role='' />
    <member type='way' ref='4844953' role='' />
    <member type='way' ref='129971704' role='' />
    <member type='way' ref='345030940' role='' />
    <member type='way' ref='345030938' role='' />
    <member type='way' ref='25923350' role='' />
    <member type='way' ref='25923349' role='' />
    <member type='way' ref='25923348' role='' />
    <member type='way' ref='25923347' role='' />
    <member type='way' ref='39744653' role='' />
    <member type='way' ref='25923223' role='' />
    <member type='way' ref='25923222' role='' />
    <member type='way' ref='98563977' role='' />
    <member type='way' ref='98563991' role='' />
    <member type='way' ref='370292459' role='' />
    <member type='way' ref='370292455' role='' />
    <member type='way' ref='390638055' role='' />
    <member type='way' ref='38633301' role='' />
    <member type='way' ref='38633302' role='' />
    <member type='way' ref='789880216' role='' />
    <member type='way' ref='789880217' role='' />
    <member type='way' ref='38633292' role='' />
    <member type='way' ref='38633293' role='' />
    <member type='way' ref='750392832' role='' />
    <member type='way' ref='345030956' role='' />
    <member type='way' ref='38605113' role='' />
    <member type='way' ref='38605109' role='' />
    <member type='way' ref='38605225' role='' />
    <member type='way' ref='345030950' role='' />
    <member type='way' ref='345030960' role='' />
    <member type='way' ref='345030943' role='' />
    <member type='way' ref='4165458' role='' />
    <member type='way' ref='49531243' role='' />
    <member type='way' ref='12783594' role='' />
    <member type='way' ref='76248827' role='' />
    <member type='way' ref='12783595' role='' />
    <member type='way' ref='557048761' role='' />
    <member type='way' ref='557048762' role='' />
    <member type='way' ref='76248914' role='' />
    <member type='way' ref='76248816' role='' />
    <member type='way' ref='76248917' role='' />
    <member type='way' ref='76248885' role='' />
    <member type='way' ref='708643481' role='' />
    <member type='way' ref='708643482' role='' />
    <member type='way' ref='76248899' role='' />
    <member type='way' ref='76248796' role='' />
    <member type='way' ref='37656733' role='' />
    <member type='way' ref='24605505' role='' />
    <member type='way' ref='370263320' role='' />
    <member type='way' ref='557048763' role='' />
    <member type='way' ref='557048764' role='' />
    <member type='way' ref='370263321' role='' />
    <member type='way' ref='370257232' role='' />
    <member type='way' ref='370257237' role='' />
    <member type='way' ref='370257233' role='' />
    <member type='way' ref='370257235' role='' />
    <member type='way' ref='370257234' role='' />
    <member type='way' ref='49531245' role='' />
    <tag k='complete' v='yes' />
    <tag k='name' v='S88' />
    <tag k='network' v='PID' />
    <tag k='ref' v='S88' />
    <tag k='route' v='train' />
    <tag k='type' v='route' />
  </relation>
  <relation id='428808' timestamp='2018-05-17T13:55:25Z' uid='255936' user='StenSoft' visible='true' version='9' changeset='59052124'>
    <member type='way' ref='180720478' role='outer' />
    <member type='way' ref='181679101' role='outer' />
    <member type='way' ref='181679105' role='outer' />
    <member type='way' ref='181679104' role='outer' />
    <member type='way' ref='181679103' role='outer' />
    <member type='way' ref='262462842' role='outer' />
    <member type='node' ref='297896726' role='admin_centre' />
    <tag k='admin_level' v='10' />
    <tag k='boundary' v='administrative' />
    <tag k='name' v='Velká Chuchle' />
    <tag k='name:de' v='Groß Kuchel' />
    <tag k='ref' v='729213' />
    <tag k='source' v='cuzk:km' />
    <tag k='type' v='boundary' />
    <tag k='wikidata' v='Q2122492' />
  </relation>
  <relation id='428820' timestamp='2018-05-17T13:15:54Z' uid='255936' user='StenSoft' visible='true' version='14' changeset='59050849'>
    <member type='way' ref='181639393' role='outer' />
    <member type='way' ref='181679097' role='outer' />
    <member type='way' ref='181679104' role='outer' />
    <member type='way' ref='181711248' role='outer' />
    <member type='way' ref='181721004' role='outer' />
    <member type='way' ref='181721011' role='outer' />
    <member type='way' ref='181721007' role='outer' />
    <member type='way' ref='233193971' role='outer' />
    <member type='node' ref='297896727' role='admin_centre' />
    <tag k='admin_level' v='10' />
    <tag k='boundary' v='administrative' />
    <tag k='name' v='Modřany' />
    <tag k='name:de' v='Moderschan' />
    <tag k='ref' v='728616' />
    <tag k='source' v='cuzk:km' />
    <tag k='type' v='boundary' />
    <tag k='wikidata' v='Q3490542' />
  </relation>
  <relation id='429380' timestamp='2018-05-17T13:57:28Z' uid='255936' user='StenSoft' visible='true' version='6' changeset='59052188'>
    <member type='way' ref='181637436' role='outer' />
    <member type='way' ref='181639401' role='outer' />
    <member type='way' ref='181639399' role='outer' />
    <member type='way' ref='181639393' role='outer' />
    <member type='way' ref='181639392' role='outer' />
    <member type='node' ref='275813779' role='admin_centre' />
    <tag k='admin_level' v='10' />
    <tag k='boundary' v='administrative' />
    <tag k='name' v='Hodkovičky' />
    <tag k='name:de' v='Kleinhodkowitz' />
    <tag k='ref' v='727857' />
    <tag k='source' v='cuzk:km' />
    <tag k='type' v='boundary' />
    <tag k='wikidata' v='Q2834321' />
  </relation>
  <relation id='439840' timestamp='2019-08-06T15:05:40Z' uid='25867' user='adamos' visible='true' version='132' changeset='73072058'>
    <member type='node' ref='1601837931' role='admin_centre' />
    <member type='way' ref='180599941' role='outer' />
    <member type='way' ref='180637548' role='outer' />
    <member type='way' ref='637895451' role='outer' />
    <member type='way' ref='181679143' role='outer' />
    <member type='way' ref='460386154' role='outer' />
    <member type='way' ref='179389206' role='outer' />
    <member type='way' ref='179389252' role='outer' />
    <member type='way' ref='179389256' role='outer' />
    <member type='way' ref='179904604' role='outer' />
    <member type='way' ref='460386155' role='outer' />
    <member type='way' ref='460386156' role='outer' />
    <member type='way' ref='179668010' role='outer' />
    <member type='way' ref='179668007' role='outer' />
    <member type='way' ref='364582010' role='outer' />
    <member type='way' ref='364582011' role='outer' />
    <member type='way' ref='390189179' role='outer' />
    <member type='way' ref='181683430' role='outer' />
    <member type='way' ref='577426259' role='outer' />
    <member type='way' ref='460386157' role='outer' />
    <member type='way' ref='181683433' role='outer' />
    <member type='way' ref='179904628' role='outer' />
    <member type='way' ref='194309354' role='outer' />
    <member type='way' ref='245085118' role='outer' />
    <member type='way' ref='180590162' role='outer' />
    <member type='way' ref='179185096' role='outer' />
    <member type='way' ref='181969237' role='outer' />
    <member type='way' ref='181721408' role='outer' />
    <member type='way' ref='181969248' role='outer' />
    <member type='way' ref='460386158' role='outer' />
    <member type='way' ref='316510481' role='outer' />
    <member type='way' ref='182035290' role='outer' />
    <member type='way' ref='460386159' role='outer' />
    <member type='way' ref='180740871' role='outer' />
    <member type='way' ref='390189180' role='outer' />
    <member type='way' ref='180740868' role='outer' />
    <member type='way' ref='460386160' role='outer' />
    <member type='way' ref='311095427' role='outer' />
    <member type='way' ref='181639200' role='outer' />
    <member type='way' ref='181615673' role='outer' />
    <member type='way' ref='181721525' role='outer' />
    <member type='way' ref='181731354' role='outer' />
    <member type='way' ref='181636789' role='outer' />
    <member type='way' ref='181636788' role='outer' />
    <member type='way' ref='181721282' role='outer' />
    <member type='way' ref='181721285' role='outer' />
    <member type='way' ref='180739382' role='outer' />
    <member type='way' ref='233193950' role='outer' />
    <member type='way' ref='233193949' role='outer' />
    <member type='way' ref='202439443' role='outer' />
    <member type='way' ref='202439464' role='outer' />
    <member type='way' ref='181683051' role='outer' />
    <member type='way' ref='181683174' role='outer' />
    <member type='way' ref='179661368' role='outer' />
    <member type='way' ref='179661174' role='outer' />
    <member type='way' ref='179661175' role='outer' />
    <member type='way' ref='179661176' role='outer' />
    <member type='way' ref='179115227' role='outer' />
    <member type='way' ref='179115154' role='outer' />
    <member type='way' ref='179115148' role='outer' />
    <member type='way' ref='179114965' role='outer' />
    <member type='way' ref='179114964' role='outer' />
    <member type='way' ref='181967456' role='outer' />
    <member type='way' ref='711373082' role='outer' />
    <member type='way' ref='577512305' role='outer' />
    <member type='way' ref='179388532' role='outer' />
    <member type='way' ref='181721059' role='outer' />
    <member type='way' ref='181721067' role='outer' />
    <member type='way' ref='179388588' role='outer' />
    <member type='way' ref='179388586' role='outer' />
    <member type='way' ref='179388536' role='outer' />
    <member type='way' ref='179618825' role='outer' />
    <member type='way' ref='181683151' role='outer' />
    <member type='way' ref='181683084' role='outer' />
    <member type='way' ref='179618974' role='outer' />
    <member type='way' ref='179618971' role='outer' />
    <member type='way' ref='181638998' role='outer' />
    <member type='way' ref='245085119' role='outer' />
    <member type='way' ref='180598351' role='outer' />
    <member type='way' ref='180598570' role='outer' />
    <member type='way' ref='180598572' role='outer' />
    <member type='way' ref='180598737' role='outer' />
    <member type='way' ref='181843145' role='outer' />
    <member type='way' ref='245085115' role='outer' />
    <member type='way' ref='181843508' role='outer' />
    <member type='way' ref='181949342' role='outer' />
    <member type='way' ref='181949343' role='outer' />
    <member type='way' ref='245085117' role='outer' />
    <member type='relation' ref='428988' role='subarea' />
    <member type='relation' ref='428824' role='subarea' />
    <member type='relation' ref='428841' role='subarea' />
    <member type='relation' ref='429527' role='subarea' />
    <member type='relation' ref='428842' role='subarea' />
    <member type='relation' ref='428999' role='subarea' />
    <member type='relation' ref='434063' role='subarea' />
    <member type='relation' ref='429461' role='subarea' />
    <member type='relation' ref='429381' role='subarea' />
    <member type='relation' ref='434052' role='subarea' />
    <member type='relation' ref='428820' role='subarea' />
    <member type='relation' ref='426433' role='subarea' />
    <member type='relation' ref='431323' role='subarea' />
    <member type='relation' ref='429373' role='subarea' />
    <member type='relation' ref='429250' role='subarea' />
    <member type='relation' ref='429357' role='subarea' />
    <member type='relation' ref='431329' role='subarea' />
    <member type='relation' ref='428868' role='subarea' />
    <member type='relation' ref='433253' role='subarea' />
    <member type='relation' ref='433262' role='subarea' />
    <member type='relation' ref='433251' role='subarea' />
    <member type='relation' ref='429547' role='subarea' />
    <member type='relation' ref='428993' role='subarea' />
    <member type='relation' ref='434268' role='subarea' />
    <member type='relation' ref='431326' role='subarea' />
    <member type='relation' ref='431321' role='subarea' />
    <member type='relation' ref='428612' role='subarea' />
    <member type='relation' ref='434448' role='subarea' />
    <member type='relation' ref='431832' role='subarea' />
    <member type='relation' ref='426259' role='subarea' />
    <member type='relation' ref='429367' role='subarea' />
    <member type='relation' ref='431322' role='subarea' />
    <member type='relation' ref='431309' role='subarea' />
    <member type='relation' ref='429379' role='subarea' />
    <member type='relation' ref='435856' role='subarea' />
    <member type='relation' ref='434037' role='subarea' />
    <member type='relation' ref='427501' role='subarea' />
    <member type='relation' ref='435880' role='subarea' />
    <member type='relation' ref='428812' role='subarea' />
    <member type='relation' ref='434138' role='subarea' />
    <member type='relation' ref='426322' role='subarea' />
    <member type='relation' ref='428888' role='subarea' />
    <member type='relation' ref='429554' role='subarea' />
    <member type='relation' ref='426925' role='subarea' />
    <member type='relation' ref='429567' role='subarea' />
    <member type='relation' ref='431336' role='subarea' />
    <member type='relation' ref='426327' role='subarea' />
    <member type='relation' ref='433401' role='subarea' />
    <member type='relation' ref='428822' role='subarea' />
    <member type='relation' ref='435882' role='subarea' />
    <member type='relation' ref='429245' role='subarea' />
    <member type='relation' ref='428862' role='subarea' />
    <member type='relation' ref='431593' role='subarea' />
    <member type='relation' ref='431833' role='subarea' />
    <member type='relation' ref='428596' role='subarea' />
    <member type='relation' ref='428369' role='subarea' />
    <member type='relation' ref='429225' role='subarea' />
    <member type='relation' ref='427359' role='subarea' />
    <member type='relation' ref='430305' role='subarea' />
    <member type='relation' ref='430807' role='subarea' />
    <member type='relation' ref='429572' role='subarea' />
    <member type='relation' ref='429380' role='subarea' />
    <member type='relation' ref='433400' role='subarea' />
    <member type='relation' ref='431316' role='subarea' />
    <member type='relation' ref='426943' role='subarea' />
    <member type='relation' ref='426970' role='subarea' />
    <member type='relation' ref='431831' role='subarea' />
    <member type='relation' ref='429456' role='subarea' />
    <member type='relation' ref='428781' role='subarea' />
    <member type='relation' ref='431850' role='subarea' />
    <member type='relation' ref='434139' role='subarea' />
    <member type='relation' ref='428844' role='subarea' />
    <member type='relation' ref='430814' role='subarea' />
    <member type='relation' ref='428821' role='subarea' />
    <member type='relation' ref='429451' role='subarea' />
    <member type='relation' ref='428823' role='subarea' />
    <member type='relation' ref='428602' role='subarea' />
    <member type='relation' ref='431910' role='subarea' />
    <member type='relation' ref='433568' role='subarea' />
    <member type='relation' ref='429370' role='subarea' />
    <member type='relation' ref='428808' role='subarea' />
    <member type='relation' ref='433480' role='subarea' />
    <member type='relation' ref='428690' role='subarea' />
    <member type='relation' ref='434283' role='subarea' />
    <member type='relation' ref='426440' role='subarea' />
    <member type='relation' ref='428998' role='subarea' />
    <member type='relation' ref='426934' role='subarea' />
    <member type='relation' ref='431502' role='subarea' />
    <member type='relation' ref='427626' role='subarea' />
    <member type='relation' ref='433491' role='subarea' />
    <member type='relation' ref='428797' role='subarea' />
    <member type='relation' ref='426324' role='subarea' />
    <member type='relation' ref='427342' role='subarea' />
    <member type='relation' ref='435720' role='subarea' />
    <member type='relation' ref='431319' role='subarea' />
    <member type='relation' ref='428806' role='subarea' />
    <member type='relation' ref='433492' role='subarea' />
    <member type='relation' ref='435815' role='subarea' />
    <member type='relation' ref='429555' role='subarea' />
    <member type='relation' ref='429561' role='subarea' />
    <member type='relation' ref='431472' role='subarea' />
    <member type='relation' ref='433399' role='subarea' />
    <member type='relation' ref='429560' role='subarea' />
    <member type='relation' ref='433567' role='subarea' />
    <member type='relation' ref='426954' role='subarea' />
    <member type='relation' ref='428894' role='subarea' />
    <member type='relation' ref='434140' role='subarea' />
    <member type='relation' ref='434043' role='subarea' />
    <member type='relation' ref='428645' role='subarea' />
    <member type='relation' ref='428861' role='subarea' />
    <member type='relation' ref='434134' role='subarea' />
    <member type='relation' ref='429230' role='subarea' />
    <tag k='admin_level' v='8' />
    <tag k='boundary' v='administrative' />
    <tag k='name' v='Praha' />
    <tag k='name:ar' v='براغ' />
    <tag k='name:cs' v='Praha' />
    <tag k='name:de' v='Prag' />
    <tag k='name:en' v='Prague' />
    <tag k='name:eo' v='Prago' />
    <tag k='name:fa' v='پراگ' />
    <tag k='name:fr' v='Prague' />
    <tag k='name:fy' v='Praach' />
    <tag k='name:jbo' v='pragas' />
    <tag k='name:ko' v='프라하' />
    <tag k='name:nl' v='Praag' />
    <tag k='name:pl' v='Praga' />
    <tag k='name:prefix' v='hlavní město' />
    <tag k='name:ru' v='Прага' />
    <tag k='name:sk' v='Praha' />
    <tag k='name:tr' v='Prag' />
    <tag k='name:tzl' v='Praha' />
    <tag k='name:ur' v='پراگ' />
    <tag k='population' v='1251933' />
    <tag k='ref' v='CZ0100554782' />
    <tag k='source' v='cuzk:ruian' />
    <tag k='source:population' v='csu:rso' />
    <tag k='type' v='boundary' />
    <tag k='wikidata' v='Q1085' />
    <tag k='wikipedia' v='cs:Praha' />
  </relation>
  <relation id='1596861' timestamp='2020-10-10T13:30:42Z' uid='665336' user='Minimalis' visible='true' version='132' changeset='92275806'>
    <member type='relation' ref='7772996' role='subway_route' />
    <member type='relation' ref='58899' role='subway_route' />
    <member type='relation' ref='7772995' role='subway_route' />
    <member type='relation' ref='58900' role='subway_route' />
    <member type='relation' ref='7772994' role='subway_route' />
    <member type='relation' ref='58898' role='subway_route' />
    <member type='relation' ref='1679877' role='tram_route' />
    <member type='relation' ref='1676893' role='tram_route' />
    <member type='relation' ref='8053929' role='tram_route' />
    <member type='relation' ref='8053916' role='tram_route' />
    <member type='relation' ref='8054849' role='tram_route' />
    <member type='relation' ref='104728' role='tram_route' />
    <member type='relation' ref='1904825' role='tram_route' />
    <member type='relation' ref='8054847' role='tram_route' />
    <member type='relation' ref='6808105' role='tram_route' />
    <member type='relation' ref='6806651' role='tram_route' />
    <member type='relation' ref='8054427' role='tram_route' />
    <member type='relation' ref='105480' role='tram_route' />
    <member type='relation' ref='2415102' role='tram_route' />
    <member type='relation' ref='8062655' role='tram_route' />
    <member type='relation' ref='2441936' role='tram_route' />
    <member type='relation' ref='2441935' role='tram_route' />
    <member type='relation' ref='2070553' role='tram_route' />
    <member type='relation' ref='66673' role='tram_route' />
    <member type='relation' ref='104749' role='tram_route' />
    <member type='relation' ref='2088591' role='tram_route' />
    <member type='relation' ref='2728287' role='tram_route' />
    <member type='relation' ref='104751' role='tram_route' />
    <member type='relation' ref='6321376' role='tram_route' />
    <member type='relation' ref='6321374' role='tram_route' />
    <member type='relation' ref='67775' role='tram_route' />
    <member type='relation' ref='2729903' role='tram_route' />
    <member type='relation' ref='7033380' role='tram_route' />
    <member type='relation' ref='7033379' role='tram_route' />
    <member type='relation' ref='7767397' role='tram_route' />
    <member type='relation' ref='2820887' role='tram_route' />
    <member type='relation' ref='2820888' role='tram_route' />
    <member type='relation' ref='2820890' role='tram_route' />
    <member type='relation' ref='104732' role='tram_route' />
    <member type='relation' ref='8067541' role='tram_route' />
    <member type='relation' ref='8067542' role='tram_route' />
    <member type='relation' ref='69140' role='tram_route' />
    <member type='relation' ref='6330393' role='tram_route' />
    <member type='relation' ref='6330574' role='tram_route' />
    <member type='relation' ref='36240' role='tram_route' />
    <member type='relation' ref='7035485' role='tram_route' />
    <member type='relation' ref='7035484' role='tram_route' />
    <member type='relation' ref='7114949' role='tram_route' />
    <member type='relation' ref='7114948' role='tram_route' />
    <member type='relation' ref='7043671' role='tram_route' />
    <member type='relation' ref='7043670' role='tram_route' />
    <member type='relation' ref='8060767' role='tram_route' />
    <member type='relation' ref='8060768' role='tram_route' />
    <member type='relation' ref='7109653' role='tram_route' />
    <member type='relation' ref='7109654' role='tram_route' />
    <member type='relation' ref='105475' role='tram_route' />
    <member type='relation' ref='6333468' role='tram_route' />
    <member type='relation' ref='7032602' role='tram_route' />
    <member type='relation' ref='7032603' role='tram_route' />
    <member type='relation' ref='7036919' role='tram_route' />
    <member type='relation' ref='7036920' role='tram_route' />
    <member type='relation' ref='8350409' role='tram_route' />
    <member type='relation' ref='8350408' role='tram_route' />
    <member type='relation' ref='3207891' role='tram_route' />
    <member type='relation' ref='8060205' role='tram_route' />
    <member type='relation' ref='8062345' role='tram_route' />
    <member type='relation' ref='1597403' role='tram_route' />
    <member type='relation' ref='1597407' role='tram_route' />
    <member type='relation' ref='8060679' role='tram_route' />
    <member type='relation' ref='8062372' role='tram_route' />
    <member type='relation' ref='1597406' role='tram_route' />
    <member type='relation' ref='1597405' role='tram_route' />
    <member type='relation' ref='8060710' role='tram_route' />
    <member type='relation' ref='1597402' role='tram_route' />
    <member type='relation' ref='8060361' role='tram_route' />
    <member type='relation' ref='1597404' role='tram_route' />
    <member type='relation' ref='8060657' role='tram_route' />
    <member type='relation' ref='1597046' role='tram_route' />
    <member type='relation' ref='8060659' role='tram_route' />
    <member type='relation' ref='8060658' role='tram_route' />
    <member type='relation' ref='1600142' role='tram_route' />
    <member type='relation' ref='8413683' role='trolleybus_route' />
    <member type='relation' ref='8413684' role='trolleybus_route' />
    <member type='relation' ref='8319364' role='bus_route' />
    <member type='relation' ref='318573' role='bus_route' />
    <member type='relation' ref='1925749' role='bus_route' />
    <member type='relation' ref='8347329' role='bus_route' />
    <member type='relation' ref='8368437' role='bus_route' />
    <member type='relation' ref='375825' role='bus_route' />
    <member type='relation' ref='5926777' role='bus_route' />
    <member type='relation' ref='8368204' role='bus_route' />
    <member type='relation' ref='5879421' role='bus_route' />
    <member type='relation' ref='8331772' role='bus_route' />
    <member type='relation' ref='8340652' role='bus_route' />
    <member type='relation' ref='3554869' role='bus_route' />
    <member type='relation' ref='8325599' role='bus_route' />
    <member type='relation' ref='1560704' role='bus_route' />
    <member type='relation' ref='4459203' role='bus_route' />
    <member type='relation' ref='4461396' role='bus_route' />
    <member type='relation' ref='1614642' role='bus_route' />
    <member type='relation' ref='8349131' role='bus_route' />
    <member type='relation' ref='8349132' role='bus_route' />
    <member type='relation' ref='8349133' role='bus_route' />
    <member type='relation' ref='1614639' role='bus_route' />
    <member type='relation' ref='8347604' role='bus_route' />
    <member type='relation' ref='121909' role='bus_route' />
    <member type='relation' ref='8368772' role='bus_route' />
    <member type='relation' ref='2807097' role='bus_route' />
    <member type='relation' ref='8370162' role='bus_route' />
    <member type='relation' ref='8370161' role='bus_route' />
    <member type='relation' ref='8370160' role='bus_route' />
    <member type='relation' ref='8341611' role='bus_route' />
    <member type='relation' ref='5879364' role='bus_route' />
    <member type='relation' ref='1549168' role='bus_route' />
    <member type='relation' ref='8325806' role='bus_route' />
    <member type='relation' ref='6934103' role='bus_route' />
    <member type='relation' ref='8340768' role='bus_route' />
    <member type='relation' ref='3729800' role='bus_route' />
    <member type='relation' ref='8340498' role='bus_route' />
    <member type='relation' ref='8319340' role='bus_route' />
    <member type='relation' ref='1209383' role='bus_route' />
    <member type='relation' ref='8338149' role='bus_route' />
    <member type='relation' ref='8338090' role='bus_route' />
    <member type='relation' ref='8338091' role='bus_route' />
    <member type='relation' ref='2749212' role='bus_route' />
    <member type='relation' ref='5879653' role='bus_route' />
    <member type='relation' ref='8340212' role='bus_route' />
    <member type='relation' ref='8329810' role='bus_route' />
    <member type='relation' ref='5617526' role='bus_route' />
    <member type='relation' ref='8342596' role='bus_route' />
    <member type='relation' ref='1212665' role='bus_route' />
    <member type='relation' ref='5328630' role='bus_route' />
    <member type='relation' ref='3404581' role='bus_route' />
    <member type='relation' ref='78974' role='bus_route' />
    <member type='relation' ref='1750901' role='bus_route' />
    <member type='relation' ref='8337907' role='bus_route' />
    <member type='relation' ref='8331836' role='bus_route' />
    <member type='relation' ref='8331771' role='bus_route' />
    <member type='relation' ref='8328430' role='bus_route' />
    <member type='relation' ref='121148' role='bus_route' />
    <member type='relation' ref='121938' role='bus_route' />
    <member type='relation' ref='8082577' role='bus_route' />
    <member type='relation' ref='8338227' role='bus_route' />
    <member type='relation' ref='8338228' role='bus_route' />
    <member type='relation' ref='5862002' role='bus_route' />
    <member type='relation' ref='8093825' role='bus_route' />
    <member type='relation' ref='8342482' role='bus_route' />
    <member type='relation' ref='5214526' role='bus_route' />
    <member type='relation' ref='8329653' role='bus_route' />
    <member type='relation' ref='1293828' role='bus_route' />
    <member type='relation' ref='6953817' role='bus_route' />
    <member type='relation' ref='7031754' role='bus_route' />
    <member type='relation' ref='2175313' role='bus_route' />
    <member type='relation' ref='8340554' role='bus_route' />
    <member type='relation' ref='8350210' role='bus_route' />
    <member type='relation' ref='5143444' role='bus_route' />
    <member type='relation' ref='2180017' role='bus_route' />
    <member type='relation' ref='8349760' role='bus_route' />
    <member type='relation' ref='8328239' role='bus_route' />
    <member type='relation' ref='8328238' role='bus_route' />
    <member type='relation' ref='1548856' role='bus_route' />
    <member type='relation' ref='8325695' role='bus_route' />
    <member type='relation' ref='1435154' role='bus_route' />
    <member type='relation' ref='8350735' role='bus_route' />
    <member type='relation' ref='8350726' role='bus_route' />
    <member type='relation' ref='8350725' role='bus_route' />
    <member type='relation' ref='8330175' role='bus_route' />
    <member type='relation' ref='8330747' role='bus_route' />
    <member type='relation' ref='8326673' role='bus_route' />
    <member type='relation' ref='1560705' role='bus_route' />
    <member type='relation' ref='8105227' role='bus_route' />
    <member type='relation' ref='5902324' role='bus_route' />
    <member type='relation' ref='8325748' role='bus_route' />
    <member type='relation' ref='1548964' role='bus_route' />
    <member type='relation' ref='8340555' role='bus_route' />
    <member type='relation' ref='1928539' role='bus_route' />
    <member type='relation' ref='5143772' role='bus_route' />
    <member type='relation' ref='8350152' role='bus_route' />
    <member type='relation' ref='8350151' role='bus_route' />
    <member type='relation' ref='8350150' role='bus_route' />
    <member type='relation' ref='8342801' role='bus_route' />
    <member type='relation' ref='8342802' role='bus_route' />
    <member type='relation' ref='8348095' role='bus_route' />
    <member type='relation' ref='1572255' role='bus_route' />
    <member type='relation' ref='6547744' role='bus_route' />
    <member type='relation' ref='8368803' role='bus_route' />
    <member type='relation' ref='8340290' role='bus_route' />
    <member type='relation' ref='2178988' role='bus_route' />
    <member type='relation' ref='5146597' role='bus_route' />
    <member type='relation' ref='8350694' role='bus_route' />
    <member type='relation' ref='8327117' role='bus_route' />
    <member type='relation' ref='1559503' role='bus_route' />
    <member type='relation' ref='8327114' role='bus_route' />
    <member type='relation' ref='8327115' role='bus_route' />
    <member type='relation' ref='8326647' role='bus_route' />
    <member type='relation' ref='8326645' role='bus_route' />
    <member type='relation' ref='1529785' role='bus_route' />
    <member type='relation' ref='8326644' role='bus_route' />
    <member type='relation' ref='8368192' role='bus_route' />
    <member type='relation' ref='8368193' role='bus_route' />
    <member type='relation' ref='1614643' role='bus_route' />
    <member type='relation' ref='8347838' role='bus_route' />
    <member type='relation' ref='2233887' role='bus_route' />
    <member type='relation' ref='8329792' role='bus_route' />
    <member type='relation' ref='214313' role='bus_route' />
    <member type='relation' ref='8341610' role='bus_route' />
    <member type='relation' ref='8387630' role='bus_route' />
    <member type='relation' ref='8387631' role='bus_route' />
    <member type='relation' ref='8328384' role='bus_route' />
    <member type='relation' ref='1401287' role='bus_route' />
    <member type='relation' ref='120963' role='bus_route' />
    <member type='relation' ref='8327615' role='bus_route' />
    <member type='relation' ref='8368169' role='bus_route' />
    <member type='relation' ref='8368168' role='bus_route' />
    <member type='relation' ref='383072' role='bus_route' />
    <member type='relation' ref='8368686' role='bus_route' />
    <member type='relation' ref='2926329' role='bus_route' />
    <member type='relation' ref='8332787' role='bus_route' />
    <member type='relation' ref='2375183' role='bus_route' />
    <member type='relation' ref='2375184' role='bus_route' />
    <member type='relation' ref='6645058' role='bus_route' />
    <member type='relation' ref='6371269' role='bus_route' />
    <member type='relation' ref='8105429' role='bus_route' />
    <member type='relation' ref='1572783' role='bus_route' />
    <member type='relation' ref='8345421' role='bus_route' />
    <member type='relation' ref='5613631' role='bus_route' />
    <member type='relation' ref='1322976' role='bus_route' />
    <member type='relation' ref='6706007' role='bus_route' />
    <member type='relation' ref='152729' role='bus_route' />
    <member type='relation' ref='8345420' role='bus_route' />
    <member type='relation' ref='8345419' role='bus_route' />
    <member type='relation' ref='8345418' role='bus_route' />
    <member type='relation' ref='8342844' role='bus_route' />
    <member type='relation' ref='2193081' role='bus_route' />
    <member type='relation' ref='4830899' role='bus_route' />
    <member type='relation' ref='4829253' role='bus_route' />
    <member type='relation' ref='8350209' role='bus_route' />
    <member type='relation' ref='5149117' role='bus_route' />
    <member type='relation' ref='2226543' role='bus_route' />
    <member type='relation' ref='1925404' role='bus_route' />
    <member type='relation' ref='1135614' role='bus_route' />
    <member type='relation' ref='8340432' role='bus_route' />
    <member type='relation' ref='5824225' role='bus_route' />
    <member type='relation' ref='8338014' role='bus_route' />
    <member type='relation' ref='8327723' role='bus_route' />
    <member type='relation' ref='8327724' role='bus_route' />
    <member type='relation' ref='8325428' role='bus_route' />
    <member type='relation' ref='8327722' role='bus_route' />
    <member type='relation' ref='8327721' role='bus_route' />
    <member type='relation' ref='1547605' role='bus_route' />
    <member type='relation' ref='3365273' role='bus_route' />
    <member type='relation' ref='5377178' role='bus_route' />
    <member type='relation' ref='574598' role='bus_route' />
    <member type='relation' ref='8082436' role='bus_route' />
    <member type='relation' ref='8347606' role='bus_route' />
    <member type='relation' ref='5606900' role='bus_route' />
    <member type='relation' ref='3554862' role='bus_route' />
    <member type='relation' ref='8330746' role='bus_route' />
    <member type='relation' ref='8386516' role='bus_route' />
    <member type='relation' ref='1135613' role='bus_route' />
    <member type='relation' ref='8592830' role='bus_route' />
    <member type='relation' ref='8592829' role='bus_route' />
    <member type='relation' ref='2141658' role='bus_route' />
    <member type='relation' ref='8368214' role='bus_route' />
    <member type='relation' ref='1950096' role='bus_route' />
    <member type='relation' ref='8349962' role='bus_route' />
    <member type='relation' ref='8368321' role='bus_route' />
    <member type='relation' ref='8188574' role='bus_route' />
    <member type='relation' ref='451727' role='bus_route' />
    <member type='relation' ref='8341816' role='bus_route' />
    <member type='relation' ref='8082537' role='bus_route' />
    <member type='relation' ref='8082536' role='bus_route' />
    <member type='relation' ref='8347878' role='bus_route' />
    <member type='relation' ref='8347879' role='bus_route' />
    <member type='relation' ref='8345777' role='bus_route' />
    <member type='relation' ref='8345776' role='bus_route' />
    <member type='relation' ref='8349495' role='bus_route' />
    <member type='relation' ref='8349494' role='bus_route' />
    <member type='relation' ref='6429154' role='bus_route' />
    <member type='relation' ref='6429155' role='bus_route' />
    <member type='relation' ref='8349492' role='bus_route' />
    <member type='relation' ref='8349491' role='bus_route' />
    <member type='relation' ref='1907505' role='bus_route' />
    <member type='relation' ref='416453' role='bus_route' />
    <member type='relation' ref='8340409' role='bus_route' />
    <member type='relation' ref='2794568' role='bus_route' />
    <member type='relation' ref='8334892' role='bus_route' />
    <member type='relation' ref='8334891' role='bus_route' />
    <member type='relation' ref='8349718' role='bus_route' />
    <member type='relation' ref='8349717' role='bus_route' />
    <member type='relation' ref='8349325' role='bus_route' />
    <member type='relation' ref='8349324' role='bus_route' />
    <member type='relation' ref='8349326' role='bus_route' />
    <member type='relation' ref='8349327' role='bus_route' />
    <member type='relation' ref='114544' role='bus_route' />
    <member type='relation' ref='8347877' role='bus_route' />
    <member type='relation' ref='8345763' role='bus_route' />
    <member type='relation' ref='5334419' role='bus_route' />
    <member type='relation' ref='4821067' role='bus_route' />
    <member type='relation' ref='4821048' role='bus_route' />
    <member type='relation' ref='8342223' role='bus_route' />
    <member type='relation' ref='8342224' role='bus_route' />
    <member type='relation' ref='8342095' role='bus_route' />
    <member type='relation' ref='2019246' role='bus_route' />
    <member type='relation' ref='8342222' role='bus_route' />
    <member type='relation' ref='8342221' role='bus_route' />
    <member type='relation' ref='8342484' role='bus_route' />
    <member type='relation' ref='8342483' role='bus_route' />
    <member type='relation' ref='8601722' role='bus_route' />
    <member type='relation' ref='8601721' role='bus_route' />
    <member type='relation' ref='8331770' role='bus_route' />
    <member type='relation' ref='1905511' role='bus_route' />
    <member type='relation' ref='5635588' role='bus_route' />
    <member type='relation' ref='8330745' role='bus_route' />
    <member type='relation' ref='2135933' role='bus_route' />
    <member type='relation' ref='8369806' role='bus_route' />
    <member type='relation' ref='5333804' role='bus_route' />
    <member type='relation' ref='452386' role='bus_route' />
    <member type='relation' ref='8337910' role='bus_route' />
    <member type='relation' ref='8337851' role='bus_route' />
    <member type='relation' ref='8337909' role='bus_route' />
    <member type='relation' ref='8337908' role='bus_route' />
    <member type='relation' ref='5889015' role='bus_route' />
    <member type='relation' ref='8335615' role='bus_route' />
    <member type='relation' ref='8330603' role='bus_route' />
    <member type='relation' ref='8330604' role='bus_route' />
    <member type='relation' ref='8329936' role='bus_route' />
    <member type='relation' ref='8330689' role='bus_route' />
    <member type='relation' ref='8601651' role='bus_route' />
    <member type='relation' ref='8601650' role='bus_route' />
    <member type='relation' ref='8601645' role='bus_route' />
    <member type='relation' ref='8601644' role='bus_route' />
    <member type='relation' ref='1614644' role='bus_route' />
    <member type='relation' ref='8349328' role='bus_route' />
    <member type='relation' ref='8602749' role='bus_route' />
    <member type='relation' ref='8602748' role='bus_route' />
    <member type='relation' ref='8602747' role='bus_route' />
    <member type='relation' ref='8602913' role='bus_route' />
    <member type='relation' ref='8602912' role='bus_route' />
    <member type='relation' ref='8602910' role='bus_route' />
    <member type='relation' ref='8602911' role='bus_route' />
    <member type='relation' ref='8602909' role='bus_route' />
    <member type='relation' ref='8602908' role='bus_route' />
    <member type='relation' ref='8602907' role='bus_route' />
    <member type='relation' ref='8602906' role='bus_route' />
    <member type='relation' ref='8607043' role='bus_route' />
    <member type='relation' ref='8607042' role='bus_route' />
    <member type='relation' ref='8603114' role='bus_route' />
    <member type='relation' ref='8603113' role='bus_route' />
    <member type='relation' ref='8603112' role='bus_route' />
    <member type='relation' ref='8607065' role='bus_route' />
    <member type='relation' ref='8607064' role='bus_route' />
    <member type='relation' ref='8603111' role='bus_route' />
    <member type='relation' ref='8603110' role='bus_route' />
    <member type='relation' ref='8603194' role='bus_route' />
    <member type='relation' ref='8603189' role='bus_route' />
    <member type='relation' ref='8603193' role='bus_route' />
    <member type='relation' ref='8603191' role='bus_route' />
    <member type='relation' ref='8603192' role='bus_route' />
    <member type='relation' ref='8319456' role='bus_route' />
    <member type='relation' ref='7234140' role='bus_route' />
    <member type='relation' ref='8370960' role='bus_route' />
    <member type='relation' ref='8370959' role='bus_route' />
    <member type='relation' ref='8377380' role='bus_route' />
    <member type='relation' ref='8377379' role='bus_route' />
    <member type='relation' ref='8374284' role='bus_route' />
    <member type='relation' ref='8374283' role='bus_route' />
    <member type='relation' ref='8379634' role='bus_route' />
    <member type='relation' ref='8379635' role='bus_route' />
    <member type='relation' ref='8370049' role='bus_route' />
    <member type='relation' ref='8370048' role='bus_route' />
    <member type='relation' ref='8382647' role='bus_route' />
    <member type='relation' ref='8382648' role='bus_route' />
    <member type='relation' ref='8371072' role='bus_route' />
    <member type='relation' ref='8371073' role='bus_route' />
    <member type='relation' ref='8377250' role='bus_route' />
    <member type='relation' ref='8377247' role='bus_route' />
    <member type='relation' ref='8377248' role='bus_route' />
    <member type='relation' ref='8377249' role='bus_route' />
    <member type='relation' ref='8369860' role='bus_route' />
    <member type='relation' ref='8369858' role='bus_route' />
    <member type='relation' ref='8382955' role='bus_route' />
    <member type='relation' ref='8382954' role='bus_route' />
    <member type='relation' ref='8374313' role='bus_route' />
    <member type='relation' ref='8374312' role='bus_route' />
    <member type='relation' ref='8417725' role='bus_route' />
    <member type='relation' ref='8417723' role='bus_route' />
    <member type='relation' ref='8371077' role='bus_route' />
    <member type='relation' ref='8371076' role='bus_route' />
    <member type='relation' ref='8384677' role='bus_route' />
    <member type='relation' ref='8384678' role='bus_route' />
    <member type='relation' ref='8670240' role='bus_route' />
    <member type='relation' ref='8670315' role='bus_route' />
    <member type='relation' ref='2147789' role='bus_route' />
    <member type='relation' ref='8700546' role='bus_route' />
    <member type='relation' ref='8700547' role='bus_route' />
    <member type='relation' ref='8700545' role='bus_route' />
    <member type='relation' ref='8701027' role='bus_route' />
    <member type='relation' ref='8701133' role='bus_route' />
    <member type='relation' ref='8700470' role='bus_route' />
    <member type='relation' ref='8700469' role='bus_route' />
    <member type='relation' ref='443035' role='bus_route' />
    <member type='relation' ref='3824460' role='bus_route' />
    <member type='relation' ref='1614640' role='bus_route' />
    <member type='relation' ref='1615628' role='bus_route' />
    <member type='relation' ref='1782930' role='bus_route' />
    <member type='relation' ref='1615629' role='bus_route' />
    <member type='relation' ref='2161912' role='bus_route' />
    <member type='relation' ref='419193' role='bus_route' />
    <member type='relation' ref='8700599' role='bus_route' />
    <member type='relation' ref='8700598' role='bus_route' />
    <member type='relation' ref='8699278' role='bus_route' />
    <member type='relation' ref='1616084' role='bus_route' />
    <member type='relation' ref='2181614' role='bus_route' />
    <member type='relation' ref='2846696' role='bus_route' />
    <member type='relation' ref='7125140' role='bus_route' />
    <member type='relation' ref='4817243' role='bus_route' />
    <member type='relation' ref='2162272' role='bus_route' />
    <member type='relation' ref='10773778' role='bus_route' />
    <member type='relation' ref='2885738' role='bus_route' />
    <member type='relation' ref='10769542' role='bus_route' />
    <member type='relation' ref='8699277' role='bus_route' />
    <member type='relation' ref='8699276' role='bus_route' />
    <member type='relation' ref='8699643' role='bus_route' />
    <member type='relation' ref='8699642' role='bus_route' />
    <member type='relation' ref='419192' role='bus_route' />
    <member type='relation' ref='165254' role='bus_route' />
    <member type='relation' ref='2862701' role='bus_route' />
    <member type='relation' ref='8180351' role='bus_route' />
    <member type='relation' ref='8305118' role='bus_route' />
    <member type='relation' ref='2862702' role='bus_route' />
    <member type='relation' ref='2862700' role='bus_route' />
    <member type='relation' ref='5402372' role='bus_route' />
    <member type='relation' ref='10976591' role='bus_route' />
    <member type='relation' ref='8670356' role='bus_route' />
    <member type='relation' ref='8670357' role='bus_route' />
    <member type='relation' ref='2846674' role='bus_route' />
    <member type='relation' ref='2715819' role='bus_route' />
    <member type='relation' ref='401625' role='train_route' />
    <member type='relation' ref='401655' role='train_route' />
    <member type='relation' ref='401649' role='train_route' />
    <member type='relation' ref='401709' role='train_route' />
    <member type='relation' ref='401678' role='train_route' />
    <member type='relation' ref='401702' role='train_route' />
    <member type='relation' ref='401706' role='train_route' />
    <member type='relation' ref='401677' role='train_route' />
    <member type='relation' ref='401656' role='train_route' />
    <member type='relation' ref='401707' role='train_route' />
    <member type='relation' ref='2211331' role='train_route' />
    <member type='relation' ref='5378416' role='train_route' />
    <member type='relation' ref='401636' role='train_route' />
    <member type='relation' ref='2190956' role='train_route' />
    <member type='relation' ref='5378417' role='train_route' />
    <member type='relation' ref='5378418' role='train_route' />
    <member type='relation' ref='5333018' role='train_route' />
    <member type='relation' ref='5333019' role='train_route' />
    <member type='relation' ref='401703' role='train_route' />
    <member type='relation' ref='574613' role='train_route' />
    <member type='relation' ref='9322238' role='' />
    <member type='relation' ref='10521221' role='bus_route' />
    <member type='relation' ref='11604486' role='train_route' />
    <tag k='name' v='PID' />
    <tag k='name:de' v='Prager Verkehrsbetriebe' />
    <tag k='operator' v='cz:DPP' />
    <tag k='tariff' v='http://www.dpp.cz/jizdne/' />
    <tag k='type' v='network' />
  </relation>
  <relation id='1730536' timestamp='2020-09-22T07:15:02Z' uid='1189910' user='Milancer' visible='true' version='75' changeset='91270218'>
    <member type='way' ref='82148783' role='side_stream' />
    <member type='way' ref='790989946' role='side_stream' />
    <member type='way' ref='790989945' role='side_stream' />
    <member type='way' ref='82064650' role='side_stream' />
    <member type='way' ref='790989948' role='side_stream' />
    <member type='way' ref='82074191' role='side_stream' />
    <member type='way' ref='151879920' role='side_stream' />
    <member type='way' ref='221991565' role='side_stream' />
    <member type='way' ref='151879970' role='side_stream' />
    <member type='way' ref='82018183' role='side_stream' />
    <member type='way' ref='586682329' role='side_stream' />
    <member type='way' ref='586682332' role='side_stream' />
    <member type='way' ref='586682328' role='side_stream' />
    <member type='way' ref='586682327' role='side_stream' />
    <member type='way' ref='81489738' role='main_stream' />
    <member type='way' ref='123698714' role='main_stream' />
    <member type='way' ref='82072964' role='main_stream' />
    <member type='way' ref='4862174' role='main_stream' />
    <member type='way' ref='839920667' role='main_stream' />
    <member type='way' ref='839920666' role='main_stream' />
    <member type='way' ref='839920668' role='main_stream' />
    <member type='way' ref='839920669' role='main_stream' />
    <member type='way' ref='123694313' role='main_stream' />
    <member type='way' ref='123694291' role='main_stream' />
    <member type='way' ref='123694299' role='main_stream' />
    <member type='way' ref='123694301' role='main_stream' />
    <member type='way' ref='123694296' role='main_stream' />
    <member type='way' ref='123694302' role='main_stream' />
    <member type='way' ref='123694292' role='main_stream' />
    <member type='way' ref='123694294' role='main_stream' />
    <member type='way' ref='123694303' role='main_stream' />
    <member type='way' ref='123694298' role='main_stream' />
    <member type='way' ref='123694293' role='main_stream' />
    <member type='way' ref='123694312' role='main_stream' />
    <member type='way' ref='123694297' role='main_stream' />
    <member type='way' ref='123694310' role='main_stream' />
    <member type='way' ref='123694300' role='main_stream' />
    <member type='way' ref='123694290' role='main_stream' />
    <member type='way' ref='123694295' role='main_stream' />
    <member type='way' ref='123694304' role='main_stream' />
    <member type='way' ref='83228958' role='main_stream' />
    <member type='way' ref='83228956' role='main_stream' />
    <member type='way' ref='83229161' role='main_stream' />
    <member type='way' ref='111531343' role='main_stream' />
    <member type='way' ref='212397492' role='main_stream' />
    <member type='way' ref='214119825' role='main_stream' />
    <member type='way' ref='83119613' role='main_stream' />
    <member type='way' ref='83135794' role='main_stream' />
    <member type='way' ref='83135806' role='main_stream' />
    <member type='way' ref='800845894' role='main_stream' />
    <member type='way' ref='800845895' role='main_stream' />
    <member type='way' ref='42094599' role='main_stream' />
    <member type='way' ref='83135805' role='main_stream' />
    <member type='way' ref='82143849' role='main_stream' />
    <member type='way' ref='83143713' role='main_stream' />
    <member type='way' ref='83143714' role='main_stream' />
    <member type='way' ref='790989957' role='main_stream' />
    <member type='way' ref='790989958' role='main_stream' />
    <member type='way' ref='790989959' role='main_stream' />
    <member type='way' ref='128052309' role='main_stream' />
    <member type='way' ref='790989938' role='main_stream' />
    <member type='way' ref='25318649' role='main_stream' />
    <member type='way' ref='790989944' role='main_stream' />
    <member type='way' ref='790989943' role='main_stream' />
    <member type='way' ref='790989956' role='main_stream' />
    <member type='way' ref='790989950' role='main_stream' />
    <member type='way' ref='25318650' role='main_stream' />
    <member type='way' ref='792957279' role='main_stream' />
    <member type='way' ref='792957280' role='main_stream' />
    <member type='way' ref='790989949' role='main_stream' />
    <member type='way' ref='790989947' role='main_stream' />
    <member type='way' ref='792959142' role='main_stream' />
    <member type='way' ref='25318653' role='main_stream' />
    <member type='way' ref='128052310' role='side_stream' />
    <member type='way' ref='82221002' role='side_stream' />
    <member type='way' ref='127483785' role='side_stream' />
    <member type='way' ref='26327057' role='main_stream' />
    <member type='way' ref='25301523' role='main_stream' />
    <member type='way' ref='190237798' role='main_stream' />
    <member type='way' ref='50761816' role='side_stream' />
    <member type='way' ref='29489992' role='main_stream' />
    <member type='way' ref='71210639' role='main_stream' />
    <member type='way' ref='42744979' role='main_stream' />
    <member type='way' ref='729163358' role='main_stream' />
    <member type='way' ref='177389683' role='main_stream' />
    <member type='way' ref='520652033' role='main_stream' />
    <member type='way' ref='746750041' role='main_stream' />
    <member type='way' ref='746748925' role='main_stream' />
    <member type='relation' ref='19221' role='main_stream' />
    <member type='relation' ref='374030' role='main_stream' />
    <member type='relation' ref='94126' role='main_stream' />
    <member type='relation' ref='19219' role='main_stream' />
    <member type='relation' ref='1734829' role='main_stream' />
    <member type='relation' ref='7531444' role='main_stream' />
    <member type='relation' ref='6896673' role='main_stream' />
    <member type='relation' ref='7366568' role='main_stream' />
    <member type='relation' ref='10081307' role='main_stream' />
    <member type='relation' ref='287550' role='main_stream' />
    <member type='relation' ref='295800' role='main_stream' />
    <member type='relation' ref='295895' role='main_stream' />
    <member type='relation' ref='296468' role='main_stream' />
    <member type='relation' ref='298542' role='main_stream' />
    <member type='relation' ref='1346653' role='main_stream' />
    <member type='relation' ref='10088353' role='main_stream' />
    <member type='relation' ref='7517832' role='main_stream' />
    <member type='relation' ref='7361161' role='main_stream' />
    <member type='relation' ref='10086768' role='main_stream' />
    <member type='relation' ref='11654926' role='main_stream' />
    <tag k='destination' v='Labe' />
    <tag k='name' v='Vltava' />
    <tag k='name:cs' v='Vltava' />
    <tag k='name:de' v='Moldau' />
    <tag k='name:pl' v='Wełtawa' />
    <tag k='name:ru' v='Влтава' />
    <tag k='type' v='waterway' />
    <tag k='waterway' v='river' />
    <tag k='wikidata' v='Q131574' />
    <tag k='wikipedia' v='en:Vltava' />
  </relation>
  <relation id='1739712' timestamp='2020-06-12T20:26:33Z' uid='6588887' user='Martin2035' visible='true' version='23' changeset='86583506'>
    <member type='way' ref='12902364' role='' />
    <member type='way' ref='54168596' role='' />
    <member type='way' ref='259090537' role='' />
    <member type='way' ref='592389454' role='' />
    <member type='way' ref='361357806' role='' />
    <member type='way' ref='361357804' role='' />
    <member type='way' ref='133482577' role='' />
    <member type='way' ref='13703343' role='' />
    <member type='way' ref='133482583' role='' />
    <member type='way' ref='133482582' role='' />
    <member type='way' ref='12952586' role='' />
    <member type='way' ref='12952587' role='' />
    <member type='way' ref='172967386' role='' />
    <member type='way' ref='129122497' role='' />
    <member type='way' ref='32405392' role='' />
    <member type='way' ref='706228502' role='' />
    <member type='way' ref='128923962' role='' />
    <member type='way' ref='815534497' role='' />
    <member type='way' ref='4735031' role='' />
    <member type='way' ref='439449927' role='' />
    <member type='way' ref='4903139' role='' />
    <member type='way' ref='37891248' role='' />
    <member type='way' ref='501240073' role='' />
    <member type='way' ref='128923928' role='' />
    <member type='way' ref='435696273' role='' />
    <member type='way' ref='24378209' role='' />
    <member type='way' ref='128923946' role='' />
    <member type='way' ref='128923963' role='' />
    <member type='way' ref='27296664' role='' />
    <member type='way' ref='27296663' role='' />
    <member type='way' ref='128923947' role='' />
    <member type='way' ref='128923940' role='' />
    <member type='way' ref='59524896' role='' />
    <member type='way' ref='278878765' role='' />
    <member type='way' ref='501240069' role='' />
    <member type='way' ref='278878763' role='' />
    <member type='way' ref='57403801' role='' />
    <member type='way' ref='59524894' role='' />
    <member type='way' ref='300918044' role='' />
    <member type='way' ref='128923941' role='' />
    <member type='way' ref='128923959' role='' />
    <member type='way' ref='25997225' role='' />
    <member type='way' ref='173307532' role='' />
    <member type='way' ref='128923922' role='' />
    <member type='way' ref='19874920' role='' />
    <member type='way' ref='133507794' role='' />
    <member type='way' ref='133507797' role='' />
    <member type='way' ref='133507799' role='' />
    <member type='way' ref='133507808' role='' />
    <member type='way' ref='133507813' role='' />
    <member type='way' ref='133507804' role='' />
    <member type='way' ref='133507806' role='' />
    <member type='way' ref='330616055' role='' />
    <member type='way' ref='19874721' role='' />
    <tag k='complete' v='no' />
    <tag k='network' v='lcn' />
    <tag k='operator' v='cz:PNK' />
    <tag k='ref' v='A215' />
    <tag k='route' v='bicycle' />
    <tag k='state' v='recommended' />
    <tag k='type' v='route' />
  </relation>
  <relation id='1926997' timestamp='2020-09-04T20:33:17Z' uid='6588887' user='Martin2035' visible='true' version='17' changeset='90432304'>
    <member type='way' ref='141925903' role='under' />
    <member type='way' ref='812628280' role='under' />
    <member type='way' ref='844169016' role='under' />
    <member type='way' ref='844169015' role='under' />
    <member type='way' ref='844169014' role='under' />
    <member type='way' ref='26327057' role='under' />
    <member type='way' ref='128052309' role='under' />
    <member type='way' ref='790989938' role='under' />
    <member type='way' ref='25318649' role='under' />
    <member type='way' ref='790989944' role='under' />
    <member type='way' ref='790989943' role='under' />
    <member type='way' ref='790989956' role='under' />
    <member type='way' ref='73227620' role='under' />
    <member type='way' ref='844169020' role='under' />
    <member type='way' ref='43033337' role='under' />
    <member type='way' ref='209270055' role='under' />
    <member type='way' ref='218146492' role='under' />
    <member type='way' ref='218365942' role='under' />
    <member type='way' ref='25464752' role='under' />
    <member type='way' ref='4648416' role='under' />
    <member type='way' ref='11096206' role='under' />
    <member type='way' ref='500199672' role='under' />
    <member type='way' ref='314357166' role='under' />
    <member type='way' ref='486440527' role='under' />
    <member type='way' ref='4890667' role='under' />
    <member type='way' ref='22022199' role='under' />
    <member type='way' ref='8068402' role='under' />
    <member type='way' ref='88375338' role='under' />
    <member type='way' ref='308288699' role='under' />
    <member type='way' ref='308288700' role='under' />
    <member type='way' ref='354680574' role='under' />
    <member type='way' ref='26226911' role='across' />
    <member type='way' ref='26505483' role='across' />
    <member type='way' ref='132534160' role='across' />
    <member type='way' ref='142378699' role='across' />
    <member type='way' ref='73227632' role='across' />
    <member type='way' ref='26167731' role='across' />
    <member type='way' ref='26226912' role='under' />
    <member type='way' ref='354680575' role='under' />
    <member type='way' ref='4890666' role='across' />
    <member type='way' ref='73227600' role='across' />
    <member type='way' ref='121254586' role='across' />
    <member type='way' ref='26167754' role='across' />
    <member type='way' ref='26226902' role='across' />
    <member type='way' ref='4018493' role='across' />
    <member type='way' ref='4087937' role='across' />
    <member type='way' ref='141925893' role='across' />
    <member type='way' ref='26226904' role='across' />
    <member type='way' ref='26226905' role='across' />
    <member type='way' ref='142377261' role='outline' />
    <tag k='name' v='Barandovský most' />
    <tag k='type' v='bridge' />
  </relation>
  <relation id='1951765' timestamp='2020-09-10T13:55:53Z' uid='100163' user='Hlav' visible='true' version='29' changeset='90706681'>
    <member type='way' ref='23018144' role='across' />
    <member type='way' ref='144072824' role='across' />
    <member type='way' ref='426104704' role='across' />
    <member type='way' ref='23018141' role='across' />
    <member type='way' ref='209267110' role='across' />
    <member type='way' ref='33757188' role='across' />
    <member type='way' ref='204739134' role='across' />
    <member type='way' ref='4595185' role='across' />
    <member type='way' ref='23037511' role='across' />
    <member type='way' ref='4595182' role='across' />
    <member type='way' ref='204739148' role='across' />
    <member type='way' ref='4018506' role='across' />
    <member type='way' ref='33757189' role='across' />
    <member type='way' ref='204739135' role='across' />
    <member type='way' ref='4595178' role='across' />
    <member type='way' ref='23018142' role='across' />
    <member type='way' ref='535167288' role='under' />
    <member type='way' ref='131653860' role='under' />
    <member type='way' ref='87430048' role='under' />
    <member type='way' ref='248337354' role='under' />
    <member type='way' ref='248337345' role='under' />
    <member type='way' ref='131653862' role='under' />
    <member type='way' ref='131653864' role='under' />
    <member type='way' ref='846109967' role='under' />
    <member type='way' ref='846109968' role='under' />
    <member type='way' ref='8103280' role='under' />
    <member type='way' ref='23018115' role='under' />
    <member type='way' ref='23018205' role='under' />
    <member type='way' ref='23018139' role='under' />
    <member type='way' ref='30008693' role='under' />
    <member type='way' ref='114924976' role='under' />
    <member type='way' ref='128052309' role='under' />
    <member type='way' ref='790989938' role='under' />
    <member type='way' ref='25318649' role='under' />
    <member type='way' ref='790989944' role='under' />
    <member type='way' ref='790989943' role='under' />
    <member type='way' ref='790989956' role='under' />
    <member type='way' ref='508722157' role='under' />
    <member type='way' ref='123925144' role='under' />
    <member type='way' ref='150857998' role='under' />
    <member type='way' ref='320914685' role='under' />
    <member type='way' ref='270226474' role='under' />
    <member type='way' ref='248337347' role='under' />
    <member type='way' ref='248337350' role='under' />
    <member type='way' ref='270226473' role='under' />
    <member type='way' ref='270226472' role='under' />
    <member type='relation' ref='1926947' role='outline' />
    <tag k='name' v='most Barikádníků' />
    <tag k='name:cs' v='most Barikádníků' />
    <tag k='name:de' v='Brücke der Barrikadenkämpfer' />
    <tag k='sorting_name' v='Barikádníků' />
    <tag k='type' v='bridge' />
    <tag k='wikidata' v='Q12038720' />
  </relation>
  <relation id='1951777' timestamp='2020-04-12T11:29:08Z' uid='2831457' user='AdVerburg' visible='true' version='16' changeset='83424306'>
    <member type='way' ref='26664176' role='under' />
    <member type='way' ref='651713501' role='under' />
    <member type='way' ref='651713502' role='under' />
    <member type='way' ref='633360691' role='under' />
    <member type='way' ref='790989942' role='under' />
    <member type='way' ref='790989941' role='under' />
    <member type='way' ref='82148844' role='under' />
    <member type='way' ref='128052309' role='under' />
    <member type='way' ref='790989938' role='under' />
    <member type='way' ref='25318649' role='under' />
    <member type='way' ref='790989944' role='under' />
    <member type='way' ref='790989943' role='under' />
    <member type='way' ref='790989956' role='under' />
    <member type='way' ref='142816864' role='across' />
    <member type='way' ref='34186381' role='across' />
    <member type='way' ref='115327085' role='across' />
    <member type='way' ref='4335533' role='across' />
    <member type='way' ref='142816858' role='across' />
    <member type='way' ref='170577485' role='across' />
    <member type='way' ref='170577493' role='across' />
    <member type='way' ref='4819574' role='across' />
    <member type='way' ref='170577483' role='across' />
    <member type='way' ref='488348629' role='across' />
    <member type='way' ref='40706224' role='across' />
    <member type='way' ref='34186384' role='across' />
    <member type='way' ref='28159873' role='across' />
    <member type='way' ref='40706225' role='across' />
    <member type='way' ref='115327095' role='across' />
    <member type='way' ref='144074228' role='across' />
    <member type='way' ref='115327088' role='across' />
    <member type='way' ref='262418373' role='across' />
    <member type='way' ref='170577490' role='across' />
    <member type='relation' ref='3296632' role='outline' />
    <tag k='name' v='Hlávkův most' />
    <tag k='name:cs' v='Hlávkův most' />
    <tag k='name:de' v='Hlávka-Brücke' />
    <tag k='type' v='bridge' />
    <tag k='wikidata' v='Q12019825' />
  </relation>
  <relation id='1951780' timestamp='2020-10-26T14:17:06Z' uid='8971394' user='vojtechzaboril' visible='true' version='23' changeset='93065715'>
    <member type='way' ref='100849219' role='under' />
    <member type='way' ref='182992727' role='under' />
    <member type='way' ref='4709062' role='under' />
    <member type='way' ref='517632948' role='under' />
    <member type='way' ref='475915141' role='under' />
    <member type='way' ref='475917163' role='under' />
    <member type='way' ref='32072943' role='under' />
    <member type='way' ref='34992643' role='under' />
    <member type='way' ref='475922092' role='under' />
    <member type='way' ref='475922069' role='under' />
    <member type='way' ref='475915928' role='under' />
    <member type='way' ref='128052309' role='under' />
    <member type='way' ref='790989938' role='under' />
    <member type='way' ref='25318649' role='under' />
    <member type='way' ref='790989944' role='under' />
    <member type='way' ref='790989943' role='under' />
    <member type='way' ref='790989956' role='under' />
    <member type='way' ref='483430075' role='under' />
    <member type='way' ref='115533779' role='under' />
    <member type='way' ref='128964803' role='across' />
    <member type='way' ref='142834696' role='across' />
    <member type='way' ref='142834682' role='across' />
    <member type='way' ref='863800710' role='across' />
    <member type='way' ref='863800708' role='across' />
    <member type='way' ref='474018450' role='across' />
    <member type='way' ref='474018448' role='across' />
    <member type='way' ref='34261514' role='across' />
    <member type='way' ref='142834675' role='across' />
    <member type='way' ref='34261519' role='across' />
    <member type='way' ref='144074738' role='outline' />
    <member type='way' ref='475922534' role='under' />
    <tag k='name' v='Libeňský most' />
    <tag k='name:de' v='Liebener Brücke' />
    <tag k='type' v='bridge' />
    <tag k='wikidata' v='Q11785801' />
  </relation>
  <relation id='1951781' timestamp='2020-04-13T05:57:23Z' uid='2831457' user='AdVerburg' visible='true' version='11' changeset='83451940'>
    <member type='way' ref='48051056' role='under' />
    <member type='way' ref='335557106' role='under' />
    <member type='way' ref='335557105' role='under' />
    <member type='way' ref='141493831' role='under' />
    <member type='way' ref='42099278' role='under' />
    <member type='way' ref='128052309' role='under' />
    <member type='way' ref='790989938' role='under' />
    <member type='way' ref='25318649' role='under' />
    <member type='way' ref='790989944' role='under' />
    <member type='way' ref='790989943' role='under' />
    <member type='way' ref='790989956' role='under' />
    <member type='way' ref='141493845' role='under' />
    <member type='way' ref='106516483' role='under' />
    <member type='way' ref='141493866' role='across' />
    <member type='way' ref='39481035' role='across' />
    <member type='way' ref='416050980' role='across' />
    <member type='way' ref='128721105' role='across' />
    <member type='way' ref='144075033' role='across' />
    <member type='way' ref='141493871' role='across' />
    <member type='way' ref='128721101' role='across' />
    <member type='way' ref='128721103' role='across' />
    <member type='way' ref='220643086' role='across' />
    <member type='way' ref='142370517' role='outline' />
    <tag k='name' v='Štefánikův most' />
    <tag k='name:ru' v='Штефаников мост' />
    <tag k='type' v='bridge' />
    <tag k='wikidata' v='Q10419743' />
  </relation>
  <relation id='1951784' timestamp='2020-04-12T11:29:08Z' uid='2831457' user='AdVerburg' visible='true' version='9' changeset='83424306'>
    <member type='way' ref='26937454' role='across' />
    <member type='way' ref='93480389' role='across' />
    <member type='way' ref='93480380' role='across' />
    <member type='way' ref='4053134' role='across' />
    <member type='way' ref='132415117' role='across' />
    <member type='way' ref='119016167' role='outline' />
    <member type='way' ref='4819570' role='under' />
    <member type='way' ref='360559062' role='under' />
    <member type='way' ref='286250086' role='under' />
    <member type='way' ref='28702028' role='under' />
    <member type='way' ref='128052309' role='under' />
    <member type='way' ref='790989938' role='under' />
    <member type='way' ref='25318649' role='under' />
    <member type='way' ref='790989944' role='under' />
    <member type='way' ref='790989943' role='under' />
    <member type='way' ref='790989956' role='under' />
    <tag k='historic' v='yes' />
    <tag k='name' v='Karlův most' />
    <tag k='name:be' v='Карлаў мост' />
    <tag k='name:cs' v='Karlův most' />
    <tag k='name:da' v='Karlsbroen' />
    <tag k='name:de' v='Karlsbrücke' />
    <tag k='name:en' v='Charles Bridge' />
    <tag k='name:es' v='Puente Carlos' />
    <tag k='name:fi' v='Kaarlensilta' />
    <tag k='name:fr' v='Pont Charles' />
    <tag k='name:hu' v='Károly híd' />
    <tag k='name:it' v='Ponte Carlo' />
    <tag k='name:ja' v='カレル橋' />
    <tag k='name:nl' v='Karelsbrug' />
    <tag k='name:no' v='Karlsbroen' />
    <tag k='name:pl' v='Most Karola' />
    <tag k='name:ru' v='Карлов мост' />
    <tag k='name:sv' v='Karlsbron' />
    <tag k='name:uk' v='Карлів міст' />
    <tag k='name:zh' v='查理大橋' />
    <tag k='tourism' v='attraction' />
    <tag k='type' v='bridge' />
    <tag k='wikidata' v='Q204871' />
  </relation>
  <relation id='1951803' timestamp='2020-04-12T11:29:08Z' uid='2831457' user='AdVerburg' visible='true' version='20' changeset='83424306'>
    <member type='way' ref='118322543' role='under' />
    <member type='way' ref='152460887' role='under' />
    <member type='way' ref='171528536' role='under' />
    <member type='way' ref='183414343' role='under' />
    <member type='way' ref='152460920' role='under' />
    <member type='way' ref='78880004' role='under' />
    <member type='way' ref='200172062' role='under' />
    <member type='way' ref='351280741' role='under' />
    <member type='way' ref='711302420' role='under' />
    <member type='way' ref='138244923' role='under' />
    <member type='way' ref='128052309' role='under' />
    <member type='way' ref='790989938' role='under' />
    <member type='way' ref='25318649' role='under' />
    <member type='way' ref='790989944' role='under' />
    <member type='way' ref='790989943' role='under' />
    <member type='way' ref='790989956' role='under' />
    <member type='way' ref='232334682' role='under' />
    <member type='way' ref='160125823' role='under' />
    <member type='way' ref='565429450' role='under' />
    <member type='way' ref='138206797' role='under' />
    <member type='way' ref='81830677' role='under' />
    <member type='way' ref='4890577' role='across' />
    <member type='way' ref='4320156' role='across' />
    <member type='way' ref='4320157' role='across' />
    <member type='way' ref='27556292' role='across' />
    <member type='way' ref='495707536' role='across' />
    <member type='way' ref='31729915' role='across' />
    <member type='way' ref='31729914' role='across' />
    <member type='way' ref='27556290' role='across' />
    <member type='way' ref='282400806' role='across' />
    <member type='way' ref='142371357' role='outline' />
    <member type='way' ref='158905795' role='across' />
    <member type='way' ref='158905791' role='across' />
    <member type='way' ref='158905793' role='across' />
    <member type='way' ref='495707537' role='across' />
    <member type='way' ref='282400815' role='across' />
    <member type='way' ref='158905805' role='across' />
    <member type='way' ref='158905792' role='across' />
    <member type='way' ref='158905801' role='across' />
    <tag k='alt_name' v='vyšehradský železniční most' />
    <tag k='name' v='železniční most' />
    <tag k='name:de' v='Eisenbahnbrücke' />
    <tag k='name:ru' v='железнодорожный мост' />
    <tag k='type' v='bridge' />
  </relation>
  <relation id='2223834' timestamp='2020-04-12T11:29:08Z' uid='2831457' user='AdVerburg' visible='true' version='5' changeset='83424306'>
    <member type='way' ref='4820233' role='across' />
    <member type='way' ref='195740884' role='across' />
    <member type='way' ref='195740885' role='across' />
    <member type='way' ref='166823562' role='outline' />
    <member type='way' ref='128052309' role='under' />
    <member type='way' ref='790989938' role='under' />
    <member type='way' ref='25318649' role='under' />
    <member type='way' ref='790989944' role='under' />
    <member type='way' ref='790989943' role='under' />
    <member type='way' ref='790989956' role='under' />
    <tag k='name' v='Mánesův most' />
    <tag k='name:cs' v='Mánesův most' />
    <tag k='name:de' v='Manes-Brücke' />
    <tag k='name:ru' v='Манесов мост' />
    <tag k='old_name:de' v='Franz-Ferdinand-Brücke' />
    <tag k='type' v='bridge' />
    <tag k='wikidata' v='Q12039154' />
    <tag k='wikipedia' v='cs:Mánesův most' />
  </relation>
  <relation id='2223835' timestamp='2020-04-13T05:57:23Z' uid='2831457' user='AdVerburg' visible='true' version='8' changeset='83451940'>
    <member type='way' ref='141222272' role='under' />
    <member type='way' ref='128052309' role='under' />
    <member type='way' ref='790989938' role='under' />
    <member type='way' ref='25318649' role='under' />
    <member type='way' ref='790989944' role='under' />
    <member type='way' ref='790989943' role='under' />
    <member type='way' ref='790989956' role='under' />
    <member type='way' ref='141493844' role='under' />
    <member type='way' ref='127867974' role='across' />
    <member type='way' ref='475554725' role='across' />
    <member type='way' ref='475364609' role='across' />
    <member type='way' ref='4052715' role='across' />
    <member type='way' ref='166823563' role='outline' />
    <tag k='name' v='Čechův most' />
    <tag k='name:cs' v='Čechův most' />
    <tag k='type' v='bridge' />
    <tag k='wikidata' v='Q3566417' />
  </relation>
  <relation id='2332889' timestamp='2020-08-30T07:50:11Z' uid='102554' user='Jezevec' visible='true' version='74' changeset='90137868'>
    <member type='relation' ref='48517' role='' />
    <member type='relation' ref='38576' role='' />
    <member type='relation' ref='8409657' role='' />
    <member type='relation' ref='8409665' role='' />
    <member type='relation' ref='48616' role='' />
    <member type='relation' ref='48617' role='' />
    <member type='relation' ref='48620' role='' />
    <member type='relation' ref='48619' role='' />
    <member type='relation' ref='48646' role='' />
    <member type='relation' ref='48621' role='' />
    <member type='relation' ref='49017' role='' />
    <member type='relation' ref='48733' role='' />
    <member type='relation' ref='48523' role='' />
    <member type='relation' ref='2147425' role='' />
    <member type='relation' ref='49028' role='' />
    <member type='relation' ref='49029' role='' />
    <member type='relation' ref='49030' role='' />
    <member type='relation' ref='38685' role='' />
    <member type='relation' ref='49031' role='' />
    <member type='relation' ref='49032' role='' />
    <member type='relation' ref='49033' role='' />
    <member type='relation' ref='49034' role='' />
    <member type='relation' ref='49036' role='' />
    <member type='relation' ref='49037' role='' />
    <member type='relation' ref='49038' role='' />
    <member type='relation' ref='49205' role='' />
    <member type='relation' ref='49040' role='' />
    <member type='relation' ref='38684' role='' />
    <member type='relation' ref='49041' role='' />
    <member type='relation' ref='38914' role='' />
    <member type='relation' ref='49042' role='' />
    <member type='relation' ref='49046' role='' />
    <member type='relation' ref='49045' role='' />
    <member type='relation' ref='49048' role='' />
    <member type='relation' ref='49044' role='' />
    <member type='relation' ref='49049' role='' />
    <member type='relation' ref='49050' role='' />
    <member type='relation' ref='49051' role='' />
    <member type='relation' ref='49053' role='' />
    <member type='relation' ref='38993' role='' />
    <member type='relation' ref='48629' role='' />
    <member type='relation' ref='49056' role='' />
    <member type='relation' ref='49059' role='' />
    <member type='relation' ref='49062' role='' />
    <member type='relation' ref='48626' role='' />
    <member type='relation' ref='49063' role='' />
    <member type='relation' ref='49064' role='' />
    <member type='relation' ref='48790' role='' />
    <member type='relation' ref='48794' role='' />
    <member type='relation' ref='8439579' role='' />
    <member type='relation' ref='48795' role='' />
    <member type='relation' ref='48796' role='' />
    <member type='relation' ref='48797' role='' />
    <member type='relation' ref='48798' role='' />
    <member type='relation' ref='48799' role='' />
    <member type='relation' ref='48801' role='' />
    <member type='relation' ref='48800' role='' />
    <member type='relation' ref='48628' role='' />
    <member type='relation' ref='48802' role='' />
    <member type='relation' ref='48803' role='' />
    <member type='relation' ref='48804' role='' />
    <member type='relation' ref='48809' role='' />
    <member type='relation' ref='9191' role='' />
    <member type='relation' ref='48811' role='' />
    <member type='relation' ref='8439617' role='' />
    <member type='relation' ref='48812' role='' />
    <member type='relation' ref='48813' role='' />
    <member type='relation' ref='48814' role='' />
    <member type='relation' ref='49179' role='' />
    <member type='relation' ref='49186' role='' />
    <member type='relation' ref='49189' role='' />
    <member type='relation' ref='23288' role='' />
    <member type='relation' ref='14035' role='' />
    <member type='relation' ref='49180' role='' />
    <member type='relation' ref='49191' role='' />
    <member type='relation' ref='9190' role='' />
    <member type='relation' ref='48823' role='' />
    <member type='relation' ref='9298' role='' />
    <member type='relation' ref='48824' role='' />
    <member type='relation' ref='48825' role='' />
    <member type='relation' ref='48826' role='' />
    <member type='relation' ref='48821' role='' />
    <member type='relation' ref='48827' role='' />
    <member type='relation' ref='48839' role='' />
    <member type='relation' ref='48838' role='' />
    <member type='relation' ref='48836' role='' />
    <member type='relation' ref='48835' role='' />
    <member type='relation' ref='3174957' role='' />
    <member type='relation' ref='48830' role='' />
    <member type='relation' ref='48829' role='' />
    <member type='relation' ref='48828' role='' />
    <member type='relation' ref='48840' role='' />
    <member type='relation' ref='14037' role='' />
    <member type='relation' ref='48841' role='' />
    <member type='relation' ref='48843' role='' />
    <member type='relation' ref='48979' role='' />
    <member type='relation' ref='3938747' role='' />
    <member type='relation' ref='48844' role='' />
    <member type='relation' ref='48845' role='' />
    <member type='relation' ref='23190' role='' />
    <member type='relation' ref='23188' role='' />
    <member type='relation' ref='48846' role='' />
    <member type='relation' ref='48847' role='' />
    <member type='relation' ref='48848' role='' />
    <member type='relation' ref='48849' role='' />
    <member type='relation' ref='48850' role='' />
    <member type='relation' ref='48851' role='' />
    <member type='relation' ref='48852' role='' />
    <member type='relation' ref='48854' role='' />
    <member type='relation' ref='48855' role='' />
    <member type='relation' ref='48856' role='' />
    <member type='relation' ref='48857' role='' />
    <member type='relation' ref='48861' role='' />
    <member type='relation' ref='48858' role='' />
    <member type='relation' ref='48859' role='' />
    <member type='relation' ref='48867' role='' />
    <member type='relation' ref='48870' role='' />
    <member type='relation' ref='48869' role='' />
    <member type='relation' ref='48868' role='' />
    <member type='relation' ref='48815' role='' />
    <member type='relation' ref='48872' role='' />
    <member type='relation' ref='48871' role='' />
    <member type='relation' ref='39077' role='' />
    <member type='relation' ref='48873' role='' />
    <member type='relation' ref='48874' role='' />
    <member type='relation' ref='48876' role='' />
    <member type='relation' ref='48877' role='' />
    <member type='relation' ref='48878' role='' />
    <member type='relation' ref='48879' role='' />
    <member type='relation' ref='48880' role='' />
    <member type='relation' ref='48882' role='' />
    <member type='relation' ref='39019' role='' />
    <member type='relation' ref='48888' role='' />
    <member type='relation' ref='48883' role='' />
    <member type='relation' ref='48890' role='' />
    <member type='relation' ref='48891' role='' />
    <member type='relation' ref='48893' role='' />
    <member type='relation' ref='48896' role='' />
    <member type='relation' ref='48875' role='' />
    <member type='relation' ref='48898' role='' />
    <member type='relation' ref='49104' role='' />
    <member type='relation' ref='48899' role='' />
    <member type='relation' ref='61113' role='' />
    <member type='relation' ref='48623' role='' />
    <member type='relation' ref='48624' role='' />
    <member type='relation' ref='48625' role='' />
    <member type='relation' ref='48901' role='' />
    <member type='relation' ref='48902' role='' />
    <member type='relation' ref='48904' role='' />
    <member type='relation' ref='48756' role='' />
    <member type='relation' ref='48905' role='' />
    <member type='relation' ref='48907' role='' />
    <member type='relation' ref='48909' role='' />
    <member type='relation' ref='48910' role='' />
    <member type='relation' ref='48912' role='' />
    <member type='relation' ref='48913' role='' />
    <member type='relation' ref='48914' role='' />
    <member type='relation' ref='48915' role='' />
    <member type='relation' ref='48916' role='' />
    <member type='relation' ref='48918' role='' />
    <member type='relation' ref='48919' role='' />
    <member type='relation' ref='48921' role='' />
    <member type='relation' ref='48927' role='' />
    <member type='relation' ref='48928' role='' />
    <member type='relation' ref='48930' role='' />
    <member type='relation' ref='49931' role='' />
    <member type='relation' ref='48758' role='' />
    <member type='relation' ref='48757' role='' />
    <member type='relation' ref='48759' role='' />
    <member type='relation' ref='48766' role='' />
    <member type='relation' ref='8409876' role='' />
    <member type='relation' ref='8409877' role='' />
    <member type='relation' ref='48760' role='' />
    <member type='relation' ref='48767' role='' />
    <member type='relation' ref='48936' role='' />
    <member type='relation' ref='48937' role='' />
    <member type='relation' ref='48939' role='' />
    <member type='relation' ref='48940' role='' />
    <member type='relation' ref='48946' role='' />
    <member type='relation' ref='48948' role='' />
    <member type='relation' ref='48949' role='' />
    <member type='relation' ref='48950' role='' />
    <member type='relation' ref='48953' role='' />
    <member type='relation' ref='48955' role='' />
    <member type='relation' ref='48980' role='' />
    <member type='relation' ref='48982' role='' />
    <member type='relation' ref='48985' role='' />
    <member type='relation' ref='3087576' role='' />
    <member type='relation' ref='48986' role='' />
    <member type='relation' ref='48988' role='' />
    <member type='relation' ref='48989' role='' />
    <member type='relation' ref='48994' role='' />
    <member type='relation' ref='51238' role='' />
    <member type='relation' ref='48997' role='' />
    <member type='relation' ref='48998' role='' />
    <member type='relation' ref='48999' role='' />
    <member type='relation' ref='49000' role='' />
    <member type='relation' ref='49002' role='' />
    <member type='relation' ref='49003' role='' />
    <member type='relation' ref='49004' role='' />
    <member type='relation' ref='49006' role='' />
    <member type='relation' ref='49008' role='' />
    <member type='relation' ref='49009' role='' />
    <member type='relation' ref='49010' role='' />
    <member type='relation' ref='49012' role='' />
    <member type='relation' ref='49015' role='' />
    <member type='relation' ref='48769' role='' />
    <member type='relation' ref='8409726' role='' />
    <member type='relation' ref='48770' role='' />
    <member type='relation' ref='48771' role='' />
    <member type='relation' ref='8409689' role='' />
    <member type='relation' ref='1711144' role='' />
    <member type='relation' ref='48773' role='' />
    <member type='relation' ref='48774' role='' />
    <member type='relation' ref='48775' role='' />
    <member type='relation' ref='48780' role='' />
    <member type='relation' ref='48781' role='' />
    <member type='relation' ref='48782' role='' />
    <member type='relation' ref='48783' role='' />
    <member type='relation' ref='48784' role='' />
    <member type='relation' ref='48785' role='' />
    <member type='relation' ref='48786' role='' />
    <member type='relation' ref='48788' role='' />
    <member type='relation' ref='48789' role='' />
    <member type='relation' ref='3733808' role='' />
    <member type='relation' ref='4072531' role='' />
    <member type='relation' ref='4103244' role='' />
    <member type='relation' ref='4123756' role='' />
    <member type='relation' ref='3980861' role='' />
    <member type='relation' ref='4805321' role='' />
    <member type='relation' ref='4177855' role='' />
    <member type='relation' ref='2899452' role='' />
    <member type='relation' ref='4274476' role='' />
    <member type='relation' ref='5391152' role='' />
    <member type='relation' ref='5484908' role='' />
    <member type='relation' ref='5502214' role='' />
    <member type='relation' ref='3646950' role='' />
    <member type='relation' ref='3128446' role='member' />
    <member type='relation' ref='2923357' role='' />
    <member type='relation' ref='7825129' role='' />
    <member type='relation' ref='8377165' role='' />
    <member type='relation' ref='7478694' role='' />
    <member type='relation' ref='8409901' role='' />
    <member type='relation' ref='8409944' role='' />
    <member type='relation' ref='8409946' role='' />
    <member type='relation' ref='8409950' role='' />
    <member type='relation' ref='8409954' role='' />
    <member type='relation' ref='8409970' role='' />
    <member type='relation' ref='8409973' role='' />
    <member type='relation' ref='8409979' role='' />
    <member type='relation' ref='8410008' role='' />
    <member type='relation' ref='8410815' role='' />
    <member type='relation' ref='8412020' role='' />
    <member type='relation' ref='8412042' role='' />
    <member type='relation' ref='8439631' role='' />
    <tag k='name' v='Železniční tratě v České republice' />
    <tag k='name:en' v='Railways in Czech Republic' />
    <tag k='network' v='railway' />
    <tag k='note' v='add abandoned railways, ifl referenced' />
    <tag k='source' v='cuz:km; local knowlege' />
    <tag k='type' v='network' />
    <tag k='wikidata' v='Q694466' />
    <tag k='wikipedia' v='cs:Seznam železničních tratí v Česku' />
  </relation>
  <relation id='2775754' timestamp='2020-10-19T19:33:14Z' uid='1189910' user='Milancer' visible='true' version='465' changeset='92726530'>
    <member type='way' ref='97469605' role='' />
    <member type='way' ref='33926291' role='' />
    <member type='way' ref='33926293' role='' />
    <member type='way' ref='705741271' role='' />
    <member type='way' ref='705741272' role='' />
    <member type='way' ref='128222204' role='' />
    <member type='way' ref='128222209' role='' />
    <member type='way' ref='128222206' role='' />
    <member type='way' ref='128222208' role='' />
    <member type='way' ref='8413831' role='' />
    <member type='way' ref='8413872' role='' />
    <member type='way' ref='126487995' role='' />
    <member type='way' ref='13225243' role='' />
    <member type='way' ref='190700797' role='' />
    <member type='way' ref='607016170' role='' />
    <member type='way' ref='37024729' role='' />
    <member type='way' ref='406205702' role='' />
    <member type='way' ref='406205704' role='' />
    <member type='way' ref='469113303' role='' />
    <member type='way' ref='62381751' role='' />
    <member type='way' ref='469113301' role='' />
    <member type='way' ref='114794640' role='' />
    <member type='way' ref='702453587' role='' />
    <member type='way' ref='702453588' role='' />
    <member type='way' ref='188471080' role='' />
    <member type='way' ref='188471081' role='' />
    <member type='way' ref='181286878' role='' />
    <member type='way' ref='62381597' role='' />
    <member type='way' ref='532919327' role='' />
    <member type='way' ref='532919326' role='' />
    <member type='way' ref='41144969' role='' />
    <member type='way' ref='62381600' role='' />
    <member type='way' ref='25732120' role='' />
    <member type='way' ref='181286877' role='' />
    <member type='way' ref='41144968' role='' />
    <member type='way' ref='181318147' role='' />
    <member type='way' ref='181318148' role='' />
    <member type='way' ref='181318150' role='' />
    <member type='way' ref='181318156' role='' />
    <member type='way' ref='279569519' role='' />
    <member type='way' ref='437219811' role='' />
    <member type='way' ref='437219801' role='' />
    <member type='way' ref='237724806' role='' />
    <member type='way' ref='437219809' role='' />
    <member type='way' ref='437219807' role='' />
    <member type='way' ref='237724795' role='' />
    <member type='way' ref='237724798' role='' />
    <member type='way' ref='437219806' role='' />
    <member type='way' ref='437219795' role='' />
    <member type='way' ref='279569518' role='' />
    <member type='way' ref='589690074' role='' />
    <member type='way' ref='589690070' role='' />
    <member type='way' ref='216061059' role='' />
    <member type='way' ref='216061053' role='' />
    <member type='way' ref='216061065' role='' />
    <member type='way' ref='216061056' role='' />
    <member type='way' ref='216061046' role='' />
    <member type='way' ref='216061048' role='' />
    <member type='way' ref='216061063' role='' />
    <member type='way' ref='437219800' role='' />
    <member type='way' ref='437219797' role='' />
    <member type='way' ref='230446837' role='' />
    <member type='way' ref='216061057' role='' />
    <member type='way' ref='216061062' role='' />
    <member type='way' ref='218003722' role='' />
    <member type='way' ref='216061060' role='' />
    <member type='way' ref='181315356' role='' />
    <member type='way' ref='181315371' role='' />
    <member type='way' ref='126487952' role='' />
    <member type='way' ref='126487987' role='' />
    <member type='way' ref='286264654' role='' />
    <member type='way' ref='113804676' role='' />
    <member type='way' ref='113804670' role='' />
    <member type='way' ref='126488016' role='' />
    <member type='way' ref='126487958' role='' />
    <member type='way' ref='126487962' role='' />
    <member type='way' ref='126487971' role='' />
    <member type='way' ref='126487946' role='' />
    <member type='way' ref='126487986' role='' />
    <member type='way' ref='126487954' role='' />
    <member type='way' ref='126487976' role='' />
    <member type='way' ref='237939912' role='' />
    <member type='way' ref='59257923' role='' />
    <member type='way' ref='295055368' role='' />
    <member type='way' ref='126487988' role='' />
    <member type='way' ref='126488015' role='' />
    <member type='way' ref='126487990' role='' />
    <member type='way' ref='302512047' role='' />
    <member type='way' ref='126488017' role='' />
    <member type='way' ref='59257745' role='' />
    <member type='way' ref='126487999' role='' />
    <member type='way' ref='126487973' role='' />
    <member type='way' ref='126487956' role='' />
    <member type='way' ref='126488010' role='' />
    <member type='way' ref='126488000' role='' />
    <member type='way' ref='384947594' role='' />
    <member type='way' ref='62380108' role='' />
    <member type='way' ref='62380110' role='' />
    <member type='way' ref='180161041' role='' />
    <member type='way' ref='238358278' role='' />
    <member type='way' ref='437017586' role='' />
    <member type='way' ref='437017585' role='' />
    <member type='way' ref='238615389' role='' />
    <member type='way' ref='62380109' role='' />
    <member type='way' ref='55908848' role='' />
    <member type='way' ref='62380101' role='' />
    <member type='way' ref='55855468' role='' />
    <member type='way' ref='181315350' role='' />
    <member type='way' ref='181315359' role='' />
    <member type='way' ref='295227974' role='' />
    <member type='way' ref='237812656' role='' />
    <member type='way' ref='238162858' role='' />
    <member type='way' ref='238162857' role='' />
    <member type='way' ref='59099297' role='' />
    <member type='way' ref='68666624' role='' />
    <member type='way' ref='68666626' role='' />
    <member type='way' ref='68666627' role='' />
    <member type='way' ref='68666625' role='' />
    <member type='way' ref='62380106' role='' />
    <member type='way' ref='62380107' role='' />
    <member type='way' ref='62380102' role='' />
    <member type='way' ref='69079438' role='' />
    <member type='way' ref='159721115' role='' />
    <member type='way' ref='181315368' role='' />
    <member type='way' ref='41143584' role='' />
    <member type='way' ref='294945529' role='' />
    <member type='way' ref='161703715' role='' />
    <member type='way' ref='181315373' role='' />
    <member type='way' ref='166334091' role='' />
    <member type='way' ref='41143577' role='' />
    <member type='way' ref='161702251' role='' />
    <member type='way' ref='181315345' role='' />
    <member type='way' ref='41143576' role='' />
    <member type='way' ref='181315360' role='' />
    <member type='way' ref='237812644' role='' />
    <member type='way' ref='437002004' role='' />
    <member type='way' ref='237812643' role='' />
    <member type='way' ref='41143574' role='' />
    <member type='way' ref='41143572' role='' />
    <member type='way' ref='204264571' role='' />
    <member type='way' ref='674088657' role='' />
    <member type='way' ref='674088655' role='' />
    <member type='way' ref='41143570' role='' />
    <member type='way' ref='178853769' role='' />
    <member type='way' ref='494999657' role='' />
    <member type='way' ref='43405546' role='' />
    <member type='way' ref='178853620' role='' />
    <member type='way' ref='43405548' role='' />
    <member type='way' ref='181315353' role='' />
    <member type='way' ref='181315367' role='' />
    <member type='way' ref='181315349' role='' />
    <member type='way' ref='41143564' role='' />
    <member type='way' ref='181315372' role='' />
    <member type='way' ref='181315370' role='' />
    <member type='way' ref='181315344' role='' />
    <member type='way' ref='181315348' role='' />
    <member type='way' ref='166382629' role='' />
    <member type='way' ref='181315352' role='' />
    <member type='way' ref='181315355' role='' />
    <member type='way' ref='41143562' role='' />
    <member type='way' ref='181315374' role='' />
    <member type='way' ref='43405549' role='' />
    <member type='way' ref='43406190' role='' />
    <member type='way' ref='181315354' role='' />
    <member type='way' ref='41143558' role='' />
    <member type='way' ref='181315346' role='' />
    <member type='way' ref='237810723' role='' />
    <member type='way' ref='218123812' role='' />
    <member type='way' ref='166384262' role='' />
    <member type='way' ref='436999402' role='' />
    <member type='way' ref='436999420' role='' />
    <member type='way' ref='436999410' role='' />
    <member type='way' ref='436999415' role='' />
    <member type='way' ref='436999411' role='' />
    <member type='way' ref='464778571' role='' />
    <member type='way' ref='255713918' role='' />
    <member type='way' ref='166384266' role='' />
    <member type='way' ref='255713917' role='' />
    <member type='way' ref='129436245' role='' />
    <member type='way' ref='204145682' role='' />
    <member type='way' ref='237938059' role='' />
    <member type='way' ref='218125341' role='' />
    <member type='way' ref='237810512' role='' />
    <member type='way' ref='524729608' role='' />
    <member type='way' ref='181315347' role='' />
    <member type='way' ref='181315363' role='' />
    <member type='way' ref='62384733' role='' />
    <member type='way' ref='62385148' role='' />
    <member type='way' ref='41143544' role='' />
    <member type='way' ref='224214712' role='' />
    <member type='way' ref='224214717' role='' />
    <member type='way' ref='62385150' role='' />
    <member type='way' ref='181316546' role='' />
    <member type='way' ref='181316545' role='' />
    <member type='way' ref='41143533' role='' />
    <member type='way' ref='181316543' role='' />
    <member type='way' ref='41143532' role='' />
    <member type='way' ref='181316544' role='' />
    <member type='way' ref='41143531' role='' />
    <member type='way' ref='25740442' role='' />
    <member type='way' ref='23092020' role='' />
    <member type='way' ref='263784200' role='' />
    <member type='way' ref='23092026' role='' />
    <member type='way' ref='23092023' role='' />
    <member type='way' ref='286607073' role='' />
    <member type='way' ref='23092018' role='' />
    <member type='way' ref='680185260' role='' />
    <member type='way' ref='680185263' role='' />
    <member type='way' ref='23092019' role='' />
    <member type='way' ref='62789717' role='' />
    <member type='way' ref='68665797' role='' />
    <member type='way' ref='68665786' role='' />
    <member type='way' ref='68665796' role='' />
    <member type='way' ref='68665794' role='' />
    <member type='way' ref='68665799' role='' />
    <member type='way' ref='68665810' role='' />
    <member type='way' ref='305661222' role='' />
    <member type='way' ref='68665792' role='' />
    <member type='way' ref='245453996' role='' />
    <member type='way' ref='245453997' role='' />
    <member type='way' ref='157714074' role='' />
    <member type='way' ref='157714068' role='' />
    <member type='way' ref='218269604' role='' />
    <member type='way' ref='157714080' role='' />
    <member type='way' ref='157714059' role='' />
    <member type='way' ref='157714083' role='' />
    <member type='way' ref='218269605' role='' />
    <member type='way' ref='218269606' role='' />
    <member type='way' ref='216074108' role='' />
    <member type='way' ref='436990526' role='' />
    <member type='way' ref='436990537' role='' />
    <member type='way' ref='216074102' role='' />
    <member type='way' ref='130544875' role='' />
    <member type='way' ref='295809518' role='' />
    <member type='way' ref='130544911' role='' />
    <member type='way' ref='182282727' role='' />
    <member type='way' ref='182282720' role='' />
    <member type='way' ref='427831767' role='' />
    <member type='way' ref='171755608' role='' />
    <member type='way' ref='218912243' role='' />
    <member type='way' ref='295809515' role='' />
    <member type='way' ref='218912262' role='' />
    <member type='way' ref='41135433' role='' />
    <member type='way' ref='41135432' role='' />
    <member type='way' ref='35800660' role='' />
    <member type='way' ref='63099582' role='' />
    <member type='way' ref='35800661' role='' />
    <member type='way' ref='35800662' role='' />
    <member type='way' ref='35800666' role='' />
    <member type='way' ref='35800663' role='forward' />
    <member type='way' ref='35800664' role='forward' />
    <member type='way' ref='295517166' role='forward' />
    <member type='way' ref='35800665' role='forward' />
    <member type='way' ref='63103925' role='' />
    <member type='way' ref='32436340' role='' />
    <member type='way' ref='9525258' role='' />
    <member type='way' ref='356213122' role='' />
    <member type='way' ref='16002596' role='' />
    <member type='way' ref='16002597' role='' />
    <member type='way' ref='268138098' role='' />
    <member type='way' ref='23082815' role='' />
    <member type='way' ref='81936626' role='' />
    <member type='way' ref='81936628' role='' />
    <member type='way' ref='23082821' role='' />
    <member type='way' ref='32396712' role='' />
    <member type='way' ref='23082819' role='' />
    <member type='way' ref='26765589' role='' />
    <member type='way' ref='144868414' role='' />
    <member type='way' ref='144454595' role='' />
    <member type='way' ref='145011727' role='' />
    <member type='way' ref='26765590' role='' />
    <member type='way' ref='216079716' role='' />
    <member type='way' ref='68658763' role='' />
    <member type='way' ref='26765642' role='' />
    <member type='way' ref='26765643' role='' />
    <member type='way' ref='230723890' role='' />
    <member type='way' ref='68658761' role='' />
    <member type='way' ref='216079701' role='' />
    <member type='way' ref='26765645' role='' />
    <member type='way' ref='216080184' role='' />
    <member type='way' ref='216080185' role='' />
    <member type='way' ref='26765647' role='' />
    <member type='way' ref='130544921' role='' />
    <member type='way' ref='113812264' role='' />
    <member type='way' ref='113812250' role='' />
    <member type='way' ref='166055114' role='' />
    <member type='way' ref='166055119' role='' />
    <member type='way' ref='113812239' role='' />
    <member type='way' ref='113812227' role='' />
    <member type='way' ref='113812266' role='' />
    <member type='way' ref='113812242' role='' />
    <member type='way' ref='219555613' role='' />
    <member type='way' ref='130544899' role='' />
    <member type='way' ref='130544882' role='' />
    <member type='way' ref='216086067' role='' />
    <member type='way' ref='219825413' role='' />
    <member type='way' ref='219825414' role='' />
    <member type='way' ref='217882688' role='' />
    <member type='way' ref='217882687' role='' />
    <member type='way' ref='435142189' role='' />
    <member type='way' ref='130544894' role='' />
    <member type='way' ref='108573792' role='' />
    <member type='way' ref='540241240' role='' />
    <member type='way' ref='112241923' role='' />
    <member type='way' ref='112241926' role='' />
    <member type='way' ref='172908731' role='' />
    <member type='way' ref='48144539' role='' />
    <member type='way' ref='68655719' role='' />
    <member type='way' ref='172908729' role='' />
    <member type='way' ref='182282729' role='' />
    <member type='way' ref='182282731' role='' />
    <member type='way' ref='320381809' role='' />
    <member type='way' ref='24733423' role='' />
    <member type='way' ref='32840487' role='' />
    <member type='way' ref='219583519' role='' />
    <member type='way' ref='32840486' role='' />
    <member type='way' ref='589497017' role='' />
    <member type='way' ref='364623952' role='' />
    <member type='way' ref='280458049' role='' />
    <member type='way' ref='682153316' role='' />
    <member type='way' ref='24538153' role='' />
    <member type='way' ref='682153314' role='' />
    <member type='way' ref='130544916' role='' />
    <member type='way' ref='68655720' role='' />
    <member type='way' ref='130544889' role='' />
    <member type='way' ref='68655713' role='' />
    <member type='way' ref='41133979' role='' />
    <member type='way' ref='41137814' role='' />
    <member type='way' ref='506435674' role='' />
    <member type='way' ref='24308746' role='' />
    <member type='way' ref='24308745' role='' />
    <member type='way' ref='41137815' role='' />
    <member type='way' ref='24308744' role='' />
    <member type='way' ref='24308742' role='' />
    <member type='way' ref='24308738' role='' />
    <member type='way' ref='24308737' role='' />
    <member type='way' ref='24451887' role='' />
    <member type='way' ref='339740160' role='' />
    <member type='way' ref='539024875' role='' />
    <member type='way' ref='242190520' role='' />
    <member type='way' ref='242190521' role='' />
    <member type='way' ref='290023276' role='' />
    <member type='way' ref='25810014' role='' />
    <member type='way' ref='787096509' role='' />
    <member type='way' ref='787096510' role='' />
    <member type='way' ref='273960704' role='' />
    <member type='way' ref='41157548' role='' />
    <member type='way' ref='25810008' role='' />
    <member type='way' ref='182282726' role='' />
    <member type='way' ref='182282725' role='' />
    <member type='way' ref='25864414' role='' />
    <member type='way' ref='25650385' role='' />
    <member type='way' ref='314442706' role='' />
    <member type='way' ref='27854805' role='' />
    <member type='way' ref='27854807' role='' />
    <member type='way' ref='25810006' role='' />
    <member type='way' ref='32572467' role='' />
    <member type='way' ref='25810005' role='' />
    <member type='way' ref='68647679' role='' />
    <member type='way' ref='25810004' role='' />
    <member type='way' ref='25810003' role='' />
    <member type='way' ref='108474676' role='' />
    <member type='way' ref='295977191' role='' />
    <member type='way' ref='41157547' role='' />
    <member type='way' ref='47730523' role='' />
    <member type='way' ref='47730528' role='' />
    <member type='way' ref='41157552' role='' />
    <member type='way' ref='704149512' role='' />
    <member type='way' ref='41157546' role='' />
    <member type='way' ref='26769271' role='' />
    <member type='way' ref='8435095' role='' />
    <member type='way' ref='22738764' role='' />
    <member type='way' ref='26769269' role='' />
    <member type='way' ref='182282717' role='' />
    <member type='way' ref='30742006' role='' />
    <member type='way' ref='4595199' role='' />
    <member type='way' ref='34255724' role='' />
    <member type='way' ref='30167638' role='' />
    <member type='way' ref='30167639' role='' />
    <member type='way' ref='34257747' role='' />
    <member type='way' ref='28545378' role='' />
    <member type='way' ref='34257743' role='' />
    <member type='way' ref='629410430' role='' />
    <member type='way' ref='313935948' role='' />
    <member type='way' ref='25809989' role='' />
    <member type='way' ref='221994120' role='' />
    <member type='way' ref='221994119' role='' />
    <member type='way' ref='194176833' role='' />
    <member type='way' ref='25809988' role='' />
    <member type='way' ref='45457474' role='' />
    <member type='way' ref='751513074' role='' />
    <member type='way' ref='194176835' role='' />
    <member type='way' ref='25400850' role='' />
    <member type='way' ref='688830973' role='' />
    <member type='way' ref='751513075' role='' />
    <member type='way' ref='688830975' role='' />
    <member type='way' ref='68676985' role='' />
    <member type='way' ref='130415861' role='' />
    <member type='way' ref='68676984' role='' />
    <member type='way' ref='182282730' role='' />
    <member type='way' ref='182282728' role='' />
    <member type='way' ref='68676983' role='' />
    <member type='way' ref='669120081' role='' />
    <member type='way' ref='127677946' role='' />
    <member type='way' ref='127677947' role='' />
    <member type='way' ref='34180449' role='' />
    <member type='way' ref='356473121' role='' />
    <member type='way' ref='838158140' role='' />
    <member type='way' ref='838158141' role='' />
    <member type='way' ref='258878567' role='' />
    <member type='way' ref='123550509' role='' />
    <member type='way' ref='25809986' role='' />
    <member type='way' ref='137416452' role='' />
    <member type='way' ref='137416455' role='' />
    <member type='way' ref='123550506' role='' />
    <member type='way' ref='338673059' role='' />
    <member type='way' ref='338673060' role='' />
    <member type='way' ref='338673057' role='' />
    <member type='way' ref='338673058' role='' />
    <member type='way' ref='382462488' role='' />
    <member type='way' ref='127225097' role='' />
    <member type='way' ref='382462487' role='' />
    <member type='way' ref='8426202' role='' />
    <member type='way' ref='764113662' role='' />
    <member type='way' ref='103363091' role='' />
    <member type='way' ref='137332251' role='' />
    <member type='way' ref='36282972' role='' />
    <member type='way' ref='36282973' role='' />
    <member type='way' ref='290029955' role='' />
    <member type='way' ref='119508255' role='' />
    <member type='way' ref='311222678' role='' />
    <member type='way' ref='130364128' role='' />
    <member type='way' ref='446966913' role='' />
    <member type='way' ref='8154131' role='' />
    <member type='way' ref='630371129' role='' />
    <member type='way' ref='34178512' role='' />
    <member type='way' ref='427560660' role='' />
    <member type='way' ref='136162416' role='' />
    <member type='way' ref='34178514' role='' />
    <member type='way' ref='172443658' role='' />
    <member type='way' ref='130364127' role='' />
    <member type='way' ref='655878684' role='' />
    <member type='way' ref='33778061' role='' />
    <member type='way' ref='194066388' role='' />
    <member type='way' ref='428292140' role='' />
    <member type='way' ref='654419230' role='' />
    <member type='way' ref='230444230' role='' />
    <member type='way' ref='230444229' role='' />
    <member type='way' ref='24604589' role='' />
    <member type='way' ref='653899650' role='' />
    <member type='way' ref='731468699' role='' />
    <member type='way' ref='731468701' role='' />
    <member type='way' ref='506450427' role='' />
    <member type='way' ref='22758779' role='' />
    <member type='way' ref='181330050' role='' />
    <member type='way' ref='506450425' role='' />
    <member type='way' ref='24599289' role='' />
    <member type='way' ref='34179249' role='' />
    <member type='way' ref='506450423' role='' />
    <member type='way' ref='34179251' role='' />
    <member type='way' ref='24604664' role='' />
    <member type='way' ref='415723597' role='' />
    <member type='way' ref='36287254' role='' />
    <member type='way' ref='181330053' role='' />
    <member type='way' ref='34179252' role='' />
    <member type='way' ref='27119846' role='' />
    <member type='way' ref='552523866' role='' />
    <member type='way' ref='23897476' role='' />
    <member type='way' ref='25464516' role='' />
    <member type='way' ref='394315788' role='' />
    <member type='way' ref='394315787' role='' />
    <member type='way' ref='599181932' role='' />
    <member type='way' ref='599181927' role='' />
    <member type='way' ref='133150844' role='' />
    <member type='way' ref='535167287' role='' />
    <member type='way' ref='131653856' role='' />
    <member type='way' ref='535167288' role='' />
    <member type='way' ref='131653860' role='' />
    <member type='way' ref='114924956' role='' />
    <member type='way' ref='543282272' role='' />
    <member type='way' ref='114924979' role='' />
    <member type='way' ref='24609906' role='' />
    <member type='way' ref='38254385' role='' />
    <member type='way' ref='38254383' role='' />
    <member type='way' ref='814008603' role='' />
    <member type='way' ref='38254386' role='' />
    <member type='way' ref='38254384' role='' />
    <member type='way' ref='23048004' role='' />
    <member type='way' ref='23048667' role='' />
    <member type='way' ref='27588940' role='' />
    <member type='way' ref='272534937' role='' />
    <member type='way' ref='19846872' role='' />
    <member type='way' ref='19846956' role='' />
    <member type='way' ref='19846886' role='' />
    <member type='way' ref='26664181' role='' />
    <member type='way' ref='23049085' role='' />
    <member type='way' ref='339944898' role='' />
    <member type='way' ref='339944895' role='' />
    <member type='way' ref='172381320' role='' />
    <member type='way' ref='123300055' role='' />
    <member type='way' ref='493271928' role='' />
    <member type='way' ref='493271929' role='' />
    <member type='way' ref='668197144' role='' />
    <member type='way' ref='26664176' role='' />
    <member type='way' ref='651713501' role='' />
    <member type='way' ref='651713502' role='' />
    <member type='way' ref='633360691' role='' />
    <member type='way' ref='42099285' role='' />
    <member type='way' ref='42099278' role='' />
    <member type='way' ref='42099277' role='' />
    <member type='way' ref='42099283' role='' />
    <member type='way' ref='141222272' role='' />
    <member type='way' ref='27451566' role='' />
    <member type='way' ref='812660241' role='' />
    <member type='way' ref='113941883' role='' />
    <member type='way' ref='28239137' role='forward' />
    <member type='way' ref='4353678' role='backward' />
    <member type='way' ref='4086159' role='forward' />
    <member type='way' ref='637966420' role='backward' />
    <member type='way' ref='165287749' role='backward' />
    <member type='way' ref='4323229' role='' />
    <member type='way' ref='133325746' role='' />
    <member type='way' ref='128356307' role='' />
    <member type='way' ref='403367713' role='' />
    <member type='way' ref='118174013' role='' />
    <member type='way' ref='27852193' role='forward' />
    <member type='way' ref='30619203' role='forward' />
    <member type='way' ref='476507494' role='forward' />
    <member type='way' ref='476507496' role='forward' />
    <member type='way' ref='476507490' role='forward' />
    <member type='way' ref='476507488' role='forward' />
    <member type='way' ref='476507489' role='' />
    <member type='way' ref='403367715' role='' />
    <member type='way' ref='151364030' role='' />
    <member type='way' ref='127711591' role='forward' />
    <member type='way' ref='345621897' role='forward' />
    <member type='way' ref='399592635' role='forward' />
    <member type='way' ref='425860933' role='forward' />
    <member type='way' ref='109939338' role='forward' />
    <member type='way' ref='345621887' role='forward' />
    <member type='way' ref='7649969' role='forward' />
    <member type='way' ref='812662141' role='forward' />
    <member type='way' ref='805407399' role='forward' />
    <member type='way' ref='151364029' role='forward' />
    <member type='way' ref='141140410' role='forward' />
    <member type='way' ref='141140411' role='forward' />
    <member type='way' ref='805407400' role='forward' />
    <member type='way' ref='805407401' role='forward' />
    <member type='way' ref='27204579' role='forward' />
    <member type='way' ref='805407403' role='forward' />
    <member type='way' ref='173043940' role='' />
    <member type='way' ref='30169243' role='' />
    <member type='way' ref='133330954' role='' />
    <member type='way' ref='138244926' role='' />
    <member type='way' ref='138244927' role='' />
    <member type='way' ref='138244928' role='' />
    <member type='way' ref='138244923' role='' />
    <member type='way' ref='711302420' role='' />
    <member type='way' ref='78880000' role='' />
    <member type='way' ref='78879997' role='' />
    <member type='way' ref='342826316' role='' />
    <member type='way' ref='78879996' role='' />
    <member type='way' ref='78879988' role='' />
    <member type='way' ref='342826314' role='' />
    <member type='way' ref='285194610' role='' />
    <member type='way' ref='218365941' role='' />
    <member type='way' ref='218365939' role='' />
    <member type='way' ref='548175976' role='' />
    <member type='way' ref='184575100' role='' />
    <member type='way' ref='548175975' role='' />
    <member type='way' ref='548175977' role='' />
    <member type='way' ref='548175978' role='' />
    <member type='way' ref='184575097' role='' />
    <member type='way' ref='249509278' role='' />
    <member type='way' ref='249509279' role='' />
    <member type='way' ref='384301134' role='' />
    <member type='way' ref='218365942' role='' />
    <member type='way' ref='25408547' role='' />
    <member type='way' ref='24639539' role='' />
    <member type='way' ref='19876383' role='' />
    <member type='way' ref='25407811' role='' />
    <member type='way' ref='23926535' role='' />
    <member type='way' ref='154101921' role='' />
    <member type='way' ref='396246116' role='' />
    <member type='way' ref='396246118' role='' />
    <member type='way' ref='184574429' role='' />
    <member type='way' ref='184574428' role='' />
    <member type='way' ref='24639602' role='' />
    <member type='way' ref='421316921' role='' />
    <member type='way' ref='98563986' role='' />
    <member type='way' ref='98563987' role='' />
    <member type='way' ref='24639690' role='' />
    <member type='way' ref='789880207' role='' />
    <member type='way' ref='789880206' role='' />
    <member type='way' ref='421316920' role='' />
    <member type='way' ref='24639782' role='' />
    <member type='way' ref='168966828' role='' />
    <member type='way' ref='218365940' role='' />
    <member type='way' ref='115600712' role='' />
    <member type='way' ref='115600711' role='' />
    <member type='way' ref='783836687' role='' />
    <member type='way' ref='844990951' role='' />
    <member type='way' ref='115600714' role='' />
    <member type='way' ref='115600715' role='' />
    <member type='way' ref='33458168' role='' />
    <member type='way' ref='115600710' role='' />
    <member type='way' ref='112473299' role='' />
    <member type='way' ref='76273447' role='' />
    <member type='way' ref='76273322' role='' />
    <member type='way' ref='76273351' role='' />
    <member type='way' ref='195430265' role='' />
    <member type='way' ref='206602907' role='' />
    <member type='way' ref='76273443' role='' />
    <member type='way' ref='26476497' role='' />
    <member type='way' ref='218168779' role='' />
    <member type='way' ref='190279561' role='' />
    <member type='way' ref='76273358' role='' />
    <member type='way' ref='76273437' role='' />
    <member type='way' ref='190279562' role='' />
    <member type='way' ref='76273389' role='' />
    <member type='way' ref='40870186' role='' />
    <member type='way' ref='153184691' role='' />
    <member type='way' ref='76273414' role='' />
    <member type='way' ref='25133971' role='' />
    <member type='way' ref='76273422' role='' />
    <member type='way' ref='749173460' role='' />
    <member type='way' ref='76273380' role='' />
    <member type='way' ref='76273426' role='' />
    <member type='way' ref='749173461' role='' />
    <member type='way' ref='749173463' role='' />
    <member type='way' ref='26984406' role='' />
    <member type='way' ref='76273430' role='' />
    <member type='way' ref='385719093' role='' />
    <member type='way' ref='476105882' role='' />
    <member type='way' ref='76273402' role='' />
    <member type='way' ref='25133969' role='' />
    <member type='way' ref='76273385' role='' />
    <member type='way' ref='25133306' role='' />
    <member type='way' ref='64219810' role='' />
    <member type='way' ref='76273377' role='' />
    <member type='way' ref='25133303' role='' />
    <member type='way' ref='76273405' role='' />
    <member type='way' ref='76273372' role='' />
    <member type='way' ref='9524906' role='' />
    <member type='way' ref='195349135' role='' />
    <member type='way' ref='203649037' role='' />
    <member type='way' ref='440964840' role='' />
    <member type='way' ref='132019365' role='' />
    <member type='way' ref='153184709' role='' />
    <member type='way' ref='363723234' role='' />
    <member type='way' ref='153332952' role='' />
    <member type='way' ref='321386982' role='' />
    <member type='way' ref='363723233' role='' />
    <member type='way' ref='153184710' role='' />
    <member type='way' ref='158068563' role='' />
    <member type='way' ref='440710710' role='' />
    <member type='way' ref='64295065' role='' />
    <member type='way' ref='158068555' role='' />
    <member type='way' ref='160224898' role='' />
    <member type='way' ref='160224899' role='' />
    <member type='way' ref='160224897' role='' />
    <member type='way' ref='321380732' role='' />
    <member type='way' ref='229816112' role='' />
    <member type='way' ref='160224900' role='' />
    <member type='way' ref='158069478' role='' />
    <member type='way' ref='165374047' role='' />
    <member type='way' ref='229138266' role='' />
    <member type='way' ref='368888995' role='' />
    <member type='way' ref='165374046' role='' />
    <member type='way' ref='158068558' role='' />
    <member type='way' ref='153459850' role='' />
    <member type='way' ref='153551263' role='' />
    <member type='way' ref='76274167' role='' />
    <member type='way' ref='25375461' role='' />
    <member type='way' ref='76274159' role='' />
    <member type='way' ref='76274168' role='' />
    <member type='way' ref='76274162' role='' />
    <member type='way' ref='76274179' role='' />
    <member type='way' ref='76351975' role='' />
    <member type='way' ref='76351940' role='' />
    <member type='way' ref='76351966' role='' />
    <member type='way' ref='76351909' role='' />
    <member type='way' ref='76352766' role='' />
    <member type='way' ref='419933520' role='' />
    <member type='way' ref='76351919' role='' />
    <member type='way' ref='598283110' role='backward' />
    <member type='way' ref='598284743' role='backward' />
    <member type='way' ref='598283107' role='backward' />
    <member type='way' ref='598283105' role='' />
    <member type='way' ref='76351892' role='' />
    <member type='way' ref='76351928' role='' />
    <member type='way' ref='76351980' role='' />
    <member type='way' ref='76351938' role='' />
    <member type='way' ref='76351906' role='' />
    <member type='way' ref='41130253' role='' />
    <member type='way' ref='27195160' role='' />
    <member type='way' ref='64309370' role='' />
    <member type='way' ref='37628056' role='' />
    <member type='way' ref='64309351' role='' />
    <member type='way' ref='239001950' role='' />
    <member type='way' ref='181911673' role='' />
    <member type='way' ref='83145314' role='' />
    <member type='way' ref='239001941' role='' />
    <member type='way' ref='239001946' role='' />
    <member type='way' ref='239003323' role='' />
    <member type='way' ref='239001964' role='' />
    <member type='way' ref='239001965' role='' />
    <member type='way' ref='239003322' role='' />
    <member type='way' ref='239003320' role='' />
    <member type='way' ref='26557664' role='' />
    <member type='way' ref='26557662' role='' />
    <member type='way' ref='9526300' role='' />
    <member type='way' ref='526146156' role='' />
    <member type='way' ref='341457767' role='' />
    <member type='way' ref='467384179' role='' />
    <member type='way' ref='239012102' role='' />
    <member type='way' ref='206601658' role='' />
    <member type='way' ref='166523345' role='' />
    <member type='way' ref='478048504' role='' />
    <member type='way' ref='623933140' role='' />
    <member type='way' ref='166523336' role='' />
    <member type='way' ref='166523352' role='' />
    <member type='way' ref='166523339' role='' />
    <member type='way' ref='112451275' role='' />
    <member type='way' ref='210281431' role='' />
    <member type='way' ref='432364214' role='' />
    <member type='way' ref='432364213' role='' />
    <member type='way' ref='39227749' role='' />
    <member type='way' ref='169117060' role='' />
    <member type='way' ref='39227748' role='' />
    <member type='way' ref='368348977' role='' />
    <member type='way' ref='26488110' role='' />
    <member type='way' ref='495217185' role='' />
    <member type='way' ref='26488118' role='' />
    <member type='way' ref='368348993' role='' />
    <member type='way' ref='170503171' role='' />
    <member type='way' ref='170503172' role='' />
    <member type='way' ref='206600795' role='' />
    <member type='way' ref='27195622' role='' />
    <member type='way' ref='206600791' role='' />
    <member type='way' ref='368348960' role='' />
    <member type='way' ref='206600789' role='' />
    <member type='way' ref='30059369' role='' />
    <member type='way' ref='30059370' role='' />
    <member type='way' ref='731957141' role='' />
    <member type='way' ref='206600790' role='' />
    <member type='way' ref='27205392' role='' />
    <member type='way' ref='27142641' role='' />
    <member type='way' ref='206600787' role='' />
    <member type='way' ref='116779336' role='' />
    <member type='way' ref='206600793' role='' />
    <member type='way' ref='27205403' role='' />
    <member type='way' ref='206600797' role='' />
    <member type='way' ref='24471858' role='' />
    <member type='way' ref='162819234' role='' />
    <member type='way' ref='162819233' role='' />
    <member type='way' ref='25171393' role='' />
    <member type='way' ref='488617319' role='' />
    <member type='way' ref='25171394' role='' />
    <member type='way' ref='488617318' role='' />
    <member type='way' ref='769482536' role='' />
    <member type='way' ref='157960208' role='' />
    <member type='way' ref='769482537' role='' />
    <member type='way' ref='367202058' role='' />
    <member type='way' ref='172397509' role='' />
    <member type='way' ref='157960210' role='' />
    <member type='way' ref='206599459' role='' />
    <member type='way' ref='189858643' role='' />
    <member type='way' ref='30093795' role='' />
    <member type='way' ref='206599456' role='' />
    <member type='way' ref='303452102' role='' />
    <member type='way' ref='303452101' role='' />
    <member type='way' ref='193979570' role='' />
    <member type='way' ref='701308925' role='' />
    <member type='way' ref='178198842' role='' />
    <member type='way' ref='488193895' role='' />
    <member type='way' ref='488193896' role='' />
    <member type='way' ref='178198841' role='' />
    <member type='way' ref='178198843' role='' />
    <member type='way' ref='149583816' role='' />
    <member type='way' ref='149583806' role='' />
    <member type='way' ref='193979569' role='' />
    <member type='way' ref='103002606' role='' />
    <member type='way' ref='193979573' role='' />
    <member type='way' ref='432990019' role='' />
    <member type='way' ref='28862806' role='' />
    <member type='way' ref='102962372' role='' />
    <member type='way' ref='632842522' role='' />
    <member type='way' ref='632842521' role='' />
    <member type='way' ref='160827825' role='' />
    <member type='way' ref='632842518' role='' />
    <member type='way' ref='632842520' role='' />
    <member type='way' ref='160827812' role='' />
    <member type='way' ref='193408294' role='' />
    <member type='way' ref='206597182' role='' />
    <member type='way' ref='160827836' role='' />
    <member type='way' ref='194845896' role='' />
    <member type='way' ref='191744757' role='' />
    <member type='way' ref='206597189' role='' />
    <member type='way' ref='9577831' role='' />
    <member type='way' ref='794576265' role='' />
    <member type='way' ref='190669898' role='' />
    <member type='way' ref='794576266' role='' />
    <member type='way' ref='794576262' role='' />
    <member type='way' ref='190669899' role='' />
    <member type='way' ref='432132696' role='' />
    <member type='way' ref='293717926' role='' />
    <member type='way' ref='293715483' role='' />
    <member type='way' ref='206597179' role='' />
    <member type='way' ref='226873760' role='' />
    <member type='way' ref='206595366' role='' />
    <member type='way' ref='206595364' role='' />
    <member type='way' ref='190669896' role='' />
    <member type='way' ref='136201352' role='' />
    <member type='way' ref='132954736' role='' />
    <member type='way' ref='132954731' role='' />
    <member type='way' ref='495489486' role='' />
    <member type='way' ref='132954739' role='' />
    <member type='way' ref='132954751' role='' />
    <member type='way' ref='206595365' role='' />
    <member type='way' ref='132955020' role='' />
    <member type='way' ref='132955022' role='' />
    <member type='way' ref='507302738' role='' />
    <member type='way' ref='507302739' role='' />
    <member type='way' ref='495489478' role='' />
    <member type='way' ref='509681213' role='' />
    <member type='way' ref='618968072' role='' />
    <member type='way' ref='431675514' role='' />
    <member type='way' ref='225861668' role='' />
    <member type='way' ref='30436785' role='' />
    <member type='way' ref='190954983' role='' />
    <member type='way' ref='25210300' role='' />
    <member type='way' ref='58523655' role='' />
    <member type='way' ref='25210301' role='' />
    <member type='way' ref='25246231' role='' />
    <member type='way' ref='25246233' role='' />
    <member type='way' ref='25245835' role='' />
    <member type='way' ref='679009476' role='' />
    <member type='way' ref='679110803' role='' />
    <member type='way' ref='299961128' role='' />
    <member type='way' ref='679110800' role='' />
    <member type='way' ref='302513665' role='' />
    <member type='way' ref='288645257' role='' />
    <member type='way' ref='25245953' role='' />
    <member type='way' ref='172988886' role='' />
    <member type='way' ref='288645258' role='' />
    <member type='way' ref='288645255' role='' />
    <member type='way' ref='270181429' role='' />
    <member type='way' ref='288644490' role='' />
    <member type='way' ref='418066098' role='' />
    <member type='way' ref='418066097' role='' />
    <member type='way' ref='270181420' role='' />
    <member type='way' ref='746419015' role='' />
    <member type='way' ref='746419014' role='' />
    <member type='way' ref='674293874' role='' />
    <member type='way' ref='674293873' role='' />
    <member type='way' ref='860807646' role='' />
    <member type='way' ref='860807645' role='' />
    <member type='way' ref='185032104' role='' />
    <member type='way' ref='43756040' role='' />
    <member type='way' ref='753709621' role='' />
    <member type='way' ref='495710946' role='' />
    <member type='way' ref='495710945' role='' />
    <member type='way' ref='185032097' role='' />
    <member type='way' ref='185032101' role='' />
    <member type='way' ref='185032098' role='' />
    <member type='way' ref='62952558' role='' />
    <member type='way' ref='541587175' role='' />
    <member type='way' ref='185031718' role='' />
    <member type='way' ref='203669304' role='' />
    <member type='way' ref='674528448' role='' />
    <member type='way' ref='674528447' role='' />
    <member type='way' ref='674528449' role='' />
    <member type='way' ref='674528450' role='' />
    <member type='way' ref='185031717' role='' />
    <member type='way' ref='185031720' role='' />
    <member type='way' ref='185031714' role='' />
    <member type='way' ref='674715628' role='' />
    <member type='way' ref='300959698' role='' />
    <member type='way' ref='281465541' role='' />
    <member type='way' ref='300967543' role='' />
    <member type='way' ref='490900825' role='' />
    <member type='way' ref='541587174' role='' />
    <member type='way' ref='300967544' role='' />
    <member type='way' ref='395285593' role='' />
    <member type='way' ref='300964513' role='' />
    <member type='way' ref='238311253' role='' />
    <member type='way' ref='238311254' role='' />
    <member type='way' ref='477539802' role='' />
    <member type='way' ref='784773079' role='' />
    <member type='way' ref='222472236' role='' />
    <member type='way' ref='818038824' role='' />
    <member type='way' ref='51849095' role='' />
    <member type='way' ref='51849094' role='' />
    <member type='way' ref='25381235' role='' />
    <member type='way' ref='784773077' role='' />
    <member type='way' ref='395285587' role='' />
    <member type='way' ref='477722331' role='' />
    <member type='way' ref='480495195' role='' />
    <member type='way' ref='192732544' role='' />
    <member type='way' ref='233007752' role='' />
    <member type='way' ref='395285594' role='' />
    <member type='way' ref='395285588' role='' />
    <member type='way' ref='395285597' role='' />
    <member type='way' ref='674260675' role='' />
    <member type='way' ref='61233038' role='' />
    <member type='way' ref='27893911' role='' />
    <member type='way' ref='72905925' role='' />
    <member type='way' ref='72905919' role='' />
    <member type='way' ref='181283201' role='' />
    <member type='way' ref='833197889' role='' />
    <member type='way' ref='37007022' role='' />
    <member type='way' ref='26220924' role='' />
    <member type='way' ref='477687390' role='' />
    <member type='way' ref='778221546' role='' />
    <member type='way' ref='778221544' role='' />
    <member type='way' ref='25337320' role='' />
    <member type='way' ref='62200986' role='' />
    <member type='way' ref='28593385' role='' />
    <member type='way' ref='528773508' role='' />
    <member type='way' ref='503110029' role='' />
    <member type='way' ref='790980438' role='' />
    <member type='way' ref='24972164' role='' />
    <member type='way' ref='790980437' role='' />
    <member type='way' ref='790980436' role='' />
    <member type='way' ref='771120260' role='' />
    <member type='way' ref='542446535' role='' />
    <member type='way' ref='37007027' role='' />
    <member type='way' ref='22748180' role='' />
    <member type='way' ref='775343753' role='' />
    <member type='way' ref='72234272' role='' />
    <member type='way' ref='528737670' role='' />
    <member type='way' ref='771027266' role='' />
    <member type='way' ref='771027268' role='' />
    <member type='way' ref='832933879' role='' />
    <member type='way' ref='834629743' role='' />
    <member type='way' ref='528773506' role='' />
    <member type='way' ref='463434063' role='' />
    <member type='way' ref='770855667' role='' />
    <member type='way' ref='823182960' role='' />
    <member type='way' ref='823182972' role='' />
    <member type='way' ref='75800697' role='' />
    <member type='way' ref='823182964' role='' />
    <member type='way' ref='859997060' role='' />
    <member type='way' ref='850576883' role='' />
    <member type='way' ref='850576884' role='' />
    <member type='way' ref='813979761' role='' />
    <member type='way' ref='834629744' role='' />
    <member type='way' ref='25754029' role='' />
    <member type='way' ref='377966577' role='' />
    <member type='way' ref='675647440' role='' />
    <member type='way' ref='732632791' role='' />
    <member type='way' ref='74006505' role='' />
    <member type='way' ref='787168474' role='' />
    <member type='way' ref='295046815' role='' />
    <member type='way' ref='795258923' role='' />
    <member type='way' ref='795258924' role='' />
    <member type='way' ref='543231427' role='' />
    <member type='way' ref='656425447' role='' />
    <member type='way' ref='28593077' role='' />
    <member type='way' ref='843861649' role='' />
    <member type='way' ref='843861648' role='' />
    <member type='way' ref='815060337' role='' />
    <member type='way' ref='26838281' role='' />
    <member type='way' ref='26838278' role='' />
    <member type='way' ref='815060340' role='' />
    <member type='way' ref='26838273' role='' />
    <member type='way' ref='815075209' role='' />
    <member type='way' ref='225861676' role='' />
    <member type='way' ref='225861675' role='' />
    <member type='way' ref='22779245' role='' />
    <member type='way' ref='332388393' role='' />
    <member type='way' ref='612545602' role='' />
    <member type='way' ref='612545604' role='' />
    <member type='way' ref='32818844' role='' />
    <member type='way' ref='37884957' role='' />
    <member type='way' ref='392396889' role='' />
    <member type='way' ref='37884958' role='' />
    <member type='way' ref='32818836' role='' />
    <member type='way' ref='37885442' role='' />
    <member type='way' ref='37885438' role='' />
    <member type='way' ref='37885445' role='' />
    <member type='way' ref='37885436' role='' />
    <member type='way' ref='37885437' role='' />
    <member type='way' ref='612322402' role='' />
    <member type='way' ref='152656059' role='' />
    <member type='way' ref='850214239' role='' />
    <member type='way' ref='850214240' role='' />
    <member type='way' ref='850214241' role='' />
    <member type='way' ref='850214242' role='' />
    <member type='way' ref='850214236' role='' />
    <member type='way' ref='850214237' role='' />
    <member type='way' ref='26827047' role='' />
    <member type='way' ref='26827035' role='' />
    <member type='way' ref='26827034' role='' />
    <member type='way' ref='42740697' role='' />
    <member type='way' ref='42740696' role='' />
    <member type='way' ref='37353083' role='' />
    <member type='way' ref='37353084' role='' />
    <member type='way' ref='377586237' role='' />
    <member type='way' ref='377586236' role='' />
    <member type='way' ref='37353085' role='' />
    <member type='way' ref='37353086' role='' />
    <member type='way' ref='37885443' role='' />
    <member type='way' ref='129172014' role='' />
    <member type='way' ref='129172030' role='' />
    <member type='way' ref='32260429' role='' />
    <member type='way' ref='32297529' role='' />
    <member type='way' ref='771066035' role='' />
    <member type='way' ref='771066036' role='' />
    <member type='way' ref='62200722' role='' />
    <member type='way' ref='32297528' role='' />
    <member type='way' ref='37300484' role='' />
    <member type='way' ref='37300485' role='' />
    <member type='way' ref='793498771' role='' />
    <member type='way' ref='793498770' role='' />
    <member type='way' ref='37885432' role='' />
    <member type='way' ref='376957264' role='' />
    <member type='way' ref='674074963' role='' />
    <member type='way' ref='37886332' role='' />
    <member type='way' ref='642701819' role='' />
    <member type='way' ref='675648142' role='' />
    <member type='way' ref='32073589' role='' />
    <member type='way' ref='37886326' role='' />
    <member type='way' ref='61221536' role='' />
    <member type='way' ref='833795642' role='' />
    <member type='way' ref='675648031' role='' />
    <member type='way' ref='221801623' role='' />
    <member type='way' ref='221801622' role='' />
    <member type='way' ref='221801627' role='' />
    <member type='way' ref='32075975' role='' />
    <member type='way' ref='32075973' role='' />
    <member type='way' ref='155468147' role='' />
    <member type='way' ref='744450941' role='' />
    <member type='way' ref='744450942' role='' />
    <member type='way' ref='749803529' role='' />
    <member type='way' ref='818029060' role='' />
    <member type='way' ref='32075968' role='' />
    <member type='way' ref='37886339' role='' />
    <member type='way' ref='32245529' role='' />
    <member type='way' ref='584484747' role='' />
    <member type='way' ref='22779143' role='' />
    <member type='way' ref='584484746' role='' />
    <member type='way' ref='747790434' role='' />
    <member type='way' ref='764479377' role='' />
    <member type='way' ref='437557319' role='' />
    <member type='way' ref='437557318' role='' />
    <member type='way' ref='770853434' role='' />
    <member type='way' ref='770853435' role='' />
    <member type='way' ref='442189132' role='' />
    <member type='way' ref='773807407' role='' />
    <member type='way' ref='773807408' role='' />
    <member type='way' ref='33042907' role='' />
    <member type='way' ref='33042909' role='' />
    <member type='way' ref='33041159' role='' />
    <member type='way' ref='33103400' role='' />
    <member type='way' ref='33623967' role='' />
    <member type='way' ref='31402755' role='' />
    <member type='way' ref='824165040' role='' />
    <member type='way' ref='824165041' role='' />
    <member type='way' ref='30170130' role='' />
    <member type='way' ref='33102614' role='' />
    <member type='way' ref='824165050' role='' />
    <member type='way' ref='824165051' role='' />
    <member type='way' ref='824165052' role='' />
    <member type='way' ref='824165053' role='' />
    <member type='way' ref='33393240' role='' />
    <member type='way' ref='33102615' role='' />
    <member type='way' ref='33102605' role='' />
    <member type='way' ref='33102607' role='' />
    <member type='way' ref='824185887' role='' />
    <member type='way' ref='824185888' role='' />
    <member type='way' ref='37888757' role='' />
    <member type='way' ref='391604957' role='' />
    <member type='way' ref='37888760' role='' />
    <member type='way' ref='233450022' role='' />
    <member type='way' ref='285811894' role='' />
    <member type='way' ref='285811865' role='' />
    <member type='way' ref='445820518' role='' />
    <member type='way' ref='41161378' role='' />
    <member type='way' ref='38701881' role='' />
    <member type='way' ref='550679018' role='' />
    <member type='way' ref='22779230' role='' />
    <member type='way' ref='42850464' role='' />
    <member type='way' ref='42850463' role='' />
    <member type='way' ref='22779231' role='' />
    <member type='way' ref='391610498' role='' />
    <member type='way' ref='41161350' role='' />
    <member type='way' ref='9578526' role='' />
    <member type='way' ref='4936300' role='' />
    <member type='way' ref='315420231' role='' />
    <member type='way' ref='315420230' role='' />
    <member type='way' ref='41161363' role='' />
    <member type='way' ref='60846213' role='' />
    <member type='way' ref='38115076' role='' />
    <member type='way' ref='37889233' role='' />
    <member type='way' ref='37889232' role='' />
    <member type='way' ref='635294443' role='' />
    <member type='way' ref='635294441' role='' />
    <member type='way' ref='37889231' role='' />
    <member type='way' ref='37889230' role='' />
    <member type='way' ref='38115065' role='' />
    <member type='way' ref='38115060' role='' />
    <member type='way' ref='296133620' role='' />
    <member type='way' ref='789880215' role='' />
    <member type='way' ref='789880214' role='' />
    <member type='way' ref='296309937' role='' />
    <member type='way' ref='296309936' role='' />
    <member type='way' ref='310923219' role='' />
    <member type='way' ref='310923228' role='' />
    <member type='way' ref='309606453' role='' />
    <member type='way' ref='296309935' role='' />
    <member type='way' ref='310923221' role='' />
    <member type='way' ref='310923217' role='' />
    <member type='way' ref='197253053' role='' />
    <member type='way' ref='25318215' role='' />
    <member type='way' ref='76244056' role='' />
    <member type='way' ref='12835772' role='' />
    <member type='way' ref='39750463' role='' />
    <member type='way' ref='39750462' role='' />
    <member type='way' ref='76697412' role='' />
    <member type='way' ref='733073816' role='' />
    <member type='way' ref='32305742' role='' />
    <member type='way' ref='733073815' role='' />
    <member type='way' ref='103950956' role='' />
    <member type='way' ref='733077166' role='' />
    <member type='way' ref='259120112' role='' />
    <member type='way' ref='32246477' role='' />
    <member type='way' ref='733077164' role='' />
    <member type='way' ref='413012274' role='' />
    <member type='way' ref='733077163' role='' />
    <member type='way' ref='32233652' role='' />
    <member type='way' ref='32233650' role='' />
    <member type='way' ref='733077161' role='' />
    <member type='way' ref='240981194' role='' />
    <member type='way' ref='28630727' role='' />
    <member type='way' ref='32230617' role='' />
    <member type='way' ref='8083019' role='' />
    <member type='way' ref='6101560' role='' />
    <member type='way' ref='733079903' role='' />
    <member type='way' ref='8083028' role='' />
    <member type='way' ref='32461540' role='' />
    <member type='way' ref='174856003' role='' />
    <member type='way' ref='32461626' role='' />
    <member type='way' ref='313236772' role='' />
    <member type='way' ref='313236797' role='' />
    <member type='way' ref='700467397' role='' />
    <member type='way' ref='700467396' role='' />
    <member type='way' ref='313247668' role='' />
    <member type='way' ref='313247680' role='' />
    <member type='way' ref='77042372' role='' />
    <member type='way' ref='77042369' role='' />
    <member type='way' ref='77057631' role='' />
    <member type='way' ref='489128791' role='' />
    <member type='way' ref='77057630' role='' />
    <member type='way' ref='36796182' role='' />
    <member type='way' ref='36796179' role='' />
    <member type='way' ref='114371546' role='' />
    <member type='way' ref='185378530' role='' />
    <member type='way' ref='240981200' role='' />
    <member type='way' ref='240981198' role='' />
    <member type='way' ref='185378526' role='' />
    <member type='way' ref='37656728' role='' />
    <member type='way' ref='4929683' role='' />
    <member type='way' ref='26141419' role='' />
    <member type='way' ref='189551539' role='' />
    <member type='way' ref='189551540' role='' />
    <member type='way' ref='189551541' role='' />
    <member type='way' ref='296133617' role='' />
    <member type='way' ref='189551542' role='' />
    <member type='way' ref='189551543' role='' />
    <member type='way' ref='45138054' role='' />
    <member type='way' ref='153212071' role='' />
    <member type='way' ref='4929674' role='' />
    <member type='way' ref='153212090' role='' />
    <member type='way' ref='59006533' role='' />
    <member type='way' ref='296128579' role='' />
    <member type='way' ref='59006534' role='' />
    <member type='way' ref='26261039' role='' />
    <member type='way' ref='153212092' role='' />
    <member type='way' ref='24940066' role='' />
    <member type='way' ref='24940065' role='' />
    <member type='way' ref='9525989' role='' />
    <member type='way' ref='23000353' role='' />
    <member type='way' ref='23000352' role='' />
    <member type='way' ref='76274176' role='' />
    <member type='way' ref='398276907' role='' />
    <member type='way' ref='9578066' role='' />
    <member type='way' ref='587026131' role='' />
    <member type='way' ref='29104450' role='' />
    <member type='way' ref='128804042' role='' />
    <member type='way' ref='524587493' role='' />
    <member type='way' ref='232498350' role='' />
    <member type='way' ref='37889655' role='' />
    <member type='way' ref='37889654' role='' />
    <member type='way' ref='222831204' role='' />
    <member type='way' ref='37889657' role='' />
    <member type='way' ref='37889658' role='' />
    <member type='way' ref='710621549' role='' />
    <member type='way' ref='238368164' role='' />
    <member type='way' ref='29039172' role='' />
    <member type='way' ref='670215952' role='' />
    <member type='way' ref='306425085' role='' />
    <member type='way' ref='30169092' role='' />
    <member type='way' ref='306425106' role='' />
    <member type='way' ref='306425122' role='' />
    <member type='way' ref='143503299' role='' />
    <member type='way' ref='306425117' role='' />
    <member type='way' ref='30503657' role='' />
    <member type='way' ref='743119885' role='' />
    <member type='way' ref='195349131' role='' />
    <member type='way' ref='153184706' role='' />
    <member type='way' ref='153184708' role='' />
    <member type='way' ref='321371701' role='' />
    <member type='way' ref='28159500' role='' />
    <member type='way' ref='203649026' role='' />
    <member type='way' ref='440964844' role='' />
    <member type='way' ref='440964841' role='' />
    <member type='way' ref='440964842' role='' />
    <member type='way' ref='28159501' role='' />
    <member type='way' ref='25133308' role='' />
    <member type='way' ref='206602302' role='' />
    <member type='way' ref='153184699' role='' />
    <member type='way' ref='244579074' role='' />
    <member type='way' ref='76273374' role='' />
    <member type='way' ref='26476508' role='' />
    <member type='way' ref='153212066' role='' />
    <member type='way' ref='173031720' role='' />
    <member type='way' ref='77065751' role='' />
    <member type='way' ref='77065750' role='' />
    <member type='way' ref='77042371' role='' />
    <member type='way' ref='77042370' role='' />
    <member type='way' ref='77045455' role='' />
    <member type='way' ref='310923225' role='' />
    <member type='way' ref='310923224' role='' />
    <member type='way' ref='310923222' role='' />
    <member type='way' ref='789880212' role='' />
    <member type='way' ref='766215585' role='' />
    <member type='way' ref='37886335' role='' />
    <member type='way' ref='37886334' role='' />
    <member type='way' ref='33400136' role='' />
    <member type='way' ref='335275612' role='' />
    <member type='way' ref='742500478' role='' />
    <member type='way' ref='216079697' role='' />
    <member type='way' ref='113812260' role='' />
    <member type='way' ref='842406430' role='' />
    <member type='way' ref='842406431' role='' />
    <member type='way' ref='62788755' role='' />
    <member type='way' ref='189858641' role='' />
    <member type='way' ref='189858646' role='' />
    <member type='way' ref='189858638' role='' />
    <member type='way' ref='112446388' role='' />
    <member type='way' ref='112446389' role='' />
    <member type='way' ref='112446387' role='' />
    <member type='way' ref='8426207' role='' />
    <member type='way' ref='843261625' role='' />
    <tag k='colour' v='#003399' />
    <tag k='complete' v='yes' />
    <tag k='cycle_network' v='EuroVelo' />
    <tag k='description:cs' v='EuroVelo 7 - Sluneční trasa - sekce Česká republika' />
    <tag k='description:de' v='EuroVelo 7 - Sonnen-Route - Teil Tschechien' />
    <tag k='description:en' v='EuroVelo 7 - Sun Route - part Czech Republic' />
    <tag k='description:fr' v='EuroVelo 7 - La route du soleil - tronçon République tchèque' />
    <tag k='description:pl' v='EuroVelo 7 - Szlak Słońca - część Czechy' />
    <tag k='description:sk' v='EuroVelo 7 - Slnečná trasa - sekcia Česká republika' />
    <tag k='distance' v='449' />
    <tag k='from' v='Děčín (DE/CZ border)' />
    <tag k='icn_ref' v='7' />
    <tag k='name' v='Sun Route' />
    <tag k='network' v='icn' />
    <tag k='note' v='Nedávno proběhla změna vedení. Trasa již nevede po pobřeží vltavy v úseku Klecánky - Dolánky, nýbrž přes Vodochody a Máslovice. V terénu ověřeno 9. 1. 2015.' />
    <tag k='ref' v='EV7' />
    <tag k='route' v='bicycle' />
    <tag k='to' v='Vyšší Brod (CZ/A border)' />
    <tag k='type' v='route' />
    <tag k='website' v='https://www.greenways.cz/EuroVelo/EuroVelo-v-CR/EuroVelo-7.aspx' />
  </relation>
  <relation id='3228233' timestamp='2014-04-19T15:04:07Z' uid='1942179' user='CzechAddress' visible='true' version='3' changeset='21799065'>
    <member type='way' ref='24674858' role='outer' />
    <member type='way' ref='160963726' role='outer' />
    <member type='way' ref='24674860' role='outer' />
    <member type='way' ref='24674857' role='outer' />
    <tag k='description' v='9 holes Par 36' />
    <tag k='email' v='golf@hodkovicky.cz' />
    <tag k='leisure' v='golf_course' />
    <tag k='name' v='Golf &amp; Country Club Prague Hodkovičky' />
    <tag k='phone' v='+420 737 284 377' />
    <tag k='sport' v='golf' />
    <tag k='type' v='multipolygon' />
    <tag k='website' v='http://www.hodkovicky.cz/' />
  </relation>
  <relation id='3244263' timestamp='2020-04-12T11:29:08Z' uid='2831457' user='AdVerburg' visible='true' version='3' changeset='83424306'>
    <member type='way' ref='238128779' role='outline' />
    <member type='way' ref='173751818' role='across' />
    <member type='way' ref='238128780' role='across' />
    <member type='way' ref='128052309' role='under' />
    <member type='way' ref='790989938' role='under' />
    <member type='way' ref='25318649' role='under' />
    <member type='way' ref='790989944' role='under' />
    <member type='way' ref='790989943' role='under' />
    <member type='way' ref='790989956' role='under' />
    <member type='way' ref='238128781' role='across' />
    <tag k='bridge:structure' v='arch' />
    <tag k='type' v='bridge' />
  </relation>
  <relation id='3312269' timestamp='2020-04-12T11:29:08Z' uid='2831457' user='AdVerburg' visible='true' version='7' changeset='83424306'>
    <member type='way' ref='106518154' role='across' />
    <member type='way' ref='250682929' role='across' />
    <member type='way' ref='250682927' role='across' />
    <member type='way' ref='244981647' role='outline' />
    <member type='way' ref='128052309' role='under' />
    <member type='way' ref='790989938' role='under' />
    <member type='way' ref='25318649' role='under' />
    <member type='way' ref='790989944' role='under' />
    <member type='way' ref='790989943' role='under' />
    <member type='way' ref='790989956' role='under' />
    <member type='way' ref='88827056' role='under' />
    <member type='way' ref='102685932' role='under' />
    <tag k='name' v='most Legií' />
    <tag k='name:cs' v='most Legií' />
    <tag k='name:de' v='Brücke der Legionen' />
    <tag k='name:en' v='Bridge of Legions' />
    <tag k='name:ru' v='мост Легии' />
    <tag k='sorting_name' v='Legií' />
    <tag k='type' v='bridge' />
    <tag k='wikidata' v='Q11785802' />
    <tag k='wikipedia' v='cs:Most Legií' />
  </relation>
  <relation id='5673684' timestamp='2015-11-18T11:45:29Z' uid='2169558' user='JandaM' visible='true' version='1' changeset='35402714'>
    <member type='way' ref='380955517' role='outer' />
    <member type='way' ref='62065554' role='inner' />
    <tag k='building' v='apartments' />
    <tag k='building:flats' v='313' />
    <tag k='building:ruian:type' v='6' />
    <tag k='name' v='Belárie park' />
    <tag k='ref:ruian:building' v='27328406' />
    <tag k='start_date' v='2009-07-15' />
    <tag k='type' v='multipolygon' />
  </relation>
  <relation id='6190821' timestamp='2020-06-08T22:51:21Z' uid='1833010' user='M a r k u s' visible='true' version='32' changeset='86374380'>
    <member type='way' ref='654419230' role='' />
    <member type='way' ref='230444230' role='' />
    <member type='way' ref='230444229' role='' />
    <member type='way' ref='24604589' role='' />
    <member type='way' ref='653899650' role='' />
    <member type='way' ref='22758779' role='' />
    <member type='way' ref='506450427' role='' />
    <member type='way' ref='731468701' role='' />
    <member type='way' ref='731468699' role='' />
    <member type='way' ref='181330050' role='' />
    <member type='way' ref='506450425' role='' />
    <member type='way' ref='24599289' role='' />
    <member type='way' ref='34179249' role='' />
    <member type='way' ref='506450423' role='' />
    <member type='way' ref='34179251' role='' />
    <member type='way' ref='24604664' role='' />
    <member type='way' ref='415723597' role='' />
    <member type='way' ref='36287254' role='' />
    <member type='way' ref='181330053' role='' />
    <member type='way' ref='34179252' role='' />
    <member type='way' ref='27119846' role='' />
    <member type='way' ref='552523866' role='' />
    <member type='way' ref='23897476' role='' />
    <member type='way' ref='25464516' role='' />
    <member type='way' ref='394315788' role='' />
    <member type='way' ref='394315787' role='' />
    <member type='way' ref='599181932' role='' />
    <member type='way' ref='599181927' role='' />
    <member type='way' ref='133150844' role='' />
    <member type='way' ref='535167287' role='' />
    <member type='way' ref='131653856' role='' />
    <member type='way' ref='535167288' role='' />
    <member type='way' ref='131653860' role='' />
    <member type='way' ref='114924956' role='' />
    <member type='way' ref='543282272' role='' />
    <member type='way' ref='114924979' role='' />
    <member type='way' ref='24609906' role='' />
    <member type='way' ref='38254385' role='' />
    <member type='way' ref='38254383' role='' />
    <member type='way' ref='814008603' role='' />
    <member type='way' ref='38254386' role='' />
    <member type='way' ref='38254384' role='' />
    <member type='way' ref='23048004' role='' />
    <member type='way' ref='23048667' role='' />
    <member type='way' ref='27588940' role='' />
    <member type='way' ref='272534937' role='' />
    <member type='way' ref='19846872' role='' />
    <member type='way' ref='19846956' role='' />
    <member type='way' ref='19846886' role='' />
    <member type='way' ref='26664181' role='' />
    <member type='way' ref='23049085' role='' />
    <member type='way' ref='339944898' role='' />
    <member type='way' ref='339944895' role='' />
    <member type='way' ref='172381320' role='' />
    <member type='way' ref='123300055' role='' />
    <member type='way' ref='493271928' role='' />
    <member type='way' ref='493271929' role='' />
    <member type='way' ref='668197144' role='' />
    <member type='way' ref='26664176' role='' />
    <member type='way' ref='651713501' role='' />
    <member type='way' ref='651713502' role='' />
    <member type='way' ref='633360691' role='' />
    <member type='way' ref='42099285' role='' />
    <member type='way' ref='42099278' role='' />
    <member type='way' ref='42099277' role='' />
    <member type='way' ref='42099283' role='' />
    <member type='way' ref='141222272' role='' />
    <member type='way' ref='27451566' role='' />
    <member type='way' ref='812660241' role='' />
    <member type='way' ref='113941883' role='' />
    <member type='way' ref='165287749' role='' />
    <member type='way' ref='637966420' role='' />
    <member type='way' ref='4052276' role='' />
    <member type='way' ref='127711588' role='' />
    <member type='way' ref='140155834' role='' />
    <member type='way' ref='140155833' role='' />
    <member type='way' ref='140156428' role='' />
    <member type='way' ref='133325746' role='' />
    <member type='way' ref='128356307' role='' />
    <member type='way' ref='403367713' role='' />
    <member type='way' ref='118174013' role='' />
    <member type='way' ref='476507488' role='' />
    <member type='way' ref='476507490' role='' />
    <member type='way' ref='476507496' role='' />
    <member type='way' ref='476507494' role='' />
    <member type='way' ref='30619203' role='' />
    <member type='way' ref='476507489' role='' />
    <member type='way' ref='403367715' role='' />
    <member type='way' ref='151364030' role='' />
    <member type='way' ref='127711591' role='' />
    <member type='way' ref='345621897' role='' />
    <member type='way' ref='399592635' role='' />
    <member type='way' ref='425860933' role='' />
    <member type='way' ref='109939338' role='' />
    <member type='way' ref='345621887' role='' />
    <member type='way' ref='173043940' role='' />
    <member type='way' ref='30169243' role='' />
    <member type='way' ref='133330954' role='' />
    <member type='way' ref='138244926' role='' />
    <member type='way' ref='138244927' role='' />
    <member type='way' ref='138244928' role='' />
    <member type='way' ref='138244923' role='' />
    <member type='way' ref='711302420' role='' />
    <member type='way' ref='78880000' role='' />
    <member type='way' ref='78879997' role='' />
    <member type='way' ref='342826316' role='' />
    <member type='way' ref='78879996' role='' />
    <member type='way' ref='78879988' role='' />
    <member type='way' ref='342826314' role='' />
    <member type='way' ref='285194610' role='' />
    <member type='way' ref='218365941' role='' />
    <member type='way' ref='218365939' role='' />
    <member type='way' ref='548175976' role='' />
    <member type='way' ref='184575100' role='' />
    <member type='way' ref='548175975' role='' />
    <member type='way' ref='548175977' role='' />
    <member type='way' ref='548175978' role='' />
    <member type='way' ref='184575097' role='' />
    <member type='way' ref='249509278' role='' />
    <member type='way' ref='249509279' role='' />
    <member type='way' ref='384301134' role='' />
    <member type='way' ref='218365942' role='' />
    <member type='way' ref='25408547' role='' />
    <member type='way' ref='24639539' role='' />
    <member type='way' ref='19876383' role='' />
    <member type='way' ref='25407811' role='' />
    <member type='way' ref='23926535' role='' />
    <member type='way' ref='154101921' role='' />
    <member type='way' ref='396246116' role='' />
    <member type='way' ref='396246118' role='' />
    <member type='way' ref='184574429' role='' />
    <member type='way' ref='184574428' role='' />
    <member type='way' ref='24639602' role='' />
    <member type='way' ref='421316921' role='' />
    <member type='way' ref='98563986' role='' />
    <member type='way' ref='98563987' role='' />
    <member type='way' ref='24639690' role='' />
    <member type='way' ref='789880207' role='' />
    <member type='way' ref='789880206' role='' />
    <member type='way' ref='421316920' role='' />
    <member type='way' ref='24639782' role='' />
    <member type='way' ref='168966828' role='' />
    <member type='way' ref='218365940' role='' />
    <member type='way' ref='310923229' role='' />
    <member type='way' ref='347616475' role='' />
    <member type='way' ref='421316918' role='' />
    <member type='way' ref='34285399' role='' />
    <member type='way' ref='322977425' role='' />
    <member type='way' ref='27590123' role='' />
    <member type='way' ref='39748883' role='' />
    <member type='way' ref='322977418' role='' />
    <member type='way' ref='27590125' role='' />
    <member type='way' ref='22737213' role='' />
    <member type='way' ref='549706211' role='' />
    <member type='way' ref='197174992' role='forward' />
    <member type='way' ref='549706219' role='forward' />
    <member type='way' ref='230448856' role='forward' />
    <member type='way' ref='197174994' role='forward' />
    <member type='way' ref='197174986' role='backward' />
    <member type='way' ref='549706221' role='backward' />
    <member type='way' ref='484570682' role='forward' />
    <member type='way' ref='197175002' role='forward' />
    <member type='way' ref='4712713' role='forward' />
    <member type='way' ref='230448857' role='forward' />
    <member type='way' ref='308558165' role='' />
    <member type='way' ref='133146348' role='' />
    <tag k='complete' v='no' />
    <tag k='name' v='Vltavská cyklistická cesta (nevyznačeno)' />
    <tag k='name:cs' v='Vltavská cyklistická cesta (nevyznačeno)' />
    <tag k='name:de' v='Moldau-Radweg' />
    <tag k='name:en' v='Vltava Cycle Route' />
    <tag k='name:hu' v='Moldva kerékpárút' />
    <tag k='name:pl' v='Szlak Rowerowy Wełtawy' />
    <tag k='network' v='ncn' />
    <tag k='ref' v='VCC' />
    <tag k='route' v='bicycle' />
    <tag k='state' v='proposed' />
    <tag k='type' v='route' />
  </relation>
  <relation id='6799157' timestamp='2018-11-08T09:52:59Z' uid='349591' user='Martin Kuzela' visible='true' version='2' changeset='64286536'>
    <member type='way' ref='171489951' role='outer' />
    <member type='way' ref='293699248' role='inner' />
    <member type='way' ref='239926795' role='inner' />
    <tag k='natural' v='scrub' />
    <tag k='type' v='multipolygon' />
  </relation>
  <relation id='7096170' timestamp='2017-07-10T12:52:41Z' uid='255936' user='StenSoft' visible='true' version='2' changeset='50175832'>
    <member type='way' ref='81295378' role='route' />
    <member type='node' ref='947045111' role='stop' />
    <member type='node' ref='947045092' role='stop' />
    <tag k='bicycle' v='yes' />
    <tag k='foot' v='yes' />
    <tag k='motor_vehicle' v='no' />
    <tag k='name' v='P6: Lahovičky ⇔ Nádraží Modřany' />
    <tag k='opening_hours' v='Mo-Fr 07:00-21:00; Sa,Su 08:00-21:00' />
    <tag k='ref' v='P6' />
    <tag k='route' v='ferry' />
    <tag k='type' v='route' />
  </relation>
  <relation id='8306561' timestamp='2018-05-17T13:08:38Z' uid='255936' user='StenSoft' visible='true' version='1' changeset='59050638'>
    <member type='node' ref='248577700' role='stop' />
    <member type='way' ref='382075851' role='platform' />
    <tag k='name' v='Praha-Modřany zastávka' />
    <tag k='name:de' v='Prag-Moderschan Haltestelle' />
    <tag k='public_transport' v='stop_area' />
    <tag k='type' v='public_transport' />
  </relation>
  <relation id='8306562' timestamp='2018-05-17T13:08:38Z' uid='255936' user='StenSoft' visible='true' version='1' changeset='59050638'>
    <member type='relation' ref='8306561' role='' />
    <member type='relation' ref='2651550' role='' />
    <tag k='name' v='Nádraží Modřany' />
    <tag k='public_transport' v='stop_area_group' />
    <tag k='type' v='public_transport' />
  </relation>
  <relation id='9549493' timestamp='2020-09-15T16:34:32Z' uid='10640786' user='Davide_Mazzoni' visible='true' version='29' changeset='90937274'>
    <member type='way' ref='219471092' role='' />
    <member type='way' ref='104918900' role='' />
    <member type='way' ref='304702728' role='' />
    <member type='way' ref='104918906' role='' />
    <member type='way' ref='65379073' role='' />
    <member type='relation' ref='215948' role='' />
    <member type='relation' ref='10744528' role='' />
    <member type='relation' ref='2765277' role='' />
    <member type='relation' ref='1773067' role='' />
    <member type='relation' ref='3232816' role='' />
    <member type='relation' ref='721738' role='' />
    <member type='relation' ref='2788485' role='' />
    <member type='relation' ref='2775754' role='' />
    <member type='relation' ref='10102927' role='' />
    <member type='relation' ref='2759974' role='' />
    <member type='relation' ref='9465624' role='' />
    <member type='relation' ref='8729305' role='' />
    <member type='relation' ref='1773081' role='' />
    <member type='relation' ref='2770634' role='' />
    <tag k='cycle_network' v='EuroVelo' />
    <tag k='from' v='Nordkap' />
    <tag k='icn_ref' v='7' />
    <tag k='name' v='EuroVelo 7 - Sun Route' />
    <tag k='name:cs' v='EuroVelo 7 - Sluneční trasa' />
    <tag k='name:de' v='EuroVelo 7 - Sonnen-Route' />
    <tag k='name:dk' v='EuroVelo 7 - Solrute' />
    <tag k='name:en' v='EuroVelo 7 - Sun Route' />
    <tag k='name:fr' v='EuroVelo 7 - La route du soleil' />
    <tag k='name:hr' v='EuroVelo 7 - Put Sunca' />
    <tag k='name:it' v='EuroVelo 7 - La strada del sole' />
    <tag k='name:no' v='EuroVelo 7 - Solrute' />
    <tag k='name:pl' v='EuroVelo 7 - Szlak Słońca' />
    <tag k='name:sk' v='EuroVelo 7 - Slnečná trasa' />
    <tag k='network' v='icn' />
    <tag k='operator' v='European Cyclists&apos; Federation' />
    <tag k='ref' v='EV7' />
    <tag k='superroute' v='bicycle' />
    <tag k='to' v='Valletta' />
    <tag k='type' v='superroute' />
    <tag k='website' v='http://www.eurovelo.com/en/eurovelos/eurovelo-7' />
    <tag k='wikidata' v='Q3060536' />
    <tag k='wikipedia' v='en:EV7 The Sun Route' />
  </relation>
  <relation id='10987840' timestamp='2020-04-17T15:19:13Z' uid='75339' user='kannix' visible='true' version='3' changeset='83714521'>
    <member type='way' ref='790989957' role='' />
    <member type='way' ref='790989962' role='' />
    <member type='way' ref='790989961' role='' />
    <member type='way' ref='790989960' role='' />
    <member type='way' ref='128052309' role='' />
    <member type='way' ref='790989938' role='' />
    <member type='way' ref='25318649' role='' />
    <member type='way' ref='790989942' role='' />
    <member type='way' ref='790989941' role='' />
    <member type='way' ref='82148844' role='' />
    <member type='way' ref='790989943' role='' />
    <member type='way' ref='82148983' role='' />
    <member type='way' ref='375817887' role='' />
    <member type='way' ref='790989953' role='' />
    <member type='way' ref='790989952' role='' />
    <member type='way' ref='375817850' role='' />
    <member type='way' ref='25318650' role='' />
    <member type='way' ref='792957281' role='' />
    <member type='way' ref='792957280' role='' />
    <member type='way' ref='790989949' role='' />
    <member type='way' ref='82148783' role='' />
    <member type='way' ref='790989946' role='' />
    <member type='way' ref='790989945' role='' />
    <member type='way' ref='790989948' role='' />
    <member type='way' ref='792959142' role='' />
    <member type='way' ref='82072042' role='' />
    <tag k='int_ref' v='E 20-06' />
    <tag k='name' v='waterway E20-06' />
    <tag k='network' v='e-waterway' />
    <tag k='ref:signed' v='no' />
    <tag k='route' v='waterway' />
    <tag k='type' v='route' />
  </relation>
  <relation id='11772715' timestamp='2020-10-19T19:33:14Z' uid='1189910' user='Milancer' visible='true' version='1' changeset='92726530'>
    <member type='way' ref='25301523' role='outer' />
    <member type='way' ref='164836906' role='inner' />
    <member type='way' ref='860807650' role='inner' />
    <member type='way' ref='860807649' role='inner' />
    <tag k='natural' v='water' />
    <tag k='type' v='multipolygon' />
    <tag k='water' v='river' />
  </relation>
</osm>
