<?xml version="1.0" encoding="UTF-8"?>
<osm version="0.6" generator="CGImap 0.6.0 (31527 thorn-01.openstreetmap.org)" copyright="OpenStreetMap and contributors" attribution="http://www.openstreetmap.org/copyright" license="http://opendatacommons.org/licenses/odbl/1-0/">
 <bounds minlat="49.3081100" minlon="14.1457700" maxlat="49.3106500" maxlon="14.1524700"/>
 <node id="274394867" visible="true" version="3" changeset="11405614" timestamp="2012-04-24T14:03:49Z" user="Karl Von Bahnhoff" uid="520972" lat="49.3172669" lon="14.1434639"/>
 <node id="274394896" visible="true" version="2" changeset="10879770" timestamp="2012-03-05T14:00:29Z" user="petr_balicek" uid="82083" lat="49.3085410" lon="14.1250168"/>
 <node id="287647671" visible="true" version="4" changeset="681655" timestamp="2008-11-04T21:53:09Z" user="fik" uid="73797" lat="49.3126005" lon="14.1474029"/>
 <node id="287647673" visible="true" version="5" changeset="690642" timestamp="2008-11-05T21:15:00Z" user="fik" uid="73797" lat="49.3122765" lon="14.1496693">
  <tag k="highway" v="traffic_signals"/>
 </node>
 <node id="301479595" visible="true" version="2" changeset="693285" timestamp="2008-11-06T13:48:39Z" user="fik" uid="73797" lat="49.3059236" lon="14.1467321"/>
 <node id="301479596" visible="true" version="3" changeset="24727588" timestamp="2014-08-13T16:39:36Z" user="Minimalis" uid="665336" lat="49.3058191" lon="14.1487973"/>
 <node id="301479597" visible="true" version="3" changeset="802337" timestamp="2008-11-27T20:38:06Z" user="fik" uid="73797" lat="49.3058827" lon="14.1500145"/>
 <node id="301479598" visible="true" version="3" changeset="690642" timestamp="2008-11-05T21:15:01Z" user="fik" uid="73797" lat="49.3064940" lon="14.1510517">
  <tag k="highway" v="traffic_signals"/>
 </node>
 <node id="301479599" visible="true" version="2" changeset="690642" timestamp="2008-11-05T21:15:00Z" user="fik" uid="73797" lat="49.3061029" lon="14.1517219"/>
 <node id="301479609" visible="true" version="2" changeset="681655" timestamp="2008-11-04T21:53:14Z" user="fik" uid="73797" lat="49.3086965" lon="14.1514645"/>
 <node id="301479610" visible="true" version="3" changeset="681655" timestamp="2008-11-04T21:53:13Z" user="fik" uid="73797" lat="49.3088350" lon="14.1528907"/>
 <node id="301479611" visible="true" version="4" changeset="690642" timestamp="2008-11-05T21:58:05Z" user="fik" uid="73797" lat="49.3098363" lon="14.1545119"/>
 <node id="301479612" visible="true" version="5" changeset="681655" timestamp="2008-11-04T21:53:12Z" user="fik" uid="73797" lat="49.3113324" lon="14.1568318">
  <tag k="highway" v="traffic_signals"/>
 </node>
 <node id="309740704" visible="true" version="1" changeset="671615" timestamp="2008-11-03T20:21:24Z" user="fik" uid="73797" lat="49.3088185" lon="14.1528457"/>
 <node id="309956330" visible="true" version="2" changeset="741882" timestamp="2008-11-13T09:14:58Z" user="fik" uid="73797" lat="49.3114842" lon="14.1556416"/>
 <node id="309956335" visible="true" version="1" changeset="681655" timestamp="2008-11-04T21:52:28Z" user="fik" uid="73797" lat="49.3093358" lon="14.1519835"/>
 <node id="309956336" visible="true" version="2" changeset="690642" timestamp="2008-11-05T21:58:07Z" user="fik" uid="73797" lat="49.3094722" lon="14.1526149"/>
 <node id="309956337" visible="true" version="2" changeset="690642" timestamp="2008-11-05T21:58:06Z" user="fik" uid="73797" lat="49.3095637" lon="14.1530154"/>
 <node id="309956338" visible="true" version="3" changeset="6913906" timestamp="2011-01-09T11:33:58Z" user="wopixe" uid="19173" lat="49.3098039" lon="14.1542080"/>
 <node id="309956339" visible="true" version="2" changeset="690642" timestamp="2008-11-05T21:15:05Z" user="fik" uid="73797" lat="49.3118234" lon="14.1530458">
  <tag k="highway" v="traffic_signals"/>
 </node>
 <node id="309956341" visible="true" version="1" changeset="681655" timestamp="2008-11-04T21:52:32Z" user="fik" uid="73797" lat="49.3118752" lon="14.1494052"/>
 <node id="309956342" visible="true" version="1" changeset="681655" timestamp="2008-11-04T21:52:33Z" user="fik" uid="73797" lat="49.3113051" lon="14.1489647"/>
 <node id="309956343" visible="true" version="1" changeset="681655" timestamp="2008-11-04T21:52:34Z" user="fik" uid="73797" lat="49.3109035" lon="14.1487380"/>
 <node id="309956344" visible="true" version="1" changeset="681655" timestamp="2008-11-04T21:52:34Z" user="fik" uid="73797" lat="49.3105602" lon="14.1486473"/>
 <node id="309956346" visible="true" version="1" changeset="681655" timestamp="2008-11-04T21:52:35Z" user="fik" uid="73797" lat="49.3102751" lon="14.1486084"/>
 <node id="309956352" visible="true" version="1" changeset="681655" timestamp="2008-11-04T21:52:38Z" user="fik" uid="73797" lat="49.3071981" lon="14.1512579"/>
 <node id="310132615" visible="true" version="1" changeset="690642" timestamp="2008-11-05T21:08:34Z" user="fik" uid="73797" lat="49.3126907" lon="14.1455861"/>
 <node id="310132617" visible="true" version="1" changeset="690642" timestamp="2008-11-05T21:08:35Z" user="fik" uid="73797" lat="49.3119750" lon="14.1458565"/>
 <node id="310132705" visible="true" version="1" changeset="690642" timestamp="2008-11-05T21:08:59Z" user="fik" uid="73797" lat="49.3051782" lon="14.1534291">
  <tag k="highway" v="traffic_signals"/>
 </node>
 <node id="310132713" visible="true" version="1" changeset="690642" timestamp="2008-11-05T21:09:02Z" user="fik" uid="73797" lat="49.3096736" lon="14.1570344"/>
 <node id="310132716" visible="true" version="1" changeset="690642" timestamp="2008-11-05T21:09:03Z" user="fik" uid="73797" lat="49.3111646" lon="14.1577910"/>
 <node id="310132727" visible="true" version="1" changeset="690642" timestamp="2008-11-05T21:09:08Z" user="fik" uid="73797" lat="49.3056545" lon="14.1523209"/>
 <node id="310132735" visible="true" version="1" changeset="690642" timestamp="2008-11-05T21:09:08Z" user="fik" uid="73797" lat="49.3054230" lon="14.1527126"/>
 <node id="310132741" visible="true" version="1" changeset="690642" timestamp="2008-11-05T21:09:09Z" user="fik" uid="73797" lat="49.3047999" lon="14.1545819"/>
 <node id="310132747" visible="true" version="1" changeset="690642" timestamp="2008-11-05T21:09:09Z" user="fik" uid="73797" lat="49.3047109" lon="14.1551338"/>
 <node id="310132750" visible="true" version="1" changeset="690642" timestamp="2008-11-05T21:09:10Z" user="fik" uid="73797" lat="49.3046219" lon="14.1559528"/>
 <node id="310132751" visible="true" version="1" changeset="690642" timestamp="2008-11-05T21:09:11Z" user="fik" uid="73797" lat="49.3044438" lon="14.1565759"/>
 <node id="310132754" visible="true" version="1" changeset="690642" timestamp="2008-11-05T21:09:11Z" user="fik" uid="73797" lat="49.3042302" lon="14.1570744"/>
 <node id="310138748" visible="true" version="2" changeset="693285" timestamp="2008-11-06T13:48:51Z" user="fik" uid="73797" lat="49.3074704" lon="14.1612753"/>
 <node id="310138752" visible="true" version="2" changeset="6913906" timestamp="2011-01-09T11:33:55Z" user="wopixe" uid="19173" lat="49.3097050" lon="14.1555563"/>
 <node id="310138756" visible="true" version="1" changeset="690642" timestamp="2008-11-05T21:57:13Z" user="fik" uid="73797" lat="49.3096560" lon="14.1562020"/>
 <node id="310138759" visible="true" version="1" changeset="690642" timestamp="2008-11-05T21:57:14Z" user="fik" uid="73797" lat="49.3096846" lon="14.1590235"/>
 <node id="310138762" visible="true" version="1" changeset="690642" timestamp="2008-11-05T21:57:14Z" user="fik" uid="73797" lat="49.3097037" lon="14.1609205"/>
 <node id="310138766" visible="true" version="2" changeset="6913906" timestamp="2011-01-09T11:33:51Z" user="wopixe" uid="19173" lat="49.3098038" lon="14.1547053"/>
 <node id="310138788" visible="true" version="1" changeset="690642" timestamp="2008-11-05T21:57:18Z" user="fik" uid="73797" lat="49.3069393" lon="14.1500917"/>
 <node id="310138790" visible="true" version="1" changeset="690642" timestamp="2008-11-05T21:57:18Z" user="fik" uid="73797" lat="49.3072348" lon="14.1503777"/>
 <node id="310138793" visible="true" version="1" changeset="690642" timestamp="2008-11-05T21:57:19Z" user="fik" uid="73797" lat="49.3074254" lon="14.1504826"/>
 <node id="310138796" visible="true" version="1" changeset="690642" timestamp="2008-11-05T21:57:20Z" user="fik" uid="73797" lat="49.3077877" lon="14.1505493"/>
 <node id="310138800" visible="true" version="3" changeset="787522" timestamp="2008-11-24T14:19:57Z" user="fik" uid="73797" lat="49.3084583" lon="14.1505987"/>
 <node id="310138806" visible="true" version="2" changeset="731854" timestamp="2008-11-10T12:20:47Z" user="fik" uid="73797" lat="49.3070653" lon="14.1509200"/>
 <node id="310138807" visible="true" version="2" changeset="731854" timestamp="2008-11-10T12:20:46Z" user="fik" uid="73797" lat="49.3083977" lon="14.1510974"/>
 <node id="310138809" visible="true" version="1" changeset="690642" timestamp="2008-11-05T21:57:23Z" user="fik" uid="73797" lat="49.3069774" lon="14.1511784"/>
 <node id="310138810" visible="true" version="3" changeset="787522" timestamp="2008-11-24T14:19:58Z" user="fik" uid="73797" lat="49.3085485" lon="14.1497705"/>
 <node id="310138811" visible="true" version="1" changeset="690642" timestamp="2008-11-05T21:57:24Z" user="fik" uid="73797" lat="49.3083405" lon="14.1514072"/>
 <node id="310138812" visible="true" version="5" changeset="39323663" timestamp="2016-05-15T03:08:44Z" user="Michal Vinárek" uid="3108884" lat="49.3077647" lon="14.1494817"/>
 <node id="310138813" visible="true" version="2" changeset="741014" timestamp="2008-11-12T21:32:10Z" user="fik" uid="73797" lat="49.3078835" lon="14.1495642"/>
 <node id="310138814" visible="true" version="1" changeset="690642" timestamp="2008-11-05T21:57:26Z" user="fik" uid="73797" lat="49.3086074" lon="14.1492529"/>
 <node id="310138816" visible="true" version="3" changeset="39323663" timestamp="2016-05-15T03:08:45Z" user="Michal Vinárek" uid="3108884" lat="49.3078487" lon="14.1490013"/>
 <node id="310138817" visible="true" version="2" changeset="741014" timestamp="2008-11-12T21:32:46Z" user="fik" uid="73797" lat="49.3090316" lon="14.1480261"/>
 <node id="310138818" visible="true" version="2" changeset="741014" timestamp="2008-11-12T21:32:41Z" user="fik" uid="73797" lat="49.3087528" lon="14.1493035"/>
 <node id="310138823" visible="true" version="2" changeset="741014" timestamp="2008-11-12T22:15:09Z" user="fik" uid="73797" lat="49.3098134" lon="14.1467648"/>
 <node id="310138825" visible="true" version="2" changeset="693285" timestamp="2008-11-06T13:48:52Z" user="fik" uid="73797" lat="49.3091786" lon="14.1473278"/>
 <node id="310138826" visible="true" version="3" changeset="39230952" timestamp="2016-05-11T01:27:30Z" user="Michal Vinárek" uid="3108884" lat="49.3075997" lon="14.1471441"/>
 <node id="310138842" visible="true" version="1" changeset="690642" timestamp="2008-11-05T21:57:34Z" user="fik" uid="73797" lat="49.3079639" lon="14.1490455"/>
 <node id="310210103" visible="true" version="3" changeset="39230952" timestamp="2016-05-11T01:27:30Z" user="Michal Vinárek" uid="3108884" lat="49.3088982" lon="14.1476704"/>
 <node id="310210104" visible="true" version="4" changeset="39230952" timestamp="2016-05-11T01:27:30Z" user="Michal Vinárek" uid="3108884" lat="49.3076643" lon="14.1472294"/>
 <node id="310210105" visible="true" version="4" changeset="39323875" timestamp="2016-05-15T03:56:53Z" user="Michal Vinárek" uid="3108884" lat="49.3076167" lon="14.1474889"/>
 <node id="310210106" visible="true" version="2" changeset="32996634" timestamp="2015-07-30T23:54:45Z" user="Michal Vinárek" uid="3108884" lat="49.3088473" lon="14.1479192"/>
 <node id="310210211" visible="true" version="1" changeset="693285" timestamp="2008-11-06T13:44:52Z" user="fik" uid="73797" lat="49.3080976" lon="14.1611757"/>
 <node id="310210216" visible="true" version="1" changeset="693285" timestamp="2008-11-06T13:44:53Z" user="fik" uid="73797" lat="49.3038209" lon="14.1589854"/>
 <node id="310210217" visible="true" version="1" changeset="693285" timestamp="2008-11-06T13:44:53Z" user="fik" uid="73797" lat="49.3037612" lon="14.1610300"/>
 <node id="310210218" visible="true" version="1" changeset="693285" timestamp="2008-11-06T13:44:53Z" user="fik" uid="73797" lat="49.3036716" lon="14.1618209"/>
 <node id="310210219" visible="true" version="2" changeset="14560184" timestamp="2013-01-07T09:43:41Z" user="Karl Von Bahnhoff" uid="520972" lat="49.3036010" lon="14.1619716"/>
 <node id="310210268" visible="true" version="1" changeset="693285" timestamp="2008-11-06T13:45:27Z" user="fik" uid="73797" lat="49.3058093" lon="14.1483712"/>
 <node id="310210311" visible="true" version="1" changeset="693285" timestamp="2008-11-06T13:45:49Z" user="fik" uid="73797" lat="49.3059241" lon="14.1464381"/>
 <node id="310210312" visible="true" version="2" changeset="15804498" timestamp="2013-04-20T22:34:44Z" user="BiIbo" uid="3516" lat="49.3059034" lon="14.1496572"/>
 <node id="310210343" visible="true" version="1" changeset="693285" timestamp="2008-11-06T13:46:03Z" user="fik" uid="73797" lat="49.3058016" lon="14.1486430"/>
 <node id="310210381" visible="true" version="2" changeset="32836291" timestamp="2015-07-23T20:21:06Z" user="Karl Von Bahnhoff" uid="520972" lat="49.3061801" lon="14.1461798"/>
 <node id="310210382" visible="true" version="4" changeset="32836291" timestamp="2015-07-23T20:21:06Z" user="Karl Von Bahnhoff" uid="520972" lat="49.3064491" lon="14.1460609"/>
 <node id="310210385" visible="true" version="3" changeset="32836291" timestamp="2015-07-23T20:21:06Z" user="Karl Von Bahnhoff" uid="520972" lat="49.3080820" lon="14.1462769"/>
 <node id="311042330" visible="true" version="2" changeset="790123" timestamp="2008-11-24T20:48:44Z" user="fik" uid="73797" lat="49.3067331" lon="14.1508130"/>
 <node id="311042331" visible="true" version="1" changeset="731854" timestamp="2008-11-10T12:17:30Z" user="fik" uid="73797" lat="49.3066949" lon="14.1509198"/>
 <node id="311042332" visible="true" version="1" changeset="731854" timestamp="2008-11-10T12:17:31Z" user="fik" uid="73797" lat="49.3070765" lon="14.1510232"/>
 <node id="311042333" visible="true" version="1" changeset="731854" timestamp="2008-11-10T12:17:31Z" user="fik" uid="73797" lat="49.3083169" lon="14.1512113"/>
 <node id="311042334" visible="true" version="2" changeset="790123" timestamp="2008-11-24T20:48:45Z" user="fik" uid="73797" lat="49.3083077" lon="14.1510816"/>
 <node id="311042347" visible="true" version="2" changeset="790123" timestamp="2008-11-24T20:48:46Z" user="fik" uid="73797" lat="49.3070659" lon="14.1509052"/>
 <node id="311042525" visible="true" version="5" changeset="33788731" timestamp="2015-09-04T08:59:12Z" user="Karl Von Bahnhoff" uid="520972" lat="49.3098147" lon="14.1448895">
  <tag k="barrier" v="cycle_barrier"/>
 </node>
 <node id="311042740" visible="true" version="3" changeset="790123" timestamp="2008-11-24T20:48:43Z" user="fik" uid="73797" lat="49.3100925" lon="14.1465858"/>
 <node id="311042742" visible="true" version="4" changeset="790123" timestamp="2008-11-24T20:48:43Z" user="fik" uid="73797" lat="49.3099822" lon="14.1469473"/>
 <node id="311042743" visible="true" version="3" changeset="787522" timestamp="2008-11-24T14:19:56Z" user="fik" uid="73797" lat="49.3099242" lon="14.1470521"/>
 <node id="311042744" visible="true" version="1" changeset="731854" timestamp="2008-11-10T12:19:03Z" user="fik" uid="73797" lat="49.3094807" lon="14.1483457"/>
 <node id="311042745" visible="true" version="3" changeset="790123" timestamp="2008-11-24T20:48:42Z" user="fik" uid="73797" lat="49.3086411" lon="14.1513464"/>
 <node id="311042746" visible="true" version="3" changeset="36347889" timestamp="2016-01-03T21:27:32Z" user="Michal Vinárek" uid="3108884" lat="49.3092970" lon="14.1515041"/>
 <node id="311042747" visible="true" version="3" changeset="36347889" timestamp="2016-01-03T21:27:32Z" user="Michal Vinárek" uid="3108884" lat="49.3095035" lon="14.1510434"/>
 <node id="311042748" visible="true" version="3" changeset="36347889" timestamp="2016-01-03T21:27:32Z" user="Michal Vinárek" uid="3108884" lat="49.3101892" lon="14.1481460"/>
 <node id="311042749" visible="true" version="3" changeset="36347889" timestamp="2016-01-03T21:27:32Z" user="Michal Vinárek" uid="3108884" lat="49.3102825" lon="14.1473847"/>
 <node id="311042750" visible="true" version="1" changeset="731854" timestamp="2008-11-10T12:19:05Z" user="fik" uid="73797" lat="49.3101443" lon="14.1470343"/>
 <node id="311042751" visible="true" version="1" changeset="731854" timestamp="2008-11-10T12:19:06Z" user="fik" uid="73797" lat="49.3089271" lon="14.1510784"/>
 <node id="311042752" visible="true" version="1" changeset="731854" timestamp="2008-11-10T12:19:06Z" user="fik" uid="73797" lat="49.3086209" lon="14.1511059"/>
 <node id="311042753" visible="true" version="2" changeset="11675370" timestamp="2012-05-22T20:07:24Z" user="Karl Von Bahnhoff" uid="520972" lat="49.3085804" lon="14.1512434"/>
 <node id="311042754" visible="true" version="2" changeset="8642251" timestamp="2011-07-05T19:37:59Z" user="m4rtink" uid="334334" lat="49.3085502" lon="14.1514318">
  <tag k="highway" v="crossing"/>
 </node>
 <node id="311042755" visible="true" version="3" changeset="42689596" timestamp="2016-10-06T16:39:49Z" user="gorn" uid="10353" lat="49.3102377" lon="14.1468818"/>
 <node id="311042757" visible="true" version="2" changeset="3186045" timestamp="2009-11-22T13:57:51Z" user="Petr Dlouhý" uid="17615" lat="49.3100209" lon="14.1485629"/>
 <node id="311042759" visible="true" version="2" changeset="33027314" timestamp="2015-08-01T09:59:49Z" user="Minimalis" uid="665336" lat="49.3093655" lon="14.1512779"/>
 <node id="311042761" visible="true" version="1" changeset="731854" timestamp="2008-11-10T12:19:10Z" user="fik" uid="73797" lat="49.3090960" lon="14.1504934"/>
 <node id="311042762" visible="true" version="2" changeset="33027314" timestamp="2015-08-01T09:59:49Z" user="Minimalis" uid="665336" lat="49.3092273" lon="14.1514103"/>
 <node id="311042763" visible="true" version="2" changeset="36347889" timestamp="2016-01-03T21:27:32Z" user="Michal Vinárek" uid="3108884" lat="49.3087289" lon="14.1514095"/>
 <node id="311042764" visible="true" version="3" changeset="11665038" timestamp="2012-05-21T18:55:52Z" user="Karl Von Bahnhoff" uid="520972" lat="49.3091992" lon="14.1495013"/>
 <node id="311049485" visible="true" version="5" changeset="39230219" timestamp="2016-05-10T23:17:13Z" user="Michal Vinárek" uid="3108884" lat="49.3098875" lon="14.1485924"/>
 <node id="311049489" visible="true" version="5" changeset="39230219" timestamp="2016-05-10T23:17:14Z" user="Michal Vinárek" uid="3108884" lat="49.3098918" lon="14.1486424"/>
 <node id="311049492" visible="true" version="4" changeset="39230219" timestamp="2016-05-10T23:17:11Z" user="Michal Vinárek" uid="3108884" lat="49.3098677" lon="14.1486758"/>
 <node id="311049494" visible="true" version="4" changeset="39230219" timestamp="2016-05-10T23:17:12Z" user="Michal Vinárek" uid="3108884" lat="49.3098264" lon="14.1486439"/>
 <node id="311049499" visible="true" version="5" changeset="39230219" timestamp="2016-05-10T23:17:13Z" user="Michal Vinárek" uid="3108884" lat="49.3098294" lon="14.1485945"/>
 <node id="311049504" visible="true" version="5" changeset="39230219" timestamp="2016-05-10T23:17:13Z" user="Michal Vinárek" uid="3108884" lat="49.3098581" lon="14.1485698"/>
 <node id="311049509" visible="true" version="2" changeset="1983900" timestamp="2009-07-30T12:01:43Z" user="fik" uid="73797" lat="49.3097324" lon="14.1489844">
  <tag k="historic" v="memorial"/>
  <tag k="name" v="František Palacký"/>
 </node>
 <node id="313509459" visible="true" version="3" changeset="37140936" timestamp="2016-02-11T08:05:01Z" user="JandaM" uid="2169558" lat="49.3087034" lon="14.1461894"/>
 <node id="313509461" visible="true" version="3" changeset="37140936" timestamp="2016-02-11T08:05:01Z" user="JandaM" uid="2169558" lat="49.3081308" lon="14.1463037"/>
 <node id="313509462" visible="true" version="3" changeset="37140936" timestamp="2016-02-11T08:05:01Z" user="JandaM" uid="2169558" lat="49.3080776" lon="14.1467345"/>
 <node id="313509463" visible="true" version="3" changeset="37140936" timestamp="2016-02-11T08:05:01Z" user="JandaM" uid="2169558" lat="49.3082054" lon="14.1467522"/>
 <node id="313509465" visible="true" version="4" changeset="39204955" timestamp="2016-05-10T02:30:20Z" user="Michal Vinárek" uid="3108884" lat="49.3082335" lon="14.1467113"/>
 <node id="313509467" visible="true" version="4" changeset="39204955" timestamp="2016-05-10T02:30:20Z" user="Michal Vinárek" uid="3108884" lat="49.3082522" lon="14.1467096"/>
 <node id="313509468" visible="true" version="3" changeset="37140936" timestamp="2016-02-11T08:05:01Z" user="JandaM" uid="2169558" lat="49.3085177" lon="14.1465929"/>
 <node id="313509472" visible="true" version="3" changeset="37140936" timestamp="2016-02-11T08:05:01Z" user="JandaM" uid="2169558" lat="49.3085074" lon="14.1464726"/>
 <node id="313509473" visible="true" version="3" changeset="37140936" timestamp="2016-02-11T08:05:01Z" user="JandaM" uid="2169558" lat="49.3085959" lon="14.1464525"/>
 <node id="313509479" visible="true" version="3" changeset="37140936" timestamp="2016-02-11T08:05:01Z" user="JandaM" uid="2169558" lat="49.3087630" lon="14.1465804"/>
 <node id="313509485" visible="true" version="3" changeset="37140936" timestamp="2016-02-11T08:05:01Z" user="JandaM" uid="2169558" lat="49.3087187" lon="14.1463741"/>
 <node id="313509496" visible="true" version="3" changeset="37140936" timestamp="2016-02-11T08:05:01Z" user="JandaM" uid="2169558" lat="49.3089542" lon="14.1464132"/>
 <node id="313509510" visible="true" version="3" changeset="37140936" timestamp="2016-02-11T08:05:01Z" user="JandaM" uid="2169558" lat="49.3089111" lon="14.1472167"/>
 <node id="313509528" visible="true" version="2" changeset="37140936" timestamp="2016-02-11T08:05:01Z" user="JandaM" uid="2169558" lat="49.3090855" lon="14.1466408"/>
 <node id="313509541" visible="true" version="3" changeset="37140936" timestamp="2016-02-11T08:05:01Z" user="JandaM" uid="2169558" lat="49.3093872" lon="14.1465104"/>
 <node id="313509544" visible="true" version="3" changeset="37140936" timestamp="2016-02-11T08:05:01Z" user="JandaM" uid="2169558" lat="49.3096472" lon="14.1465154"/>
 <node id="313509556" visible="true" version="3" changeset="37140936" timestamp="2016-02-11T08:05:01Z" user="JandaM" uid="2169558" lat="49.3097354" lon="14.1467818"/>
 <node id="313509568" visible="true" version="4" changeset="37140936" timestamp="2016-02-11T08:05:01Z" user="JandaM" uid="2169558" lat="49.3095009" lon="14.1467156"/>
 <node id="313509575" visible="true" version="3" changeset="37140936" timestamp="2016-02-11T08:05:01Z" user="JandaM" uid="2169558" lat="49.3095957" lon="14.1466722"/>
 <node id="313509576" visible="true" version="3" changeset="37140936" timestamp="2016-02-11T08:05:01Z" user="JandaM" uid="2169558" lat="49.3095845" lon="14.1466056"/>
 <node id="313509579" visible="true" version="3" changeset="37140936" timestamp="2016-02-11T08:05:01Z" user="JandaM" uid="2169558" lat="49.3094624" lon="14.1465594"/>
 <node id="313509580" visible="true" version="3" changeset="37140936" timestamp="2016-02-11T08:05:01Z" user="JandaM" uid="2169558" lat="49.3094721" lon="14.1464548"/>
 <node id="313509583" visible="true" version="3" changeset="37140936" timestamp="2016-02-11T08:05:01Z" user="JandaM" uid="2169558" lat="49.3087561" lon="14.1463806"/>
 <node id="313509584" visible="true" version="3" changeset="37140936" timestamp="2016-02-11T08:05:01Z" user="JandaM" uid="2169558" lat="49.3087985" lon="14.1465802"/>
 <node id="313509585" visible="true" version="3" changeset="37140936" timestamp="2016-02-11T08:05:01Z" user="JandaM" uid="2169558" lat="49.3089359" lon="14.1466079"/>
 <node id="313509587" visible="true" version="3" changeset="37140936" timestamp="2016-02-11T08:05:01Z" user="JandaM" uid="2169558" lat="49.3088728" lon="14.1472228"/>
 <node id="313509588" visible="true" version="3" changeset="37140936" timestamp="2016-02-11T08:05:01Z" user="JandaM" uid="2169558" lat="49.3088850" lon="14.1474217"/>
 <node id="313509590" visible="true" version="3" changeset="37140936" timestamp="2016-02-11T08:05:01Z" user="JandaM" uid="2169558" lat="49.3086175" lon="14.1474392"/>
 <node id="313509591" visible="true" version="3" changeset="37140936" timestamp="2016-02-11T08:05:01Z" user="JandaM" uid="2169558" lat="49.3086320" lon="14.1472362"/>
 <node id="313509592" visible="true" version="3" changeset="37140936" timestamp="2016-02-11T08:05:01Z" user="JandaM" uid="2169558" lat="49.3090224" lon="14.1471173"/>
 <node id="313509594" visible="true" version="3" changeset="37140936" timestamp="2016-02-11T08:05:02Z" user="JandaM" uid="2169558" lat="49.3091240" lon="14.1466327"/>
 <node id="313509598" visible="true" version="3" changeset="37140936" timestamp="2016-02-11T08:05:02Z" user="JandaM" uid="2169558" lat="49.3093807" lon="14.1468311"/>
 <node id="313509601" visible="true" version="3" changeset="37140936" timestamp="2016-02-11T08:05:02Z" user="JandaM" uid="2169558" lat="49.3090968" lon="14.1472641"/>
 <node id="313509602" visible="true" version="4" changeset="37140936" timestamp="2016-02-11T08:05:02Z" user="JandaM" uid="2169558" lat="49.3095267" lon="14.1469258"/>
 <node id="313509603" visible="true" version="2" changeset="37140936" timestamp="2016-02-11T08:05:02Z" user="JandaM" uid="2169558" lat="49.3093846" lon="14.1465358"/>
 <node id="313509605" visible="true" version="3" changeset="37140936" timestamp="2016-02-11T08:05:02Z" user="JandaM" uid="2169558" lat="49.3093685" lon="14.1466975"/>
 <node id="313509606" visible="true" version="3" changeset="37140936" timestamp="2016-02-11T08:05:02Z" user="JandaM" uid="2169558" lat="49.3086882" lon="14.1471228"/>
 <node id="313509609" visible="true" version="3" changeset="37140936" timestamp="2016-02-11T08:05:02Z" user="JandaM" uid="2169558" lat="49.3086173" lon="14.1474347"/>
 <node id="313509612" visible="true" version="4" changeset="39204955" timestamp="2016-05-10T02:30:20Z" user="Michal Vinárek" uid="3108884" lat="49.3085912" lon="14.1470810"/>
 <node id="313509635" visible="true" version="3" changeset="39323663" timestamp="2016-05-15T03:08:44Z" user="Michal Vinárek" uid="3108884" lat="49.3079920" lon="14.1472315"/>
 <node id="313509655" visible="true" version="3" changeset="37140936" timestamp="2016-02-11T08:05:02Z" user="JandaM" uid="2169558" lat="49.3079385" lon="14.1490888"/>
 <node id="313509656" visible="true" version="2" changeset="37140936" timestamp="2016-02-11T08:05:02Z" user="JandaM" uid="2169558" lat="49.3079099" lon="14.1493186"/>
 <node id="313509657" visible="true" version="3" changeset="37140936" timestamp="2016-02-11T08:05:02Z" user="JandaM" uid="2169558" lat="49.3081639" lon="14.1492744"/>
 <node id="313509658" visible="true" version="3" changeset="37140936" timestamp="2016-02-11T08:05:02Z" user="JandaM" uid="2169558" lat="49.3081794" lon="14.1491629"/>
 <node id="313509660" visible="true" version="2" changeset="37140936" timestamp="2016-02-11T08:05:02Z" user="JandaM" uid="2169558" lat="49.3085421" lon="14.1493281"/>
 <node id="313509664" visible="true" version="3" changeset="37140936" timestamp="2016-02-11T08:05:02Z" user="JandaM" uid="2169558" lat="49.3084607" lon="14.1494856"/>
 <node id="313509665" visible="true" version="3" changeset="37140936" timestamp="2016-02-11T08:05:02Z" user="JandaM" uid="2169558" lat="49.3084669" lon="14.1494391"/>
 <node id="313509666" visible="true" version="3" changeset="37140936" timestamp="2016-02-11T08:05:02Z" user="JandaM" uid="2169558" lat="49.3083364" lon="14.1493983"/>
 <node id="313509667" visible="true" version="3" changeset="37140936" timestamp="2016-02-11T08:05:02Z" user="JandaM" uid="2169558" lat="49.3083594" lon="14.1492544"/>
 <node id="313509668" visible="true" version="3" changeset="37140936" timestamp="2016-02-11T08:05:02Z" user="JandaM" uid="2169558" lat="49.3081769" lon="14.1491809"/>
 <node id="313509669" visible="true" version="3" changeset="37140936" timestamp="2016-02-11T08:05:02Z" user="JandaM" uid="2169558" lat="49.3081564" lon="14.1493280"/>
 <node id="313509670" visible="true" version="3" changeset="37140936" timestamp="2016-02-11T08:05:02Z" user="JandaM" uid="2169558" lat="49.3083272" lon="14.1494555"/>
 <node id="313509672" visible="true" version="3" changeset="37140936" timestamp="2016-02-11T08:05:02Z" user="JandaM" uid="2169558" lat="49.3079150" lon="14.1493202"/>
 <node id="313509674" visible="true" version="3" changeset="37140936" timestamp="2016-02-11T08:05:02Z" user="JandaM" uid="2169558" lat="49.3080543" lon="14.1495388"/>
 <node id="313509675" visible="true" version="3" changeset="37140936" timestamp="2016-02-11T08:05:02Z" user="JandaM" uid="2169558" lat="49.3082464" lon="14.1494145"/>
 <node id="313509676" visible="true" version="3" changeset="37140936" timestamp="2016-02-11T08:05:02Z" user="JandaM" uid="2169558" lat="49.3082082" lon="14.1494572"/>
 <node id="313509677" visible="true" version="3" changeset="37140936" timestamp="2016-02-11T08:05:02Z" user="JandaM" uid="2169558" lat="49.3081892" lon="14.1495827"/>
 <node id="313509678" visible="true" version="3" changeset="37140936" timestamp="2016-02-11T08:05:02Z" user="JandaM" uid="2169558" lat="49.3083010" lon="14.1496188"/>
 <node id="313509680" visible="true" version="3" changeset="37140936" timestamp="2016-02-11T08:05:02Z" user="JandaM" uid="2169558" lat="49.3081071" lon="14.1494146"/>
 <node id="313509682" visible="true" version="3" changeset="37140936" timestamp="2016-02-11T08:05:02Z" user="JandaM" uid="2169558" lat="49.3082176" lon="14.1494016"/>
 <node id="313509704" visible="true" version="4" changeset="37140936" timestamp="2016-02-11T08:05:02Z" user="JandaM" uid="2169558" lat="49.3080050" lon="14.1477714"/>
 <node id="313509705" visible="true" version="3" changeset="37140936" timestamp="2016-02-11T08:05:02Z" user="JandaM" uid="2169558" lat="49.3079384" lon="14.1480918"/>
 <node id="313509706" visible="true" version="3" changeset="37140936" timestamp="2016-02-11T08:05:02Z" user="JandaM" uid="2169558" lat="49.3080649" lon="14.1481482"/>
 <node id="313509707" visible="true" version="3" changeset="37140936" timestamp="2016-02-11T08:05:02Z" user="JandaM" uid="2169558" lat="49.3081501" lon="14.1487220"/>
 <node id="313509708" visible="true" version="3" changeset="37140936" timestamp="2016-02-11T08:05:02Z" user="JandaM" uid="2169558" lat="49.3080890" lon="14.1490290"/>
 <node id="313509709" visible="true" version="4" changeset="37140936" timestamp="2016-02-11T08:05:02Z" user="JandaM" uid="2169558" lat="49.3079849" lon="14.1489766"/>
 <node id="313509710" visible="true" version="3" changeset="37140936" timestamp="2016-02-11T08:05:02Z" user="JandaM" uid="2169558" lat="49.3079935" lon="14.1489315"/>
 <node id="313509711" visible="true" version="4" changeset="37140936" timestamp="2016-02-11T08:05:02Z" user="JandaM" uid="2169558" lat="49.3080409" lon="14.1486681"/>
 <node id="313509712" visible="true" version="3" changeset="37140936" timestamp="2016-02-11T08:05:02Z" user="JandaM" uid="2169558" lat="49.3080916" lon="14.1485803"/>
 <node id="313509713" visible="true" version="3" changeset="37140936" timestamp="2016-02-11T08:05:02Z" user="JandaM" uid="2169558" lat="49.3081295" lon="14.1485920"/>
 <node id="313509714" visible="true" version="3" changeset="37140936" timestamp="2016-02-11T08:05:02Z" user="JandaM" uid="2169558" lat="49.3081315" lon="14.1485727"/>
 <node id="313509715" visible="true" version="3" changeset="37140936" timestamp="2016-02-11T08:05:02Z" user="JandaM" uid="2169558" lat="49.3081510" lon="14.1485782"/>
 <node id="313509716" visible="true" version="3" changeset="37140936" timestamp="2016-02-11T08:05:02Z" user="JandaM" uid="2169558" lat="49.3081253" lon="14.1487117"/>
 <node id="313509717" visible="true" version="3" changeset="37140936" timestamp="2016-02-11T08:05:02Z" user="JandaM" uid="2169558" lat="49.3082578" lon="14.1478768"/>
 <node id="313509718" visible="true" version="3" changeset="37140936" timestamp="2016-02-11T08:05:02Z" user="JandaM" uid="2169558" lat="49.3081719" lon="14.1485459"/>
 <node id="313509719" visible="true" version="3" changeset="37140936" timestamp="2016-02-11T08:05:02Z" user="JandaM" uid="2169558" lat="49.3080379" lon="14.1484896"/>
 <node id="313509721" visible="true" version="1" changeset="778498" timestamp="2008-11-21T15:01:05Z" user="fik" uid="73797" lat="49.3082884" lon="14.1477156"/>
 <node id="313509722" visible="true" version="1" changeset="778498" timestamp="2008-11-21T15:01:05Z" user="fik" uid="73797" lat="49.3081891" lon="14.1485830"/>
 <node id="313509723" visible="true" version="1" changeset="778498" timestamp="2008-11-21T15:01:05Z" user="fik" uid="73797" lat="49.3080958" lon="14.1490843"/>
 <node id="313509724" visible="true" version="2" changeset="37140936" timestamp="2016-02-11T08:05:02Z" user="JandaM" uid="2169558" lat="49.3089668" lon="14.1481284"/>
 <node id="313509726" visible="true" version="3" changeset="37140936" timestamp="2016-02-11T08:05:02Z" user="JandaM" uid="2169558" lat="49.3087658" lon="14.1485215"/>
 <node id="313509727" visible="true" version="3" changeset="37140936" timestamp="2016-02-11T08:05:02Z" user="JandaM" uid="2169558" lat="49.3087915" lon="14.1484112"/>
 <node id="313509728" visible="true" version="3" changeset="37140936" timestamp="2016-02-11T08:05:02Z" user="JandaM" uid="2169558" lat="49.3088333" lon="14.1484295"/>
 <node id="313509730" visible="true" version="3" changeset="37140936" timestamp="2016-02-11T08:05:02Z" user="JandaM" uid="2169558" lat="49.3088505" lon="14.1483477"/>
 <node id="313509731" visible="true" version="3" changeset="37140936" timestamp="2016-02-11T08:05:02Z" user="JandaM" uid="2169558" lat="49.3088396" lon="14.1483375"/>
 <node id="313509732" visible="true" version="3" changeset="37140936" timestamp="2016-02-11T08:05:02Z" user="JandaM" uid="2169558" lat="49.3088521" lon="14.1482723"/>
 <node id="313509733" visible="true" version="3" changeset="37140936" timestamp="2016-02-11T08:05:03Z" user="JandaM" uid="2169558" lat="49.3088336" lon="14.1482639"/>
 <node id="313509734" visible="true" version="3" changeset="37140936" timestamp="2016-02-11T08:05:03Z" user="JandaM" uid="2169558" lat="49.3088258" lon="14.1483214"/>
 <node id="313509737" visible="true" version="3" changeset="37140936" timestamp="2016-02-11T08:05:03Z" user="JandaM" uid="2169558" lat="49.3085434" lon="14.1486547"/>
 <node id="313509738" visible="true" version="4" changeset="37140936" timestamp="2016-02-11T08:05:03Z" user="JandaM" uid="2169558" lat="49.3084777" lon="14.1491632"/>
 <node id="313509740" visible="true" version="3" changeset="37140936" timestamp="2016-02-11T08:05:03Z" user="JandaM" uid="2169558" lat="49.3084636" lon="14.1486272"/>
 <node id="313509741" visible="true" version="3" changeset="37140936" timestamp="2016-02-11T08:05:03Z" user="JandaM" uid="2169558" lat="49.3083756" lon="14.1489083"/>
 <node id="313509742" visible="true" version="4" changeset="37140936" timestamp="2016-02-11T08:05:03Z" user="JandaM" uid="2169558" lat="49.3083153" lon="14.1488860"/>
 <node id="313509744" visible="true" version="3" changeset="37140936" timestamp="2016-02-11T08:05:03Z" user="JandaM" uid="2169558" lat="49.3083759" lon="14.1491232"/>
 <node id="313509745" visible="true" version="3" changeset="37140936" timestamp="2016-02-11T08:05:03Z" user="JandaM" uid="2169558" lat="49.3084208" lon="14.1488137"/>
 <node id="313509746" visible="true" version="3" changeset="37140936" timestamp="2016-02-11T08:05:03Z" user="JandaM" uid="2169558" lat="49.3083955" lon="14.1487872"/>
 <node id="313509748" visible="true" version="3" changeset="37140936" timestamp="2016-02-11T08:05:03Z" user="JandaM" uid="2169558" lat="49.3082853" lon="14.1478770"/>
 <node id="313509749" visible="true" version="3" changeset="37140936" timestamp="2016-02-11T08:05:03Z" user="JandaM" uid="2169558" lat="49.3082566" lon="14.1480533"/>
 <node id="313509752" visible="true" version="3" changeset="37140936" timestamp="2016-02-11T08:05:03Z" user="JandaM" uid="2169558" lat="49.3083143" lon="14.1482150"/>
 <node id="313509753" visible="true" version="3" changeset="37140936" timestamp="2016-02-11T08:05:03Z" user="JandaM" uid="2169558" lat="49.3082974" lon="14.1484023"/>
 <node id="313509754" visible="true" version="4" changeset="37140936" timestamp="2016-02-11T08:05:03Z" user="JandaM" uid="2169558" lat="49.3082490" lon="14.1483905"/>
 <node id="313509756" visible="true" version="3" changeset="37140936" timestamp="2016-02-11T08:05:03Z" user="JandaM" uid="2169558" lat="49.3088563" lon="14.1480719"/>
 <node id="313509765" visible="true" version="4" changeset="37140936" timestamp="2016-02-11T08:05:03Z" user="JandaM" uid="2169558" lat="49.3086857" lon="14.1481698"/>
 <node id="313509766" visible="true" version="3" changeset="32626791" timestamp="2015-07-14T12:38:15Z" user="JandaM" uid="2169558" lat="49.3086307" lon="14.1484777"/>
 <node id="313509769" visible="true" version="3" changeset="37140936" timestamp="2016-02-11T08:05:03Z" user="JandaM" uid="2169558" lat="49.3087106" lon="14.1483901"/>
 <node id="313509770" visible="true" version="4" changeset="37140936" timestamp="2016-02-11T08:05:03Z" user="JandaM" uid="2169558" lat="49.3087889" lon="14.1484255"/>
 <node id="313509771" visible="true" version="1" changeset="778498" timestamp="2008-11-21T15:01:15Z" user="fik" uid="73797" lat="49.3089733" lon="14.1531069"/>
 <node id="314288251" visible="true" version="3" changeset="37140936" timestamp="2016-02-11T08:05:03Z" user="JandaM" uid="2169558" lat="49.3100271" lon="14.1466127"/>
 <node id="314288255" visible="true" version="3" changeset="37140936" timestamp="2016-02-11T08:05:03Z" user="JandaM" uid="2169558" lat="49.3098759" lon="14.1467403"/>
 <node id="314288259" visible="true" version="3" changeset="37140936" timestamp="2016-02-11T08:05:03Z" user="JandaM" uid="2169558" lat="49.3099251" lon="14.1469144"/>
 <node id="314288262" visible="true" version="2" changeset="790123" timestamp="2008-11-24T20:49:52Z" user="fik" uid="73797" lat="49.3100534" lon="14.1469810"/>
 <node id="314288264" visible="true" version="3" changeset="37140936" timestamp="2016-02-11T08:05:03Z" user="JandaM" uid="2169558" lat="49.3099990" lon="14.1468321"/>
 <node id="314288276" visible="true" version="3" changeset="37140936" timestamp="2016-02-11T08:05:03Z" user="JandaM" uid="2169558" lat="49.3096358" lon="14.1474452"/>
 <node id="314288286" visible="true" version="3" changeset="37140936" timestamp="2016-02-11T08:05:03Z" user="JandaM" uid="2169558" lat="49.3096105" lon="14.1475228"/>
 <node id="314288291" visible="true" version="3" changeset="37140936" timestamp="2016-02-11T08:05:03Z" user="JandaM" uid="2169558" lat="49.3095823" lon="14.1475211"/>
 <node id="314288293" visible="true" version="3" changeset="37140936" timestamp="2016-02-11T08:05:03Z" user="JandaM" uid="2169558" lat="49.3094797" lon="14.1474426"/>
 <node id="314288295" visible="true" version="3" changeset="37140936" timestamp="2016-02-11T08:05:03Z" user="JandaM" uid="2169558" lat="49.3095100" lon="14.1473534"/>
 <node id="314288299" visible="true" version="3" changeset="37140936" timestamp="2016-02-11T08:05:03Z" user="JandaM" uid="2169558" lat="49.3095277" lon="14.1474830"/>
 <node id="314288306" visible="true" version="4" changeset="37140936" timestamp="2016-02-11T08:05:03Z" user="JandaM" uid="2169558" lat="49.3095729" lon="14.1472905"/>
 <node id="314288309" visible="true" version="3" changeset="37140936" timestamp="2016-02-11T08:05:03Z" user="JandaM" uid="2169558" lat="49.3093596" lon="14.1474329"/>
 <node id="314288319" visible="true" version="3" changeset="37140936" timestamp="2016-02-11T08:05:03Z" user="JandaM" uid="2169558" lat="49.3094086" lon="14.1472957"/>
 <node id="314288325" visible="true" version="2" changeset="37140936" timestamp="2016-02-11T08:05:03Z" user="JandaM" uid="2169558" lat="49.3096542" lon="14.1476597"/>
 <node id="314288332" visible="true" version="3" changeset="37140767" timestamp="2016-02-11T07:51:01Z" user="JandaM" uid="2169558" lat="49.3103552" lon="14.1462632"/>
 <node id="314288335" visible="true" version="3" changeset="37140767" timestamp="2016-02-11T07:51:01Z" user="JandaM" uid="2169558" lat="49.3104538" lon="14.1462156"/>
 <node id="314288339" visible="true" version="3" changeset="37140767" timestamp="2016-02-11T07:51:01Z" user="JandaM" uid="2169558" lat="49.3104622" lon="14.1462901"/>
 <node id="314288343" visible="true" version="3" changeset="37140767" timestamp="2016-02-11T07:51:01Z" user="JandaM" uid="2169558" lat="49.3103702" lon="14.1463111"/>
 <node id="314288350" visible="true" version="3" changeset="37140936" timestamp="2016-02-11T08:05:03Z" user="JandaM" uid="2169558" lat="49.3096990" lon="14.1469259"/>
 <node id="314288354" visible="true" version="3" changeset="37140936" timestamp="2016-02-11T08:05:03Z" user="JandaM" uid="2169558" lat="49.3097823" lon="14.1472040"/>
 <node id="314288357" visible="true" version="3" changeset="37140936" timestamp="2016-02-11T08:05:03Z" user="JandaM" uid="2169558" lat="49.3095387" lon="14.1472652"/>
 <node id="314288360" visible="true" version="3" changeset="37140936" timestamp="2016-02-11T08:05:03Z" user="JandaM" uid="2169558" lat="49.3094410" lon="14.1471907"/>
 <node id="314288363" visible="true" version="3" changeset="37140936" timestamp="2016-02-11T08:05:03Z" user="JandaM" uid="2169558" lat="49.3096245" lon="14.1472855"/>
 <node id="314288366" visible="true" version="3" changeset="37140936" timestamp="2016-02-11T08:05:03Z" user="JandaM" uid="2169558" lat="49.3096200" lon="14.1472612"/>
 <node id="314288369" visible="true" version="3" changeset="37140936" timestamp="2016-02-11T08:05:03Z" user="JandaM" uid="2169558" lat="49.3096532" lon="14.1472968"/>
 <node id="314288381" visible="true" version="3" changeset="37140936" timestamp="2016-02-11T08:05:03Z" user="JandaM" uid="2169558" lat="49.3097307" lon="14.1473996"/>
 <node id="314288389" visible="true" version="3" changeset="37140936" timestamp="2016-02-11T08:05:03Z" user="JandaM" uid="2169558" lat="49.3098233" lon="14.1470244"/>
 <node id="314288391" visible="true" version="3" changeset="37140936" timestamp="2016-02-11T08:05:03Z" user="JandaM" uid="2169558" lat="49.3097003" lon="14.1470959"/>
 <node id="314288395" visible="true" version="3" changeset="37140936" timestamp="2016-02-11T08:05:03Z" user="JandaM" uid="2169558" lat="49.3096404" lon="14.1473412"/>
 <node id="314288399" visible="true" version="3" changeset="37140936" timestamp="2016-02-11T08:05:03Z" user="JandaM" uid="2169558" lat="49.3098204" lon="14.1468374"/>
 <node id="314288402" visible="true" version="2" changeset="37140936" timestamp="2016-02-11T08:05:03Z" user="JandaM" uid="2169558" lat="49.3098358" lon="14.1469128"/>
 <node id="314288409" visible="true" version="3" changeset="37140936" timestamp="2016-02-11T08:05:03Z" user="JandaM" uid="2169558" lat="49.3098199" lon="14.1470417"/>
 <node id="314288413" visible="true" version="3" changeset="37140936" timestamp="2016-02-11T08:05:03Z" user="JandaM" uid="2169558" lat="49.3097036" lon="14.1469211"/>
 <node id="314288426" visible="true" version="3" changeset="37140936" timestamp="2016-02-11T08:05:03Z" user="JandaM" uid="2169558" lat="49.3099180" lon="14.1469227"/>
 <node id="314288595" visible="true" version="1" changeset="787522" timestamp="2008-11-24T14:18:55Z" user="fik" uid="73797" lat="49.3086140" lon="14.1497877"/>
 <node id="314288606" visible="true" version="4" changeset="37140936" timestamp="2016-02-11T08:05:03Z" user="JandaM" uid="2169558" lat="49.3090995" lon="14.1486019"/>
 <node id="314288646" visible="true" version="3" changeset="33027314" timestamp="2015-08-01T09:59:49Z" user="Minimalis" uid="665336" lat="49.3085809" lon="14.1502326"/>
 <node id="314288649" visible="true" version="3" changeset="32535439" timestamp="2015-07-10T06:37:05Z" user="JandaM" uid="2169558" lat="49.3087128" lon="14.1503130"/>
 <node id="314288655" visible="true" version="3" changeset="33027314" timestamp="2015-08-01T09:59:49Z" user="Minimalis" uid="665336" lat="49.3085724" lon="14.1502156"/>
 <node id="314288663" visible="true" version="3" changeset="33027314" timestamp="2015-08-01T09:59:49Z" user="Minimalis" uid="665336" lat="49.3086825" lon="14.1499465"/>
 <node id="314288665" visible="true" version="3" changeset="33027314" timestamp="2015-08-01T09:59:49Z" user="Minimalis" uid="665336" lat="49.3086078" lon="14.1499135"/>
 <node id="314288677" visible="true" version="3" changeset="37140936" timestamp="2016-02-11T08:05:03Z" user="JandaM" uid="2169558" lat="49.3084644" lon="14.1506571"/>
 <node id="314288684" visible="true" version="3" changeset="37140936" timestamp="2016-02-11T08:05:03Z" user="JandaM" uid="2169558" lat="49.3086430" lon="14.1505919"/>
 <node id="314288687" visible="true" version="1" changeset="787522" timestamp="2008-11-24T14:19:03Z" user="fik" uid="73797" lat="49.3087520" lon="14.1501460"/>
 <node id="314288691" visible="true" version="1" changeset="787522" timestamp="2008-11-24T14:19:03Z" user="fik" uid="73797" lat="49.3087637" lon="14.1500670"/>
 <node id="314288693" visible="true" version="3" changeset="33027314" timestamp="2015-08-01T09:59:49Z" user="Minimalis" uid="665336" lat="49.3086986" lon="14.1500061"/>
 <node id="314288697" visible="true" version="3" changeset="33027314" timestamp="2015-08-01T09:59:49Z" user="Minimalis" uid="665336" lat="49.3086812" lon="14.1501300"/>
 <node id="314288701" visible="true" version="3" changeset="33027314" timestamp="2015-08-01T09:59:49Z" user="Minimalis" uid="665336" lat="49.3087236" lon="14.1501467"/>
 <node id="314288704" visible="true" version="3" changeset="33027314" timestamp="2015-08-01T09:59:49Z" user="Minimalis" uid="665336" lat="49.3089228" lon="14.1502770"/>
 <node id="314288711" visible="true" version="2" changeset="800217" timestamp="2008-11-27T15:17:55Z" user="fik" uid="73797" lat="49.3086673" lon="14.1507324"/>
 <node id="314288714" visible="true" version="3" changeset="800217" timestamp="2008-11-27T15:17:55Z" user="fik" uid="73797" lat="49.3086590" lon="14.1507550"/>
 <node id="314288717" visible="true" version="3" changeset="37140936" timestamp="2016-02-11T08:05:03Z" user="JandaM" uid="2169558" lat="49.3087849" lon="14.1506697"/>
 <node id="314288722" visible="true" version="3" changeset="37140936" timestamp="2016-02-11T08:05:03Z" user="JandaM" uid="2169558" lat="49.3087346" lon="14.1508157"/>
 <node id="314288728" visible="true" version="3" changeset="37140936" timestamp="2016-02-11T08:05:03Z" user="JandaM" uid="2169558" lat="49.3085739" lon="14.1506561"/>
 <node id="314288734" visible="true" version="3" changeset="37140936" timestamp="2016-02-11T08:05:04Z" user="JandaM" uid="2169558" lat="49.3085966" lon="14.1507234"/>
 <node id="314288764" visible="true" version="3" changeset="33027314" timestamp="2015-08-01T09:59:49Z" user="Minimalis" uid="665336" lat="49.3084956" lon="14.1503722"/>
 <node id="314288778" visible="true" version="3" changeset="33027314" timestamp="2015-08-01T09:59:49Z" user="Minimalis" uid="665336" lat="49.3086021" lon="14.1505997"/>
 <node id="314288781" visible="true" version="3" changeset="33027314" timestamp="2015-08-01T09:59:49Z" user="Minimalis" uid="665336" lat="49.3084738" lon="14.1505694"/>
 <node id="314288787" visible="true" version="3" changeset="33027314" timestamp="2015-08-01T09:59:49Z" user="Minimalis" uid="665336" lat="49.3088241" lon="14.1504955"/>
 <node id="314288791" visible="true" version="3" changeset="33027314" timestamp="2015-08-01T09:59:49Z" user="Minimalis" uid="665336" lat="49.3088410" lon="14.1505078"/>
 <node id="314288809" visible="true" version="3" changeset="33027314" timestamp="2015-08-01T09:59:49Z" user="Minimalis" uid="665336" lat="49.3088503" lon="14.1503772"/>
 <node id="314288816" visible="true" version="3" changeset="33027314" timestamp="2015-08-01T09:59:49Z" user="Minimalis" uid="665336" lat="49.3086386" lon="14.1505895"/>
 <node id="314288821" visible="true" version="4" changeset="37140936" timestamp="2016-02-11T08:05:04Z" user="JandaM" uid="2169558" lat="49.3087266" lon="14.1504262"/>
 <node id="314288839" visible="true" version="3" changeset="33027314" timestamp="2015-08-01T09:59:49Z" user="Minimalis" uid="665336" lat="49.3088825" lon="14.1499860"/>
 <node id="314288846" visible="true" version="3" changeset="33027314" timestamp="2015-08-01T09:59:49Z" user="Minimalis" uid="665336" lat="49.3088392" lon="14.1500828"/>
 <node id="314288852" visible="true" version="3" changeset="33027314" timestamp="2015-08-01T09:59:49Z" user="Minimalis" uid="665336" lat="49.3086196" lon="14.1504609"/>
 <node id="314288859" visible="true" version="3" changeset="33027314" timestamp="2015-08-01T09:59:49Z" user="Minimalis" uid="665336" lat="49.3087115" lon="14.1504910"/>
 <node id="314288866" visible="true" version="3" changeset="33027314" timestamp="2015-08-01T09:59:49Z" user="Minimalis" uid="665336" lat="49.3089236" lon="14.1499756"/>
 <node id="314288868" visible="true" version="3" changeset="33027314" timestamp="2015-08-01T09:59:49Z" user="Minimalis" uid="665336" lat="49.3089007" lon="14.1500416"/>
 <node id="314288871" visible="true" version="3" changeset="33027314" timestamp="2015-08-01T09:59:49Z" user="Minimalis" uid="665336" lat="49.3088692" lon="14.1500427"/>
 <node id="314288874" visible="true" version="3" changeset="33027314" timestamp="2015-08-01T09:59:49Z" user="Minimalis" uid="665336" lat="49.3088116" lon="14.1501881"/>
 <node id="314288886" visible="true" version="3" changeset="33027314" timestamp="2015-08-01T09:59:49Z" user="Minimalis" uid="665336" lat="49.3088767" lon="14.1497293"/>
 <node id="314288890" visible="true" version="3" changeset="33027314" timestamp="2015-08-01T09:59:49Z" user="Minimalis" uid="665336" lat="49.3088535" lon="14.1497196"/>
 <node id="314288893" visible="true" version="3" changeset="33027314" timestamp="2015-08-01T09:59:49Z" user="Minimalis" uid="665336" lat="49.3088709" lon="14.1496238"/>
 <node id="314288894" visible="true" version="3" changeset="33027314" timestamp="2015-08-01T09:59:49Z" user="Minimalis" uid="665336" lat="49.3091373" lon="14.1496708"/>
 <node id="314288902" visible="true" version="3" changeset="33027314" timestamp="2015-08-01T09:59:49Z" user="Minimalis" uid="665336" lat="49.3088751" lon="14.1497402"/>
 <node id="314288905" visible="true" version="4" changeset="33027314" timestamp="2015-08-01T09:59:49Z" user="Minimalis" uid="665336" lat="49.3091995" lon="14.1494968"/>
 <node id="314288925" visible="true" version="3" changeset="33027314" timestamp="2015-08-01T09:59:49Z" user="Minimalis" uid="665336" lat="49.3089978" lon="14.1495994"/>
 <node id="314288977" visible="true" version="3" changeset="33027314" timestamp="2015-08-01T09:59:49Z" user="Minimalis" uid="665336" lat="49.3086874" lon="14.1498224"/>
 <node id="314288982" visible="true" version="3" changeset="33027314" timestamp="2015-08-01T09:59:49Z" user="Minimalis" uid="665336" lat="49.3090067" lon="14.1500376"/>
 <node id="314288987" visible="true" version="3" changeset="33027314" timestamp="2015-08-01T09:59:49Z" user="Minimalis" uid="665336" lat="49.3090692" lon="14.1498603"/>
 <node id="314288997" visible="true" version="3" changeset="33027314" timestamp="2015-08-01T09:59:49Z" user="Minimalis" uid="665336" lat="49.3089404" lon="14.1497828"/>
 <node id="314289003" visible="true" version="3" changeset="33027314" timestamp="2015-08-01T09:59:49Z" user="Minimalis" uid="665336" lat="49.3090480" lon="14.1494284"/>
 <node id="314289007" visible="true" version="3" changeset="33027314" timestamp="2015-08-01T09:59:49Z" user="Minimalis" uid="665336" lat="49.3087798" lon="14.1493531"/>
 <node id="314289017" visible="true" version="4" changeset="37140936" timestamp="2016-02-11T08:05:04Z" user="JandaM" uid="2169558" lat="49.3087382" lon="14.1495540"/>
 <node id="314289023" visible="true" version="3" changeset="33027314" timestamp="2015-08-01T09:59:49Z" user="Minimalis" uid="665336" lat="49.3088926" lon="14.1494671"/>
 <node id="314289025" visible="true" version="3" changeset="33027314" timestamp="2015-08-01T09:59:49Z" user="Minimalis" uid="665336" lat="49.3089896" lon="14.1494988"/>
 <node id="314306142" visible="true" version="2" changeset="33027314" timestamp="2015-08-01T09:59:49Z" user="Minimalis" uid="665336" lat="49.3084617" lon="14.1498142"/>
 <node id="314306150" visible="true" version="3" changeset="33027314" timestamp="2015-08-01T09:59:49Z" user="Minimalis" uid="665336" lat="49.3083657" lon="14.1501346"/>
 <node id="314306153" visible="true" version="3" changeset="33027314" timestamp="2015-08-01T09:59:49Z" user="Minimalis" uid="665336" lat="49.3083711" lon="14.1499949"/>
 <node id="314306157" visible="true" version="3" changeset="33027314" timestamp="2015-08-01T09:59:49Z" user="Minimalis" uid="665336" lat="49.3082470" lon="14.1501056"/>
 <node id="314306161" visible="true" version="2" changeset="800217" timestamp="2008-11-27T15:17:02Z" user="fik" uid="73797" lat="49.3084294" lon="14.1503453"/>
 <node id="314306164" visible="true" version="2" changeset="800217" timestamp="2008-11-27T15:17:02Z" user="fik" uid="73797" lat="49.3082967" lon="14.1504656"/>
 <node id="314306181" visible="true" version="3" changeset="33027314" timestamp="2015-08-01T09:59:49Z" user="Minimalis" uid="665336" lat="49.3082057" lon="14.1504488"/>
 <node id="314306184" visible="true" version="2" changeset="800217" timestamp="2008-11-27T15:17:06Z" user="fik" uid="73797" lat="49.3084056" lon="14.1505597"/>
 <node id="314306188" visible="true" version="3" changeset="33027314" timestamp="2015-08-01T09:59:49Z" user="Minimalis" uid="665336" lat="49.3081971" lon="14.1505339"/>
 <node id="314306192" visible="true" version="2" changeset="33027314" timestamp="2015-08-01T09:59:49Z" user="Minimalis" uid="665336" lat="49.3084378" lon="14.1501543"/>
 <node id="314306197" visible="true" version="4" changeset="33027314" timestamp="2015-08-01T09:59:49Z" user="Minimalis" uid="665336" lat="49.3083056" lon="14.1501212"/>
 <node id="314306203" visible="true" version="3" changeset="33027314" timestamp="2015-08-01T09:59:49Z" user="Minimalis" uid="665336" lat="49.3084178" lon="14.1503361"/>
 <node id="314306207" visible="true" version="3" changeset="33027314" timestamp="2015-08-01T09:59:49Z" user="Minimalis" uid="665336" lat="49.3080867" lon="14.1499115"/>
 <node id="314306213" visible="true" version="2" changeset="33027314" timestamp="2015-08-01T09:59:49Z" user="Minimalis" uid="665336" lat="49.3081155" lon="14.1497247"/>
 <node id="314306217" visible="true" version="2" changeset="33027314" timestamp="2015-08-01T09:59:49Z" user="Minimalis" uid="665336" lat="49.3082845" lon="14.1497766"/>
 <node id="314306221" visible="true" version="3" changeset="33027314" timestamp="2015-08-01T09:59:49Z" user="Minimalis" uid="665336" lat="49.3082302" lon="14.1502812"/>
 <node id="314306224" visible="true" version="4" changeset="33027314" timestamp="2015-08-01T09:59:49Z" user="Minimalis" uid="665336" lat="49.3081605" lon="14.1502551"/>
 <node id="314306227" visible="true" version="4" changeset="33027314" timestamp="2015-08-01T09:59:49Z" user="Minimalis" uid="665336" lat="49.3081998" lon="14.1499547"/>
 <node id="314306234" visible="true" version="2" changeset="790123" timestamp="2008-11-24T20:48:38Z" user="fik" uid="73797" lat="49.3080367" lon="14.1504124"/>
 <node id="314306237" visible="true" version="2" changeset="790123" timestamp="2008-11-24T20:48:37Z" user="fik" uid="73797" lat="49.3081375" lon="14.1504180"/>
 <node id="314306252" visible="true" version="3" changeset="800217" timestamp="2008-11-27T15:17:04Z" user="fik" uid="73797" lat="49.3080265" lon="14.1505195"/>
 <node id="314306315" visible="true" version="2" changeset="33027314" timestamp="2015-08-01T09:59:50Z" user="Minimalis" uid="665336" lat="49.3081068" lon="14.1497243"/>
 <node id="314426121" visible="true" version="1" changeset="790123" timestamp="2008-11-24T20:42:08Z" user="fik" uid="73797" lat="49.3076983" lon="14.1510248"/>
 <node id="314426125" visible="true" version="1" changeset="790123" timestamp="2008-11-24T20:42:10Z" user="fik" uid="73797" lat="49.3080589" lon="14.1506620"/>
 <node id="314426126" visible="true" version="1" changeset="790123" timestamp="2008-11-24T20:42:10Z" user="fik" uid="73797" lat="49.3081268" lon="14.1509034"/>
 <node id="314426127" visible="true" version="1" changeset="790123" timestamp="2008-11-24T20:42:11Z" user="fik" uid="73797" lat="49.3078784" lon="14.1508635"/>
 <node id="314426128" visible="true" version="1" changeset="790123" timestamp="2008-11-24T20:42:12Z" user="fik" uid="73797" lat="49.3079829" lon="14.1506652"/>
 <node id="314426129" visible="true" version="1" changeset="790123" timestamp="2008-11-24T20:42:12Z" user="fik" uid="73797" lat="49.3082445" lon="14.1510417"/>
 <node id="314426131" visible="true" version="1" changeset="790123" timestamp="2008-11-24T20:42:13Z" user="fik" uid="73797" lat="49.3082591" lon="14.1507691"/>
 <node id="314426133" visible="true" version="1" changeset="790123" timestamp="2008-11-24T20:42:13Z" user="fik" uid="73797" lat="49.3081360" lon="14.1508376"/>
 <node id="314426135" visible="true" version="1" changeset="790123" timestamp="2008-11-24T20:42:14Z" user="fik" uid="73797" lat="49.3081251" lon="14.1510207"/>
 <node id="314426137" visible="true" version="1" changeset="790123" timestamp="2008-11-24T20:42:14Z" user="fik" uid="73797" lat="49.3078747" lon="14.1507752"/>
 <node id="314426140" visible="true" version="1" changeset="790123" timestamp="2008-11-24T20:42:15Z" user="fik" uid="73797" lat="49.3079065" lon="14.1507748"/>
 <node id="314426142" visible="true" version="1" changeset="790123" timestamp="2008-11-24T20:42:16Z" user="fik" uid="73797" lat="49.3079059" lon="14.1507459"/>
 <node id="314426143" visible="true" version="1" changeset="790123" timestamp="2008-11-24T20:42:16Z" user="fik" uid="73797" lat="49.3079385" lon="14.1507472"/>
 <node id="314426144" visible="true" version="1" changeset="790123" timestamp="2008-11-24T20:42:17Z" user="fik" uid="73797" lat="49.3079387" lon="14.1507266"/>
 <node id="314426146" visible="true" version="1" changeset="790123" timestamp="2008-11-24T20:42:18Z" user="fik" uid="73797" lat="49.3079790" lon="14.1507255"/>
 <node id="314426148" visible="true" version="1" changeset="790123" timestamp="2008-11-24T20:42:18Z" user="fik" uid="73797" lat="49.3080606" lon="14.1506847"/>
 <node id="314426151" visible="true" version="1" changeset="790123" timestamp="2008-11-24T20:42:19Z" user="fik" uid="73797" lat="49.3081366" lon="14.1506866"/>
 <node id="314426155" visible="true" version="1" changeset="790123" timestamp="2008-11-24T20:42:20Z" user="fik" uid="73797" lat="49.3082147" lon="14.1508384"/>
 <node id="314426157" visible="true" version="1" changeset="790123" timestamp="2008-11-24T20:42:20Z" user="fik" uid="73797" lat="49.3082181" lon="14.1507682"/>
 <node id="314426158" visible="true" version="1" changeset="790123" timestamp="2008-11-24T20:42:21Z" user="fik" uid="73797" lat="49.3083776" lon="14.1509377"/>
 <node id="314426159" visible="true" version="1" changeset="790123" timestamp="2008-11-24T20:42:22Z" user="fik" uid="73797" lat="49.3082753" lon="14.1506373"/>
 <node id="314426160" visible="true" version="1" changeset="790123" timestamp="2008-11-24T20:42:22Z" user="fik" uid="73797" lat="49.3084084" lon="14.1506710"/>
 <node id="314426161" visible="true" version="1" changeset="790123" timestamp="2008-11-24T20:42:23Z" user="fik" uid="73797" lat="49.3082568" lon="14.1509251"/>
 <node id="314426163" visible="true" version="1" changeset="790123" timestamp="2008-11-24T20:42:24Z" user="fik" uid="73797" lat="49.3082632" lon="14.1507311"/>
 <node id="314426164" visible="true" version="1" changeset="790123" timestamp="2008-11-24T20:42:25Z" user="fik" uid="73797" lat="49.3083273" lon="14.1507343"/>
 <node id="314426165" visible="true" version="1" changeset="790123" timestamp="2008-11-24T20:42:25Z" user="fik" uid="73797" lat="49.3082564" lon="14.1508862"/>
 <node id="314426167" visible="true" version="1" changeset="790123" timestamp="2008-11-24T20:42:26Z" user="fik" uid="73797" lat="49.3083177" lon="14.1508961"/>
 <node id="314426175" visible="true" version="1" changeset="790123" timestamp="2008-11-24T20:42:26Z" user="fik" uid="73797" lat="49.3082559" lon="14.1507543"/>
 <node id="314426177" visible="true" version="1" changeset="790123" timestamp="2008-11-24T20:42:27Z" user="fik" uid="73797" lat="49.3081406" lon="14.1507449"/>
 <node id="314426178" visible="true" version="1" changeset="790123" timestamp="2008-11-24T20:42:28Z" user="fik" uid="73797" lat="49.3081439" lon="14.1506790"/>
 <node id="314426180" visible="true" version="1" changeset="790123" timestamp="2008-11-24T20:42:28Z" user="fik" uid="73797" lat="49.3082608" lon="14.1506855"/>
 <node id="314426708" visible="true" version="1" changeset="790123" timestamp="2008-11-24T20:44:26Z" user="fik" uid="73797" lat="49.3077346" lon="14.1510494"/>
 <node id="314426716" visible="true" version="2" changeset="33027314" timestamp="2015-08-01T09:59:50Z" user="Minimalis" uid="665336" lat="49.3083228" lon="14.1499854"/>
 <node id="314426717" visible="true" version="2" changeset="33027314" timestamp="2015-08-01T09:59:50Z" user="Minimalis" uid="665336" lat="49.3083091" lon="14.1500780"/>
 <node id="314426782" visible="true" version="2" changeset="37140936" timestamp="2016-02-11T08:05:04Z" user="JandaM" uid="2169558" lat="49.3081522" lon="14.1492707"/>
 <node id="314426784" visible="true" version="2" changeset="37140936" timestamp="2016-02-11T08:05:04Z" user="JandaM" uid="2169558" lat="49.3081379" lon="14.1493646"/>
 <node id="314426788" visible="true" version="2" changeset="37140936" timestamp="2016-02-11T08:05:04Z" user="JandaM" uid="2169558" lat="49.3080785" lon="14.1493719"/>
 <node id="314426789" visible="true" version="2" changeset="37140936" timestamp="2016-02-11T08:05:04Z" user="JandaM" uid="2169558" lat="49.3080145" lon="14.1491065"/>
 <node id="314426790" visible="true" version="2" changeset="37140936" timestamp="2016-02-11T08:05:04Z" user="JandaM" uid="2169558" lat="49.3082725" lon="14.1494787"/>
 <node id="314426791" visible="true" version="2" changeset="37140936" timestamp="2016-02-11T08:05:04Z" user="JandaM" uid="2169558" lat="49.3082766" lon="14.1494555"/>
 <node id="314426793" visible="true" version="2" changeset="37140936" timestamp="2016-02-11T08:05:04Z" user="JandaM" uid="2169558" lat="49.3082642" lon="14.1494504"/>
 <node id="314426794" visible="true" version="2" changeset="37140936" timestamp="2016-02-11T08:05:04Z" user="JandaM" uid="2169558" lat="49.3082680" lon="14.1494289"/>
 <node id="314426795" visible="true" version="2" changeset="37140936" timestamp="2016-02-11T08:05:04Z" user="JandaM" uid="2169558" lat="49.3080680" lon="14.1494403"/>
 <node id="314426799" visible="true" version="2" changeset="37140936" timestamp="2016-02-11T08:05:04Z" user="JandaM" uid="2169558" lat="49.3081024" lon="14.1494506"/>
 <node id="314426807" visible="true" version="2" changeset="37140936" timestamp="2016-02-11T08:05:04Z" user="JandaM" uid="2169558" lat="49.3081969" lon="14.1493923"/>
 <node id="314426821" visible="true" version="2" changeset="37140936" timestamp="2016-02-11T08:05:04Z" user="JandaM" uid="2169558" lat="49.3081905" lon="14.1494366"/>
 <node id="314426857" visible="true" version="2" changeset="37140936" timestamp="2016-02-11T08:05:05Z" user="JandaM" uid="2169558" lat="49.3082159" lon="14.1494008"/>
 <node id="314426863" visible="true" version="2" changeset="37140936" timestamp="2016-02-11T08:05:05Z" user="JandaM" uid="2169558" lat="49.3082238" lon="14.1493556"/>
 <node id="314426871" visible="true" version="2" changeset="37140936" timestamp="2016-02-11T08:05:05Z" user="JandaM" uid="2169558" lat="49.3082745" lon="14.1494272"/>
 <node id="314426878" visible="true" version="2" changeset="37140936" timestamp="2016-02-11T08:05:05Z" user="JandaM" uid="2169558" lat="49.3082827" lon="14.1493797"/>
 <node id="314426881" visible="true" version="2" changeset="37140936" timestamp="2016-02-11T08:05:05Z" user="JandaM" uid="2169558" lat="49.3082546" lon="14.1493682"/>
 <node id="314426888" visible="true" version="2" changeset="37140936" timestamp="2016-02-11T08:05:05Z" user="JandaM" uid="2169558" lat="49.3085219" lon="14.1495044"/>
 <node id="314426892" visible="true" version="2" changeset="37140936" timestamp="2016-02-11T08:05:05Z" user="JandaM" uid="2169558" lat="49.3085023" lon="14.1496719"/>
 <node id="314426901" visible="true" version="2" changeset="37140936" timestamp="2016-02-11T08:05:05Z" user="JandaM" uid="2169558" lat="49.3083288" lon="14.1494450"/>
 <node id="314427189" visible="true" version="2" changeset="37140936" timestamp="2016-02-11T08:05:05Z" user="JandaM" uid="2169558" lat="49.3086592" lon="14.1474365"/>
 <node id="314427190" visible="true" version="2" changeset="37140936" timestamp="2016-02-11T08:05:05Z" user="JandaM" uid="2169558" lat="49.3087550" lon="14.1463946"/>
 <node id="314427192" visible="true" version="2" changeset="37140936" timestamp="2016-02-11T08:05:05Z" user="JandaM" uid="2169558" lat="49.3088255" lon="14.1463926"/>
 <node id="314427193" visible="true" version="2" changeset="37140936" timestamp="2016-02-11T08:05:05Z" user="JandaM" uid="2169558" lat="49.3088965" lon="14.1464036"/>
 <node id="314427194" visible="true" version="2" changeset="37140936" timestamp="2016-02-11T08:05:05Z" user="JandaM" uid="2169558" lat="49.3088990" lon="14.1463692"/>
 <node id="314427201" visible="true" version="2" changeset="37140936" timestamp="2016-02-11T08:05:05Z" user="JandaM" uid="2169558" lat="49.3088847" lon="14.1463670"/>
 <node id="314427204" visible="true" version="2" changeset="37140936" timestamp="2016-02-11T08:05:05Z" user="JandaM" uid="2169558" lat="49.3088821" lon="14.1464012"/>
 <node id="314427205" visible="true" version="2" changeset="37140936" timestamp="2016-02-11T08:05:05Z" user="JandaM" uid="2169558" lat="49.3088281" lon="14.1463579"/>
 <node id="314427206" visible="true" version="2" changeset="37140936" timestamp="2016-02-11T08:05:05Z" user="JandaM" uid="2169558" lat="49.3088415" lon="14.1463601"/>
 <node id="314427208" visible="true" version="2" changeset="37140936" timestamp="2016-02-11T08:05:05Z" user="JandaM" uid="2169558" lat="49.3088391" lon="14.1463946"/>
 <node id="314427215" visible="true" version="2" changeset="37140936" timestamp="2016-02-11T08:05:05Z" user="JandaM" uid="2169558" lat="49.3087658" lon="14.1463961"/>
 <node id="314427216" visible="true" version="2" changeset="37140936" timestamp="2016-02-11T08:05:05Z" user="JandaM" uid="2169558" lat="49.3084860" lon="14.1462328"/>
 <node id="314427217" visible="true" version="2" changeset="37140936" timestamp="2016-02-11T08:05:05Z" user="JandaM" uid="2169558" lat="49.3084852" lon="14.1462189"/>
 <node id="314427222" visible="true" version="1" changeset="790123" timestamp="2008-11-24T20:46:35Z" user="fik" uid="73797" lat="49.3083471" lon="14.1462470"/>
 <node id="314427231" visible="true" version="2" changeset="37140936" timestamp="2016-02-11T08:05:05Z" user="JandaM" uid="2169558" lat="49.3083480" lon="14.1462605"/>
 <node id="314427238" visible="true" version="2" changeset="37140936" timestamp="2016-02-11T08:05:05Z" user="JandaM" uid="2169558" lat="49.3086152" lon="14.1473603"/>
 <node id="314427252" visible="true" version="2" changeset="37140936" timestamp="2016-02-11T08:05:05Z" user="JandaM" uid="2169558" lat="49.3086784" lon="14.1472337"/>
 <node id="314427261" visible="true" version="3" changeset="32626791" timestamp="2015-07-14T12:38:16Z" user="JandaM" uid="2169558" lat="49.3085450" lon="14.1471009"/>
 <node id="314427268" visible="true" version="2" changeset="32626791" timestamp="2015-07-14T12:38:16Z" user="JandaM" uid="2169558" lat="49.3084714" lon="14.1470727"/>
 <node id="314427269" visible="true" version="2" changeset="32626791" timestamp="2015-07-14T12:38:16Z" user="JandaM" uid="2169558" lat="49.3084222" lon="14.1473766"/>
 <node id="314427270" visible="true" version="2" changeset="32626791" timestamp="2015-07-14T12:38:16Z" user="JandaM" uid="2169558" lat="49.3085415" lon="14.1474197"/>
 <node id="314427272" visible="true" version="4" changeset="37140936" timestamp="2016-02-11T08:05:05Z" user="JandaM" uid="2169558" lat="49.3084401" lon="14.1470117"/>
 <node id="314427273" visible="true" version="4" changeset="37140936" timestamp="2016-02-11T08:05:05Z" user="JandaM" uid="2169558" lat="49.3084319" lon="14.1470106"/>
 <node id="314427274" visible="true" version="4" changeset="37140936" timestamp="2016-02-11T08:05:05Z" user="JandaM" uid="2169558" lat="49.3083771" lon="14.1473614"/>
 <node id="314427277" visible="true" version="4" changeset="37140936" timestamp="2016-02-11T08:05:05Z" user="JandaM" uid="2169558" lat="49.3084720" lon="14.1470693"/>
 <node id="314427278" visible="true" version="4" changeset="37140936" timestamp="2016-02-11T08:05:05Z" user="JandaM" uid="2169558" lat="49.3084382" lon="14.1470587"/>
 <node id="314427279" visible="true" version="2" changeset="37140936" timestamp="2016-02-11T08:05:05Z" user="JandaM" uid="2169558" lat="49.3083575" lon="14.1469690"/>
 <node id="314427281" visible="true" version="2" changeset="37140936" timestamp="2016-02-11T08:05:05Z" user="JandaM" uid="2169558" lat="49.3083450" lon="14.1469638"/>
 <node id="314427282" visible="true" version="2" changeset="37140936" timestamp="2016-02-11T08:05:05Z" user="JandaM" uid="2169558" lat="49.3082796" lon="14.1473267"/>
 <node id="314427285" visible="true" version="2" changeset="37140936" timestamp="2016-02-11T08:05:05Z" user="JandaM" uid="2169558" lat="49.3084285" lon="14.1470298"/>
 <node id="314427292" visible="true" version="2" changeset="37140936" timestamp="2016-02-11T08:05:05Z" user="JandaM" uid="2169558" lat="49.3083527" lon="14.1469963"/>
 <node id="314427293" visible="true" version="2" changeset="37140936" timestamp="2016-02-11T08:05:05Z" user="JandaM" uid="2169558" lat="49.3083784" lon="14.1467692"/>
 <node id="314427296" visible="true" version="2" changeset="37140936" timestamp="2016-02-11T08:05:05Z" user="JandaM" uid="2169558" lat="49.3082048" lon="14.1467583"/>
 <node id="314427297" visible="true" version="2" changeset="37140936" timestamp="2016-02-11T08:05:05Z" user="JandaM" uid="2169558" lat="49.3081808" lon="14.1467537"/>
 <node id="314427298" visible="true" version="2" changeset="37140936" timestamp="2016-02-11T08:05:05Z" user="JandaM" uid="2169558" lat="49.3081340" lon="14.1472779"/>
 <node id="314427305" visible="true" version="2" changeset="37140936" timestamp="2016-02-11T08:05:05Z" user="JandaM" uid="2169558" lat="49.3080563" lon="14.1467277"/>
 <node id="314427308" visible="true" version="1" changeset="790123" timestamp="2008-11-24T20:47:00Z" user="fik" uid="73797" lat="49.3101373" lon="14.1467046"/>
 <node id="314427309" visible="true" version="1" changeset="790123" timestamp="2008-11-24T20:47:00Z" user="fik" uid="73797" lat="49.3100992" lon="14.1466266"/>
 <node id="314427312" visible="true" version="3" changeset="37118600" timestamp="2016-02-10T07:51:41Z" user="JandaM" uid="2169558" lat="49.3091800" lon="14.1497202"/>
 <node id="314427314" visible="true" version="2" changeset="37118600" timestamp="2016-02-10T07:51:41Z" user="JandaM" uid="2169558" lat="49.3091462" lon="14.1498304"/>
 <node id="314427325" visible="true" version="3" changeset="37118600" timestamp="2016-02-10T07:51:41Z" user="JandaM" uid="2169558" lat="49.3092401" lon="14.1497620"/>
 <node id="314427333" visible="true" version="1" changeset="790123" timestamp="2008-11-24T20:47:05Z" user="fik" uid="73797" lat="49.3086666" lon="14.1510811"/>
 <node id="314427337" visible="true" version="1" changeset="790123" timestamp="2008-11-24T20:47:06Z" user="fik" uid="73797" lat="49.3084598" lon="14.1509852"/>
 <node id="314427351" visible="true" version="2" changeset="37140936" timestamp="2016-02-11T08:05:05Z" user="JandaM" uid="2169558" lat="49.3100041" lon="14.1466108"/>
 <node id="314427355" visible="true" version="2" changeset="37140936" timestamp="2016-02-11T08:05:05Z" user="JandaM" uid="2169558" lat="49.3098376" lon="14.1469416"/>
 <node id="314427356" visible="true" version="2" changeset="37140936" timestamp="2016-02-11T08:05:05Z" user="JandaM" uid="2169558" lat="49.3098860" lon="14.1470905"/>
 <node id="314427358" visible="true" version="2" changeset="37140936" timestamp="2016-02-11T08:05:05Z" user="JandaM" uid="2169558" lat="49.3099170" lon="14.1469285"/>
 <node id="314427359" visible="true" version="2" changeset="37140936" timestamp="2016-02-11T08:05:05Z" user="JandaM" uid="2169558" lat="49.3097193" lon="14.1471026"/>
 <node id="314427360" visible="true" version="2" changeset="37140936" timestamp="2016-02-11T08:05:05Z" user="JandaM" uid="2169558" lat="49.3097099" lon="14.1471631"/>
 <node id="314427363" visible="true" version="2" changeset="37140936" timestamp="2016-02-11T08:05:05Z" user="JandaM" uid="2169558" lat="49.3095844" lon="14.1472986"/>
 <node id="314427372" visible="true" version="2" changeset="37140936" timestamp="2016-02-11T08:05:05Z" user="JandaM" uid="2169558" lat="49.3095558" lon="14.1472454"/>
 <node id="314427390" visible="true" version="2" changeset="37140936" timestamp="2016-02-11T08:05:05Z" user="JandaM" uid="2169558" lat="49.3096884" lon="14.1471089"/>
 <node id="314427398" visible="true" version="2" changeset="37140936" timestamp="2016-02-11T08:05:05Z" user="JandaM" uid="2169558" lat="49.3089718" lon="14.1464162"/>
 <node id="314427402" visible="true" version="2" changeset="37140936" timestamp="2016-02-11T08:05:05Z" user="JandaM" uid="2169558" lat="49.3089750" lon="14.1463461"/>
 <node id="314427406" visible="true" version="2" changeset="37140936" timestamp="2016-02-11T08:05:05Z" user="JandaM" uid="2169558" lat="49.3090516" lon="14.1463554"/>
 <node id="314427408" visible="true" version="2" changeset="37140936" timestamp="2016-02-11T08:05:05Z" user="JandaM" uid="2169558" lat="49.3090455" lon="14.1464293"/>
 <node id="314427409" visible="true" version="2" changeset="37140936" timestamp="2016-02-11T08:05:05Z" user="JandaM" uid="2169558" lat="49.3090799" lon="14.1467443"/>
 <node id="314427410" visible="true" version="2" changeset="37140936" timestamp="2016-02-11T08:05:05Z" user="JandaM" uid="2169558" lat="49.3090420" lon="14.1467405"/>
 <node id="314427411" visible="true" version="2" changeset="37140936" timestamp="2016-02-11T08:05:05Z" user="JandaM" uid="2169558" lat="49.3090539" lon="14.1471431"/>
 <node id="314427412" visible="true" version="2" changeset="37140936" timestamp="2016-02-11T08:05:06Z" user="JandaM" uid="2169558" lat="49.3090398" lon="14.1471034"/>
 <node id="314427413" visible="true" version="2" changeset="37140936" timestamp="2016-02-11T08:05:06Z" user="JandaM" uid="2169558" lat="49.3091451" lon="14.1466761"/>
 <node id="314427414" visible="true" version="2" changeset="37140936" timestamp="2016-02-11T08:05:06Z" user="JandaM" uid="2169558" lat="49.3091249" lon="14.1466965"/>
 <node id="314427415" visible="true" version="2" changeset="37140936" timestamp="2016-02-11T08:05:06Z" user="JandaM" uid="2169558" lat="49.3091040" lon="14.1466450"/>
 <node id="314427420" visible="true" version="2" changeset="37140936" timestamp="2016-02-11T08:05:06Z" user="JandaM" uid="2169558" lat="49.3088833" lon="14.1473597"/>
 <node id="314427427" visible="true" version="2" changeset="37140936" timestamp="2016-02-11T08:05:06Z" user="JandaM" uid="2169558" lat="49.3089886" lon="14.1473430"/>
 <node id="315063026" visible="true" version="3" changeset="33788731" timestamp="2015-09-04T08:59:13Z" user="Karl Von Bahnhoff" uid="520972" lat="49.3098847" lon="14.1463323">
  <tag k="barrier" v="cycle_barrier"/>
 </node>
 <node id="315063028" visible="true" version="2" changeset="37140936" timestamp="2016-02-11T08:05:06Z" user="JandaM" uid="2169558" lat="49.3097973" lon="14.1470435"/>
 <node id="315063029" visible="true" version="2" changeset="37140936" timestamp="2016-02-11T08:05:06Z" user="JandaM" uid="2169558" lat="49.3095572" lon="14.1476040"/>
 <node id="315063030" visible="true" version="2" changeset="37140936" timestamp="2016-02-11T08:05:06Z" user="JandaM" uid="2169558" lat="49.3095866" lon="14.1475063"/>
 <node id="315063033" visible="true" version="2" changeset="37140936" timestamp="2016-02-11T08:05:06Z" user="JandaM" uid="2169558" lat="49.3095728" lon="14.1473991"/>
 <node id="315063036" visible="true" version="2" changeset="37140936" timestamp="2016-02-11T08:05:06Z" user="JandaM" uid="2169558" lat="49.3095666" lon="14.1474191"/>
 <node id="315063038" visible="true" version="2" changeset="37140936" timestamp="2016-02-11T08:05:06Z" user="JandaM" uid="2169558" lat="49.3095894" lon="14.1474356"/>
 <node id="315063039" visible="true" version="2" changeset="37140936" timestamp="2016-02-11T08:05:06Z" user="JandaM" uid="2169558" lat="49.3095958" lon="14.1474160"/>
 <node id="315063048" visible="true" version="1" changeset="800217" timestamp="2008-11-27T15:15:00Z" user="fik" uid="73797" lat="49.3094803" lon="14.1479342"/>
 <node id="315063051" visible="true" version="2" changeset="15801814" timestamp="2013-04-20T22:20:18Z" user="BiIbo" uid="3516" lat="49.3094051" lon="14.1478820"/>
 <node id="315063052" visible="true" version="3" changeset="37140936" timestamp="2016-02-11T08:05:06Z" user="JandaM" uid="2169558" lat="49.3091633" lon="14.1476628"/>
 <node id="315063057" visible="true" version="2" changeset="37140936" timestamp="2016-02-11T08:05:06Z" user="JandaM" uid="2169558" lat="49.3093561" lon="14.1478425"/>
 <node id="315063293" visible="true" version="2" changeset="37118600" timestamp="2016-02-10T07:51:41Z" user="JandaM" uid="2169558" lat="49.3092059" lon="14.1498733"/>
 <node id="315063322" visible="true" version="2" changeset="33027314" timestamp="2015-08-01T09:59:50Z" user="Minimalis" uid="665336" lat="49.3089126" lon="14.1497609"/>
 <node id="315063330" visible="true" version="2" changeset="33027314" timestamp="2015-08-01T09:59:50Z" user="Minimalis" uid="665336" lat="49.3090440" lon="14.1494501"/>
 <node id="315063337" visible="true" version="2" changeset="33027314" timestamp="2015-08-01T09:59:50Z" user="Minimalis" uid="665336" lat="49.3089976" lon="14.1494422"/>
 <node id="315063343" visible="true" version="2" changeset="33027314" timestamp="2015-08-01T09:59:51Z" user="Minimalis" uid="665336" lat="49.3088789" lon="14.1495567"/>
 <node id="315063346" visible="true" version="2" changeset="33027314" timestamp="2015-08-01T09:59:51Z" user="Minimalis" uid="665336" lat="49.3088627" lon="14.1495966"/>
 <node id="315063352" visible="true" version="2" changeset="33027314" timestamp="2015-08-01T09:59:51Z" user="Minimalis" uid="665336" lat="49.3091146" lon="14.1497323"/>
 <node id="315063357" visible="true" version="2" changeset="33027314" timestamp="2015-08-01T09:59:51Z" user="Minimalis" uid="665336" lat="49.3088678" lon="14.1495527"/>
 <node id="315063361" visible="true" version="2" changeset="33027314" timestamp="2015-08-01T09:59:51Z" user="Minimalis" uid="665336" lat="49.3090531" lon="14.1496209"/>
 <node id="315063362" visible="true" version="3" changeset="33027314" timestamp="2015-08-01T09:59:51Z" user="Minimalis" uid="665336" lat="49.3091471" lon="14.1494602"/>
 <node id="315063363" visible="true" version="2" changeset="33027314" timestamp="2015-08-01T09:59:51Z" user="Minimalis" uid="665336" lat="49.3090578" lon="14.1495481"/>
 <node id="315063364" visible="true" version="2" changeset="33027314" timestamp="2015-08-01T09:59:51Z" user="Minimalis" uid="665336" lat="49.3090404" lon="14.1495402"/>
 <node id="315063366" visible="true" version="2" changeset="33027314" timestamp="2015-08-01T09:59:51Z" user="Minimalis" uid="665336" lat="49.3090342" lon="14.1495571"/>
 <node id="315063368" visible="true" version="2" changeset="33027314" timestamp="2015-08-01T09:59:51Z" user="Minimalis" uid="665336" lat="49.3090133" lon="14.1495539"/>
 <node id="315063369" visible="true" version="2" changeset="33027314" timestamp="2015-08-01T09:59:51Z" user="Minimalis" uid="665336" lat="49.3086758" lon="14.1498794"/>
 <node id="315063370" visible="true" version="2" changeset="33027314" timestamp="2015-08-01T09:59:51Z" user="Minimalis" uid="665336" lat="49.3087615" lon="14.1500189"/>
 <node id="315063371" visible="true" version="2" changeset="33027314" timestamp="2015-08-01T09:59:51Z" user="Minimalis" uid="665336" lat="49.3088390" lon="14.1499519"/>
 <node id="315063374" visible="true" version="2" changeset="33027314" timestamp="2015-08-01T09:59:51Z" user="Minimalis" uid="665336" lat="49.3088478" lon="14.1499262"/>
 <node id="315063375" visible="true" version="2" changeset="33027314" timestamp="2015-08-01T09:59:51Z" user="Minimalis" uid="665336" lat="49.3088826" lon="14.1500534"/>
 <node id="315063377" visible="true" version="2" changeset="33027314" timestamp="2015-08-01T09:59:51Z" user="Minimalis" uid="665336" lat="49.3088897" lon="14.1500327"/>
 <node id="315063378" visible="true" version="2" changeset="33027314" timestamp="2015-08-01T09:59:51Z" user="Minimalis" uid="665336" lat="49.3087723" lon="14.1503041"/>
 <node id="315063384" visible="true" version="2" changeset="33027314" timestamp="2015-08-01T09:59:51Z" user="Minimalis" uid="665336" lat="49.3087738" lon="14.1504590"/>
 <node id="315063386" visible="true" version="2" changeset="33027314" timestamp="2015-08-01T09:59:51Z" user="Minimalis" uid="665336" lat="49.3088403" lon="14.1504472"/>
 <node id="315063387" visible="true" version="2" changeset="33027314" timestamp="2015-08-01T09:59:51Z" user="Minimalis" uid="665336" lat="49.3088292" lon="14.1504361"/>
 <node id="315063388" visible="true" version="2" changeset="33027314" timestamp="2015-08-01T09:59:51Z" user="Minimalis" uid="665336" lat="49.3087993" lon="14.1503363"/>
 <node id="315063390" visible="true" version="2" changeset="33027314" timestamp="2015-08-01T09:59:51Z" user="Minimalis" uid="665336" lat="49.3087915" lon="14.1503522"/>
 <node id="315063392" visible="true" version="2" changeset="33027314" timestamp="2015-08-01T09:59:51Z" user="Minimalis" uid="665336" lat="49.3087831" lon="14.1503470"/>
 <node id="315063393" visible="true" version="2" changeset="33027314" timestamp="2015-08-01T09:59:51Z" user="Minimalis" uid="665336" lat="49.3087679" lon="14.1504306"/>
 <node id="315063395" visible="true" version="2" changeset="33027314" timestamp="2015-08-01T09:59:51Z" user="Minimalis" uid="665336" lat="49.3087781" lon="14.1504350"/>
 <node id="315063396" visible="true" version="2" changeset="33027314" timestamp="2015-08-01T09:59:51Z" user="Minimalis" uid="665336" lat="49.3086577" lon="14.1505342"/>
 <node id="315063397" visible="true" version="2" changeset="33027314" timestamp="2015-08-01T09:59:51Z" user="Minimalis" uid="665336" lat="49.3086883" lon="14.1505570"/>
 <node id="315063398" visible="true" version="2" changeset="33027314" timestamp="2015-08-01T09:59:51Z" user="Minimalis" uid="665336" lat="49.3087169" lon="14.1504537"/>
 <node id="315063400" visible="true" version="2" changeset="33027314" timestamp="2015-08-01T09:59:51Z" user="Minimalis" uid="665336" lat="49.3087186" lon="14.1504546"/>
 <node id="315063402" visible="true" version="1" changeset="800217" timestamp="2008-11-27T15:16:23Z" user="fik" uid="73797" lat="49.3086777" lon="14.1507375"/>
 <node id="315063405" visible="true" version="1" changeset="800217" timestamp="2008-11-27T15:16:23Z" user="fik" uid="73797" lat="49.3086920" lon="14.1506962"/>
 <node id="315063411" visible="true" version="2" changeset="33027314" timestamp="2015-08-01T09:59:51Z" user="Minimalis" uid="665336" lat="49.3086020" lon="14.1503903"/>
 <node id="315063412" visible="true" version="2" changeset="33027314" timestamp="2015-08-01T09:59:51Z" user="Minimalis" uid="665336" lat="49.3086018" lon="14.1503940"/>
 <node id="315063414" visible="true" version="2" changeset="33027314" timestamp="2015-08-01T09:59:51Z" user="Minimalis" uid="665336" lat="49.3086342" lon="14.1503907"/>
 <node id="315063421" visible="true" version="2" changeset="37140936" timestamp="2016-02-11T08:05:06Z" user="JandaM" uid="2169558" lat="49.3086417" lon="14.1506090"/>
 <node id="315063423" visible="true" version="2" changeset="37140936" timestamp="2016-02-11T08:05:06Z" user="JandaM" uid="2169558" lat="49.3086007" lon="14.1507021"/>
 <node id="315063425" visible="true" version="2" changeset="37140936" timestamp="2016-02-11T08:05:06Z" user="JandaM" uid="2169558" lat="49.3085681" lon="14.1506932"/>
 <node id="315063446" visible="true" version="2" changeset="33027314" timestamp="2015-08-01T09:59:51Z" user="Minimalis" uid="665336" lat="49.3087139" lon="14.1502282"/>
 <node id="315063450" visible="true" version="2" changeset="33027314" timestamp="2015-08-01T09:59:51Z" user="Minimalis" uid="665336" lat="49.3085836" lon="14.1503903"/>
 <node id="315063453" visible="true" version="2" changeset="33027314" timestamp="2015-08-01T09:59:51Z" user="Minimalis" uid="665336" lat="49.3085493" lon="14.1498899"/>
 <node id="315063470" visible="true" version="2" changeset="33027314" timestamp="2015-08-01T09:59:51Z" user="Minimalis" uid="665336" lat="49.3085869" lon="14.1502941"/>
 <node id="315063483" visible="true" version="2" changeset="33027314" timestamp="2015-08-01T09:59:51Z" user="Minimalis" uid="665336" lat="49.3083678" lon="14.1500283"/>
 <node id="315063486" visible="true" version="2" changeset="33027314" timestamp="2015-08-01T09:59:51Z" user="Minimalis" uid="665336" lat="49.3083756" lon="14.1500426"/>
 <node id="315063490" visible="true" version="2" changeset="33027314" timestamp="2015-08-01T09:59:51Z" user="Minimalis" uid="665336" lat="49.3082970" lon="14.1503018"/>
 <node id="315063492" visible="true" version="2" changeset="33027314" timestamp="2015-08-01T09:59:51Z" user="Minimalis" uid="665336" lat="49.3082393" lon="14.1502116"/>
 <node id="315063570" visible="true" version="1" changeset="800217" timestamp="2008-11-27T15:16:48Z" user="fik" uid="73797" lat="49.3082639" lon="14.1504616"/>
 <node id="315063574" visible="true" version="1" changeset="800217" timestamp="2008-11-27T15:16:49Z" user="fik" uid="73797" lat="49.3082704" lon="14.1503747"/>
 <node id="315063580" visible="true" version="1" changeset="800217" timestamp="2008-11-27T15:16:49Z" user="fik" uid="73797" lat="49.3082538" lon="14.1503682"/>
 <node id="315063584" visible="true" version="1" changeset="800217" timestamp="2008-11-27T15:16:51Z" user="fik" uid="73797" lat="49.3082574" lon="14.1503281"/>
 <node id="315063597" visible="true" version="1" changeset="800217" timestamp="2008-11-27T15:16:52Z" user="fik" uid="73797" lat="49.3083027" lon="14.1504365"/>
 <node id="315063598" visible="true" version="1" changeset="800217" timestamp="2008-11-27T15:16:53Z" user="fik" uid="73797" lat="49.3083134" lon="14.1504382"/>
 <node id="315063599" visible="true" version="1" changeset="800217" timestamp="2008-11-27T15:16:53Z" user="fik" uid="73797" lat="49.3083242" lon="14.1503405"/>
 <node id="315063600" visible="true" version="1" changeset="800217" timestamp="2008-11-27T15:16:54Z" user="fik" uid="73797" lat="49.3080681" lon="14.1503107"/>
 <node id="315063601" visible="true" version="1" changeset="800217" timestamp="2008-11-27T15:16:54Z" user="fik" uid="73797" lat="49.3080542" lon="14.1503078"/>
 <node id="315063602" visible="true" version="1" changeset="800217" timestamp="2008-11-27T15:16:54Z" user="fik" uid="73797" lat="49.3080565" lon="14.1504142"/>
 <node id="315063603" visible="true" version="2" changeset="33027314" timestamp="2015-08-01T09:59:51Z" user="Minimalis" uid="665336" lat="49.3081258" lon="14.1499267"/>
 <node id="315112055" visible="true" version="2" changeset="37140936" timestamp="2016-02-11T08:05:06Z" user="JandaM" uid="2169558" lat="49.3080058" lon="14.1483252"/>
 <node id="315112072" visible="true" version="2" changeset="37140936" timestamp="2016-02-11T08:05:06Z" user="JandaM" uid="2169558" lat="49.3080079" lon="14.1483609"/>
 <node id="315112077" visible="true" version="2" changeset="37140936" timestamp="2016-02-11T08:05:06Z" user="JandaM" uid="2169558" lat="49.3080978" lon="14.1485256"/>
 <node id="315112081" visible="true" version="2" changeset="37140936" timestamp="2016-02-11T08:05:06Z" user="JandaM" uid="2169558" lat="49.3081021" lon="14.1484984"/>
 <node id="315112085" visible="true" version="2" changeset="37140936" timestamp="2016-02-11T08:05:06Z" user="JandaM" uid="2169558" lat="49.3080726" lon="14.1481515"/>
 <node id="315112088" visible="true" version="2" changeset="37140936" timestamp="2016-02-11T08:05:06Z" user="JandaM" uid="2169558" lat="49.3080298" lon="14.1483334"/>
 <node id="315112090" visible="true" version="3" changeset="37140936" timestamp="2016-02-11T08:05:07Z" user="JandaM" uid="2169558" lat="49.3080022" lon="14.1483493"/>
 <node id="315112091" visible="true" version="2" changeset="37140936" timestamp="2016-02-11T08:05:07Z" user="JandaM" uid="2169558" lat="49.3080504" lon="14.1483822"/>
 <node id="315112093" visible="true" version="2" changeset="37140936" timestamp="2016-02-11T08:05:07Z" user="JandaM" uid="2169558" lat="49.3080092" lon="14.1483545"/>
 <node id="315112094" visible="true" version="2" changeset="37140936" timestamp="2016-02-11T08:05:07Z" user="JandaM" uid="2169558" lat="49.3080939" lon="14.1485619"/>
 <node id="315112097" visible="true" version="3" changeset="37140936" timestamp="2016-02-11T08:05:07Z" user="JandaM" uid="2169558" lat="49.3080879" lon="14.1485589"/>
 <node id="315112104" visible="true" version="3" changeset="37140936" timestamp="2016-02-11T08:05:07Z" user="JandaM" uid="2169558" lat="49.3080343" lon="14.1487049"/>
 <node id="315112113" visible="true" version="2" changeset="37140936" timestamp="2016-02-11T08:05:07Z" user="JandaM" uid="2169558" lat="49.3080671" lon="14.1486818"/>
 <node id="315112131" visible="true" version="2" changeset="37140936" timestamp="2016-02-11T08:05:07Z" user="JandaM" uid="2169558" lat="49.3084392" lon="14.1487502"/>
 <node id="315112132" visible="true" version="2" changeset="37140936" timestamp="2016-02-11T08:05:07Z" user="JandaM" uid="2169558" lat="49.3084724" lon="14.1487590"/>
 <node id="315112134" visible="true" version="2" changeset="37140936" timestamp="2016-02-11T08:05:07Z" user="JandaM" uid="2169558" lat="49.3084358" lon="14.1489700"/>
 <node id="315112135" visible="true" version="3" changeset="37140936" timestamp="2016-02-11T08:05:07Z" user="JandaM" uid="2169558" lat="49.3084058" lon="14.1489587"/>
 <node id="315112138" visible="true" version="3" changeset="37140936" timestamp="2016-02-11T08:05:07Z" user="JandaM" uid="2169558" lat="49.3087820" lon="14.1484237"/>
 <node id="315112139" visible="true" version="3" changeset="37140936" timestamp="2016-02-11T08:05:07Z" user="JandaM" uid="2169558" lat="49.3086464" lon="14.1487095"/>
 <node id="315112140" visible="true" version="3" changeset="37140936" timestamp="2016-02-11T08:05:07Z" user="JandaM" uid="2169558" lat="49.3086613" lon="14.1485949"/>
 <node id="315112143" visible="true" version="2" changeset="37140936" timestamp="2016-02-11T08:05:07Z" user="JandaM" uid="2169558" lat="49.3088790" lon="14.1485632"/>
 <node id="315112144" visible="true" version="3" changeset="37140936" timestamp="2016-02-11T08:05:07Z" user="JandaM" uid="2169558" lat="49.3087850" lon="14.1485286"/>
 <node id="315112145" visible="true" version="2" changeset="37140936" timestamp="2016-02-11T08:05:07Z" user="JandaM" uid="2169558" lat="49.3087650" lon="14.1486164"/>
 <node id="315112146" visible="true" version="2" changeset="37140936" timestamp="2016-02-11T08:05:07Z" user="JandaM" uid="2169558" lat="49.3086849" lon="14.1485863"/>
 <node id="315112148" visible="true" version="3" changeset="32536798" timestamp="2015-07-10T08:08:44Z" user="JandaM" uid="2169558" lat="49.3085926" lon="14.1491543"/>
 <node id="315112156" visible="true" version="2" changeset="32536798" timestamp="2015-07-10T08:08:44Z" user="JandaM" uid="2169558" lat="49.3087270" lon="14.1492080"/>
 <node id="315112167" visible="true" version="2" changeset="37140936" timestamp="2016-02-11T08:05:07Z" user="JandaM" uid="2169558" lat="49.3085150" lon="14.1484270"/>
 <node id="315112178" visible="true" version="3" changeset="37140936" timestamp="2016-02-11T08:05:07Z" user="JandaM" uid="2169558" lat="49.3085860" lon="14.1479584"/>
 <node id="315112185" visible="true" version="3" changeset="37140936" timestamp="2016-02-11T08:05:07Z" user="JandaM" uid="2169558" lat="49.3087154" lon="14.1481821"/>
 <node id="315112193" visible="true" version="3" changeset="37140936" timestamp="2016-02-11T08:05:07Z" user="JandaM" uid="2169558" lat="49.3087434" lon="14.1480232"/>
 <node id="315112201" visible="true" version="2" changeset="37140936" timestamp="2016-02-11T08:05:07Z" user="JandaM" uid="2169558" lat="49.3085924" lon="14.1483507"/>
 <node id="315112221" visible="true" version="2" changeset="37140936" timestamp="2016-02-11T08:05:07Z" user="JandaM" uid="2169558" lat="49.3085314" lon="14.1483299"/>
 <node id="315112226" visible="true" version="2" changeset="37140936" timestamp="2016-02-11T08:05:07Z" user="JandaM" uid="2169558" lat="49.3086240" lon="14.1481775"/>
 <node id="315112236" visible="true" version="2" changeset="37140936" timestamp="2016-02-11T08:05:07Z" user="JandaM" uid="2169558" lat="49.3086513" lon="14.1481865"/>
 <node id="315112250" visible="true" version="3" changeset="37140936" timestamp="2016-02-11T08:05:07Z" user="JandaM" uid="2169558" lat="49.3086549" lon="14.1483461"/>
 <node id="315112257" visible="true" version="2" changeset="37140936" timestamp="2016-02-11T08:05:07Z" user="JandaM" uid="2169558" lat="49.3085966" lon="14.1483471"/>
 <node id="315112269" visible="true" version="2" changeset="3003303" timestamp="2009-11-01T04:00:23Z" user="BiIbo" uid="3516" lat="49.3084756" lon="14.1485870"/>
 <node id="315112296" visible="true" version="1" changeset="802337" timestamp="2008-11-27T20:30:39Z" user="fik" uid="73797" lat="49.3085417" lon="14.1486056"/>
 <node id="315112306" visible="true" version="1" changeset="802337" timestamp="2008-11-27T20:30:40Z" user="fik" uid="73797" lat="49.3085723" lon="14.1484555"/>
 <node id="315112317" visible="true" version="3" changeset="37140936" timestamp="2016-02-11T08:05:07Z" user="JandaM" uid="2169558" lat="49.3084789" lon="14.1491546"/>
 <node id="315112330" visible="true" version="3" changeset="37140936" timestamp="2016-02-11T08:05:07Z" user="JandaM" uid="2169558" lat="49.3085074" lon="14.1488898"/>
 <node id="315112343" visible="true" version="3" changeset="37140936" timestamp="2016-02-11T08:05:07Z" user="JandaM" uid="2169558" lat="49.3085881" lon="14.1491933"/>
 <node id="315112356" visible="true" version="2" changeset="37140936" timestamp="2016-02-11T08:05:07Z" user="JandaM" uid="2169558" lat="49.3085657" lon="14.1489105"/>
 <node id="315112364" visible="true" version="2" changeset="37140936" timestamp="2016-02-11T08:05:07Z" user="JandaM" uid="2169558" lat="49.3085811" lon="14.1487979"/>
 <node id="315112377" visible="true" version="3" changeset="37140936" timestamp="2016-02-11T08:05:07Z" user="JandaM" uid="2169558" lat="49.3086300" lon="14.1488108"/>
 <node id="315112388" visible="true" version="1" changeset="802337" timestamp="2008-11-27T20:30:45Z" user="fik" uid="73797" lat="49.3085402" lon="14.1487056"/>
 <node id="315112396" visible="true" version="1" changeset="802337" timestamp="2008-11-27T20:30:46Z" user="fik" uid="73797" lat="49.3085498" lon="14.1486288"/>
 <node id="315112414" visible="true" version="1" changeset="802337" timestamp="2008-11-27T20:30:47Z" user="fik" uid="73797" lat="49.3086349" lon="14.1487276"/>
 <node id="315112429" visible="true" version="1" changeset="802337" timestamp="2008-11-27T20:30:47Z" user="fik" uid="73797" lat="49.3086491" lon="14.1486571"/>
 <node id="315112445" visible="true" version="2" changeset="37140936" timestamp="2016-02-11T08:05:07Z" user="JandaM" uid="2169558" lat="49.3084069" lon="14.1485401"/>
 <node id="315112454" visible="true" version="2" changeset="37140936" timestamp="2016-02-11T08:05:07Z" user="JandaM" uid="2169558" lat="49.3084950" lon="14.1479251"/>
 <node id="315112462" visible="true" version="3" changeset="37140936" timestamp="2016-02-11T08:05:08Z" user="JandaM" uid="2169558" lat="49.3084807" lon="14.1485571"/>
 <node id="315112466" visible="true" version="3" changeset="37140936" timestamp="2016-02-11T08:05:08Z" user="JandaM" uid="2169558" lat="49.3085101" lon="14.1484259"/>
 <node id="315112468" visible="true" version="2" changeset="37140936" timestamp="2016-02-11T08:05:08Z" user="JandaM" uid="2169558" lat="49.3084564" lon="14.1481846"/>
 <node id="315112470" visible="true" version="2" changeset="37140936" timestamp="2016-02-11T08:05:08Z" user="JandaM" uid="2169558" lat="49.3085013" lon="14.1482017"/>
 <node id="315112472" visible="true" version="2" changeset="37140936" timestamp="2016-02-11T08:05:08Z" user="JandaM" uid="2169558" lat="49.3084788" lon="14.1483564"/>
 <node id="315112474" visible="true" version="2" changeset="37140936" timestamp="2016-02-11T08:05:08Z" user="JandaM" uid="2169558" lat="49.3084348" lon="14.1483418"/>
 <node id="315112478" visible="true" version="3" changeset="37140936" timestamp="2016-02-11T08:05:08Z" user="JandaM" uid="2169558" lat="49.3083617" lon="14.1482223"/>
 <node id="315112481" visible="true" version="2" changeset="37140936" timestamp="2016-02-11T08:05:08Z" user="JandaM" uid="2169558" lat="49.3084000" lon="14.1479001"/>
 <node id="315112484" visible="true" version="2" changeset="37140936" timestamp="2016-02-11T08:05:08Z" user="JandaM" uid="2169558" lat="49.3084496" lon="14.1482358"/>
 <node id="315112494" visible="true" version="2" changeset="37140936" timestamp="2016-02-11T08:05:08Z" user="JandaM" uid="2169558" lat="49.3084217" lon="14.1482421"/>
 <node id="315112495" visible="true" version="2" changeset="37140936" timestamp="2016-02-11T08:05:08Z" user="JandaM" uid="2169558" lat="49.3084239" lon="14.1482274"/>
 <node id="315112496" visible="true" version="2" changeset="37140936" timestamp="2016-02-11T08:05:08Z" user="JandaM" uid="2169558" lat="49.3081291" lon="14.1490149"/>
 <node id="315112502" visible="true" version="2" changeset="37140936" timestamp="2016-02-11T08:05:08Z" user="JandaM" uid="2169558" lat="49.3083761" lon="14.1485480"/>
 <node id="315112503" visible="true" version="2" changeset="37140936" timestamp="2016-02-11T08:05:08Z" user="JandaM" uid="2169558" lat="49.3082929" lon="14.1485220"/>
 <node id="315112504" visible="true" version="2" changeset="37140936" timestamp="2016-02-11T08:05:08Z" user="JandaM" uid="2169558" lat="49.3082890" lon="14.1485494"/>
 <node id="315112506" visible="true" version="2" changeset="37140936" timestamp="2016-02-11T08:05:08Z" user="JandaM" uid="2169558" lat="49.3083130" lon="14.1485585"/>
 <node id="315112507" visible="true" version="2" changeset="37140936" timestamp="2016-02-11T08:05:08Z" user="JandaM" uid="2169558" lat="49.3082752" lon="14.1488090"/>
 <node id="315112508" visible="true" version="2" changeset="37140936" timestamp="2016-02-11T08:05:08Z" user="JandaM" uid="2169558" lat="49.3082437" lon="14.1487968"/>
 <node id="315112509" visible="true" version="2" changeset="37140936" timestamp="2016-02-11T08:05:08Z" user="JandaM" uid="2169558" lat="49.3082515" lon="14.1487444"/>
 <node id="315112513" visible="true" version="1" changeset="802337" timestamp="2008-11-27T20:31:05Z" user="fik" uid="73797" lat="49.3083301" lon="14.1485138"/>
 <node id="315112514" visible="true" version="3" changeset="37140936" timestamp="2016-02-11T08:05:08Z" user="JandaM" uid="2169558" lat="49.3083347" lon="14.1484778"/>
 <node id="315112523" visible="true" version="1" changeset="802337" timestamp="2008-11-27T20:31:07Z" user="fik" uid="73797" lat="49.3082697" lon="14.1484999"/>
 <node id="315112526" visible="true" version="1" changeset="802337" timestamp="2008-11-27T20:31:08Z" user="fik" uid="73797" lat="49.3082660" lon="14.1485610"/>
 <node id="315112530" visible="true" version="2" changeset="37140936" timestamp="2016-02-11T08:05:08Z" user="JandaM" uid="2169558" lat="49.3082469" lon="14.1481003"/>
 <node id="315112564" visible="true" version="2" changeset="37140936" timestamp="2016-02-11T08:05:08Z" user="JandaM" uid="2169558" lat="49.3082373" lon="14.1481497"/>
 <node id="315112565" visible="true" version="2" changeset="37140936" timestamp="2016-02-11T08:05:08Z" user="JandaM" uid="2169558" lat="49.3082842" lon="14.1480651"/>
 <node id="315112570" visible="true" version="1" changeset="802337" timestamp="2008-11-27T20:31:30Z" user="fik" uid="73797" lat="49.3082293" lon="14.1481538"/>
 <node id="315112590" visible="true" version="3" changeset="37140936" timestamp="2016-02-11T08:05:08Z" user="JandaM" uid="2169558" lat="49.3082343" lon="14.1481772"/>
 <node id="315112591" visible="true" version="2" changeset="37140936" timestamp="2016-02-11T08:05:08Z" user="JandaM" uid="2169558" lat="49.3082669" lon="14.1481657"/>
 <node id="315112592" visible="true" version="2" changeset="37140936" timestamp="2016-02-11T08:05:08Z" user="JandaM" uid="2169558" lat="49.3082642" lon="14.1481939"/>
 <node id="315112594" visible="true" version="3" changeset="37140936" timestamp="2016-02-11T08:05:08Z" user="JandaM" uid="2169558" lat="49.3082292" lon="14.1482290"/>
 <node id="315112621" visible="true" version="3" changeset="37140936" timestamp="2016-02-11T08:05:08Z" user="JandaM" uid="2169558" lat="49.3082597" lon="14.1482399"/>
 <node id="315112642" visible="true" version="2" changeset="37140936" timestamp="2016-02-11T08:05:08Z" user="JandaM" uid="2169558" lat="49.3082259" lon="14.1482708"/>
 <node id="315112663" visible="true" version="3" changeset="37140936" timestamp="2016-02-11T08:05:08Z" user="JandaM" uid="2169558" lat="49.3082565" lon="14.1482764"/>
 <node id="315112688" visible="true" version="3" changeset="37140936" timestamp="2016-02-11T08:05:08Z" user="JandaM" uid="2169558" lat="49.3082225" lon="14.1483139"/>
 <node id="315112716" visible="true" version="3" changeset="37140936" timestamp="2016-02-11T08:05:08Z" user="JandaM" uid="2169558" lat="49.3082519" lon="14.1483188"/>
 <node id="315112734" visible="true" version="3" changeset="37140936" timestamp="2016-02-11T08:05:08Z" user="JandaM" uid="2169558" lat="49.3082198" lon="14.1483575"/>
 <node id="315112754" visible="true" version="3" changeset="37140936" timestamp="2016-02-11T08:05:08Z" user="JandaM" uid="2169558" lat="49.3082517" lon="14.1483630"/>
 <node id="315112765" visible="true" version="3" changeset="37140936" timestamp="2016-02-11T08:05:08Z" user="JandaM" uid="2169558" lat="49.3082472" lon="14.1484092"/>
 <node id="315112774" visible="true" version="2" changeset="37140936" timestamp="2016-02-11T08:05:08Z" user="JandaM" uid="2169558" lat="49.3082171" lon="14.1484034"/>
 <node id="315112782" visible="true" version="3" changeset="37140936" timestamp="2016-02-11T08:05:08Z" user="JandaM" uid="2169558" lat="49.3082134" lon="14.1484547"/>
 <node id="315112817" visible="true" version="3" changeset="37140936" timestamp="2016-02-11T08:05:08Z" user="JandaM" uid="2169558" lat="49.3082432" lon="14.1484594"/>
 <node id="315112831" visible="true" version="3" changeset="37140936" timestamp="2016-02-11T08:05:08Z" user="JandaM" uid="2169558" lat="49.3082440" lon="14.1485156"/>
 <node id="315112875" visible="true" version="3" changeset="37140936" timestamp="2016-02-11T08:05:08Z" user="JandaM" uid="2169558" lat="49.3082408" lon="14.1485596"/>
 <node id="315112883" visible="true" version="2" changeset="37140936" timestamp="2016-02-11T08:05:08Z" user="JandaM" uid="2169558" lat="49.3082051" lon="14.1485454"/>
 <node id="315112896" visible="true" version="2" changeset="37140936" timestamp="2016-02-11T08:05:08Z" user="JandaM" uid="2169558" lat="49.3082347" lon="14.1486372"/>
 <node id="315112901" visible="true" version="3" changeset="37140936" timestamp="2016-02-11T08:05:08Z" user="JandaM" uid="2169558" lat="49.3082323" lon="14.1486363"/>
 <node id="315112902" visible="true" version="2" changeset="3003303" timestamp="2009-11-01T04:00:23Z" user="BiIbo" uid="3516" lat="49.3081953" lon="14.1486370"/>
 <node id="315113330" visible="true" version="3" changeset="37140936" timestamp="2016-02-11T08:05:08Z" user="JandaM" uid="2169558" lat="49.3082166" lon="14.1487311"/>
 <node id="315113788" visible="true" version="2" changeset="37140936" timestamp="2016-02-11T08:05:09Z" user="JandaM" uid="2169558" lat="49.3079118" lon="14.1464852"/>
 <node id="315113790" visible="true" version="2" changeset="37140936" timestamp="2016-02-11T08:05:09Z" user="JandaM" uid="2169558" lat="49.3079212" lon="14.1464036"/>
 <node id="315113791" visible="true" version="2" changeset="37140936" timestamp="2016-02-11T08:05:09Z" user="JandaM" uid="2169558" lat="49.3081125" lon="14.1464514"/>
 <node id="315113793" visible="true" version="2" changeset="37140936" timestamp="2016-02-11T08:05:09Z" user="JandaM" uid="2169558" lat="49.3080815" lon="14.1465305"/>
 <node id="315113796" visible="true" version="1" changeset="802337" timestamp="2008-11-27T20:34:49Z" user="fik" uid="73797" lat="49.3077740" lon="14.1462677"/>
 <node id="315113797" visible="true" version="2" changeset="37140936" timestamp="2016-02-11T08:05:09Z" user="JandaM" uid="2169558" lat="49.3078653" lon="14.1462856"/>
 <node id="315113807" visible="true" version="1" changeset="802337" timestamp="2008-11-27T20:34:51Z" user="fik" uid="73797" lat="49.3076436" lon="14.1459363"/>
 <node id="315113808" visible="true" version="1" changeset="802337" timestamp="2008-11-27T20:34:51Z" user="fik" uid="73797" lat="49.3077751" lon="14.1459789"/>
 <node id="315113814" visible="true" version="1" changeset="802337" timestamp="2008-11-27T20:34:52Z" user="fik" uid="73797" lat="49.3077664" lon="14.1462673"/>
 <node id="315113815" visible="true" version="1" changeset="802337" timestamp="2008-11-27T20:34:53Z" user="fik" uid="73797" lat="49.3077346" lon="14.1462610"/>
 <node id="315113816" visible="true" version="2" changeset="37140936" timestamp="2016-02-11T08:05:09Z" user="JandaM" uid="2169558" lat="49.3076239" lon="14.1460730"/>
 <node id="315113817" visible="true" version="1" changeset="802337" timestamp="2008-11-27T20:34:54Z" user="fik" uid="73797" lat="49.3074684" lon="14.1461889"/>
 <node id="315113818" visible="true" version="2" changeset="37140936" timestamp="2016-02-11T08:05:09Z" user="JandaM" uid="2169558" lat="49.3076675" lon="14.1462401"/>
 <node id="315113820" visible="true" version="2" changeset="37140936" timestamp="2016-02-11T08:05:09Z" user="JandaM" uid="2169558" lat="49.3076247" lon="14.1462345"/>
 <node id="315113824" visible="true" version="1" changeset="802337" timestamp="2008-11-27T20:34:55Z" user="fik" uid="73797" lat="49.3076849" lon="14.1460872"/>
 <node id="315113837" visible="true" version="2" changeset="37140936" timestamp="2016-02-11T08:05:09Z" user="JandaM" uid="2169558" lat="49.3070387" lon="14.1461390"/>
 <node id="315113845" visible="true" version="2" changeset="37140936" timestamp="2016-02-11T08:05:09Z" user="JandaM" uid="2169558" lat="49.3074092" lon="14.1461465"/>
 <node id="315113855" visible="true" version="2" changeset="37140936" timestamp="2016-02-11T08:05:09Z" user="JandaM" uid="2169558" lat="49.3071233" lon="14.1461350"/>
 <node id="315113870" visible="true" version="2" changeset="37140936" timestamp="2016-02-11T08:05:09Z" user="JandaM" uid="2169558" lat="49.3071230" lon="14.1461516"/>
 <node id="315114686" visible="true" version="2" changeset="37118600" timestamp="2016-02-10T07:51:41Z" user="JandaM" uid="2169558" lat="49.3087966" lon="14.1520570"/>
 <node id="315114699" visible="true" version="3" changeset="37118600" timestamp="2016-02-10T07:51:41Z" user="JandaM" uid="2169558" lat="49.3092617" lon="14.1519353"/>
 <node id="315114707" visible="true" version="2" changeset="37118600" timestamp="2016-02-10T07:51:41Z" user="JandaM" uid="2169558" lat="49.3088336" lon="14.1515868"/>
 <node id="315114712" visible="true" version="2" changeset="37118600" timestamp="2016-02-10T07:51:41Z" user="JandaM" uid="2169558" lat="49.3092033" lon="14.1516340"/>
 <node id="315114717" visible="true" version="2" changeset="37118600" timestamp="2016-02-10T07:51:42Z" user="JandaM" uid="2169558" lat="49.3087622" lon="14.1517050"/>
 <node id="315114727" visible="true" version="2" changeset="37118600" timestamp="2016-02-10T07:51:42Z" user="JandaM" uid="2169558" lat="49.3089112" lon="14.1520304"/>
 <node id="315114732" visible="true" version="2" changeset="37118600" timestamp="2016-02-10T07:51:42Z" user="JandaM" uid="2169558" lat="49.3091313" lon="14.1518557"/>
 <node id="315114737" visible="true" version="2" changeset="37118600" timestamp="2016-02-10T07:51:42Z" user="JandaM" uid="2169558" lat="49.3091184" lon="14.1518625"/>
 <node id="315114743" visible="true" version="2" changeset="37118600" timestamp="2016-02-10T07:51:42Z" user="JandaM" uid="2169558" lat="49.3089038" lon="14.1518897"/>
 <node id="315114753" visible="true" version="2" changeset="37118600" timestamp="2016-02-10T07:51:42Z" user="JandaM" uid="2169558" lat="49.3089330" lon="14.1519692"/>
 <node id="315114758" visible="true" version="2" changeset="37118600" timestamp="2016-02-10T07:51:42Z" user="JandaM" uid="2169558" lat="49.3089062" lon="14.1519749"/>
 <node id="316490645" visible="true" version="2" changeset="37118600" timestamp="2016-02-10T07:51:43Z" user="JandaM" uid="2169558" lat="49.3112003" lon="14.1507863"/>
 <node id="316490646" visible="true" version="2" changeset="37118600" timestamp="2016-02-10T07:51:43Z" user="JandaM" uid="2169558" lat="49.3111889" lon="14.1510004"/>
 <node id="316490649" visible="true" version="2" changeset="37118600" timestamp="2016-02-10T07:51:43Z" user="JandaM" uid="2169558" lat="49.3111997" lon="14.1510013"/>
 <node id="316490650" visible="true" version="2" changeset="37118600" timestamp="2016-02-10T07:51:43Z" user="JandaM" uid="2169558" lat="49.3111897" lon="14.1511950"/>
 <node id="316490653" visible="true" version="2" changeset="37118600" timestamp="2016-02-10T07:51:43Z" user="JandaM" uid="2169558" lat="49.3109556" lon="14.1511671"/>
 <node id="316490654" visible="true" version="2" changeset="37118600" timestamp="2016-02-10T07:51:43Z" user="JandaM" uid="2169558" lat="49.3109570" lon="14.1511382"/>
 <node id="316490655" visible="true" version="2" changeset="37118600" timestamp="2016-02-10T07:51:43Z" user="JandaM" uid="2169558" lat="49.3109326" lon="14.1511353"/>
 <node id="316490656" visible="true" version="2" changeset="37118600" timestamp="2016-02-10T07:51:43Z" user="JandaM" uid="2169558" lat="49.3109196" lon="14.1514139"/>
 <node id="316490657" visible="true" version="2" changeset="37118600" timestamp="2016-02-10T07:51:43Z" user="JandaM" uid="2169558" lat="49.3111939" lon="14.1514449"/>
 <node id="316490660" visible="true" version="2" changeset="37118600" timestamp="2016-02-10T07:51:43Z" user="JandaM" uid="2169558" lat="49.3111730" lon="14.1518514"/>
 <node id="316490661" visible="true" version="2" changeset="37118600" timestamp="2016-02-10T07:51:43Z" user="JandaM" uid="2169558" lat="49.3107238" lon="14.1517962"/>
 <node id="316490662" visible="true" version="2" changeset="37118600" timestamp="2016-02-10T07:51:43Z" user="JandaM" uid="2169558" lat="49.3107393" lon="14.1515583"/>
 <node id="316490663" visible="true" version="2" changeset="37118600" timestamp="2016-02-10T07:51:43Z" user="JandaM" uid="2169558" lat="49.3107079" lon="14.1515545"/>
 <node id="316490664" visible="true" version="2" changeset="37118600" timestamp="2016-02-10T07:51:43Z" user="JandaM" uid="2169558" lat="49.3107108" lon="14.1514987"/>
 <node id="316490665" visible="true" version="2" changeset="37118600" timestamp="2016-02-10T07:51:43Z" user="JandaM" uid="2169558" lat="49.3107392" lon="14.1515022"/>
 <node id="316490666" visible="true" version="2" changeset="37118600" timestamp="2016-02-10T07:51:43Z" user="JandaM" uid="2169558" lat="49.3107421" lon="14.1514453"/>
 <node id="316490667" visible="true" version="2" changeset="37118600" timestamp="2016-02-10T07:51:43Z" user="JandaM" uid="2169558" lat="49.3107137" lon="14.1514419"/>
 <node id="316490668" visible="true" version="2" changeset="37118600" timestamp="2016-02-10T07:51:43Z" user="JandaM" uid="2169558" lat="49.3107164" lon="14.1513906"/>
 <node id="316490669" visible="true" version="2" changeset="37118600" timestamp="2016-02-10T07:51:43Z" user="JandaM" uid="2169558" lat="49.3107677" lon="14.1513969"/>
 <node id="316490670" visible="true" version="2" changeset="37118600" timestamp="2016-02-10T07:51:43Z" user="JandaM" uid="2169558" lat="49.3107745" lon="14.1512659"/>
 <node id="316490678" visible="true" version="2" changeset="37118600" timestamp="2016-02-10T07:51:43Z" user="JandaM" uid="2169558" lat="49.3107409" lon="14.1512618"/>
 <node id="316490695" visible="true" version="2" changeset="37118600" timestamp="2016-02-10T07:51:43Z" user="JandaM" uid="2169558" lat="49.3107434" lon="14.1512114"/>
 <node id="316490709" visible="true" version="2" changeset="37118600" timestamp="2016-02-10T07:51:43Z" user="JandaM" uid="2169558" lat="49.3108306" lon="14.1512217"/>
 <node id="316490728" visible="true" version="2" changeset="37118600" timestamp="2016-02-10T07:51:43Z" user="JandaM" uid="2169558" lat="49.3108357" lon="14.1511240"/>
 <node id="316490740" visible="true" version="2" changeset="37118600" timestamp="2016-02-10T07:51:43Z" user="JandaM" uid="2169558" lat="49.3105127" lon="14.1510831"/>
 <node id="316490741" visible="true" version="2" changeset="37118600" timestamp="2016-02-10T07:51:43Z" user="JandaM" uid="2169558" lat="49.3105334" lon="14.1506805"/>
 <node id="316490746" visible="true" version="2" changeset="37118600" timestamp="2016-02-10T07:51:43Z" user="JandaM" uid="2169558" lat="49.3109830" lon="14.1507346"/>
 <node id="316490747" visible="true" version="2" changeset="37118600" timestamp="2016-02-10T07:51:43Z" user="JandaM" uid="2169558" lat="49.3109813" lon="14.1507608"/>
 <node id="316490748" visible="true" version="1" changeset="88330" timestamp="2008-12-03T19:43:21Z" user="fik" uid="73797" lat="49.3105734" lon="14.1512221"/>
 <node id="316490751" visible="true" version="1" changeset="88330" timestamp="2008-12-03T19:43:23Z" user="fik" uid="73797" lat="49.3105681" lon="14.1513701"/>
 <node id="316490752" visible="true" version="2" changeset="37118600" timestamp="2016-02-10T07:51:43Z" user="JandaM" uid="2169558" lat="49.3105731" lon="14.1493062"/>
 <node id="316490753" visible="true" version="2" changeset="37118600" timestamp="2016-02-10T07:51:43Z" user="JandaM" uid="2169558" lat="49.3105359" lon="14.1498122"/>
 <node id="316490754" visible="true" version="2" changeset="37118600" timestamp="2016-02-10T07:51:43Z" user="JandaM" uid="2169558" lat="49.3102339" lon="14.1497614"/>
 <node id="316490756" visible="true" version="2" changeset="37118600" timestamp="2016-02-10T07:51:43Z" user="JandaM" uid="2169558" lat="49.3102779" lon="14.1491776"/>
 <node id="316490757" visible="true" version="2" changeset="37118600" timestamp="2016-02-10T07:51:43Z" user="JandaM" uid="2169558" lat="49.3104361" lon="14.1492036"/>
 <node id="316490759" visible="true" version="2" changeset="37118600" timestamp="2016-02-10T07:51:43Z" user="JandaM" uid="2169558" lat="49.3105310" lon="14.1493046"/>
 <node id="316490760" visible="true" version="2" changeset="37118600" timestamp="2016-02-10T07:51:43Z" user="JandaM" uid="2169558" lat="49.3102223" lon="14.1486659"/>
 <node id="316490761" visible="true" version="2" changeset="37118600" timestamp="2016-02-10T07:51:43Z" user="JandaM" uid="2169558" lat="49.3102202" lon="14.1488459"/>
 <node id="316490763" visible="true" version="3" changeset="37118600" timestamp="2016-02-10T07:51:43Z" user="JandaM" uid="2169558" lat="49.3101938" lon="14.1488418"/>
 <node id="316490764" visible="true" version="3" changeset="37118600" timestamp="2016-02-10T07:51:43Z" user="JandaM" uid="2169558" lat="49.3101766" lon="14.1489106"/>
 <node id="316490765" visible="true" version="3" changeset="37118600" timestamp="2016-02-10T07:51:44Z" user="JandaM" uid="2169558" lat="49.3102055" lon="14.1489359"/>
 <node id="316490769" visible="true" version="3" changeset="37118600" timestamp="2016-02-10T07:51:44Z" user="JandaM" uid="2169558" lat="49.3101899" lon="14.1489970"/>
 <node id="316490774" visible="true" version="3" changeset="37118600" timestamp="2016-02-10T07:51:44Z" user="JandaM" uid="2169558" lat="49.3101564" lon="14.1489847"/>
 <node id="316490778" visible="true" version="3" changeset="37118600" timestamp="2016-02-10T07:51:44Z" user="JandaM" uid="2169558" lat="49.3101399" lon="14.1490508"/>
 <node id="316490782" visible="true" version="3" changeset="37118600" timestamp="2016-02-10T07:51:44Z" user="JandaM" uid="2169558" lat="49.3100420" lon="14.1489954"/>
 <node id="316490786" visible="true" version="2" changeset="37118600" timestamp="2016-02-10T07:51:44Z" user="JandaM" uid="2169558" lat="49.3101341" lon="14.1486481"/>
 <node id="316490791" visible="true" version="3" changeset="37118600" timestamp="2016-02-10T07:51:44Z" user="JandaM" uid="2169558" lat="49.3101634" lon="14.1490585"/>
 <node id="316490796" visible="true" version="3" changeset="37118600" timestamp="2016-02-10T07:51:44Z" user="JandaM" uid="2169558" lat="49.3101255" lon="14.1492039"/>
 <node id="316490803" visible="true" version="3" changeset="37118600" timestamp="2016-02-10T07:51:44Z" user="JandaM" uid="2169558" lat="49.3101383" lon="14.1492114"/>
 <node id="316490807" visible="true" version="3" changeset="37118600" timestamp="2016-02-10T07:51:44Z" user="JandaM" uid="2169558" lat="49.3101300" lon="14.1492597"/>
 <node id="316490816" visible="true" version="3" changeset="37118600" timestamp="2016-02-10T07:51:44Z" user="JandaM" uid="2169558" lat="49.3101114" lon="14.1492580"/>
 <node id="316490821" visible="true" version="3" changeset="37118600" timestamp="2016-02-10T07:51:44Z" user="JandaM" uid="2169558" lat="49.3100765" lon="14.1493968"/>
 <node id="316490826" visible="true" version="3" changeset="37118600" timestamp="2016-02-10T07:51:44Z" user="JandaM" uid="2169558" lat="49.3099552" lon="14.1493226"/>
 <node id="316490843" visible="true" version="3" changeset="37118600" timestamp="2016-02-10T07:51:44Z" user="JandaM" uid="2169558" lat="49.3101413" lon="14.1490451"/>
 <node id="316490844" visible="true" version="2" changeset="37118600" timestamp="2016-02-10T07:51:44Z" user="JandaM" uid="2169558" lat="49.3103762" lon="14.1486847"/>
 <node id="316490845" visible="true" version="2" changeset="37118600" timestamp="2016-02-10T07:51:44Z" user="JandaM" uid="2169558" lat="49.3102965" lon="14.1486767"/>
 <node id="316490846" visible="true" version="2" changeset="37118600" timestamp="2016-02-10T07:51:44Z" user="JandaM" uid="2169558" lat="49.3102853" lon="14.1489060"/>
 <node id="316490847" visible="true" version="2" changeset="37118600" timestamp="2016-02-10T07:51:44Z" user="JandaM" uid="2169558" lat="49.3102984" lon="14.1489056"/>
 <node id="316490848" visible="true" version="2" changeset="37118600" timestamp="2016-02-10T07:51:44Z" user="JandaM" uid="2169558" lat="49.3102990" lon="14.1489579"/>
 <node id="316490849" visible="true" version="2" changeset="37118600" timestamp="2016-02-10T07:51:44Z" user="JandaM" uid="2169558" lat="49.3103742" lon="14.1489596"/>
 <node id="316490850" visible="true" version="2" changeset="37118600" timestamp="2016-02-10T07:51:44Z" user="JandaM" uid="2169558" lat="49.3103709" lon="14.1489596"/>
 <node id="316490851" visible="true" version="1" changeset="88330" timestamp="2008-12-03T19:43:42Z" user="fik" uid="73797" lat="49.3103270" lon="14.1489591"/>
 <node id="316490852" visible="true" version="2" changeset="37118600" timestamp="2016-02-10T07:51:44Z" user="JandaM" uid="2169558" lat="49.3103229" lon="14.1491850"/>
 <node id="316490853" visible="true" version="2" changeset="37118600" timestamp="2016-02-10T07:51:44Z" user="JandaM" uid="2169558" lat="49.3103655" lon="14.1491920"/>
 <node id="316490854" visible="true" version="2" changeset="37118600" timestamp="2016-02-10T07:51:44Z" user="JandaM" uid="2169558" lat="49.3104392" lon="14.1491618"/>
 <node id="316490855" visible="true" version="2" changeset="37118600" timestamp="2016-02-10T07:51:44Z" user="JandaM" uid="2169558" lat="49.3103874" lon="14.1491540"/>
 <node id="316490856" visible="true" version="2" changeset="37118600" timestamp="2016-02-10T07:51:44Z" user="JandaM" uid="2169558" lat="49.3103843" lon="14.1491951"/>
 <node id="316490858" visible="true" version="2" changeset="37118600" timestamp="2016-02-10T07:51:44Z" user="JandaM" uid="2169558" lat="49.3106066" lon="14.1487281"/>
 <node id="316490862" visible="true" version="2" changeset="37118600" timestamp="2016-02-10T07:51:44Z" user="JandaM" uid="2169558" lat="49.3105419" lon="14.1487147"/>
 <node id="316490864" visible="true" version="2" changeset="37118600" timestamp="2016-02-10T07:51:44Z" user="JandaM" uid="2169558" lat="49.3105423" lon="14.1487094"/>
 <node id="316490865" visible="true" version="2" changeset="37118600" timestamp="2016-02-10T07:51:44Z" user="JandaM" uid="2169558" lat="49.3105091" lon="14.1487029"/>
 <node id="316490866" visible="true" version="2" changeset="37118600" timestamp="2016-02-10T07:51:44Z" user="JandaM" uid="2169558" lat="49.3105086" lon="14.1487094"/>
 <node id="316490867" visible="true" version="2" changeset="37118600" timestamp="2016-02-10T07:51:44Z" user="JandaM" uid="2169558" lat="49.3104444" lon="14.1487002"/>
 <node id="316490868" visible="true" version="2" changeset="37118600" timestamp="2016-02-10T07:51:44Z" user="JandaM" uid="2169558" lat="49.3104442" lon="14.1487031"/>
 <node id="316490869" visible="true" version="2" changeset="37118600" timestamp="2016-02-10T07:51:44Z" user="JandaM" uid="2169558" lat="49.3103759" lon="14.1486916"/>
 <node id="316490870" visible="true" version="2" changeset="37118600" timestamp="2016-02-10T07:51:44Z" user="JandaM" uid="2169558" lat="49.3103749" lon="14.1488453"/>
 <node id="316490871" visible="true" version="2" changeset="37118600" timestamp="2016-02-10T07:51:44Z" user="JandaM" uid="2169558" lat="49.3104099" lon="14.1488490"/>
 <node id="316490872" visible="true" version="2" changeset="37118600" timestamp="2016-02-10T07:51:44Z" user="JandaM" uid="2169558" lat="49.3104095" lon="14.1488586"/>
 <node id="316490873" visible="true" version="2" changeset="37118600" timestamp="2016-02-10T07:51:44Z" user="JandaM" uid="2169558" lat="49.3103929" lon="14.1488596"/>
 <node id="316490874" visible="true" version="2" changeset="37118600" timestamp="2016-02-10T07:51:44Z" user="JandaM" uid="2169558" lat="49.3103777" lon="14.1490637"/>
 <node id="316490875" visible="true" version="2" changeset="37118600" timestamp="2016-02-10T07:51:44Z" user="JandaM" uid="2169558" lat="49.3103933" lon="14.1490664"/>
 <node id="316490886" visible="true" version="2" changeset="37118600" timestamp="2016-02-10T07:51:44Z" user="JandaM" uid="2169558" lat="49.3104301" lon="14.1492824"/>
 <node id="316490888" visible="true" version="2" changeset="37118600" timestamp="2016-02-10T07:51:44Z" user="JandaM" uid="2169558" lat="49.3105832" lon="14.1490972"/>
 <node id="316490889" visible="true" version="2" changeset="37118600" timestamp="2016-02-10T07:51:44Z" user="JandaM" uid="2169558" lat="49.3105603" lon="14.1490910"/>
 <node id="316490890" visible="true" version="2" changeset="37118600" timestamp="2016-02-10T07:51:44Z" user="JandaM" uid="2169558" lat="49.3105756" lon="14.1488818"/>
 <node id="316490891" visible="true" version="2" changeset="37118600" timestamp="2016-02-10T07:51:44Z" user="JandaM" uid="2169558" lat="49.3105940" lon="14.1488846"/>
 <node id="316490893" visible="true" version="1" changeset="88330" timestamp="2008-12-03T19:43:59Z" user="fik" uid="73797" lat="49.3104811" lon="14.1500141"/>
 <node id="316490894" visible="true" version="2" changeset="37118600" timestamp="2016-02-10T07:51:44Z" user="JandaM" uid="2169558" lat="49.3103679" lon="14.1500847"/>
 <node id="316490895" visible="true" version="2" changeset="37118600" timestamp="2016-02-10T07:51:44Z" user="JandaM" uid="2169558" lat="49.3103807" lon="14.1499810"/>
 <node id="316490896" visible="true" version="1" changeset="88330" timestamp="2008-12-03T19:44:00Z" user="fik" uid="73797" lat="49.3104724" lon="14.1501152"/>
 <node id="316490898" visible="true" version="3" changeset="37118600" timestamp="2016-02-10T07:51:44Z" user="JandaM" uid="2169558" lat="49.3097671" lon="14.1501238"/>
 <node id="316490904" visible="true" version="3" changeset="37118600" timestamp="2016-02-10T07:51:44Z" user="JandaM" uid="2169558" lat="49.3098362" lon="14.1497989"/>
 <node id="316490905" visible="true" version="2" changeset="37118600" timestamp="2016-02-10T07:51:45Z" user="JandaM" uid="2169558" lat="49.3103667" lon="14.1500947"/>
 <node id="316490906" visible="true" version="2" changeset="37118600" timestamp="2016-02-10T07:51:45Z" user="JandaM" uid="2169558" lat="49.3099204" lon="14.1498339"/>
 <node id="316490907" visible="true" version="2" changeset="37118600" timestamp="2016-02-10T07:51:45Z" user="JandaM" uid="2169558" lat="49.3099152" lon="14.1498552"/>
 <node id="316490908" visible="true" version="2" changeset="37118600" timestamp="2016-02-10T07:51:45Z" user="JandaM" uid="2169558" lat="49.3100085" lon="14.1499000"/>
 <node id="316490909" visible="true" version="2" changeset="37118600" timestamp="2016-02-10T07:51:45Z" user="JandaM" uid="2169558" lat="49.3100145" lon="14.1498669"/>
 <node id="316490910" visible="true" version="2" changeset="37118600" timestamp="2016-02-10T07:51:45Z" user="JandaM" uid="2169558" lat="49.3100723" lon="14.1498923"/>
 <node id="316490911" visible="true" version="2" changeset="37118600" timestamp="2016-02-10T07:51:45Z" user="JandaM" uid="2169558" lat="49.3102251" lon="14.1500518"/>
 <node id="316490912" visible="true" version="2" changeset="37118600" timestamp="2016-02-10T07:51:45Z" user="JandaM" uid="2169558" lat="49.3102261" lon="14.1500443"/>
 <node id="316490915" visible="true" version="2" changeset="37118600" timestamp="2016-02-10T07:51:45Z" user="JandaM" uid="2169558" lat="49.3100891" lon="14.1500015"/>
 <node id="316490925" visible="true" version="2" changeset="37118600" timestamp="2016-02-10T07:51:45Z" user="JandaM" uid="2169558" lat="49.3100640" lon="14.1501187"/>
 <node id="316490926" visible="true" version="2" changeset="37118600" timestamp="2016-02-10T07:51:45Z" user="JandaM" uid="2169558" lat="49.3101099" lon="14.1501323"/>
 <node id="316490927" visible="true" version="2" changeset="37118600" timestamp="2016-02-10T07:51:45Z" user="JandaM" uid="2169558" lat="49.3101059" lon="14.1501784"/>
 <node id="316490928" visible="true" version="2" changeset="37118600" timestamp="2016-02-10T07:51:45Z" user="JandaM" uid="2169558" lat="49.3100522" lon="14.1501774"/>
 <node id="316490929" visible="true" version="2" changeset="37118600" timestamp="2016-02-10T07:51:45Z" user="JandaM" uid="2169558" lat="49.3100504" lon="14.1501872"/>
 <node id="316490930" visible="true" version="2" changeset="37118600" timestamp="2016-02-10T07:51:45Z" user="JandaM" uid="2169558" lat="49.3100279" lon="14.1501818"/>
 <node id="316490931" visible="true" version="2" changeset="37118600" timestamp="2016-02-10T07:51:45Z" user="JandaM" uid="2169558" lat="49.3100249" lon="14.1501950"/>
 <node id="316490932" visible="true" version="2" changeset="37118600" timestamp="2016-02-10T07:51:45Z" user="JandaM" uid="2169558" lat="49.3099841" lon="14.1501768"/>
 <node id="316490933" visible="true" version="2" changeset="37118600" timestamp="2016-02-10T07:51:45Z" user="JandaM" uid="2169558" lat="49.3099791" lon="14.1502005"/>
 <node id="316490943" visible="true" version="2" changeset="37118600" timestamp="2016-02-10T07:51:45Z" user="JandaM" uid="2169558" lat="49.3099047" lon="14.1501752"/>
 <node id="316490945" visible="true" version="2" changeset="37118600" timestamp="2016-02-10T07:51:45Z" user="JandaM" uid="2169558" lat="49.3099118" lon="14.1501427"/>
 <node id="316490946" visible="true" version="2" changeset="37118600" timestamp="2016-02-10T07:51:45Z" user="JandaM" uid="2169558" lat="49.3098612" lon="14.1501182"/>
 <node id="316490950" visible="true" version="2" changeset="37118600" timestamp="2016-02-10T07:51:45Z" user="JandaM" uid="2169558" lat="49.3098538" lon="14.1501564"/>
 <node id="316490951" visible="true" version="2" changeset="37118600" timestamp="2016-02-10T07:51:45Z" user="JandaM" uid="2169558" lat="49.3101642" lon="14.1497690"/>
 <node id="316490955" visible="true" version="2" changeset="37118600" timestamp="2016-02-10T07:51:45Z" user="JandaM" uid="2169558" lat="49.3098779" lon="14.1496303"/>
 <node id="316490956" visible="true" version="2" changeset="37118600" timestamp="2016-02-10T07:51:45Z" user="JandaM" uid="2169558" lat="49.3101417" lon="14.1499096"/>
 <node id="316490958" visible="true" version="2" changeset="37118600" timestamp="2016-02-10T07:51:45Z" user="JandaM" uid="2169558" lat="49.3100280" lon="14.1497200"/>
 <node id="316490968" visible="true" version="2" changeset="37118600" timestamp="2016-02-10T07:51:45Z" user="JandaM" uid="2169558" lat="49.3100756" lon="14.1498723"/>
 <node id="316490977" visible="true" version="2" changeset="37118600" timestamp="2016-02-10T07:51:45Z" user="JandaM" uid="2169558" lat="49.3099828" lon="14.1498363"/>
 <node id="316490981" visible="true" version="2" changeset="37118600" timestamp="2016-02-10T07:51:45Z" user="JandaM" uid="2169558" lat="49.3099791" lon="14.1498566"/>
 <node id="316490986" visible="true" version="1" changeset="88330" timestamp="2008-12-03T19:44:23Z" user="fik" uid="73797" lat="49.3102522" lon="14.1498787"/>
 <node id="316490990" visible="true" version="1" changeset="88330" timestamp="2008-12-03T19:44:24Z" user="fik" uid="73797" lat="49.3101778" lon="14.1499192"/>
 <node id="316490994" visible="true" version="1" changeset="88330" timestamp="2008-12-03T19:44:24Z" user="fik" uid="73797" lat="49.3101892" lon="14.1498407"/>
 <node id="316490999" visible="true" version="1" changeset="88330" timestamp="2008-12-03T19:44:25Z" user="fik" uid="73797" lat="49.3102454" lon="14.1499362"/>
 <node id="316491004" visible="true" version="1" changeset="88330" timestamp="2008-12-03T19:44:25Z" user="fik" uid="73797" lat="49.3102226" lon="14.1498508"/>
 <node id="316491008" visible="true" version="1" changeset="88330" timestamp="2008-12-03T19:44:26Z" user="fik" uid="73797" lat="49.3102230" lon="14.1498701"/>
 <node id="316497457" visible="true" version="2" changeset="2043008" timestamp="2009-08-05T08:40:02Z" user="fik" uid="73797" lat="49.3082917" lon="14.1286681"/>
 <node id="316497459" visible="true" version="2" changeset="2043008" timestamp="2009-08-05T08:40:02Z" user="fik" uid="73797" lat="49.3083037" lon="14.1292249"/>
 <node id="316497461" visible="true" version="2" changeset="11405614" timestamp="2012-04-24T14:03:50Z" user="Karl Von Bahnhoff" uid="520972" lat="49.3081263" lon="14.1303010"/>
 <node id="316497463" visible="true" version="1" changeset="88330" timestamp="2008-12-03T20:22:08Z" user="fik" uid="73797" lat="49.3079031" lon="14.1311695"/>
 <node id="316497465" visible="true" version="2" changeset="2043008" timestamp="2009-08-05T08:40:02Z" user="fik" uid="73797" lat="49.3075519" lon="14.1315947"/>
 <node id="316497468" visible="true" version="2" changeset="2043008" timestamp="2009-08-05T08:40:02Z" user="fik" uid="73797" lat="49.3073427" lon="14.1322368"/>
 <node id="316497474" visible="true" version="2" changeset="2043008" timestamp="2009-08-05T08:40:02Z" user="fik" uid="73797" lat="49.3074819" lon="14.1328121"/>
 <node id="316497483" visible="true" version="1" changeset="88330" timestamp="2008-12-03T20:22:11Z" user="fik" uid="73797" lat="49.3067047" lon="14.1380299"/>
 <node id="316497488" visible="true" version="2" changeset="11405614" timestamp="2012-04-24T14:03:50Z" user="Karl Von Bahnhoff" uid="520972" lat="49.3065709" lon="14.1384759"/>
 <node id="316497493" visible="true" version="2" changeset="11405614" timestamp="2012-04-24T14:03:50Z" user="Karl Von Bahnhoff" uid="520972" lat="49.3064928" lon="14.1405295"/>
 <node id="316497495" visible="true" version="2" changeset="88330" timestamp="2008-12-03T20:28:29Z" user="fik" uid="73797" lat="49.3068061" lon="14.1433368"/>
 <node id="316497497" visible="true" version="4" changeset="32836291" timestamp="2015-07-23T20:21:06Z" user="Karl Von Bahnhoff" uid="520972" lat="49.3068888" lon="14.1437855"/>
 <node id="316497499" visible="true" version="5" changeset="28800741" timestamp="2015-02-12T17:40:11Z" user="coshoun" uid="2659659" lat="49.3071630" lon="14.1444873"/>
 <node id="316497501" visible="true" version="2" changeset="32836291" timestamp="2015-07-23T20:21:06Z" user="Karl Von Bahnhoff" uid="520972" lat="49.3085482" lon="14.1450649"/>
 <node id="316497508" visible="true" version="2" changeset="32836291" timestamp="2015-07-23T20:21:06Z" user="Karl Von Bahnhoff" uid="520972" lat="49.3089680" lon="14.1451768"/>
 <node id="316497510" visible="true" version="1" changeset="88330" timestamp="2008-12-03T20:22:16Z" user="fik" uid="73797" lat="49.3093648" lon="14.1451872"/>
 <node id="316497512" visible="true" version="2" changeset="11405614" timestamp="2012-04-24T14:03:50Z" user="Karl Von Bahnhoff" uid="520972" lat="49.3103455" lon="14.1450062"/>
 <node id="316497514" visible="true" version="2" changeset="11405614" timestamp="2012-04-24T14:03:50Z" user="Karl Von Bahnhoff" uid="520972" lat="49.3109891" lon="14.1448513"/>
 <node id="316497516" visible="true" version="2" changeset="11405614" timestamp="2012-04-24T14:03:50Z" user="Karl Von Bahnhoff" uid="520972" lat="49.3122496" lon="14.1443790"/>
 <node id="316497518" visible="true" version="2" changeset="748978" timestamp="2009-01-06T14:41:21Z" user="fik" uid="73797" lat="49.3126184" lon="14.1442753"/>
 <node id="316497520" visible="true" version="1" changeset="88330" timestamp="2008-12-03T20:22:19Z" user="fik" uid="73797" lat="49.3132907" lon="14.1440055"/>
 <node id="316497522" visible="true" version="2" changeset="3186045" timestamp="2009-11-22T13:57:51Z" user="Petr Dlouhý" uid="17615" lat="49.3168162" lon="14.1434958"/>
 <node id="316497525" visible="true" version="2" changeset="3186045" timestamp="2009-11-22T13:57:51Z" user="Petr Dlouhý" uid="17615" lat="49.3170904" lon="14.1439447"/>
 <node id="316497529" visible="true" version="2" changeset="11405614" timestamp="2012-04-24T14:03:50Z" user="Karl Von Bahnhoff" uid="520972" lat="49.3150825" lon="14.1442071"/>
 <node id="316497536" visible="true" version="2" changeset="11405614" timestamp="2012-04-24T14:03:50Z" user="Karl Von Bahnhoff" uid="520972" lat="49.3139155" lon="14.1448492"/>
 <node id="316497540" visible="true" version="1" changeset="88330" timestamp="2008-12-03T20:22:23Z" user="fik" uid="73797" lat="49.3133187" lon="14.1451256"/>
 <node id="316497546" visible="true" version="1" changeset="88330" timestamp="2008-12-03T20:22:23Z" user="fik" uid="73797" lat="49.3132963" lon="14.1449912"/>
 <node id="316497552" visible="true" version="2" changeset="11405614" timestamp="2012-04-24T14:03:50Z" user="Karl Von Bahnhoff" uid="520972" lat="49.3126885" lon="14.1452224"/>
 <node id="316497557" visible="true" version="2" changeset="11405614" timestamp="2012-04-24T14:03:51Z" user="Karl Von Bahnhoff" uid="520972" lat="49.3125731" lon="14.1454223"/>
 <node id="316497564" visible="true" version="2" changeset="32836291" timestamp="2015-07-23T20:21:06Z" user="Karl Von Bahnhoff" uid="520972" lat="49.3106082" lon="14.1461070"/>
 <node id="316497569" visible="true" version="1" changeset="88330" timestamp="2008-12-03T20:22:25Z" user="fik" uid="73797" lat="49.3103561" lon="14.1460665"/>
 <node id="316497574" visible="true" version="2" changeset="11405614" timestamp="2012-04-24T14:03:51Z" user="Karl Von Bahnhoff" uid="520972" lat="49.3100007" lon="14.1463424"/>
 <node id="316497577" visible="true" version="2" changeset="32836291" timestamp="2015-07-23T20:21:06Z" user="Karl Von Bahnhoff" uid="520972" lat="49.3088228" lon="14.1460387"/>
 <node id="316497580" visible="true" version="2" changeset="88330" timestamp="2008-12-03T20:28:31Z" user="fik" uid="73797" lat="49.3078609" lon="14.1462714"/>
 <node id="316497582" visible="true" version="3" changeset="32836291" timestamp="2015-07-23T20:21:06Z" user="Karl Von Bahnhoff" uid="520972" lat="49.3077711" lon="14.1460552"/>
 <node id="316497591" visible="true" version="2" changeset="88330" timestamp="2008-12-03T20:28:32Z" user="fik" uid="73797" lat="49.3075641" lon="14.1459936"/>
 <node id="316497596" visible="true" version="2" changeset="88330" timestamp="2008-12-03T20:28:33Z" user="fik" uid="73797" lat="49.3076661" lon="14.1462244"/>
 <node id="316497604" visible="true" version="2" changeset="88330" timestamp="2008-12-03T20:28:33Z" user="fik" uid="73797" lat="49.3071629" lon="14.1460090"/>
 <node id="316497608" visible="true" version="2" changeset="88330" timestamp="2008-12-03T20:28:34Z" user="fik" uid="73797" lat="49.3069562" lon="14.1458763"/>
 <node id="316497613" visible="true" version="2" changeset="88330" timestamp="2008-12-03T20:28:34Z" user="fik" uid="73797" lat="49.3067664" lon="14.1456995"/>
 <node id="316497618" visible="true" version="1" changeset="88330" timestamp="2008-12-03T20:22:33Z" user="fik" uid="73797" lat="49.3065815" lon="14.1454672"/>
 <node id="316497622" visible="true" version="2" changeset="32836291" timestamp="2015-07-23T20:21:06Z" user="Karl Von Bahnhoff" uid="520972" lat="49.3064941" lon="14.1453742"/>
 <node id="316497627" visible="true" version="2" changeset="32836291" timestamp="2015-07-23T20:21:06Z" user="Karl Von Bahnhoff" uid="520972" lat="49.3063597" lon="14.1451910"/>
 <node id="316497632" visible="true" version="1" changeset="88330" timestamp="2008-12-03T20:22:34Z" user="fik" uid="73797" lat="49.3059094" lon="14.1441231"/>
 <node id="316497638" visible="true" version="1" changeset="88330" timestamp="2008-12-03T20:22:35Z" user="fik" uid="73797" lat="49.3057806" lon="14.1437255"/>
 <node id="316497642" visible="true" version="2" changeset="32836291" timestamp="2015-07-23T20:21:06Z" user="Karl Von Bahnhoff" uid="520972" lat="49.3056350" lon="14.1427947"/>
 <node id="316497646" visible="true" version="1" changeset="88330" timestamp="2008-12-03T20:22:36Z" user="fik" uid="73797" lat="49.3055230" lon="14.1420006"/>
 <node id="316497653" visible="true" version="2" changeset="32836291" timestamp="2015-07-23T20:21:06Z" user="Karl Von Bahnhoff" uid="520972" lat="49.3054362" lon="14.1400333"/>
 <node id="316497658" visible="true" version="1" changeset="88330" timestamp="2008-12-03T20:22:38Z" user="fik" uid="73797" lat="49.3054894" lon="14.1394636"/>
 <node id="316497661" visible="true" version="2" changeset="11405614" timestamp="2012-04-24T14:03:51Z" user="Karl Von Bahnhoff" uid="520972" lat="49.3055999" lon="14.1389802"/>
 <node id="316497666" visible="true" version="1" changeset="88330" timestamp="2008-12-03T20:22:39Z" user="fik" uid="73797" lat="49.3056294" lon="14.1387580"/>
 <node id="316497669" visible="true" version="2" changeset="11405614" timestamp="2012-04-24T14:03:51Z" user="Karl Von Bahnhoff" uid="520972" lat="49.3057625" lon="14.1382167"/>
 <node id="316497673" visible="true" version="1" changeset="88330" timestamp="2008-12-03T20:22:40Z" user="fik" uid="73797" lat="49.3058590" lon="14.1376715"/>
 <node id="316497676" visible="true" version="2" changeset="36344531" timestamp="2016-01-03T18:33:55Z" user="Michal Vinárek" uid="3108884" lat="49.3061188" lon="14.1363376"/>
 <node id="316497680" visible="true" version="2" changeset="36344531" timestamp="2016-01-03T18:33:55Z" user="Michal Vinárek" uid="3108884" lat="49.3062762" lon="14.1353774"/>
 <node id="316497681" visible="true" version="2" changeset="36344531" timestamp="2016-01-03T18:33:55Z" user="Michal Vinárek" uid="3108884" lat="49.3064651" lon="14.1342026"/>
 <node id="316497682" visible="true" version="2" changeset="36344531" timestamp="2016-01-03T18:33:55Z" user="Michal Vinárek" uid="3108884" lat="49.3067152" lon="14.1327703"/>
 <node id="316497685" visible="true" version="2" changeset="36344531" timestamp="2016-01-03T18:33:55Z" user="Michal Vinárek" uid="3108884" lat="49.3067799" lon="14.1320112"/>
 <node id="316497696" visible="true" version="2" changeset="36344531" timestamp="2016-01-03T18:33:55Z" user="Michal Vinárek" uid="3108884" lat="49.3069915" lon="14.1310725"/>
 <node id="316497705" visible="true" version="1" changeset="88330" timestamp="2008-12-03T20:22:44Z" user="fik" uid="73797" lat="49.3072983" lon="14.1299766"/>
 <node id="316497709" visible="true" version="1" changeset="88330" timestamp="2008-12-03T20:22:45Z" user="fik" uid="73797" lat="49.3074159" lon="14.1297918"/>
 <node id="316497715" visible="true" version="2" changeset="2043008" timestamp="2009-08-05T08:40:02Z" user="fik" uid="73797" lat="49.3074074" lon="14.1287670"/>
 <node id="316497726" visible="true" version="2" changeset="2043008" timestamp="2009-08-05T08:40:02Z" user="fik" uid="73797" lat="49.3079619" lon="14.1257327"/>
 <node id="316497734" visible="true" version="1" changeset="88330" timestamp="2008-12-03T20:22:47Z" user="fik" uid="73797" lat="49.3082168" lon="14.1249699"/>
 <node id="316499774" visible="true" version="1" changeset="88330" timestamp="2008-12-03T20:28:24Z" user="fik" uid="73797" lat="49.3083447" lon="14.1461094"/>
 <node id="316499775" visible="true" version="1" changeset="88330" timestamp="2008-12-03T20:28:24Z" user="fik" uid="73797" lat="49.3077452" lon="14.1462480"/>
 <node id="316499776" visible="true" version="1" changeset="88330" timestamp="2008-12-03T20:28:25Z" user="fik" uid="73797" lat="49.3076433" lon="14.1459227"/>
 <node id="316499777" visible="true" version="1" changeset="88330" timestamp="2008-12-03T20:28:25Z" user="fik" uid="73797" lat="49.3076688" lon="14.1461009"/>
 <node id="316499778" visible="true" version="1" changeset="88330" timestamp="2008-12-03T20:28:26Z" user="fik" uid="73797" lat="49.3076179" lon="14.1460755"/>
 <node id="316499779" visible="true" version="1" changeset="88330" timestamp="2008-12-03T20:28:27Z" user="fik" uid="73797" lat="49.3073690" lon="14.1460528"/>
 <node id="316499780" visible="true" version="1" changeset="88330" timestamp="2008-12-03T20:28:27Z" user="fik" uid="73797" lat="49.3074567" lon="14.1461405"/>
 <node id="316499781" visible="true" version="1" changeset="88330" timestamp="2008-12-03T20:28:28Z" user="fik" uid="73797" lat="49.3075161" lon="14.1461603"/>
 <node id="316499782" visible="true" version="1" changeset="88330" timestamp="2008-12-03T20:28:28Z" user="fik" uid="73797" lat="49.3075246" lon="14.1461942"/>
 <node id="316499783" visible="true" version="1" changeset="88330" timestamp="2008-12-03T20:28:29Z" user="fik" uid="73797" lat="49.3069872" lon="14.1442372"/>
 <node id="316524610" visible="true" version="2" changeset="39230952" timestamp="2016-05-11T01:27:35Z" user="Michal Vinárek" uid="3108884" lat="49.3093954" lon="14.1462919"/>
 <node id="316524615" visible="true" version="2" changeset="32836291" timestamp="2015-07-23T20:21:06Z" user="Karl Von Bahnhoff" uid="520972" lat="49.3087127" lon="14.1461408"/>
 <node id="316524620" visible="true" version="2" changeset="32836291" timestamp="2015-07-23T20:21:06Z" user="Karl Von Bahnhoff" uid="520972" lat="49.3081676" lon="14.1462506"/>
 <node id="329190256" visible="true" version="2" changeset="28798311" timestamp="2015-02-12T15:47:16Z" user="coshoun" uid="2659659" lat="49.3074152" lon="14.1446285"/>
 <node id="329190269" visible="true" version="2" changeset="11405614" timestamp="2012-04-24T14:03:51Z" user="Karl Von Bahnhoff" uid="520972" lat="49.3128018" lon="14.1451422"/>
 <node id="329190273" visible="true" version="1" changeset="748978" timestamp="2009-01-06T14:40:57Z" user="fik" uid="73797" lat="49.3077666" lon="14.1312818"/>
 <node id="329190278" visible="true" version="1" changeset="748978" timestamp="2009-01-06T14:40:58Z" user="fik" uid="73797" lat="49.3073449" lon="14.1299001"/>
 <node id="354910084" visible="true" version="1" changeset="726728" timestamp="2009-03-02T15:35:30Z" user="fik" uid="73797" lat="49.3120392" lon="14.1462154"/>
 <node id="354910087" visible="true" version="2" changeset="39324153" timestamp="2016-05-15T04:52:14Z" user="Michal Vinárek" uid="3108884" lat="49.3119265" lon="14.1462820"/>
 <node id="354910089" visible="true" version="1" changeset="726728" timestamp="2009-03-02T15:35:31Z" user="fik" uid="73797" lat="49.3114697" lon="14.1463817"/>
 <node id="354910090" visible="true" version="1" changeset="726728" timestamp="2009-03-02T15:35:31Z" user="fik" uid="73797" lat="49.3112051" lon="14.1464347"/>
 <node id="354910092" visible="true" version="2" changeset="39324153" timestamp="2016-05-15T04:52:14Z" user="Michal Vinárek" uid="3108884" lat="49.3109360" lon="14.1465357"/>
 <node id="354910098" visible="true" version="1" changeset="726728" timestamp="2009-03-02T15:35:32Z" user="fik" uid="73797" lat="49.3116259" lon="14.1459760"/>
 <node id="354910105" visible="true" version="2" changeset="39324153" timestamp="2016-05-15T04:52:14Z" user="Michal Vinárek" uid="3108884" lat="49.3109223" lon="14.1464531"/>
 <node id="354910113" visible="true" version="1" changeset="726728" timestamp="2009-03-02T15:35:33Z" user="fik" uid="73797" lat="49.3108145" lon="14.1468026"/>
 <node id="354910120" visible="true" version="3" changeset="42689596" timestamp="2016-10-06T16:39:49Z" user="gorn" uid="10353" lat="49.3105078" lon="14.1467783"/>
 <node id="354910123" visible="true" version="1" changeset="726728" timestamp="2009-03-02T15:35:35Z" user="fik" uid="73797" lat="49.3126339" lon="14.1471554"/>
 <node id="354910219" visible="true" version="3" changeset="39324153" timestamp="2016-05-15T04:52:14Z" user="Michal Vinárek" uid="3108884" lat="49.3106706" lon="14.1464727"/>
 <node id="354910222" visible="true" version="3" changeset="32836291" timestamp="2015-07-23T20:21:06Z" user="Karl Von Bahnhoff" uid="520972" lat="49.3108968" lon="14.1465183"/>
 <node id="354910224" visible="true" version="4" changeset="28331779" timestamp="2015-01-22T17:18:33Z" user="ratrun" uid="474183" lat="49.3109201" lon="14.1467739"/>
 <node id="354910253" visible="true" version="3" changeset="42689596" timestamp="2016-10-06T16:39:49Z" user="gorn" uid="10353" lat="49.3107427" lon="14.1467347"/>
 <node id="354910258" visible="true" version="3" changeset="42689596" timestamp="2016-10-06T16:39:49Z" user="gorn" uid="10353" lat="49.3104689" lon="14.1467551"/>
 <node id="354910260" visible="true" version="3" changeset="42689596" timestamp="2016-10-06T16:39:49Z" user="gorn" uid="10353" lat="49.3104353" lon="14.1464258"/>
 <node id="354910263" visible="true" version="3" changeset="42689596" timestamp="2016-10-06T16:39:49Z" user="gorn" uid="10353" lat="49.3107117" lon="14.1463633"/>
 <node id="368705221" visible="true" version="2" changeset="11405614" timestamp="2012-04-24T14:03:51Z" user="Karl Von Bahnhoff" uid="520972" lat="49.3184437" lon="14.1439301"/>
 <node id="368705227" visible="true" version="2" changeset="11405614" timestamp="2012-04-24T14:03:51Z" user="Karl Von Bahnhoff" uid="520972" lat="49.3185862" lon="14.1438827"/>
 <node id="368705232" visible="true" version="1" changeset="83980" timestamp="2009-04-02T13:52:50Z" user="fik" uid="73797" lat="49.3191543" lon="14.1444791"/>
 <node id="368705237" visible="true" version="2" changeset="11405614" timestamp="2012-04-24T14:03:51Z" user="Karl Von Bahnhoff" uid="520972" lat="49.3193806" lon="14.1451761"/>
 <node id="368705244" visible="true" version="2" changeset="11405614" timestamp="2012-04-24T14:03:52Z" user="Karl Von Bahnhoff" uid="520972" lat="49.3193296" lon="14.1465081"/>
 <node id="368705249" visible="true" version="2" changeset="3186045" timestamp="2009-11-22T13:57:52Z" user="Petr Dlouhý" uid="17615" lat="49.3190295" lon="14.1465825"/>
 <node id="368705255" visible="true" version="2" changeset="3186045" timestamp="2009-11-22T13:57:52Z" user="Petr Dlouhý" uid="17615" lat="49.3189526" lon="14.1451089"/>
 <node id="368705260" visible="true" version="2" changeset="11405614" timestamp="2012-04-24T14:03:52Z" user="Karl Von Bahnhoff" uid="520972" lat="49.3185951" lon="14.1446153"/>
 <node id="368705265" visible="true" version="2" changeset="11405614" timestamp="2012-04-24T14:03:52Z" user="Karl Von Bahnhoff" uid="520972" lat="49.3174726" lon="14.1439682"/>
 <node id="368705272" visible="true" version="1" changeset="83980" timestamp="2009-04-02T13:52:51Z" user="fik" uid="73797" lat="49.3180137" lon="14.1436712"/>
 <node id="368705281" visible="true" version="1" changeset="83980" timestamp="2009-04-02T13:52:52Z" user="fik" uid="73797" lat="49.3191518" lon="14.1465593"/>
 <node id="368740729" visible="true" version="1" changeset="83980" timestamp="2009-04-02T14:16:07Z" user="fik" uid="73797" lat="49.3078616" lon="14.1513431"/>
 <node id="368740736" visible="true" version="2" changeset="11675370" timestamp="2012-05-22T20:07:24Z" user="Karl Von Bahnhoff" uid="520972" lat="49.3083825" lon="14.1512154"/>
 <node id="368740740" visible="true" version="1" changeset="83980" timestamp="2009-04-02T14:16:07Z" user="fik" uid="73797" lat="49.3082999" lon="14.1512781"/>
 <node id="368740743" visible="true" version="1" changeset="83980" timestamp="2009-04-02T14:16:07Z" user="fik" uid="73797" lat="49.3070484" lon="14.1511043"/>
 <node id="368740749" visible="true" version="1" changeset="83980" timestamp="2009-04-02T14:16:07Z" user="fik" uid="73797" lat="49.3070037" lon="14.1510869"/>
 <node id="368740752" visible="true" version="1" changeset="83980" timestamp="2009-04-02T14:16:08Z" user="fik" uid="73797" lat="49.3066238" lon="14.1509752"/>
 <node id="368740756" visible="true" version="1" changeset="83980" timestamp="2009-04-02T14:16:08Z" user="fik" uid="73797" lat="49.3065692" lon="14.1508758"/>
 <node id="368740761" visible="true" version="2" changeset="13144074" timestamp="2012-09-17T14:01:33Z" user="Karl Von Bahnhoff" uid="520972" lat="49.3061516" lon="14.1502456"/>
 <node id="368740769" visible="true" version="1" changeset="83980" timestamp="2009-04-02T14:16:08Z" user="fik" uid="73797" lat="49.3078778" lon="14.1512235"/>
 <node id="412725247" visible="true" version="1" changeset="1356412" timestamp="2009-05-30T08:35:53Z" user="Medulove" uid="46751" lat="49.3101976" lon="14.1468630">
  <tag k="historic" v="memorial"/>
  <tag k="name" v="Letců"/>
 </node>
 <node id="451720118" visible="true" version="5" changeset="24867648" timestamp="2014-08-19T18:59:43Z" user="frany" uid="222642" lat="49.3082545" lon="14.1466042">
  <tag k="email" v="infocentrum@pisek.eu"/>
  <tag k="information" v="office"/>
  <tag k="name" v="Infocentrum Písek"/>
  <tag k="opening_hours" v="Oct-Apr Mo-Su 09:00-17:00; May-Sep Mo-Su 09:00-18:00"/>
  <tag k="phone" v="+420 387 999 999"/>
  <tag k="tourism" v="information"/>
 </node>
 <node id="451724398" visible="true" version="2" changeset="29679463" timestamp="2015-03-23T13:58:02Z" user="Jarda65" uid="2775626" lat="49.3088535" lon="14.1465376">
  <tag k="addr:city" v="Písek"/>
  <tag k="addr:housenumber" v="114"/>
  <tag k="addr:postcode" v="39720"/>
  <tag k="addr:street" v="Velké náměstí"/>
  <tag k="name" v="Prácheňské muzeum"/>
  <tag k="operator" v="Prácheňské muzeum v Písku"/>
  <tag k="tourism" v="museum"/>
  <tag k="website" v="http://www.prachenskemuzeum.cz/"/>
 </node>
 <node id="451724399" visible="true" version="3" changeset="39323663" timestamp="2016-05-15T03:08:44Z" user="Michal Vinárek" uid="3108884" lat="49.3090469" lon="14.1476281">
  <tag k="description" v="city map with sightseeing informations"/>
  <tag k="information" v="citymap"/>
  <tag k="tourism" v="information"/>
 </node>
 <node id="451724400" visible="true" version="1" changeset="1984247" timestamp="2009-07-30T12:39:12Z" user="fik" uid="73797" lat="49.3098011" lon="14.1465113">
  <tag k="description" v="city map with sightseeing informations"/>
  <tag k="information" v="citymap"/>
  <tag k="tourism" v="information"/>
 </node>
 <node id="456749138" visible="true" version="1" changeset="2043008" timestamp="2009-08-05T08:39:40Z" user="fik" uid="73797" lat="49.3127590" lon="14.1462480">
  <tag k="highway" v="bus_stop"/>
  <tag k="name" v="Písek, Kulturní dům"/>
 </node>
 <node id="456749193" visible="true" version="1" changeset="2043008" timestamp="2009-08-05T08:39:41Z" user="fik" uid="73797" lat="49.3071745" lon="14.1340355"/>
 <node id="456749195" visible="true" version="1" changeset="2043008" timestamp="2009-08-05T08:39:41Z" user="fik" uid="73797" lat="49.3073947" lon="14.1327385"/>
 <node id="456749239" visible="true" version="2" changeset="37140767" timestamp="2016-02-11T07:51:03Z" user="JandaM" uid="2169558" lat="49.3103906" lon="14.1468092"/>
 <node id="456749240" visible="true" version="2" changeset="37140767" timestamp="2016-02-11T07:51:03Z" user="JandaM" uid="2169558" lat="49.3105743" lon="14.1467963"/>
 <node id="456749241" visible="true" version="2" changeset="37140767" timestamp="2016-02-11T07:51:03Z" user="JandaM" uid="2169558" lat="49.3103897" lon="14.1470167"/>
 <node id="456749242" visible="true" version="2" changeset="37140767" timestamp="2016-02-11T07:51:03Z" user="JandaM" uid="2169558" lat="49.3105264" lon="14.1470130"/>
 <node id="456749243" visible="true" version="2" changeset="37140767" timestamp="2016-02-11T07:51:03Z" user="JandaM" uid="2169558" lat="49.3105244" lon="14.1469943"/>
 <node id="456749244" visible="true" version="2" changeset="37140767" timestamp="2016-02-11T07:51:03Z" user="JandaM" uid="2169558" lat="49.3105091" lon="14.1469966"/>
 <node id="456749245" visible="true" version="2" changeset="37140767" timestamp="2016-02-11T07:51:03Z" user="JandaM" uid="2169558" lat="49.3105069" lon="14.1469510"/>
 <node id="456749246" visible="true" version="2" changeset="37140767" timestamp="2016-02-11T07:51:03Z" user="JandaM" uid="2169558" lat="49.3105820" lon="14.1469430"/>
 <node id="456749247" visible="true" version="1" changeset="2043008" timestamp="2009-08-05T08:39:43Z" user="fik" uid="73797" lat="49.3106276" lon="14.1469262"/>
 <node id="456749249" visible="true" version="1" changeset="2043008" timestamp="2009-08-05T08:39:43Z" user="fik" uid="73797" lat="49.3106300" lon="14.1469928"/>
 <node id="456749250" visible="true" version="1" changeset="2043008" timestamp="2009-08-05T08:39:43Z" user="fik" uid="73797" lat="49.3106890" lon="14.1469874"/>
 <node id="456749251" visible="true" version="1" changeset="2043008" timestamp="2009-08-05T08:39:43Z" user="fik" uid="73797" lat="49.3106224" lon="14.1468814"/>
 <node id="456749253" visible="true" version="1" changeset="2043008" timestamp="2009-08-05T08:39:43Z" user="fik" uid="73797" lat="49.3105844" lon="14.1468867"/>
 <node id="456749254" visible="true" version="1" changeset="2043008" timestamp="2009-08-05T08:39:43Z" user="fik" uid="73797" lat="49.3106211" lon="14.1469257"/>
 <node id="456749255" visible="true" version="1" changeset="2043008" timestamp="2009-08-05T08:39:43Z" user="fik" uid="73797" lat="49.3105869" lon="14.1469237"/>
 <node id="456749259" visible="true" version="2" changeset="37140767" timestamp="2016-02-11T07:51:03Z" user="JandaM" uid="2169558" lat="49.3103915" lon="14.1470198"/>
 <node id="456749260" visible="true" version="2" changeset="37140767" timestamp="2016-02-11T07:51:03Z" user="JandaM" uid="2169558" lat="49.3108008" lon="14.1471697"/>
 <node id="456749261" visible="true" version="2" changeset="37140767" timestamp="2016-02-11T07:51:03Z" user="JandaM" uid="2169558" lat="49.3103932" lon="14.1472461"/>
 <node id="456749262" visible="true" version="2" changeset="37140767" timestamp="2016-02-11T07:51:03Z" user="JandaM" uid="2169558" lat="49.3105561" lon="14.1470123"/>
 <node id="456749265" visible="true" version="2" changeset="37140767" timestamp="2016-02-11T07:51:03Z" user="JandaM" uid="2169558" lat="49.3105261" lon="14.1470107"/>
 <node id="456749266" visible="true" version="2" changeset="37140767" timestamp="2016-02-11T07:51:03Z" user="JandaM" uid="2169558" lat="49.3105605" lon="14.1470748"/>
 <node id="456749268" visible="true" version="2" changeset="37140767" timestamp="2016-02-11T07:51:03Z" user="JandaM" uid="2169558" lat="49.3105115" lon="14.1470807"/>
 <node id="456749270" visible="true" version="2" changeset="37140767" timestamp="2016-02-11T07:51:03Z" user="JandaM" uid="2169558" lat="49.3106409" lon="14.1471887"/>
 <node id="456749273" visible="true" version="2" changeset="37140767" timestamp="2016-02-11T07:51:03Z" user="JandaM" uid="2169558" lat="49.3107851" lon="14.1470798"/>
 <node id="456749274" visible="true" version="2" changeset="37140767" timestamp="2016-02-11T07:51:03Z" user="JandaM" uid="2169558" lat="49.3105109" lon="14.1471269"/>
 <node id="456749277" visible="true" version="2" changeset="37140767" timestamp="2016-02-11T07:51:03Z" user="JandaM" uid="2169558" lat="49.3106385" lon="14.1471002"/>
 <node id="456749279" visible="true" version="2" changeset="37140767" timestamp="2016-02-11T07:51:04Z" user="JandaM" uid="2169558" lat="49.3108619" lon="14.1471693"/>
 <node id="456749282" visible="true" version="2" changeset="37140767" timestamp="2016-02-11T07:51:04Z" user="JandaM" uid="2169558" lat="49.3108683" lon="14.1472607"/>
 <node id="456749284" visible="true" version="2" changeset="37140767" timestamp="2016-02-11T07:51:04Z" user="JandaM" uid="2169558" lat="49.3105273" lon="14.1472242"/>
 <node id="456749286" visible="true" version="2" changeset="37140767" timestamp="2016-02-11T07:51:04Z" user="JandaM" uid="2169558" lat="49.3103924" lon="14.1473157"/>
 <node id="456749287" visible="true" version="2" changeset="37140767" timestamp="2016-02-11T07:51:04Z" user="JandaM" uid="2169558" lat="49.3105381" lon="14.1474341"/>
 <node id="456749288" visible="true" version="2" changeset="37140767" timestamp="2016-02-11T07:51:04Z" user="JandaM" uid="2169558" lat="49.3103923" lon="14.1474583"/>
 <node id="456749290" visible="true" version="2" changeset="37140767" timestamp="2016-02-11T07:51:04Z" user="JandaM" uid="2169558" lat="49.3105389" lon="14.1473834"/>
 <node id="456749291" visible="true" version="2" changeset="37140767" timestamp="2016-02-11T07:51:04Z" user="JandaM" uid="2169558" lat="49.3105246" lon="14.1473829"/>
 <node id="456749293" visible="true" version="2" changeset="37140767" timestamp="2016-02-11T07:51:04Z" user="JandaM" uid="2169558" lat="49.3105253" lon="14.1473441"/>
 <node id="456749295" visible="true" version="2" changeset="37140767" timestamp="2016-02-11T07:51:04Z" user="JandaM" uid="2169558" lat="49.3105395" lon="14.1473444"/>
 <node id="456749296" visible="true" version="2" changeset="37140767" timestamp="2016-02-11T07:51:04Z" user="JandaM" uid="2169558" lat="49.3105405" lon="14.1472805"/>
 <node id="456749297" visible="true" version="2" changeset="37140767" timestamp="2016-02-11T07:51:04Z" user="JandaM" uid="2169558" lat="49.3105261" lon="14.1472810"/>
 <node id="456749299" visible="true" version="2" changeset="37140767" timestamp="2016-02-11T07:51:04Z" user="JandaM" uid="2169558" lat="49.3106088" lon="14.1471987"/>
 <node id="456749300" visible="true" version="2" changeset="37140767" timestamp="2016-02-11T07:51:04Z" user="JandaM" uid="2169558" lat="49.3105513" lon="14.1472167"/>
 <node id="456749302" visible="true" version="1" changeset="2043008" timestamp="2009-08-05T08:39:44Z" user="fik" uid="73797" lat="49.3106119" lon="14.1472344"/>
 <node id="456749303" visible="true" version="1" changeset="2043008" timestamp="2009-08-05T08:39:44Z" user="fik" uid="73797" lat="49.3105561" lon="14.1472531"/>
 <node id="456749305" visible="true" version="2" changeset="37140767" timestamp="2016-02-11T07:51:04Z" user="JandaM" uid="2169558" lat="49.3107336" lon="14.1473215"/>
 <node id="456749307" visible="true" version="2" changeset="37140767" timestamp="2016-02-11T07:51:04Z" user="JandaM" uid="2169558" lat="49.3106202" lon="14.1473397"/>
 <node id="456749310" visible="true" version="2" changeset="37140767" timestamp="2016-02-11T07:51:04Z" user="JandaM" uid="2169558" lat="49.3106264" lon="14.1474202"/>
 <node id="456749314" visible="true" version="2" changeset="37140767" timestamp="2016-02-11T07:51:04Z" user="JandaM" uid="2169558" lat="49.3107387" lon="14.1474049"/>
 <node id="456749316" visible="true" version="1" changeset="2043008" timestamp="2009-08-05T08:39:44Z" user="fik" uid="73797" lat="49.3107269" lon="14.1474574"/>
 <node id="456749317" visible="true" version="2" changeset="37140767" timestamp="2016-02-11T07:51:04Z" user="JandaM" uid="2169558" lat="49.3105148" lon="14.1474487"/>
 <node id="456749319" visible="true" version="1" changeset="2043008" timestamp="2009-08-05T08:39:44Z" user="fik" uid="73797" lat="49.3107257" lon="14.1476338"/>
 <node id="456749320" visible="true" version="1" changeset="2043008" timestamp="2009-08-05T08:39:44Z" user="fik" uid="73797" lat="49.3105152" lon="14.1476061"/>
 <node id="456749323" visible="true" version="1" changeset="2043008" timestamp="2009-08-05T08:39:44Z" user="fik" uid="73797" lat="49.3106950" lon="14.1476292"/>
 <node id="456749324" visible="true" version="1" changeset="2043008" timestamp="2009-08-05T08:39:44Z" user="fik" uid="73797" lat="49.3106950" lon="14.1475985"/>
 <node id="456749326" visible="true" version="1" changeset="2043008" timestamp="2009-08-05T08:39:44Z" user="fik" uid="73797" lat="49.3105403" lon="14.1475961"/>
 <node id="456749327" visible="true" version="1" changeset="2043008" timestamp="2009-08-05T08:39:44Z" user="fik" uid="73797" lat="49.3105400" lon="14.1476083"/>
 <node id="456749334" visible="true" version="2" changeset="37140767" timestamp="2016-02-11T07:51:04Z" user="JandaM" uid="2169558" lat="49.3105148" lon="14.1474389"/>
 <node id="456749335" visible="true" version="2" changeset="37140767" timestamp="2016-02-11T07:51:04Z" user="JandaM" uid="2169558" lat="49.3103922" lon="14.1474643"/>
 <node id="456749337" visible="true" version="2" changeset="37140767" timestamp="2016-02-11T07:51:04Z" user="JandaM" uid="2169558" lat="49.3105127" lon="14.1478541"/>
 <node id="456749338" visible="true" version="2" changeset="37140767" timestamp="2016-02-11T07:51:04Z" user="JandaM" uid="2169558" lat="49.3103895" lon="14.1478529"/>
 <node id="456749340" visible="true" version="2" changeset="37140767" timestamp="2016-02-11T07:51:04Z" user="JandaM" uid="2169558" lat="49.3105136" lon="14.1478200"/>
 <node id="456749342" visible="true" version="2" changeset="37140767" timestamp="2016-02-11T07:51:04Z" user="JandaM" uid="2169558" lat="49.3105422" lon="14.1478194"/>
 <node id="456749344" visible="true" version="2" changeset="37140767" timestamp="2016-02-11T07:51:04Z" user="JandaM" uid="2169558" lat="49.3105425" lon="14.1477603"/>
 <node id="456749345" visible="true" version="2" changeset="37140767" timestamp="2016-02-11T07:51:04Z" user="JandaM" uid="2169558" lat="49.3105135" lon="14.1477590"/>
 <node id="456749447" visible="true" version="2" changeset="28798030" timestamp="2015-02-12T15:33:21Z" user="coshoun" uid="2659659" lat="49.3101277" lon="14.1484482"/>
 <node id="456749448" visible="true" version="2" changeset="28798030" timestamp="2015-02-12T15:33:21Z" user="coshoun" uid="2659659" lat="49.3102853" lon="14.1485103"/>
 <node id="456749449" visible="true" version="2" changeset="28798030" timestamp="2015-02-12T15:33:21Z" user="coshoun" uid="2659659" lat="49.3103328" lon="14.1480518"/>
 <node id="479840312" visible="true" version="1" changeset="2335840" timestamp="2009-09-01T11:32:21Z" user="fik" uid="73797" lat="49.3116447" lon="14.1498697"/>
 <node id="479840314" visible="true" version="2" changeset="33027314" timestamp="2015-08-01T09:59:52Z" user="Minimalis" uid="665336" lat="49.3117697" lon="14.1496197"/>
 <node id="479840387" visible="true" version="2" changeset="33027314" timestamp="2015-08-01T09:59:53Z" user="Minimalis" uid="665336" lat="49.3106621" lon="14.1489197"/>
 <node id="479840389" visible="true" version="2" changeset="33027314" timestamp="2015-08-01T09:59:53Z" user="Minimalis" uid="665336" lat="49.3107517" lon="14.1494061"/>
 <node id="479840390" visible="true" version="2" changeset="33027314" timestamp="2015-08-01T09:59:53Z" user="Minimalis" uid="665336" lat="49.3108387" lon="14.1494730"/>
 <node id="479840391" visible="true" version="2" changeset="33027314" timestamp="2015-08-01T09:59:53Z" user="Minimalis" uid="665336" lat="49.3107491" lon="14.1494633"/>
 <node id="479840393" visible="true" version="2" changeset="33027314" timestamp="2015-08-01T09:59:53Z" user="Minimalis" uid="665336" lat="49.3108415" lon="14.1494147"/>
 <node id="479840394" visible="true" version="2" changeset="33027314" timestamp="2015-08-01T09:59:53Z" user="Minimalis" uid="665336" lat="49.3108526" lon="14.1494161"/>
 <node id="479840396" visible="true" version="2" changeset="33027314" timestamp="2015-08-01T09:59:53Z" user="Minimalis" uid="665336" lat="49.3108665" lon="14.1490367"/>
 <node id="479840397" visible="true" version="2" changeset="33027314" timestamp="2015-08-01T09:59:53Z" user="Minimalis" uid="665336" lat="49.3107408" lon="14.1494048"/>
 <node id="479840398" visible="true" version="2" changeset="33027314" timestamp="2015-08-01T09:59:53Z" user="Minimalis" uid="665336" lat="49.3107500" lon="14.1492003"/>
 <node id="479840401" visible="true" version="2" changeset="33027314" timestamp="2015-08-01T09:59:53Z" user="Minimalis" uid="665336" lat="49.3106227" lon="14.1491864"/>
 <node id="479840402" visible="true" version="2" changeset="33027314" timestamp="2015-08-01T09:59:53Z" user="Minimalis" uid="665336" lat="49.3106247" lon="14.1491539"/>
 <node id="479840403" visible="true" version="2" changeset="33027314" timestamp="2015-08-01T09:59:53Z" user="Minimalis" uid="665336" lat="49.3106104" lon="14.1491523"/>
 <node id="479840404" visible="true" version="2" changeset="33027314" timestamp="2015-08-01T09:59:53Z" user="Minimalis" uid="665336" lat="49.3106148" lon="14.1490943"/>
 <node id="479840405" visible="true" version="2" changeset="33027314" timestamp="2015-08-01T09:59:53Z" user="Minimalis" uid="665336" lat="49.3106045" lon="14.1490644"/>
 <node id="479840406" visible="true" version="2" changeset="33027314" timestamp="2015-08-01T09:59:53Z" user="Minimalis" uid="665336" lat="49.3106263" lon="14.1487905"/>
 <node id="479840407" visible="true" version="2" changeset="33027314" timestamp="2015-08-01T09:59:53Z" user="Minimalis" uid="665336" lat="49.3106495" lon="14.1490147"/>
 <node id="479840408" visible="true" version="2" changeset="33027314" timestamp="2015-08-01T09:59:53Z" user="Minimalis" uid="665336" lat="49.3106765" lon="14.1487979"/>
 <node id="482170212" visible="true" version="2" changeset="37118600" timestamp="2016-02-10T07:51:49Z" user="JandaM" uid="2169558" lat="49.3105405" lon="14.1526856"/>
 <node id="551593724" visible="true" version="3" changeset="37118600" timestamp="2016-02-10T07:51:50Z" user="JandaM" uid="2169558" lat="49.3097105" lon="14.1503835"/>
 <node id="551593735" visible="true" version="3" changeset="37118600" timestamp="2016-02-10T07:51:50Z" user="JandaM" uid="2169558" lat="49.3098975" lon="14.1501722"/>
 <node id="551593738" visible="true" version="1" changeset="3016151" timestamp="2009-11-02T13:06:19Z" user="fik" uid="73797" lat="49.3100382" lon="14.1501917"/>
 <node id="551593742" visible="true" version="1" changeset="3016151" timestamp="2009-11-02T13:06:19Z" user="fik" uid="73797" lat="49.3101353" lon="14.1501837"/>
 <node id="551593744" visible="true" version="2" changeset="37118600" timestamp="2016-02-10T07:51:50Z" user="JandaM" uid="2169558" lat="49.3093587" lon="14.1518045"/>
 <node id="551593750" visible="true" version="2" changeset="37118600" timestamp="2016-02-10T07:51:50Z" user="JandaM" uid="2169558" lat="49.3093648" lon="14.1517876"/>
 <node id="551593755" visible="true" version="2" changeset="37118600" timestamp="2016-02-10T07:51:50Z" user="JandaM" uid="2169558" lat="49.3096764" lon="14.1505560"/>
 <node id="551593758" visible="true" version="3" changeset="37118600" timestamp="2016-02-10T07:51:50Z" user="JandaM" uid="2169558" lat="49.3095771" lon="14.1510269"/>
 <node id="551593762" visible="true" version="3" changeset="37118600" timestamp="2016-02-10T07:51:50Z" user="JandaM" uid="2169558" lat="49.3096286" lon="14.1507777"/>
 <node id="551593771" visible="true" version="2" changeset="37118600" timestamp="2016-02-10T07:51:50Z" user="JandaM" uid="2169558" lat="49.3097232" lon="14.1508236"/>
 <node id="551593773" visible="true" version="2" changeset="37118600" timestamp="2016-02-10T07:51:50Z" user="JandaM" uid="2169558" lat="49.3097177" lon="14.1510462"/>
 <node id="551593776" visible="true" version="2" changeset="37118600" timestamp="2016-02-10T07:51:50Z" user="JandaM" uid="2169558" lat="49.3098312" lon="14.1504415"/>
 <node id="551593780" visible="true" version="2" changeset="37118600" timestamp="2016-02-10T07:51:50Z" user="JandaM" uid="2169558" lat="49.3097978" lon="14.1506060"/>
 <node id="551593783" visible="true" version="3" changeset="37118600" timestamp="2016-02-10T07:51:50Z" user="JandaM" uid="2169558" lat="49.3097709" lon="14.1505948"/>
 <node id="551593786" visible="true" version="1" changeset="3016151" timestamp="2009-11-02T13:06:20Z" user="fik" uid="73797" lat="49.3097968" lon="14.1507182"/>
 <node id="551593788" visible="true" version="1" changeset="3016151" timestamp="2009-11-02T13:06:20Z" user="fik" uid="73797" lat="49.3098538" lon="14.1505354"/>
 <node id="551593789" visible="true" version="1" changeset="3016151" timestamp="2009-11-02T13:06:20Z" user="fik" uid="73797" lat="49.3098704" lon="14.1504581"/>
 <node id="551593790" visible="true" version="2" changeset="37118600" timestamp="2016-02-10T07:51:50Z" user="JandaM" uid="2169558" lat="49.3098375" lon="14.1504448"/>
 <node id="551593791" visible="true" version="2" changeset="37118600" timestamp="2016-02-10T07:51:50Z" user="JandaM" uid="2169558" lat="49.3097721" lon="14.1506740"/>
 <node id="551593793" visible="true" version="2" changeset="37118600" timestamp="2016-02-10T07:51:50Z" user="JandaM" uid="2169558" lat="49.3097565" lon="14.1506667"/>
 <node id="551593795" visible="true" version="1" changeset="3016151" timestamp="2009-11-02T13:06:20Z" user="fik" uid="73797" lat="49.3099263" lon="14.1505640"/>
 <node id="551593797" visible="true" version="1" changeset="3016151" timestamp="2009-11-02T13:06:20Z" user="fik" uid="73797" lat="49.3099853" lon="14.1504981"/>
 <node id="551593799" visible="true" version="1" changeset="3016151" timestamp="2009-11-02T13:06:20Z" user="fik" uid="73797" lat="49.3099238" lon="14.1506101"/>
 <node id="551593801" visible="true" version="1" changeset="3016151" timestamp="2009-11-02T13:06:20Z" user="fik" uid="73797" lat="49.3099545" lon="14.1506162"/>
 <node id="551593803" visible="true" version="1" changeset="3016151" timestamp="2009-11-02T13:06:20Z" user="fik" uid="73797" lat="49.3099570" lon="14.1505732"/>
 <node id="551593805" visible="true" version="3" changeset="37118600" timestamp="2016-02-10T07:51:50Z" user="JandaM" uid="2169558" lat="49.3097598" lon="14.1508409"/>
 <node id="551593806" visible="true" version="2" changeset="37118600" timestamp="2016-02-10T07:51:50Z" user="JandaM" uid="2169558" lat="49.3097553" lon="14.1510642"/>
 <node id="551593810" visible="true" version="2" changeset="18026570" timestamp="2013-09-25T12:03:54Z" user="adamos" uid="25867" lat="49.3097713" lon="14.1508442"/>
 <node id="551593813" visible="true" version="1" changeset="3016151" timestamp="2009-11-02T13:06:20Z" user="fik" uid="73797" lat="49.3098951" lon="14.1507584"/>
 <node id="551593815" visible="true" version="1" changeset="3016151" timestamp="2009-11-02T13:06:21Z" user="fik" uid="73797" lat="49.3097922" lon="14.1509233"/>
 <node id="551593818" visible="true" version="2" changeset="37118600" timestamp="2016-02-10T07:51:50Z" user="JandaM" uid="2169558" lat="49.3097432" lon="14.1507307"/>
 <node id="551593821" visible="true" version="2" changeset="37118600" timestamp="2016-02-10T07:51:50Z" user="JandaM" uid="2169558" lat="49.3097583" lon="14.1507383"/>
 <node id="551593825" visible="true" version="2" changeset="37118600" timestamp="2016-02-10T07:51:50Z" user="JandaM" uid="2169558" lat="49.3097471" lon="14.1509031"/>
 <node id="551593828" visible="true" version="1" changeset="3016151" timestamp="2009-11-02T13:06:21Z" user="fik" uid="73797" lat="49.3098797" lon="14.1508537"/>
 <node id="551593832" visible="true" version="1" changeset="3016151" timestamp="2009-11-02T13:06:21Z" user="fik" uid="73797" lat="49.3098148" lon="14.1508212"/>
 <node id="551593847" visible="true" version="2" changeset="37118600" timestamp="2016-02-10T07:51:50Z" user="JandaM" uid="2169558" lat="49.3094727" lon="14.1514039"/>
 <node id="551593853" visible="true" version="2" changeset="37118600" timestamp="2016-02-10T07:51:50Z" user="JandaM" uid="2169558" lat="49.3095061" lon="14.1512810"/>
 <node id="551593856" visible="true" version="3" changeset="37118600" timestamp="2016-02-10T07:51:50Z" user="JandaM" uid="2169558" lat="49.3095207" lon="14.1512895"/>
 <node id="551593858" visible="true" version="3" changeset="37118600" timestamp="2016-02-10T07:51:50Z" user="JandaM" uid="2169558" lat="49.3095517" lon="14.1513073"/>
 <node id="551593862" visible="true" version="3" changeset="37118600" timestamp="2016-02-10T07:51:50Z" user="JandaM" uid="2169558" lat="49.3095279" lon="14.1512575"/>
 <node id="551593866" visible="true" version="3" changeset="37118600" timestamp="2016-02-10T07:51:50Z" user="JandaM" uid="2169558" lat="49.3095441" lon="14.1512654"/>
 <node id="551593869" visible="true" version="3" changeset="37118600" timestamp="2016-02-10T07:51:50Z" user="JandaM" uid="2169558" lat="49.3096261" lon="14.1513542"/>
 <node id="551593872" visible="true" version="3" changeset="37118600" timestamp="2016-02-10T07:51:50Z" user="JandaM" uid="2169558" lat="49.3097262" lon="14.1510862"/>
 <node id="551593875" visible="true" version="3" changeset="37118600" timestamp="2016-02-10T07:51:50Z" user="JandaM" uid="2169558" lat="49.3096380" lon="14.1513159"/>
 <node id="551593878" visible="true" version="3" changeset="37118600" timestamp="2016-02-10T07:51:50Z" user="JandaM" uid="2169558" lat="49.3096207" lon="14.1513506"/>
 <node id="551593880" visible="true" version="3" changeset="37118600" timestamp="2016-02-10T07:51:50Z" user="JandaM" uid="2169558" lat="49.3096294" lon="14.1513122"/>
 <node id="551593882" visible="true" version="3" changeset="37118600" timestamp="2016-02-10T07:51:50Z" user="JandaM" uid="2169558" lat="49.3095590" lon="14.1512780"/>
 <node id="551593888" visible="true" version="3" changeset="37118600" timestamp="2016-02-10T07:51:50Z" user="JandaM" uid="2169558" lat="49.3094026" lon="14.1516579"/>
 <node id="551593891" visible="true" version="2" changeset="37118600" timestamp="2016-02-10T07:51:50Z" user="JandaM" uid="2169558" lat="49.3095179" lon="14.1516959"/>
 <node id="551593897" visible="true" version="3" changeset="37118600" timestamp="2016-02-10T07:51:50Z" user="JandaM" uid="2169558" lat="49.3094380" lon="14.1515300"/>
 <node id="551593903" visible="true" version="3" changeset="37118600" timestamp="2016-02-10T07:51:50Z" user="JandaM" uid="2169558" lat="49.3095214" lon="14.1516637"/>
 <node id="551593906" visible="true" version="2" changeset="37118600" timestamp="2016-02-10T07:51:50Z" user="JandaM" uid="2169558" lat="49.3095205" lon="14.1516831"/>
 <node id="551593910" visible="true" version="2" changeset="37118600" timestamp="2016-02-10T07:51:50Z" user="JandaM" uid="2169558" lat="49.3096106" lon="14.1517493"/>
 <node id="551593912" visible="true" version="2" changeset="37118600" timestamp="2016-02-10T07:51:50Z" user="JandaM" uid="2169558" lat="49.3096265" lon="14.1516315"/>
 <node id="551593915" visible="true" version="1" changeset="3016151" timestamp="2009-11-02T13:06:22Z" user="fik" uid="73797" lat="49.3096827" lon="14.1516516"/>
 <node id="551593918" visible="true" version="3" changeset="37118600" timestamp="2016-02-10T07:51:50Z" user="JandaM" uid="2169558" lat="49.3095803" lon="14.1516126"/>
 <node id="551593923" visible="true" version="2" changeset="37118600" timestamp="2016-02-10T07:51:51Z" user="JandaM" uid="2169558" lat="49.3096697" lon="14.1516424"/>
 <node id="551593925" visible="true" version="1" changeset="3016151" timestamp="2009-11-02T13:06:22Z" user="fik" uid="73797" lat="49.3097101" lon="14.1515182"/>
 <node id="551593928" visible="true" version="1" changeset="3016151" timestamp="2009-11-02T13:06:23Z" user="fik" uid="73797" lat="49.3097174" lon="14.1514559"/>
 <node id="551593931" visible="true" version="3" changeset="37118600" timestamp="2016-02-10T07:51:51Z" user="JandaM" uid="2169558" lat="49.3095935" lon="14.1514679"/>
 <node id="551593934" visible="true" version="3" changeset="37118600" timestamp="2016-02-10T07:51:51Z" user="JandaM" uid="2169558" lat="49.3095631" lon="14.1516863"/>
 <node id="551593940" visible="true" version="2" changeset="37118600" timestamp="2016-02-10T07:51:51Z" user="JandaM" uid="2169558" lat="49.3096836" lon="14.1515755"/>
 <node id="551593943" visible="true" version="2" changeset="37118600" timestamp="2016-02-10T07:51:51Z" user="JandaM" uid="2169558" lat="49.3095630" lon="14.1515352"/>
 <node id="551593947" visible="true" version="1" changeset="3016151" timestamp="2009-11-02T13:06:23Z" user="fik" uid="73797" lat="49.3098265" lon="14.1514891"/>
 <node id="551593951" visible="true" version="1" changeset="3016151" timestamp="2009-11-02T13:06:23Z" user="fik" uid="73797" lat="49.3098200" lon="14.1515527"/>
 <node id="551593955" visible="true" version="1" changeset="3016151" timestamp="2009-11-02T13:06:23Z" user="fik" uid="73797" lat="49.3098322" lon="14.1514630"/>
 <node id="551593958" visible="true" version="1" changeset="3016151" timestamp="2009-11-02T13:06:23Z" user="fik" uid="73797" lat="49.3098326" lon="14.1514037"/>
 <node id="551593960" visible="true" version="1" changeset="3016151" timestamp="2009-11-02T13:06:23Z" user="fik" uid="73797" lat="49.3098895" lon="14.1514222"/>
 <node id="551593964" visible="true" version="1" changeset="3016151" timestamp="2009-11-02T13:06:23Z" user="fik" uid="73797" lat="49.3098879" lon="14.1514739"/>
 <node id="551593967" visible="true" version="2" changeset="37118600" timestamp="2016-02-10T07:51:51Z" user="JandaM" uid="2169558" lat="49.3097487" lon="14.1511088"/>
 <node id="551593971" visible="true" version="1" changeset="3016151" timestamp="2009-11-02T13:06:23Z" user="fik" uid="73797" lat="49.3102032" lon="14.1505637"/>
 <node id="551593977" visible="true" version="1" changeset="3016151" timestamp="2009-11-02T13:06:23Z" user="fik" uid="73797" lat="49.3102014" lon="14.1505048"/>
 <node id="551593981" visible="true" version="1" changeset="3016151" timestamp="2009-11-02T13:06:23Z" user="fik" uid="73797" lat="49.3102362" lon="14.1505135"/>
 <node id="551593984" visible="true" version="1" changeset="3016151" timestamp="2009-11-02T13:06:23Z" user="fik" uid="73797" lat="49.3102302" lon="14.1505689"/>
 <node id="551593987" visible="true" version="1" changeset="3016151" timestamp="2009-11-02T13:06:23Z" user="fik" uid="73797" lat="49.3100739" lon="14.1506162"/>
 <node id="551593990" visible="true" version="2" changeset="37118600" timestamp="2016-02-10T07:51:51Z" user="JandaM" uid="2169558" lat="49.3094081" lon="14.1520309"/>
 <node id="551593992" visible="true" version="2" changeset="37118600" timestamp="2016-02-10T07:51:51Z" user="JandaM" uid="2169558" lat="49.3095243" lon="14.1519948"/>
 <node id="551593996" visible="true" version="2" changeset="37118600" timestamp="2016-02-10T07:51:51Z" user="JandaM" uid="2169558" lat="49.3095381" lon="14.1521086"/>
 <node id="551594002" visible="true" version="2" changeset="37118600" timestamp="2016-02-10T07:51:51Z" user="JandaM" uid="2169558" lat="49.3094719" lon="14.1518290"/>
 <node id="551594011" visible="true" version="2" changeset="37118600" timestamp="2016-02-10T07:51:51Z" user="JandaM" uid="2169558" lat="49.3095298" lon="14.1520181"/>
 <node id="551594013" visible="true" version="2" changeset="37118600" timestamp="2016-02-10T07:51:51Z" user="JandaM" uid="2169558" lat="49.3095186" lon="14.1520241"/>
 <node id="551594015" visible="true" version="2" changeset="37118600" timestamp="2016-02-10T07:51:51Z" user="JandaM" uid="2169558" lat="49.3094902" lon="14.1519148"/>
 <node id="551594017" visible="true" version="2" changeset="37118600" timestamp="2016-02-10T07:51:51Z" user="JandaM" uid="2169558" lat="49.3095252" lon="14.1519986"/>
 <node id="551594018" visible="true" version="1" changeset="3016151" timestamp="2009-11-02T13:06:24Z" user="fik" uid="73797" lat="49.3096062" lon="14.1520768"/>
 <node id="551594019" visible="true" version="1" changeset="3016151" timestamp="2009-11-02T13:06:24Z" user="fik" uid="73797" lat="49.3096306" lon="14.1520660"/>
 <node id="551594022" visible="true" version="2" changeset="37118600" timestamp="2016-02-10T07:51:51Z" user="JandaM" uid="2169558" lat="49.3096053" lon="14.1519949"/>
 <node id="551594025" visible="true" version="2" changeset="37118600" timestamp="2016-02-10T07:51:51Z" user="JandaM" uid="2169558" lat="49.3096675" lon="14.1517707"/>
 <node id="551594031" visible="true" version="2" changeset="37118600" timestamp="2016-02-10T07:51:51Z" user="JandaM" uid="2169558" lat="49.3096052" lon="14.1519148"/>
 <node id="551594035" visible="true" version="1" changeset="3016151" timestamp="2009-11-02T13:06:24Z" user="fik" uid="73797" lat="49.3096379" lon="14.1520118"/>
 <node id="551594038" visible="true" version="1" changeset="3016151" timestamp="2009-11-02T13:06:24Z" user="fik" uid="73797" lat="49.3096814" lon="14.1520159"/>
 <node id="551594040" visible="true" version="2" changeset="37118600" timestamp="2016-02-10T07:51:51Z" user="JandaM" uid="2169558" lat="49.3096266" lon="14.1520337"/>
 <node id="551594046" visible="true" version="1" changeset="3016151" timestamp="2009-11-02T13:06:24Z" user="fik" uid="73797" lat="49.3096887" lon="14.1520155"/>
 <node id="551594050" visible="true" version="2" changeset="37118600" timestamp="2016-02-10T07:51:51Z" user="JandaM" uid="2169558" lat="49.3096878" lon="14.1520461"/>
 <node id="551594053" visible="true" version="2" changeset="37118600" timestamp="2016-02-10T07:51:51Z" user="JandaM" uid="2169558" lat="49.3096377" lon="14.1520359"/>
 <node id="551594056" visible="true" version="1" changeset="3016151" timestamp="2009-11-02T13:06:24Z" user="fik" uid="73797" lat="49.3096520" lon="14.1519441"/>
 <node id="551594058" visible="true" version="1" changeset="3016151" timestamp="2009-11-02T13:06:24Z" user="fik" uid="73797" lat="49.3096121" lon="14.1518901"/>
 <node id="551594059" visible="true" version="2" changeset="37118600" timestamp="2016-02-10T07:51:51Z" user="JandaM" uid="2169558" lat="49.3095567" lon="14.1523460"/>
 <node id="551594060" visible="true" version="2" changeset="37118600" timestamp="2016-02-10T07:51:51Z" user="JandaM" uid="2169558" lat="49.3094897" lon="14.1523805"/>
 <node id="551594078" visible="true" version="2" changeset="37118600" timestamp="2016-02-10T07:51:51Z" user="JandaM" uid="2169558" lat="49.3094643" lon="14.1522700"/>
 <node id="551594081" visible="true" version="2" changeset="37118600" timestamp="2016-02-10T07:51:51Z" user="JandaM" uid="2169558" lat="49.3094369" lon="14.1521584"/>
 <node id="551594084" visible="true" version="2" changeset="37118600" timestamp="2016-02-10T07:51:51Z" user="JandaM" uid="2169558" lat="49.3095363" lon="14.1521096"/>
 <node id="551594089" visible="true" version="2" changeset="37118600" timestamp="2016-02-10T07:51:51Z" user="JandaM" uid="2169558" lat="49.3095580" lon="14.1522036"/>
 <node id="551594091" visible="true" version="2" changeset="37118600" timestamp="2016-02-10T07:51:51Z" user="JandaM" uid="2169558" lat="49.3095726" lon="14.1522165"/>
 <node id="551594097" visible="true" version="1" changeset="3016151" timestamp="2009-11-02T13:06:25Z" user="fik" uid="73797" lat="49.3095979" lon="14.1521998"/>
 <node id="551594100" visible="true" version="2" changeset="37118600" timestamp="2016-02-10T07:51:51Z" user="JandaM" uid="2169558" lat="49.3095762" lon="14.1522303"/>
 <node id="551594103" visible="true" version="2" changeset="37118600" timestamp="2016-02-10T07:51:51Z" user="JandaM" uid="2169558" lat="49.3095658" lon="14.1522351"/>
 <node id="551594106" visible="true" version="2" changeset="37118600" timestamp="2016-02-10T07:51:51Z" user="JandaM" uid="2169558" lat="49.3095688" lon="14.1521978"/>
 <node id="551594107" visible="true" version="1" changeset="3016151" timestamp="2009-11-02T13:06:26Z" user="fik" uid="73797" lat="49.3095961" lon="14.1521786"/>
 <node id="551594108" visible="true" version="1" changeset="3016151" timestamp="2009-11-02T13:06:26Z" user="fik" uid="73797" lat="49.3096268" lon="14.1521605"/>
 <node id="551594109" visible="true" version="2" changeset="37118600" timestamp="2016-02-10T07:51:51Z" user="JandaM" uid="2169558" lat="49.3096635" lon="14.1521925"/>
 <node id="551594112" visible="true" version="1" changeset="3016151" timestamp="2009-11-02T13:06:26Z" user="fik" uid="73797" lat="49.3096529" lon="14.1521738"/>
 <node id="551594115" visible="true" version="2" changeset="37118600" timestamp="2016-02-10T07:51:51Z" user="JandaM" uid="2169558" lat="49.3095880" lon="14.1523299"/>
 <node id="551594118" visible="true" version="2" changeset="37118600" timestamp="2016-02-10T07:51:51Z" user="JandaM" uid="2169558" lat="49.3095628" lon="14.1523737"/>
 <node id="551594122" visible="true" version="2" changeset="37118600" timestamp="2016-02-10T07:51:51Z" user="JandaM" uid="2169558" lat="49.3096355" lon="14.1523877"/>
 <node id="551594125" visible="true" version="2" changeset="37118600" timestamp="2016-02-10T07:51:51Z" user="JandaM" uid="2169558" lat="49.3096328" lon="14.1523370"/>
 <node id="551594126" visible="true" version="2" changeset="37118600" timestamp="2016-02-10T07:51:51Z" user="JandaM" uid="2169558" lat="49.3095954" lon="14.1523587"/>
 <node id="551594128" visible="true" version="2" changeset="37118600" timestamp="2016-02-10T07:51:51Z" user="JandaM" uid="2169558" lat="49.3096716" lon="14.1523494"/>
 <node id="551594130" visible="true" version="2" changeset="37118600" timestamp="2016-02-10T07:51:51Z" user="JandaM" uid="2169558" lat="49.3096845" lon="14.1522795"/>
 <node id="551594133" visible="true" version="2" changeset="37118600" timestamp="2016-02-10T07:51:51Z" user="JandaM" uid="2169558" lat="49.3096763" lon="14.1523504"/>
 <node id="551594138" visible="true" version="2" changeset="37118600" timestamp="2016-02-10T07:51:51Z" user="JandaM" uid="2169558" lat="49.3097239" lon="14.1523610"/>
 <node id="551594141" visible="true" version="2" changeset="37118600" timestamp="2016-02-10T07:51:51Z" user="JandaM" uid="2169558" lat="49.3097275" lon="14.1523245"/>
 <node id="551594148" visible="true" version="2" changeset="37118600" timestamp="2016-02-10T07:51:51Z" user="JandaM" uid="2169558" lat="49.3097536" lon="14.1518030"/>
 <node id="551594152" visible="true" version="2" changeset="37118600" timestamp="2016-02-10T07:51:51Z" user="JandaM" uid="2169558" lat="49.3097354" lon="14.1520241"/>
 <node id="551594156" visible="true" version="2" changeset="37118600" timestamp="2016-02-10T07:51:51Z" user="JandaM" uid="2169558" lat="49.3097328" lon="14.1520552"/>
 <node id="551594160" visible="true" version="2" changeset="37118600" timestamp="2016-02-10T07:51:51Z" user="JandaM" uid="2169558" lat="49.3099113" lon="14.1518334"/>
 <node id="551594165" visible="true" version="2" changeset="37118600" timestamp="2016-02-10T07:51:52Z" user="JandaM" uid="2169558" lat="49.3098238" lon="14.1523865"/>
 <node id="551594169" visible="true" version="2" changeset="37118600" timestamp="2016-02-10T07:51:52Z" user="JandaM" uid="2169558" lat="49.3097471" lon="14.1523651"/>
 <node id="551594173" visible="true" version="2" changeset="37118600" timestamp="2016-02-10T07:51:52Z" user="JandaM" uid="2169558" lat="49.3098250" lon="14.1523747"/>
 <node id="551594176" visible="true" version="2" changeset="37118600" timestamp="2016-02-10T07:51:52Z" user="JandaM" uid="2169558" lat="49.3097513" lon="14.1523174"/>
 <node id="551594178" visible="true" version="1" changeset="3016151" timestamp="2009-11-02T13:06:27Z" user="fik" uid="73797" lat="49.3098345" lon="14.1523093"/>
 <node id="551594181" visible="true" version="1" changeset="3016151" timestamp="2009-11-02T13:06:27Z" user="fik" uid="73797" lat="49.3098389" lon="14.1522305"/>
 <node id="551594184" visible="true" version="2" changeset="37118600" timestamp="2016-02-10T07:51:52Z" user="JandaM" uid="2169558" lat="49.3098784" lon="14.1522346"/>
 <node id="551594188" visible="true" version="1" changeset="3016151" timestamp="2009-11-02T13:06:27Z" user="fik" uid="73797" lat="49.3099633" lon="14.1521911"/>
 <node id="551594191" visible="true" version="1" changeset="3016151" timestamp="2009-11-02T13:06:27Z" user="fik" uid="73797" lat="49.3099546" lon="14.1522543"/>
 <node id="551594196" visible="true" version="1" changeset="3016151" timestamp="2009-11-02T13:06:27Z" user="fik" uid="73797" lat="49.3099867" lon="14.1521951"/>
 <node id="551594201" visible="true" version="1" changeset="3016151" timestamp="2009-11-02T13:06:27Z" user="fik" uid="73797" lat="49.3099859" lon="14.1521754"/>
 <node id="551594204" visible="true" version="1" changeset="3016151" timestamp="2009-11-02T13:06:27Z" user="fik" uid="73797" lat="49.3100397" lon="14.1522620"/>
 <node id="551594206" visible="true" version="1" changeset="3016151" timestamp="2009-11-02T13:06:27Z" user="fik" uid="73797" lat="49.3100389" lon="14.1521850"/>
 <node id="551594207" visible="true" version="2" changeset="37118600" timestamp="2016-02-10T07:51:52Z" user="JandaM" uid="2169558" lat="49.3099440" lon="14.1523980"/>
 <node id="551594210" visible="true" version="2" changeset="37118600" timestamp="2016-02-10T07:51:52Z" user="JandaM" uid="2169558" lat="49.3099427" lon="14.1524119"/>
 <node id="551594214" visible="true" version="2" changeset="37118600" timestamp="2016-02-10T07:51:52Z" user="JandaM" uid="2169558" lat="49.3099497" lon="14.1523993"/>
 <node id="551594217" visible="true" version="1" changeset="3016151" timestamp="2009-11-02T13:06:27Z" user="fik" uid="73797" lat="49.3099493" lon="14.1523314"/>
 <node id="551594221" visible="true" version="2" changeset="37118600" timestamp="2016-02-10T07:51:52Z" user="JandaM" uid="2169558" lat="49.3099563" lon="14.1524009"/>
 <node id="551594224" visible="true" version="1" changeset="3016151" timestamp="2009-11-02T13:06:27Z" user="fik" uid="73797" lat="49.3099607" lon="14.1523313"/>
 <node id="551594227" visible="true" version="2" changeset="37118600" timestamp="2016-02-10T07:51:52Z" user="JandaM" uid="2169558" lat="49.3100203" lon="14.1524160"/>
 <node id="551594230" visible="true" version="1" changeset="3016151" timestamp="2009-11-02T13:06:27Z" user="fik" uid="73797" lat="49.3100330" lon="14.1523345"/>
 <node id="551594231" visible="true" version="1" changeset="3016151" timestamp="2009-11-02T13:06:27Z" user="fik" uid="73797" lat="49.3100202" lon="14.1523976"/>
 <node id="551594233" visible="true" version="1" changeset="3016151" timestamp="2009-11-02T13:06:27Z" user="fik" uid="73797" lat="49.3100064" lon="14.1523936"/>
 <node id="551594235" visible="true" version="1" changeset="3016151" timestamp="2009-11-02T13:06:27Z" user="fik" uid="73797" lat="49.3100127" lon="14.1523432"/>
 <node id="551594237" visible="true" version="2" changeset="37118600" timestamp="2016-02-10T07:51:52Z" user="JandaM" uid="2169558" lat="49.3096690" lon="14.1523762"/>
 <node id="551594240" visible="true" version="2" changeset="37118600" timestamp="2016-02-10T07:51:52Z" user="JandaM" uid="2169558" lat="49.3095132" lon="14.1524807"/>
 <node id="551594242" visible="true" version="2" changeset="37118600" timestamp="2016-02-10T07:51:52Z" user="JandaM" uid="2169558" lat="49.3096575" lon="14.1525095"/>
 <node id="551594244" visible="true" version="2" changeset="37118600" timestamp="2016-02-10T07:51:52Z" user="JandaM" uid="2169558" lat="49.3099288" lon="14.1525640"/>
 <node id="551594246" visible="true" version="2" changeset="37118600" timestamp="2016-02-10T07:51:52Z" user="JandaM" uid="2169558" lat="49.3100055" lon="14.1525793"/>
 <node id="551594251" visible="true" version="2" changeset="37118600" timestamp="2016-02-10T07:51:52Z" user="JandaM" uid="2169558" lat="49.3097334" lon="14.1525244"/>
 <node id="551594253" visible="true" version="2" changeset="37118600" timestamp="2016-02-10T07:51:52Z" user="JandaM" uid="2169558" lat="49.3098094" lon="14.1525397"/>
 <node id="551594254" visible="true" version="2" changeset="37118600" timestamp="2016-02-10T07:51:52Z" user="JandaM" uid="2169558" lat="49.3101101" lon="14.1524384"/>
 <node id="551594255" visible="true" version="2" changeset="37118600" timestamp="2016-02-10T07:51:52Z" user="JandaM" uid="2169558" lat="49.3101108" lon="14.1524323"/>
 <node id="551594256" visible="true" version="1" changeset="3016151" timestamp="2009-11-02T13:06:28Z" user="fik" uid="73797" lat="49.3102046" lon="14.1523818"/>
 <node id="551594258" visible="true" version="1" changeset="3016151" timestamp="2009-11-02T13:06:28Z" user="fik" uid="73797" lat="49.3102106" lon="14.1523045"/>
 <node id="551594260" visible="true" version="1" changeset="3016151" timestamp="2009-11-02T13:06:28Z" user="fik" uid="73797" lat="49.3101227" lon="14.1523652"/>
 <node id="551594262" visible="true" version="1" changeset="3016151" timestamp="2009-11-02T13:06:28Z" user="fik" uid="73797" lat="49.3101287" lon="14.1522880"/>
 <node id="551594264" visible="true" version="1" changeset="3016151" timestamp="2009-11-02T13:06:28Z" user="fik" uid="73797" lat="49.3102035" lon="14.1523039"/>
 <node id="551594266" visible="true" version="1" changeset="3016151" timestamp="2009-11-02T13:06:28Z" user="fik" uid="73797" lat="49.3101982" lon="14.1523810"/>
 <node id="551594267" visible="true" version="1" changeset="3016151" timestamp="2009-11-02T13:06:28Z" user="fik" uid="73797" lat="49.3101208" lon="14.1522803"/>
 <node id="551594268" visible="true" version="1" changeset="3016151" timestamp="2009-11-02T13:06:28Z" user="fik" uid="73797" lat="49.3101131" lon="14.1523495"/>
 <node id="551594279" visible="true" version="1" changeset="3016151" timestamp="2009-11-02T13:06:28Z" user="fik" uid="73797" lat="49.3104059" lon="14.1524247"/>
 <node id="551594281" visible="true" version="1" changeset="3016151" timestamp="2009-11-02T13:06:29Z" user="fik" uid="73797" lat="49.3104118" lon="14.1523474"/>
 <node id="551594282" visible="true" version="1" changeset="3016151" timestamp="2009-11-02T13:06:29Z" user="fik" uid="73797" lat="49.3102854" lon="14.1523204"/>
 <node id="551594284" visible="true" version="1" changeset="3016151" timestamp="2009-11-02T13:06:29Z" user="fik" uid="73797" lat="49.3102801" lon="14.1524291"/>
 <node id="551594286" visible="true" version="1" changeset="3016151" timestamp="2009-11-02T13:06:29Z" user="fik" uid="73797" lat="49.3103708" lon="14.1524172"/>
 <node id="551594288" visible="true" version="1" changeset="3016151" timestamp="2009-11-02T13:06:29Z" user="fik" uid="73797" lat="49.3103720" lon="14.1523407"/>
 <node id="551594289" visible="true" version="1" changeset="3016151" timestamp="2009-11-02T13:06:29Z" user="fik" uid="73797" lat="49.3104059" lon="14.1523488"/>
 <node id="551594290" visible="true" version="1" changeset="3016151" timestamp="2009-11-02T13:06:29Z" user="fik" uid="73797" lat="49.3104006" lon="14.1524259"/>
 <node id="551594291" visible="true" version="1" changeset="3016151" timestamp="2009-11-02T13:06:29Z" user="fik" uid="73797" lat="49.3102881" lon="14.1523999"/>
 <node id="551594292" visible="true" version="1" changeset="3016151" timestamp="2009-11-02T13:06:29Z" user="fik" uid="73797" lat="49.3102940" lon="14.1523226"/>
 <node id="551594294" visible="true" version="1" changeset="3016151" timestamp="2009-11-02T13:06:29Z" user="fik" uid="73797" lat="49.3103224" lon="14.1523291"/>
 <node id="551594296" visible="true" version="1" changeset="3016151" timestamp="2009-11-02T13:06:29Z" user="fik" uid="73797" lat="49.3103187" lon="14.1524054"/>
 <node id="551594298" visible="true" version="1" changeset="3016151" timestamp="2009-11-02T13:06:29Z" user="fik" uid="73797" lat="49.3102671" lon="14.1524266"/>
 <node id="551594300" visible="true" version="1" changeset="3016151" timestamp="2009-11-02T13:06:29Z" user="fik" uid="73797" lat="49.3102663" lon="14.1523920"/>
 <node id="551594302" visible="true" version="1" changeset="3016151" timestamp="2009-11-02T13:06:29Z" user="fik" uid="73797" lat="49.3104866" lon="14.1523634"/>
 <node id="551594303" visible="true" version="1" changeset="3016151" timestamp="2009-11-02T13:06:30Z" user="fik" uid="73797" lat="49.3104813" lon="14.1524405"/>
 <node id="551594304" visible="true" version="2" changeset="37118600" timestamp="2016-02-10T07:51:52Z" user="JandaM" uid="2169558" lat="49.3103829" lon="14.1526528"/>
 <node id="551594305" visible="true" version="2" changeset="37118600" timestamp="2016-02-10T07:51:52Z" user="JandaM" uid="2169558" lat="49.3103966" lon="14.1524940"/>
 <node id="551594307" visible="true" version="2" changeset="37118600" timestamp="2016-02-10T07:51:52Z" user="JandaM" uid="2169558" lat="49.3101846" lon="14.1526142"/>
 <node id="551594309" visible="true" version="2" changeset="37118600" timestamp="2016-02-10T07:51:52Z" user="JandaM" uid="2169558" lat="49.3101977" lon="14.1524524"/>
 <node id="551594311" visible="true" version="2" changeset="37118600" timestamp="2016-02-10T07:51:52Z" user="JandaM" uid="2169558" lat="49.3102783" lon="14.1524692"/>
 <node id="551594313" visible="true" version="2" changeset="37118600" timestamp="2016-02-10T07:51:52Z" user="JandaM" uid="2169558" lat="49.3102633" lon="14.1526303"/>
 <node id="551594316" visible="true" version="2" changeset="37118600" timestamp="2016-02-10T07:51:52Z" user="JandaM" uid="2169558" lat="49.3101974" lon="14.1524566"/>
 <node id="551594318" visible="true" version="2" changeset="37118600" timestamp="2016-02-10T07:51:52Z" user="JandaM" uid="2169558" lat="49.3100954" lon="14.1525974"/>
 <node id="568399580" visible="true" version="2" changeset="11665038" timestamp="2012-05-21T18:55:52Z" user="Karl Von Bahnhoff" uid="520972" lat="49.3093443" lon="14.1491213"/>
 <node id="568399582" visible="true" version="2" changeset="11665038" timestamp="2012-05-21T18:55:53Z" user="Karl Von Bahnhoff" uid="520972" lat="49.3093018" lon="14.1492581"/>
 <node id="568399584" visible="true" version="2" changeset="37140767" timestamp="2016-02-11T07:51:05Z" user="JandaM" uid="2169558" lat="49.3104124" lon="14.1462168"/>
 <node id="568399585" visible="true" version="2" changeset="37140767" timestamp="2016-02-11T07:51:05Z" user="JandaM" uid="2169558" lat="49.3104138" lon="14.1462268"/>
 <node id="568399586" visible="true" version="2" changeset="37140767" timestamp="2016-02-11T07:51:05Z" user="JandaM" uid="2169558" lat="49.3103725" lon="14.1462285"/>
 <node id="568399587" visible="true" version="2" changeset="37140767" timestamp="2016-02-11T07:51:05Z" user="JandaM" uid="2169558" lat="49.3103739" lon="14.1462393"/>
 <node id="568399589" visible="true" version="2" changeset="37140767" timestamp="2016-02-11T07:51:05Z" user="JandaM" uid="2169558" lat="49.3104768" lon="14.1462282"/>
 <node id="568399592" visible="true" version="2" changeset="37140767" timestamp="2016-02-11T07:51:05Z" user="JandaM" uid="2169558" lat="49.3104824" lon="14.1462468"/>
 <node id="568399595" visible="true" version="2" changeset="37140767" timestamp="2016-02-11T07:51:05Z" user="JandaM" uid="2169558" lat="49.3104815" lon="14.1462658"/>
 <node id="568399597" visible="true" version="2" changeset="37140767" timestamp="2016-02-11T07:51:05Z" user="JandaM" uid="2169558" lat="49.3104239" lon="14.1463116"/>
 <node id="568399599" visible="true" version="2" changeset="37140767" timestamp="2016-02-11T07:51:05Z" user="JandaM" uid="2169558" lat="49.3103826" lon="14.1463124"/>
 <node id="568399600" visible="true" version="2" changeset="37140767" timestamp="2016-02-11T07:51:05Z" user="JandaM" uid="2169558" lat="49.3103841" lon="14.1463228"/>
 <node id="568399601" visible="true" version="2" changeset="37140767" timestamp="2016-02-11T07:51:05Z" user="JandaM" uid="2169558" lat="49.3103541" lon="14.1462830"/>
 <node id="568399602" visible="true" version="2" changeset="37140767" timestamp="2016-02-11T07:51:05Z" user="JandaM" uid="2169558" lat="49.3103597" lon="14.1463000"/>
 <node id="568399603" visible="true" version="2" changeset="37140767" timestamp="2016-02-11T07:51:05Z" user="JandaM" uid="2169558" lat="49.3104227" lon="14.1463017"/>
 <node id="568399606" visible="true" version="2" changeset="11665038" timestamp="2012-05-21T18:55:53Z" user="Karl Von Bahnhoff" uid="520972" lat="49.3095334" lon="14.1483002"/>
 <node id="568399608" visible="true" version="2" changeset="11665038" timestamp="2012-05-21T18:55:53Z" user="Karl Von Bahnhoff" uid="520972" lat="49.3096508" lon="14.1486873"/>
 <node id="568399610" visible="true" version="1" changeset="3186045" timestamp="2009-11-22T13:57:49Z" user="Petr Dlouhý" uid="17615" lat="49.3097260" lon="14.1484146"/>
 <node id="568399612" visible="true" version="3" changeset="44778912" timestamp="2016-12-30T09:03:55Z" user="Petr1868" uid="72020" lat="49.3097396" lon="14.1484679">
  <tag k="description" v="Východiště tur. znač. tras"/>
  <tag k="ele" v="373"/>
  <tag k="hiking" v="yes"/>
  <tag k="information" v="guidepost"/>
  <tag k="name" v="Písek (Palackého sady)"/>
  <tag k="operator" v="cz:KČT"/>
  <tag k="ref" v="PI117"/>
  <tag k="tourism" v="information"/>
 </node>
 <node id="568399614" visible="true" version="1" changeset="3186045" timestamp="2009-11-22T13:57:50Z" user="Petr Dlouhý" uid="17615" lat="49.3097846" lon="14.1487361"/>
 <node id="568399615" visible="true" version="1" changeset="3186045" timestamp="2009-11-22T13:57:50Z" user="Petr Dlouhý" uid="17615" lat="49.3098883" lon="14.1487085"/>
 <node id="568399617" visible="true" version="1" changeset="3186045" timestamp="2009-11-22T13:57:50Z" user="Petr Dlouhý" uid="17615" lat="49.3101937" lon="14.1475301"/>
 <node id="568399619" visible="true" version="1" changeset="3186045" timestamp="2009-11-22T13:57:50Z" user="Petr Dlouhý" uid="17615" lat="49.3095187" lon="14.1490986"/>
 <node id="568399621" visible="true" version="1" changeset="3186045" timestamp="2009-11-22T13:57:50Z" user="Petr Dlouhý" uid="17615" lat="49.3094137" lon="14.1494452"/>
 <node id="568399624" visible="true" version="1" changeset="3186045" timestamp="2009-11-22T13:57:50Z" user="Petr Dlouhý" uid="17615" lat="49.3098304" lon="14.1492889"/>
 <node id="568399627" visible="true" version="2" changeset="11665038" timestamp="2012-05-21T18:55:53Z" user="Karl Von Bahnhoff" uid="520972" lat="49.3095906" lon="14.1498970"/>
 <node id="568399629" visible="true" version="1" changeset="3186045" timestamp="2009-11-22T13:57:50Z" user="Petr Dlouhý" uid="17615" lat="49.3190226" lon="14.1457335"/>
 <node id="940050583" visible="true" version="1" changeset="5976678" timestamp="2010-10-07T10:07:08Z" user="Medulove" uid="46751" lat="49.3040152" lon="14.1576302"/>
 <node id="940050603" visible="true" version="1" changeset="5976678" timestamp="2010-10-07T10:07:09Z" user="Medulove" uid="46751" lat="49.3039950" lon="14.1577227"/>
 <node id="940050606" visible="true" version="1" changeset="5976678" timestamp="2010-10-07T10:07:09Z" user="Medulove" uid="46751" lat="49.3040129" lon="14.1575623"/>
 <node id="940050616" visible="true" version="1" changeset="5976678" timestamp="2010-10-07T10:07:09Z" user="Medulove" uid="46751" lat="49.3039299" lon="14.1578105"/>
 <node id="940050618" visible="true" version="1" changeset="5976678" timestamp="2010-10-07T10:07:09Z" user="Medulove" uid="46751" lat="49.3039813" lon="14.1574640"/>
 <node id="940050623" visible="true" version="1" changeset="5976678" timestamp="2010-10-07T10:07:09Z" user="Medulove" uid="46751" lat="49.3039040" lon="14.1578237"/>
 <node id="940050632" visible="true" version="1" changeset="5976678" timestamp="2010-10-07T10:07:09Z" user="Medulove" uid="46751" lat="49.3039654" lon="14.1577761"/>
 <node id="952925630" visible="true" version="2" changeset="6214123" timestamp="2010-10-29T03:35:06Z" user="BiIbo" uid="3516" lat="49.3058419" lon="14.1439164"/>
 <node id="1083923582" visible="true" version="2" changeset="37161321" timestamp="2016-02-12T06:23:39Z" user="JandaM" uid="2169558" lat="49.3085382" lon="14.1525046"/>
 <node id="1083924125" visible="true" version="1" changeset="6874837" timestamp="2011-01-05T18:46:51Z" user="Petr1868" uid="72020" lat="49.3090910" lon="14.1524340"/>
 <node id="1083924778" visible="true" version="2" changeset="37161321" timestamp="2016-02-12T06:23:40Z" user="JandaM" uid="2169558" lat="49.3085482" lon="14.1520555"/>
 <node id="1083924847" visible="true" version="2" changeset="37118600" timestamp="2016-02-10T07:50:44Z" user="JandaM" uid="2169558" lat="49.3092427" lon="14.1525646"/>
 <node id="1083925150" visible="true" version="2" changeset="37161321" timestamp="2016-02-12T06:23:41Z" user="JandaM" uid="2169558" lat="49.3081736" lon="14.1520853"/>
 <node id="1083925567" visible="true" version="2" changeset="37161321" timestamp="2016-02-12T06:23:41Z" user="JandaM" uid="2169558" lat="49.3084256" lon="14.1515216"/>
 <node id="1083925880" visible="true" version="2" changeset="37118600" timestamp="2016-02-10T07:50:45Z" user="JandaM" uid="2169558" lat="49.3092268" lon="14.1522417"/>
 <node id="1083926268" visible="true" version="2" changeset="37161321" timestamp="2016-02-12T06:23:42Z" user="JandaM" uid="2169558" lat="49.3080662" lon="14.1516697"/>
 <node id="1083926461" visible="true" version="2" changeset="37161321" timestamp="2016-02-12T06:23:43Z" user="JandaM" uid="2169558" lat="49.3086824" lon="14.1523657"/>
 <node id="1083926515" visible="true" version="2" changeset="37118600" timestamp="2016-02-10T07:50:46Z" user="JandaM" uid="2169558" lat="49.3094097" lon="14.1526025"/>
 <node id="1083926809" visible="true" version="2" changeset="37161321" timestamp="2016-02-12T06:23:43Z" user="JandaM" uid="2169558" lat="49.3079030" lon="14.1527286"/>
 <node id="1083927455" visible="true" version="2" changeset="37118600" timestamp="2016-02-10T07:50:47Z" user="JandaM" uid="2169558" lat="49.3092580" lon="14.1523750"/>
 <node id="1083928002" visible="true" version="2" changeset="37161321" timestamp="2016-02-12T06:23:44Z" user="JandaM" uid="2169558" lat="49.3085137" lon="14.1526313"/>
 <node id="1083928200" visible="true" version="1" changeset="6874837" timestamp="2011-01-05T18:48:28Z" user="Petr1868" uid="72020" lat="49.3091780" lon="14.1520630"/>
 <node id="1083928264" visible="true" version="1" changeset="6874837" timestamp="2011-01-05T18:48:30Z" user="Petr1868" uid="72020" lat="49.3102500" lon="14.1503840"/>
 <node id="1083928474" visible="true" version="1" changeset="6874837" timestamp="2011-01-05T18:48:35Z" user="Petr1868" uid="72020" lat="49.3092010" lon="14.1522730"/>
 <node id="1083928970" visible="true" version="2" changeset="37161321" timestamp="2016-02-12T06:23:46Z" user="JandaM" uid="2169558" lat="49.3080715" lon="14.1514677"/>
 <node id="1083929273" visible="true" version="2" changeset="37161321" timestamp="2016-02-12T06:23:46Z" user="JandaM" uid="2169558" lat="49.3085890" lon="14.1523955"/>
 <node id="1083930252" visible="true" version="2" changeset="37161321" timestamp="2016-02-12T06:23:47Z" user="JandaM" uid="2169558" lat="49.3081825" lon="14.1517036"/>
 <node id="1083930536" visible="true" version="1" changeset="6874837" timestamp="2011-01-05T18:49:19Z" user="Petr1868" uid="72020" lat="49.3084310" lon="14.1524590"/>
 <node id="1083931480" visible="true" version="2" changeset="37118600" timestamp="2016-02-10T07:50:52Z" user="JandaM" uid="2169558" lat="49.3105882" lon="14.1495905"/>
 <node id="1083931978" visible="true" version="2" changeset="37161321" timestamp="2016-02-12T06:23:49Z" user="JandaM" uid="2169558" lat="49.3081370" lon="14.1516656"/>
 <node id="1083932607" visible="true" version="2" changeset="37161321" timestamp="2016-02-12T06:23:50Z" user="JandaM" uid="2169558" lat="49.3081620" lon="14.1521849"/>
 <node id="1083933207" visible="true" version="2" changeset="37118600" timestamp="2016-02-10T07:50:53Z" user="JandaM" uid="2169558" lat="49.3091494" lon="14.1523894"/>
 <node id="1083933726" visible="true" version="2" changeset="37161321" timestamp="2016-02-12T06:23:51Z" user="JandaM" uid="2169558" lat="49.3085725" lon="14.1524925"/>
 <node id="1083934886" visible="true" version="2" changeset="37161321" timestamp="2016-02-12T06:23:53Z" user="JandaM" uid="2169558" lat="49.3085347" lon="14.1520583"/>
 <node id="1083934943" visible="true" version="2" changeset="37118600" timestamp="2016-02-10T07:50:56Z" user="JandaM" uid="2169558" lat="49.3092304" lon="14.1525477"/>
 <node id="1083935234" visible="true" version="2" changeset="37161321" timestamp="2016-02-12T06:23:53Z" user="JandaM" uid="2169558" lat="49.3082524" lon="14.1521068"/>
 <node id="1083935866" visible="true" version="2" changeset="37118600" timestamp="2016-02-10T07:50:57Z" user="JandaM" uid="2169558" lat="49.3093203" lon="14.1521917"/>
 <node id="1083936893" visible="true" version="2" changeset="37161321" timestamp="2016-02-12T06:23:56Z" user="JandaM" uid="2169558" lat="49.3079511" lon="14.1522221"/>
 <node id="1083937748" visible="true" version="2" changeset="37118600" timestamp="2016-02-10T07:50:59Z" user="JandaM" uid="2169558" lat="49.3093491" lon="14.1523240"/>
 <node id="1083938480" visible="true" version="2" changeset="37161321" timestamp="2016-02-12T06:23:57Z" user="JandaM" uid="2169558" lat="49.3087060" lon="14.1525577"/>
 <node id="1083938777" visible="true" version="2" changeset="37118600" timestamp="2016-02-10T07:51:00Z" user="JandaM" uid="2169558" lat="49.3091600" lon="14.1519860"/>
 <node id="1083939186" visible="true" version="1" changeset="6874837" timestamp="2011-01-05T18:52:30Z" user="Petr1868" uid="72020" lat="49.3091410" lon="14.1523630"/>
 <node id="1083939797" visible="true" version="3" changeset="37161321" timestamp="2016-02-12T06:23:58Z" user="JandaM" uid="2169558" lat="49.3085609" lon="14.1521715"/>
 <node id="1083939849" visible="true" version="2" changeset="37118600" timestamp="2016-02-10T07:51:01Z" user="JandaM" uid="2169558" lat="49.3093291" lon="14.1526775"/>
 <node id="1083941378" visible="true" version="2" changeset="15804498" timestamp="2013-04-20T22:34:33Z" user="BiIbo" uid="3516" lat="49.3084020" lon="14.1522290"/>
 <node id="1083942524" visible="true" version="2" changeset="37118600" timestamp="2016-02-10T07:51:03Z" user="JandaM" uid="2169558" lat="49.3109888" lon="14.1496713"/>
 <node id="1083942891" visible="true" version="1" changeset="6874837" timestamp="2011-01-05T18:53:40Z" user="Petr1868" uid="72020" lat="49.3091460" lon="14.1525330"/>
 <node id="1083943350" visible="true" version="2" changeset="37161321" timestamp="2016-02-12T06:24:01Z" user="JandaM" uid="2169558" lat="49.3081351" lon="14.1516970"/>
 <node id="1083944025" visible="true" version="2" changeset="37161321" timestamp="2016-02-12T06:24:02Z" user="JandaM" uid="2169558" lat="49.3081354" lon="14.1521777"/>
 <node id="1083944498" visible="true" version="2" changeset="37161321" timestamp="2016-02-12T06:24:03Z" user="JandaM" uid="2169558" lat="49.3083963" lon="14.1518300"/>
 <node id="1083944854" visible="true" version="2" changeset="37118600" timestamp="2016-02-10T07:51:05Z" user="JandaM" uid="2169558" lat="49.3092123" lon="14.1522975"/>
 <node id="1083945629" visible="true" version="2" changeset="37161321" timestamp="2016-02-12T06:24:04Z" user="JandaM" uid="2169558" lat="49.3085650" lon="14.1524268"/>
 <node id="1083946168" visible="true" version="2" changeset="37161321" timestamp="2016-02-12T06:24:04Z" user="JandaM" uid="2169558" lat="49.3080688" lon="14.1529975"/>
 <node id="1083946629" visible="true" version="2" changeset="37161321" timestamp="2016-02-12T06:24:05Z" user="JandaM" uid="2169558" lat="49.3081944" lon="14.1514845"/>
 <node id="1083946896" visible="true" version="2" changeset="37161321" timestamp="2016-02-12T06:24:05Z" user="JandaM" uid="2169558" lat="49.3085318" lon="14.1520388"/>
 <node id="1083947005" visible="true" version="2" changeset="37118600" timestamp="2016-02-10T07:51:07Z" user="JandaM" uid="2169558" lat="49.3092563" lon="14.1525051"/>
 <node id="1083948529" visible="true" version="1" changeset="6874837" timestamp="2011-01-05T18:55:39Z" user="Petr1868" uid="72020" lat="49.3102380" lon="14.1504880"/>
 <node id="1083950250" visible="true" version="2" changeset="37161321" timestamp="2016-02-12T06:24:08Z" user="JandaM" uid="2169558" lat="49.3080401" lon="14.1522428"/>
 <node id="1083950716" visible="true" version="2" changeset="37161321" timestamp="2016-02-12T06:24:09Z" user="JandaM" uid="2169558" lat="49.3083042" lon="14.1516880"/>
 <node id="1083952542" visible="true" version="1" changeset="6874837" timestamp="2011-01-05T18:57:04Z" user="Petr1868" uid="72020" lat="49.3090440" lon="14.1521990"/>
 <node id="1083953117" visible="true" version="2" changeset="37161321" timestamp="2016-02-12T06:24:11Z" user="JandaM" uid="2169558" lat="49.3086530" lon="14.1521357"/>
 <node id="1083953189" visible="true" version="3" changeset="37140767" timestamp="2016-02-11T07:50:26Z" user="JandaM" uid="2169558" lat="49.3092866" lon="14.1524966"/>
 <node id="1083954015" visible="true" version="2" changeset="37161321" timestamp="2016-02-12T06:24:12Z" user="JandaM" uid="2169558" lat="49.3083186" lon="14.1515024"/>
 <node id="1083954313" visible="true" version="2" changeset="15804498" timestamp="2013-04-20T22:34:44Z" user="BiIbo" uid="3516" lat="49.3084740" lon="14.1522020"/>
 <node id="1083954369" visible="true" version="2" changeset="37118600" timestamp="2016-02-10T07:51:13Z" user="JandaM" uid="2169558" lat="49.3092428" lon="14.1523834"/>
 <node id="1083955076" visible="true" version="2" changeset="37161321" timestamp="2016-02-12T06:24:13Z" user="JandaM" uid="2169558" lat="49.3085017" lon="14.1525408"/>
 <node id="1083955597" visible="true" version="1" changeset="6874837" timestamp="2011-01-05T18:58:20Z" user="Petr1868" uid="72020" lat="49.3091060" lon="14.1525910"/>
 <node id="1083955994" visible="true" version="2" changeset="37161321" timestamp="2016-02-12T06:24:14Z" user="JandaM" uid="2169558" lat="49.3080895" lon="14.1516906"/>
 <node id="1083956702" visible="true" version="2" changeset="37161321" timestamp="2016-02-12T06:24:15Z" user="JandaM" uid="2169558" lat="49.3081410" lon="14.1521303"/>
 <node id="1083957157" visible="true" version="2" changeset="37161321" timestamp="2016-02-12T06:24:16Z" user="JandaM" uid="2169558" lat="49.3082899" lon="14.1518044"/>
 <node id="1083957442" visible="true" version="1" changeset="6874837" timestamp="2011-01-05T18:59:09Z" user="Petr1868" uid="72020" lat="49.3084930" lon="14.1523380"/>
 <node id="1083957505" visible="true" version="2" changeset="37118600" timestamp="2016-02-10T07:51:17Z" user="JandaM" uid="2169558" lat="49.3092094" lon="14.1522863"/>
 <node id="1083958234" visible="true" version="2" changeset="37161321" timestamp="2016-02-12T06:24:17Z" user="JandaM" uid="2169558" lat="49.3085507" lon="14.1524307"/>
 <node id="1083958873" visible="true" version="2" changeset="37161321" timestamp="2016-02-12T06:24:17Z" user="JandaM" uid="2169558" lat="49.3078818" lon="14.1529505"/>
 <node id="1083960252" visible="true" version="2" changeset="37161321" timestamp="2016-02-12T06:24:18Z" user="JandaM" uid="2169558" lat="49.3086322" lon="14.1519708"/>
 <node id="1083960426" visible="true" version="2" changeset="37118600" timestamp="2016-02-10T07:51:19Z" user="JandaM" uid="2169558" lat="49.3092467" lon="14.1524710"/>
 <node id="1083961860" visible="true" version="1" changeset="6874837" timestamp="2011-01-05T19:00:46Z" user="Petr1868" uid="72020" lat="49.3101780" lon="14.1504710"/>
 <node id="1083963627" visible="true" version="2" changeset="37161321" timestamp="2016-02-12T06:24:21Z" user="JandaM" uid="2169558" lat="49.3080261" lon="14.1523729"/>
 <node id="1083964634" visible="true" version="2" changeset="37161321" timestamp="2016-02-12T06:24:22Z" user="JandaM" uid="2169558" lat="49.3082541" lon="14.1516807"/>
 <node id="1083966628" visible="true" version="2" changeset="37118600" timestamp="2016-02-10T07:51:24Z" user="JandaM" uid="2169558" lat="49.3109566" lon="14.1500469"/>
 <node id="1083966970" visible="true" version="1" changeset="6874837" timestamp="2011-01-05T19:02:34Z" user="Petr1868" uid="72020" lat="49.3090900" lon="14.1520890"/>
 <node id="1083968051" visible="true" version="2" changeset="37118600" timestamp="2016-02-10T07:51:25Z" user="JandaM" uid="2169558" lat="49.3093768" lon="14.1524493"/>
 <node id="1083968787" visible="true" version="2" changeset="37161321" timestamp="2016-02-12T06:24:25Z" user="JandaM" uid="2169558" lat="49.3082335" lon="14.1522574"/>
 <node id="1083970065" visible="true" version="2" changeset="37118600" timestamp="2016-02-10T07:51:26Z" user="JandaM" uid="2169558" lat="49.3092455" lon="14.1523899"/>
 <node id="1083970899" visible="true" version="2" changeset="37161321" timestamp="2016-02-12T06:24:26Z" user="JandaM" uid="2169558" lat="49.3085419" lon="14.1525262"/>
 <node id="1083971479" visible="true" version="2" changeset="37161321" timestamp="2016-02-12T06:24:27Z" user="JandaM" uid="2169558" lat="49.3079817" lon="14.1529757"/>
 <node id="1083971557" visible="true" version="1" changeset="6874837" timestamp="2011-01-05T19:04:12Z" user="Petr1868" uid="72020" lat="49.3090550" lon="14.1525050"/>
 <node id="1083972102" visible="true" version="2" changeset="37161321" timestamp="2016-02-12T06:24:28Z" user="JandaM" uid="2169558" lat="49.3080905" lon="14.1516727"/>
 <node id="1083973100" visible="true" version="2" changeset="37161321" timestamp="2016-02-12T06:24:28Z" user="JandaM" uid="2169558" lat="49.3081675" lon="14.1521375"/>
 <node id="1083974212" visible="true" version="2" changeset="37161321" timestamp="2016-02-12T06:24:29Z" user="JandaM" uid="2169558" lat="49.3085777" lon="14.1523055"/>
 <node id="1083974356" visible="true" version="2" changeset="37118600" timestamp="2016-02-10T07:51:30Z" user="JandaM" uid="2169558" lat="49.3092338" lon="14.1522730"/>
 <node id="1083975193" visible="true" version="2" changeset="37161321" timestamp="2016-02-12T06:24:30Z" user="JandaM" uid="2169558" lat="49.3085469" lon="14.1524089"/>
 <node id="1083975272" visible="true" version="2" changeset="37118600" timestamp="2016-02-10T07:51:31Z" user="JandaM" uid="2169558" lat="49.3093324" lon="14.1526744"/>
 <node id="1083975736" visible="true" version="2" changeset="37161321" timestamp="2016-02-12T06:24:31Z" user="JandaM" uid="2169558" lat="49.3078951" lon="14.1527285"/>
 <node id="1083976696" visible="true" version="2" changeset="37118600" timestamp="2016-02-10T07:51:32Z" user="JandaM" uid="2169558" lat="49.3092752" lon="14.1524519"/>
 <node id="1083977629" visible="true" version="2" changeset="37161321" timestamp="2016-02-12T06:24:32Z" user="JandaM" uid="2169558" lat="49.3085129" lon="14.1526252"/>
 <node id="1083978044" visible="true" version="1" changeset="6874837" timestamp="2011-01-05T19:06:42Z" user="Petr1868" uid="72020" lat="49.3092800" lon="14.1520110"/>
 <node id="1083978224" visible="true" version="1" changeset="6874837" timestamp="2011-01-05T19:06:44Z" user="Petr1868" uid="72020" lat="49.3101910" lon="14.1503690"/>
 <node id="1083980746" visible="true" version="2" changeset="37161321" timestamp="2016-02-12T06:24:34Z" user="JandaM" uid="2169558" lat="49.3081331" lon="14.1523996"/>
 <node id="1083981659" visible="true" version="2" changeset="37161321" timestamp="2016-02-12T06:24:35Z" user="JandaM" uid="2169558" lat="49.3082523" lon="14.1517132"/>
 <node id="1083982035" visible="true" version="1" changeset="6874837" timestamp="2011-01-05T19:07:49Z" user="Petr1868" uid="72020" lat="49.3085040" lon="14.1524310"/>
 <node id="1083983280" visible="true" version="2" changeset="37118600" timestamp="2016-02-10T07:51:37Z" user="JandaM" uid="2169558" lat="49.3105560" lon="14.1499661"/>
 <node id="1083984143" visible="true" version="2" changeset="37161321" timestamp="2016-02-12T06:24:37Z" user="JandaM" uid="2169558" lat="49.3081841" lon="14.1516724"/>
 <node id="1083985214" visible="true" version="2" changeset="37161321" timestamp="2016-02-12T06:24:39Z" user="JandaM" uid="2169558" lat="49.3081564" lon="14.1522370"/>
 <node id="1083986231" visible="true" version="2" changeset="37118600" timestamp="2016-02-10T07:51:40Z" user="JandaM" uid="2169558" lat="49.3091964" lon="14.1524645"/>
 <node id="1350629802" visible="true" version="1" changeset="8642251" timestamp="2011-07-05T19:38:09Z" user="m4rtink" uid="334334" lat="49.3078942" lon="14.1513403">
  <tag k="retarder" v="yes"/>
 </node>
 <node id="1350629803" visible="true" version="1" changeset="8642251" timestamp="2011-07-05T19:38:10Z" user="m4rtink" uid="334334" lat="49.3087727" lon="14.1514661">
  <tag k="highway" v="crossing"/>
 </node>
 <node id="1599176362" visible="true" version="2" changeset="33202221" timestamp="2015-08-08T15:05:32Z" user="Jezevec" uid="102554" lat="49.3085282" lon="14.1475606">
  <tag k="name" v="Vnitřní Město"/>
  <tag k="name:cs" v="Vnitřní Město"/>
  <tag k="place" v="suburb"/>
  <tag k="ref:cobe" v="404519"/>
  <tag k="source" v="csu:uir-zsj"/>
 </node>
 <node id="1599176364" visible="true" version="5" changeset="20467624" timestamp="2014-02-09T16:08:39Z" user="Sanjak" uid="236651" lat="49.3089887" lon="14.1477690">
  <tag k="name" v="Písek"/>
  <tag k="name:cs" v="Písek"/>
  <tag k="name:de" v="Pisek"/>
  <tag k="name:lt" v="Pysekas"/>
  <tag k="name:ru" v="Писек"/>
  <tag k="name:sr" v="Писек"/>
  <tag k="name:uk" v="Пісек"/>
  <tag k="place" v="town"/>
  <tag k="population" v="28988"/>
  <tag k="source" v="csu:uir-zsj"/>
  <tag k="website" v="http://www.icpisek.cz"/>
  <tag k="wikipedia" v="cs:Písek (město)"/>
 </node>
 <node id="1660619025" visible="true" version="1" changeset="10879770" timestamp="2012-03-05T14:00:27Z" user="petr_balicek" uid="82083" lat="49.3088622" lon="14.1250427"/>
 <node id="1729020066" visible="true" version="1" changeset="11405614" timestamp="2012-04-24T14:03:24Z" user="Karl Von Bahnhoff" uid="520972" lat="49.3064793" lon="14.1393522"/>
 <node id="1729020067" visible="true" version="1" changeset="11405614" timestamp="2012-04-24T14:03:24Z" user="Karl Von Bahnhoff" uid="520972" lat="49.3080039" lon="14.1309968"/>
 <node id="1729020068" visible="true" version="1" changeset="11405614" timestamp="2012-04-24T14:03:24Z" user="Karl Von Bahnhoff" uid="520972" lat="49.3080913" lon="14.1306878"/>
 <node id="1729020069" visible="true" version="1" changeset="11405614" timestamp="2012-04-24T14:03:24Z" user="Karl Von Bahnhoff" uid="520972" lat="49.3101354" lon="14.1462182"/>
 <node id="1729020070" visible="true" version="1" changeset="11405614" timestamp="2012-04-24T14:03:24Z" user="Karl Von Bahnhoff" uid="520972" lat="49.3145023" lon="14.1444421"/>
 <node id="1729020071" visible="true" version="1" changeset="11405614" timestamp="2012-04-24T14:03:24Z" user="Karl Von Bahnhoff" uid="520972" lat="49.3150412" lon="14.1437086"/>
 <node id="1729020072" visible="true" version="1" changeset="11405614" timestamp="2012-04-24T14:03:24Z" user="Karl Von Bahnhoff" uid="520972" lat="49.3161334" lon="14.1441144"/>
 <node id="1729020073" visible="true" version="1" changeset="11405614" timestamp="2012-04-24T14:03:25Z" user="Karl Von Bahnhoff" uid="520972" lat="49.3176529" lon="14.1435001"/>
 <node id="1729020075" visible="true" version="1" changeset="11405614" timestamp="2012-04-24T14:03:25Z" user="Karl Von Bahnhoff" uid="520972" lat="49.3178786" lon="14.1441182"/>
 <node id="1729020077" visible="true" version="1" changeset="11405614" timestamp="2012-04-24T14:03:25Z" user="Karl Von Bahnhoff" uid="520972" lat="49.3188709" lon="14.1441065"/>
 <node id="1729020080" visible="true" version="1" changeset="11405614" timestamp="2012-04-24T14:03:25Z" user="Karl Von Bahnhoff" uid="520972" lat="49.3190373" lon="14.1442961"/>
 <node id="1729020083" visible="true" version="1" changeset="11405614" timestamp="2012-04-24T14:03:25Z" user="Karl Von Bahnhoff" uid="520972" lat="49.3193102" lon="14.1448068"/>
 <node id="1729020084" visible="true" version="1" changeset="11405614" timestamp="2012-04-24T14:03:26Z" user="Karl Von Bahnhoff" uid="520972" lat="49.3194183" lon="14.1455704"/>
 <node id="1761282957" visible="true" version="1" changeset="11665038" timestamp="2012-05-21T18:55:01Z" user="Karl Von Bahnhoff" uid="520972" lat="49.3086801" lon="14.1510995"/>
 <node id="1761282960" visible="true" version="2" changeset="11675370" timestamp="2012-05-22T20:07:23Z" user="Karl Von Bahnhoff" uid="520972" lat="49.3088029" lon="14.1490885"/>
 <node id="1761282964" visible="true" version="2" changeset="33027314" timestamp="2015-08-01T09:59:47Z" user="Minimalis" uid="665336" lat="49.3088554" lon="14.1513595"/>
 <node id="1761282967" visible="true" version="4" changeset="33027314" timestamp="2015-08-01T09:59:47Z" user="Minimalis" uid="665336" lat="49.3088681" lon="14.1491038"/>
 <node id="1761282969" visible="true" version="2" changeset="15801814" timestamp="2013-04-20T22:20:18Z" user="BiIbo" uid="3516" lat="49.3090648" lon="14.1480634"/>
 <node id="1761282971" visible="true" version="1" changeset="11665038" timestamp="2012-05-21T18:55:02Z" user="Karl Von Bahnhoff" uid="520972" lat="49.3091091" lon="14.1498673"/>
 <node id="1761282973" visible="true" version="1" changeset="11665038" timestamp="2012-05-21T18:55:02Z" user="Karl Von Bahnhoff" uid="520972" lat="49.3091813" lon="14.1496537"/>
 <node id="1761282977" visible="true" version="1" changeset="11665038" timestamp="2012-05-21T18:55:02Z" user="Karl Von Bahnhoff" uid="520972" lat="49.3092599" lon="14.1499689"/>
 <node id="1761282979" visible="true" version="5" changeset="37140936" timestamp="2016-02-11T08:04:58Z" user="JandaM" uid="2169558" lat="49.3092651" lon="14.1492292"/>
 <node id="1761282984" visible="true" version="1" changeset="11665038" timestamp="2012-05-21T18:55:02Z" user="Karl Von Bahnhoff" uid="520972" lat="49.3093225" lon="14.1497493"/>
 <node id="1761282986" visible="true" version="2" changeset="15801814" timestamp="2013-04-20T22:20:18Z" user="BiIbo" uid="3516" lat="49.3094849" lon="14.1482823"/>
 <node id="1761282988" visible="true" version="1" changeset="11665038" timestamp="2012-05-21T18:55:02Z" user="Karl Von Bahnhoff" uid="520972" lat="49.3095312" lon="14.1501404"/>
 <node id="1761282990" visible="true" version="1" changeset="11665038" timestamp="2012-05-21T18:55:02Z" user="Karl Von Bahnhoff" uid="520972" lat="49.3096889" lon="14.1498342"/>
 <node id="1761282992" visible="true" version="1" changeset="11665038" timestamp="2012-05-21T18:55:02Z" user="Karl Von Bahnhoff" uid="520972" lat="49.3097058" lon="14.1487147"/>
 <node id="1761282995" visible="true" version="1" changeset="11665038" timestamp="2012-05-21T18:55:02Z" user="Karl Von Bahnhoff" uid="520972" lat="49.3097797" lon="14.1473749"/>
 <node id="1761282997" visible="true" version="1" changeset="11665038" timestamp="2012-05-21T18:55:02Z" user="Karl Von Bahnhoff" uid="520972" lat="49.3097969" lon="14.1472140"/>
 <node id="1761282999" visible="true" version="1" changeset="11665038" timestamp="2012-05-21T18:55:02Z" user="Karl Von Bahnhoff" uid="520972" lat="49.3098296" lon="14.1472931"/>
 <node id="1761283001" visible="true" version="1" changeset="11665038" timestamp="2012-05-21T18:55:02Z" user="Karl Von Bahnhoff" uid="520972" lat="49.3099018" lon="14.1472403"/>
 <node id="1761283003" visible="true" version="1" changeset="11665038" timestamp="2012-05-21T18:55:02Z" user="Karl Von Bahnhoff" uid="520972" lat="49.3099382" lon="14.1488779"/>
 <node id="1761283006" visible="true" version="1" changeset="11665038" timestamp="2012-05-21T18:55:02Z" user="Karl Von Bahnhoff" uid="520972" lat="49.3100713" lon="14.1472752"/>
 <node id="1761283009" visible="true" version="1" changeset="11665038" timestamp="2012-05-21T18:55:02Z" user="Karl Von Bahnhoff" uid="520972" lat="49.3101391" lon="14.1469054"/>
 <node id="1761283010" visible="true" version="1" changeset="11665038" timestamp="2012-05-21T18:55:02Z" user="Karl Von Bahnhoff" uid="520972" lat="49.3101649" lon="14.1467023"/>
 <node id="1762475759" visible="true" version="1" changeset="11675370" timestamp="2012-05-22T20:07:05Z" user="Karl Von Bahnhoff" uid="520972" lat="49.3084123" lon="14.1509774"/>
 <node id="1762475764" visible="true" version="1" changeset="11675370" timestamp="2012-05-22T20:07:05Z" user="Karl Von Bahnhoff" uid="520972" lat="49.3085325" lon="14.1512303"/>
 <node id="1762475768" visible="true" version="1" changeset="11675370" timestamp="2012-05-22T20:07:05Z" user="Karl Von Bahnhoff" uid="520972" lat="49.3088214" lon="14.1506936"/>
 <node id="1762475772" visible="true" version="1" changeset="11675370" timestamp="2012-05-22T20:07:05Z" user="Karl Von Bahnhoff" uid="520972" lat="49.3090273" lon="14.1507312"/>
 <node id="1762475776" visible="true" version="1" changeset="11675370" timestamp="2012-05-22T20:07:05Z" user="Karl Von Bahnhoff" uid="520972" lat="49.3091075" lon="14.1491638"/>
 <node id="1762475781" visible="true" version="1" changeset="11675370" timestamp="2012-05-22T20:07:05Z" user="Karl Von Bahnhoff" uid="520972" lat="49.3096717" lon="14.1483824"/>
 <node id="1762475784" visible="true" version="1" changeset="11675370" timestamp="2012-05-22T20:07:05Z" user="Karl Von Bahnhoff" uid="520972" lat="49.3097089" lon="14.1482513"/>
 <node id="1762475788" visible="true" version="1" changeset="11675370" timestamp="2012-05-22T20:07:05Z" user="Karl Von Bahnhoff" uid="520972" lat="49.3097885" lon="14.1482085"/>
 <node id="1762475800" visible="true" version="1" changeset="11675370" timestamp="2012-05-22T20:07:06Z" user="Karl Von Bahnhoff" uid="520972" lat="49.3099504" lon="14.1476741"/>
 <node id="1762475803" visible="true" version="1" changeset="11675370" timestamp="2012-05-22T20:07:06Z" user="Karl Von Bahnhoff" uid="520972" lat="49.3100660" lon="14.1477584"/>
 <node id="1762475806" visible="true" version="1" changeset="11675370" timestamp="2012-05-22T20:07:06Z" user="Karl Von Bahnhoff" uid="520972" lat="49.3101119" lon="14.1480189"/>
 <node id="1918703243" visible="true" version="1" changeset="13144074" timestamp="2012-09-17T14:01:21Z" user="Karl Von Bahnhoff" uid="520972" lat="49.3062620" lon="14.1501288"/>
 <node id="1918703245" visible="true" version="1" changeset="13144074" timestamp="2012-09-17T14:01:21Z" user="Karl Von Bahnhoff" uid="520972" lat="49.3064114" lon="14.1506679"/>
 <node id="1918703246" visible="true" version="1" changeset="13144074" timestamp="2012-09-17T14:01:21Z" user="Karl Von Bahnhoff" uid="520972" lat="49.3064391" lon="14.1507130"/>
 <node id="1918703302" visible="true" version="2" changeset="18971708" timestamp="2013-11-18T13:20:56Z" user="Karl Von Bahnhoff" uid="520972" lat="49.3113773" lon="14.1564813"/>
 <node id="2056922311" visible="true" version="1" changeset="14207620" timestamp="2012-12-09T00:26:12Z" user="moneytoo" uid="1021990" lat="49.3128532" lon="14.1454028">
  <tag k="highway" v="crossing"/>
 </node>
 <node id="2245235924" visible="true" version="1" changeset="15585498" timestamp="2013-04-02T18:55:43Z" user="uboot" uid="26299" lat="49.3171963" lon="14.1434689"/>
 <node id="2251041542" visible="true" version="1" changeset="15622904" timestamp="2013-04-05T17:35:00Z" user="Karl Von Bahnhoff" uid="520972" lat="49.3098560" lon="14.1464522">
  <tag k="hiking" v="yes"/>
  <tag k="information" v="guidepost"/>
  <tag k="name" v="Kamenný most"/>
  <tag k="tourism" v="information"/>
 </node>
 <node id="2251041602" visible="true" version="1" changeset="15622904" timestamp="2013-04-05T17:35:01Z" user="Karl Von Bahnhoff" uid="520972" lat="49.3038787" lon="14.1581768"/>
 <node id="2274404520" visible="true" version="2" changeset="33027314" timestamp="2015-08-01T09:59:47Z" user="Minimalis" uid="665336" lat="49.3088129" lon="14.1493659"/>
 <node id="2274404521" visible="true" version="2" changeset="33027314" timestamp="2015-08-01T09:59:47Z" user="Minimalis" uid="665336" lat="49.3088449" lon="14.1492192"/>
 <node id="2274404522" visible="true" version="2" changeset="33027314" timestamp="2015-08-01T09:59:47Z" user="Minimalis" uid="665336" lat="49.3088742" lon="14.1490733"/>
 <node id="2274404523" visible="true" version="2" changeset="33027314" timestamp="2015-08-01T09:59:47Z" user="Minimalis" uid="665336" lat="49.3089031" lon="14.1489093"/>
 <node id="2274404525" visible="true" version="2" changeset="33027314" timestamp="2015-08-01T09:59:47Z" user="Minimalis" uid="665336" lat="49.3089389" lon="14.1487159"/>
 <node id="2274404527" visible="true" version="2" changeset="37140936" timestamp="2016-02-11T08:04:58Z" user="JandaM" uid="2169558" lat="49.3089442" lon="14.1487178"/>
 <node id="2274404529" visible="true" version="2" changeset="33027314" timestamp="2015-08-01T09:59:48Z" user="Minimalis" uid="665336" lat="49.3089703" lon="14.1485513"/>
 <node id="2274404531" visible="true" version="2" changeset="33027314" timestamp="2015-08-01T09:59:48Z" user="Minimalis" uid="665336" lat="49.3089762" lon="14.1485570"/>
 <node id="2274404533" visible="true" version="2" changeset="33027314" timestamp="2015-08-01T09:59:48Z" user="Minimalis" uid="665336" lat="49.3089783" lon="14.1492678"/>
 <node id="2274404534" visible="true" version="2" changeset="33027314" timestamp="2015-08-01T09:59:48Z" user="Minimalis" uid="665336" lat="49.3089792" lon="14.1492381"/>
 <node id="2274404535" visible="true" version="3" changeset="39324153" timestamp="2016-05-15T04:52:13Z" user="Michal Vinárek" uid="3108884" lat="49.3090137" lon="14.1483354"/>
 <node id="2274404536" visible="true" version="2" changeset="33027314" timestamp="2015-08-01T09:59:48Z" user="Minimalis" uid="665336" lat="49.3090134" lon="14.1491089"/>
 <node id="2274404538" visible="true" version="2" changeset="33027314" timestamp="2015-08-01T09:59:48Z" user="Minimalis" uid="665336" lat="49.3090299" lon="14.1489491"/>
 <node id="2274404540" visible="true" version="2" changeset="33027314" timestamp="2015-08-01T09:59:48Z" user="Minimalis" uid="665336" lat="49.3090461" lon="14.1492591"/>
 <node id="2274404542" visible="true" version="2" changeset="37140936" timestamp="2016-02-11T08:04:58Z" user="JandaM" uid="2169558" lat="49.3090512" lon="14.1481506"/>
 <node id="2274404545" visible="true" version="2" changeset="33027314" timestamp="2015-08-01T09:59:48Z" user="Minimalis" uid="665336" lat="49.3090562" lon="14.1491766"/>
 <node id="2274404547" visible="true" version="2" changeset="37140936" timestamp="2016-02-11T08:04:58Z" user="JandaM" uid="2169558" lat="49.3090644" lon="14.1487621"/>
 <node id="2274404548" visible="true" version="1" changeset="15801814" timestamp="2013-04-20T22:20:05Z" user="BiIbo" uid="3516" lat="49.3090750" lon="14.1491250"/>
 <node id="2274404549" visible="true" version="2" changeset="37140936" timestamp="2016-02-11T08:04:58Z" user="JandaM" uid="2169558" lat="49.3090759" lon="14.1479986"/>
 <node id="2274404550" visible="true" version="2" changeset="33027314" timestamp="2015-08-01T09:59:48Z" user="Minimalis" uid="665336" lat="49.3090790" lon="14.1489646"/>
 <node id="2274404551" visible="true" version="1" changeset="15801814" timestamp="2013-04-20T22:20:05Z" user="BiIbo" uid="3516" lat="49.3090780" lon="14.1490840"/>
 <node id="2274404552" visible="true" version="2" changeset="33027314" timestamp="2015-08-01T09:59:48Z" user="Minimalis" uid="665336" lat="49.3090844" lon="14.1490296"/>
 <node id="2274404553" visible="true" version="2" changeset="37140936" timestamp="2016-02-11T08:04:58Z" user="JandaM" uid="2169558" lat="49.3090853" lon="14.1486665"/>
 <node id="2274404555" visible="true" version="2" changeset="33027314" timestamp="2015-08-01T09:59:48Z" user="Minimalis" uid="665336" lat="49.3090858" lon="14.1489109"/>
 <node id="2274404557" visible="true" version="2" changeset="33027314" timestamp="2015-08-01T09:59:48Z" user="Minimalis" uid="665336" lat="49.3090917" lon="14.1489685"/>
 <node id="2274404559" visible="true" version="1" changeset="15801814" timestamp="2013-04-20T22:20:05Z" user="BiIbo" uid="3516" lat="49.3090930" lon="14.1490860"/>
 <node id="2274404561" visible="true" version="1" changeset="15801814" timestamp="2013-04-20T22:20:05Z" user="BiIbo" uid="3516" lat="49.3090960" lon="14.1490330"/>
 <node id="2274404564" visible="true" version="2" changeset="37140936" timestamp="2016-02-11T08:04:58Z" user="JandaM" uid="2169558" lat="49.3091039" lon="14.1478640"/>
 <node id="2274404565" visible="true" version="2" changeset="33027314" timestamp="2015-08-01T09:59:48Z" user="Minimalis" uid="665336" lat="49.3091084" lon="14.1487780"/>
 <node id="2274404566" visible="true" version="2" changeset="33027314" timestamp="2015-08-01T09:59:48Z" user="Minimalis" uid="665336" lat="49.3091157" lon="14.1491371"/>
 <node id="2274404567" visible="true" version="2" changeset="33027314" timestamp="2015-08-01T09:59:48Z" user="Minimalis" uid="665336" lat="49.3091271" lon="14.1492787"/>
 <node id="2274404568" visible="true" version="1" changeset="15801814" timestamp="2013-04-20T22:20:05Z" user="BiIbo" uid="3516" lat="49.3091300" lon="14.1488490"/>
 <node id="2274404570" visible="true" version="2" changeset="33027314" timestamp="2015-08-01T09:59:48Z" user="Minimalis" uid="665336" lat="49.3091332" lon="14.1490472"/>
 <node id="2274404574" visible="true" version="2" changeset="33027314" timestamp="2015-08-01T09:59:48Z" user="Minimalis" uid="665336" lat="49.3091403" lon="14.1492783"/>
 <node id="2274404576" visible="true" version="1" changeset="15801814" timestamp="2013-04-20T22:20:05Z" user="BiIbo" uid="3516" lat="49.3091410" lon="14.1489360"/>
 <node id="2274404578" visible="true" version="2" changeset="33027314" timestamp="2015-08-01T09:59:48Z" user="Minimalis" uid="665336" lat="49.3091438" lon="14.1492606"/>
 <node id="2274404579" visible="true" version="1" changeset="15801814" timestamp="2013-04-20T22:20:05Z" user="BiIbo" uid="3516" lat="49.3091440" lon="14.1487830"/>
 <node id="2274404580" visible="true" version="2" changeset="37140936" timestamp="2016-02-11T08:04:58Z" user="JandaM" uid="2169558" lat="49.3091467" lon="14.1483364"/>
 <node id="2274404581" visible="true" version="2" changeset="33027314" timestamp="2015-08-01T09:59:48Z" user="Minimalis" uid="665336" lat="49.3091493" lon="14.1489973"/>
 <node id="2274404582" visible="true" version="1" changeset="15801814" timestamp="2013-04-20T22:20:05Z" user="BiIbo" uid="3516" lat="49.3091500" lon="14.1489035"/>
 <node id="2274404583" visible="true" version="2" changeset="33027314" timestamp="2015-08-01T09:59:48Z" user="Minimalis" uid="665336" lat="49.3091553" lon="14.1486222"/>
 <node id="2274404584" visible="true" version="1" changeset="15801814" timestamp="2013-04-20T22:20:06Z" user="BiIbo" uid="3516" lat="49.3091590" lon="14.1486000"/>
 <node id="2274404585" visible="true" version="1" changeset="15801814" timestamp="2013-04-20T22:20:06Z" user="BiIbo" uid="3516" lat="49.3091590" lon="14.1488650"/>
 <node id="2274404586" visible="true" version="2" changeset="33027314" timestamp="2015-08-01T09:59:48Z" user="Minimalis" uid="665336" lat="49.3091601" lon="14.1492547"/>
 <node id="2274404587" visible="true" version="2" changeset="33027314" timestamp="2015-08-01T09:59:48Z" user="Minimalis" uid="665336" lat="49.3091637" lon="14.1485788"/>
 <node id="2274404588" visible="true" version="2" changeset="33027314" timestamp="2015-08-01T09:59:48Z" user="Minimalis" uid="665336" lat="49.3091624" lon="14.1492453"/>
 <node id="2274404590" visible="true" version="2" changeset="33027314" timestamp="2015-08-01T09:59:48Z" user="Minimalis" uid="665336" lat="49.3091628" lon="14.1492719"/>
 <node id="2274404598" visible="true" version="2" changeset="33027314" timestamp="2015-08-01T09:59:48Z" user="Minimalis" uid="665336" lat="49.3091711" lon="14.1492610"/>
 <node id="2274404600" visible="true" version="2" changeset="33027314" timestamp="2015-08-01T09:59:48Z" user="Minimalis" uid="665336" lat="49.3091730" lon="14.1485314"/>
 <node id="2274404602" visible="true" version="2" changeset="33027314" timestamp="2015-08-01T09:59:48Z" user="Minimalis" uid="665336" lat="49.3091735" lon="14.1492517"/>
 <node id="2274404607" visible="true" version="2" changeset="37140936" timestamp="2016-02-11T08:04:58Z" user="JandaM" uid="2169558" lat="49.3091752" lon="14.1482006"/>
 <node id="2274404609" visible="true" version="2" changeset="33027314" timestamp="2015-08-01T09:59:48Z" user="Minimalis" uid="665336" lat="49.3091749" lon="14.1485839"/>
 <node id="2274404610" visible="true" version="2" changeset="33027314" timestamp="2015-08-01T09:59:48Z" user="Minimalis" uid="665336" lat="49.3091740" lon="14.1489113"/>
 <node id="2274404611" visible="true" version="2" changeset="33027314" timestamp="2015-08-01T09:59:48Z" user="Minimalis" uid="665336" lat="49.3091796" lon="14.1484973"/>
 <node id="2274404612" visible="true" version="2" changeset="33027314" timestamp="2015-08-01T09:59:48Z" user="Minimalis" uid="665336" lat="49.3091819" lon="14.1492142"/>
 <node id="2274404613" visible="true" version="2" changeset="33027314" timestamp="2015-08-01T09:59:48Z" user="Minimalis" uid="665336" lat="49.3091890" lon="14.1485381"/>
 <node id="2274404615" visible="true" version="2" changeset="33027314" timestamp="2015-08-01T09:59:48Z" user="Minimalis" uid="665336" lat="49.3091908" lon="14.1485027"/>
 <node id="2274404617" visible="true" version="2" changeset="33027314" timestamp="2015-08-01T09:59:48Z" user="Minimalis" uid="665336" lat="49.3091921" lon="14.1489206"/>
 <node id="2274404618" visible="true" version="2" changeset="33027314" timestamp="2015-08-01T09:59:48Z" user="Minimalis" uid="665336" lat="49.3092057" lon="14.1484308"/>
 <node id="2274404621" visible="true" version="2" changeset="37140936" timestamp="2016-02-11T08:04:58Z" user="JandaM" uid="2169558" lat="49.3092073" lon="14.1481273"/>
 <node id="2274404624" visible="true" version="1" changeset="15801814" timestamp="2013-04-20T22:20:06Z" user="BiIbo" uid="3516" lat="49.3092080" lon="14.1486190"/>
 <node id="2274404625" visible="true" version="1" changeset="15801814" timestamp="2013-04-20T22:20:07Z" user="BiIbo" uid="3516" lat="49.3092110" lon="14.1485930"/>
 <node id="2274404626" visible="true" version="2" changeset="33027314" timestamp="2015-08-01T09:59:48Z" user="Minimalis" uid="665336" lat="49.3092161" lon="14.1488189"/>
 <node id="2274404627" visible="true" version="2" changeset="37140936" timestamp="2016-02-11T08:04:58Z" user="JandaM" uid="2169558" lat="49.3092171" lon="14.1480710"/>
 <node id="2274404629" visible="true" version="2" changeset="37140936" timestamp="2016-02-11T08:04:58Z" user="JandaM" uid="2169558" lat="49.3092309" lon="14.1484286"/>
 <node id="2274404631" visible="true" version="2" changeset="37140936" timestamp="2016-02-11T08:04:58Z" user="JandaM" uid="2169558" lat="49.3092341" lon="14.1474865"/>
 <node id="2274404632" visible="true" version="1" changeset="15801814" timestamp="2013-04-20T22:20:07Z" user="BiIbo" uid="3516" lat="49.3092330" lon="14.1487230"/>
 <node id="2274404634" visible="true" version="2" changeset="37140936" timestamp="2016-02-11T08:04:58Z" user="JandaM" uid="2169558" lat="49.3092369" lon="14.1479894"/>
 <node id="2274404636" visible="true" version="2" changeset="33027314" timestamp="2015-08-01T09:59:48Z" user="Minimalis" uid="665336" lat="49.3092400" lon="14.1488137"/>
 <node id="2274404638" visible="true" version="2" changeset="33027314" timestamp="2015-08-01T09:59:48Z" user="Minimalis" uid="665336" lat="49.3092416" lon="14.1493289"/>
 <node id="2274404640" visible="true" version="1" changeset="15801814" timestamp="2013-04-20T22:20:07Z" user="BiIbo" uid="3516" lat="49.3092410" lon="14.1483790"/>
 <node id="2274404641" visible="true" version="2" changeset="33027314" timestamp="2015-08-01T09:59:48Z" user="Minimalis" uid="665336" lat="49.3092463" lon="14.1488367"/>
 <node id="2274404642" visible="true" version="1" changeset="15801814" timestamp="2013-04-20T22:20:07Z" user="BiIbo" uid="3516" lat="49.3092480" lon="14.1488210"/>
 <node id="2274404643" visible="true" version="2" changeset="37140936" timestamp="2016-02-11T08:04:58Z" user="JandaM" uid="2169558" lat="49.3092499" lon="14.1478956"/>
 <node id="2274404644" visible="true" version="2" changeset="37140936" timestamp="2016-02-11T08:04:58Z" user="JandaM" uid="2169558" lat="49.3092501" lon="14.1479979"/>
 <node id="2274404645" visible="true" version="2" changeset="33027314" timestamp="2015-08-01T09:59:48Z" user="Minimalis" uid="665336" lat="49.3092497" lon="14.1487740"/>
 <node id="2274404646" visible="true" version="2" changeset="37140936" timestamp="2016-02-11T08:04:58Z" user="JandaM" uid="2169558" lat="49.3092513" lon="14.1483408"/>
 <node id="2274404648" visible="true" version="2" changeset="33027314" timestamp="2015-08-01T09:59:48Z" user="Minimalis" uid="665336" lat="49.3092518" lon="14.1489574"/>
 <node id="2274404649" visible="true" version="2" changeset="33027314" timestamp="2015-08-01T09:59:48Z" user="Minimalis" uid="665336" lat="49.3092607" lon="14.1487770"/>
 <node id="2274404650" visible="true" version="2" changeset="37140936" timestamp="2016-02-11T08:04:58Z" user="JandaM" uid="2169558" lat="49.3092634" lon="14.1479429"/>
 <node id="2274404651" visible="true" version="2" changeset="37140936" timestamp="2016-02-11T08:04:58Z" user="JandaM" uid="2169558" lat="49.3092654" lon="14.1478509"/>
 <node id="2274404652" visible="true" version="2" changeset="37140936" timestamp="2016-02-11T08:04:58Z" user="JandaM" uid="2169558" lat="49.3092691" lon="14.1473684"/>
 <node id="2274404653" visible="true" version="2" changeset="37140936" timestamp="2016-02-11T08:04:58Z" user="JandaM" uid="2169558" lat="49.3092686" lon="14.1479331"/>
 <node id="2274404654" visible="true" version="2" changeset="33027314" timestamp="2015-08-01T09:59:48Z" user="Minimalis" uid="665336" lat="49.3092725" lon="14.1491974"/>
 <node id="2274404655" visible="true" version="2" changeset="37140936" timestamp="2016-02-11T08:04:58Z" user="JandaM" uid="2169558" lat="49.3092755" lon="14.1473912"/>
 <node id="2274404656" visible="true" version="1" changeset="15801814" timestamp="2013-04-20T22:20:07Z" user="BiIbo" uid="3516" lat="49.3092730" lon="14.1487250"/>
 <node id="2274404657" visible="true" version="1" changeset="15801814" timestamp="2013-04-20T22:20:07Z" user="BiIbo" uid="3516" lat="49.3092735" lon="14.1486685"/>
 <node id="2274404658" visible="true" version="2" changeset="37140936" timestamp="2016-02-11T08:04:58Z" user="JandaM" uid="2169558" lat="49.3092763" lon="14.1473627"/>
 <node id="2274404659" visible="true" version="1" changeset="15801814" timestamp="2013-04-20T22:20:07Z" user="BiIbo" uid="3516" lat="49.3092760" lon="14.1479400"/>
 <node id="2274404660" visible="true" version="2" changeset="37140936" timestamp="2016-02-11T08:04:58Z" user="JandaM" uid="2169558" lat="49.3092785" lon="14.1479468"/>
 <node id="2274404661" visible="true" version="2" changeset="33027314" timestamp="2015-08-01T09:59:48Z" user="Minimalis" uid="665336" lat="49.3092812" lon="14.1488381"/>
 <node id="2274404663" visible="true" version="1" changeset="15801814" timestamp="2013-04-20T22:20:07Z" user="BiIbo" uid="3516" lat="49.3092810" lon="14.1486280"/>
 <node id="2274404665" visible="true" version="2" changeset="33027314" timestamp="2015-08-01T09:59:48Z" user="Minimalis" uid="665336" lat="49.3092832" lon="14.1486777"/>
 <node id="2274404666" visible="true" version="2" changeset="37140936" timestamp="2016-02-11T08:04:58Z" user="JandaM" uid="2169558" lat="49.3092961" lon="14.1473613"/>
 <node id="2274404668" visible="true" version="2" changeset="37140936" timestamp="2016-02-11T08:04:58Z" user="JandaM" uid="2169558" lat="49.3093009" lon="14.1473832"/>
 <node id="2274404675" visible="true" version="1" changeset="15801814" timestamp="2013-04-20T22:20:08Z" user="BiIbo" uid="3516" lat="49.3093000" lon="14.1486860"/>
 <node id="2274404676" visible="true" version="2" changeset="37140936" timestamp="2016-02-11T08:04:58Z" user="JandaM" uid="2169558" lat="49.3093043" lon="14.1482644"/>
 <node id="2274404678" visible="true" version="1" changeset="15801814" timestamp="2013-04-20T22:20:08Z" user="BiIbo" uid="3516" lat="49.3093050" lon="14.1486690"/>
 <node id="2274404680" visible="true" version="2" changeset="37140936" timestamp="2016-02-11T08:04:58Z" user="JandaM" uid="2169558" lat="49.3093101" lon="14.1479686"/>
 <node id="2274404682" visible="true" version="2" changeset="37140936" timestamp="2016-02-11T08:04:58Z" user="JandaM" uid="2169558" lat="49.3093107" lon="14.1482505"/>
 <node id="2274404684" visible="true" version="2" changeset="37140936" timestamp="2016-02-11T08:04:58Z" user="JandaM" uid="2169558" lat="49.3093175" lon="14.1479431"/>
 <node id="2274404686" visible="true" version="2" changeset="33027314" timestamp="2015-08-01T09:59:48Z" user="Minimalis" uid="665336" lat="49.3093185" lon="14.1489990"/>
 <node id="2274404687" visible="true" version="1" changeset="15801814" timestamp="2013-04-20T22:20:08Z" user="BiIbo" uid="3516" lat="49.3093210" lon="14.1486780"/>
 <node id="2274404688" visible="true" version="1" changeset="15801814" timestamp="2013-04-20T22:20:08Z" user="BiIbo" uid="3516" lat="49.3093218" lon="14.1481970"/>
 <node id="2274404689" visible="true" version="2" changeset="37140936" timestamp="2016-02-11T08:04:58Z" user="JandaM" uid="2169558" lat="49.3093262" lon="14.1477309"/>
 <node id="2274404690" visible="true" version="2" changeset="37140936" timestamp="2016-02-11T08:04:58Z" user="JandaM" uid="2169558" lat="49.3093270" lon="14.1481803"/>
 <node id="2274404691" visible="true" version="1" changeset="15801814" timestamp="2013-04-20T22:20:08Z" user="BiIbo" uid="3516" lat="49.3093280" lon="14.1481210"/>
 <node id="2274404693" visible="true" version="2" changeset="37140936" timestamp="2016-02-11T08:04:58Z" user="JandaM" uid="2169558" lat="49.3093321" lon="14.1477155"/>
 <node id="2274404695" visible="true" version="2" changeset="37140936" timestamp="2016-02-11T08:04:58Z" user="JandaM" uid="2169558" lat="49.3093349" lon="14.1479125"/>
 <node id="2274404697" visible="true" version="2" changeset="37140936" timestamp="2016-02-11T08:04:58Z" user="JandaM" uid="2169558" lat="49.3092801" lon="14.1479418"/>
 <node id="2274404700" visible="true" version="2" changeset="37140936" timestamp="2016-02-11T08:04:58Z" user="JandaM" uid="2169558" lat="49.3093363" lon="14.1483893"/>
 <node id="2274404701" visible="true" version="2" changeset="37140936" timestamp="2016-02-11T08:04:58Z" user="JandaM" uid="2169558" lat="49.3093423" lon="14.1477237"/>
 <node id="2274404703" visible="true" version="1" changeset="15801814" timestamp="2013-04-20T22:20:08Z" user="BiIbo" uid="3516" lat="49.3093430" lon="14.1480590"/>
 <node id="2274404704" visible="true" version="1" changeset="15801814" timestamp="2013-04-20T22:20:08Z" user="BiIbo" uid="3516" lat="49.3093440" lon="14.1485690"/>
 <node id="2274404705" visible="true" version="2" changeset="37140936" timestamp="2016-02-11T08:04:58Z" user="JandaM" uid="2169558" lat="49.3093554" lon="14.1478443"/>
 <node id="2274404706" visible="true" version="2" changeset="37140936" timestamp="2016-02-11T08:04:58Z" user="JandaM" uid="2169558" lat="49.3093583" lon="14.1482958"/>
 <node id="2274404708" visible="true" version="2" changeset="37140936" timestamp="2016-02-11T08:04:58Z" user="JandaM" uid="2169558" lat="49.3093607" lon="14.1481994"/>
 <node id="2274404710" visible="true" version="2" changeset="37140936" timestamp="2016-02-11T08:04:58Z" user="JandaM" uid="2169558" lat="49.3093610" lon="14.1476495"/>
 <node id="2274404712" visible="true" version="2" changeset="37140936" timestamp="2016-02-11T08:04:59Z" user="JandaM" uid="2169558" lat="49.3093667" lon="14.1476656"/>
 <node id="2274404714" visible="true" version="2" changeset="37140936" timestamp="2016-02-11T08:04:59Z" user="JandaM" uid="2169558" lat="49.3093743" lon="14.1476158"/>
 <node id="2274404716" visible="true" version="2" changeset="37140936" timestamp="2016-02-11T08:04:59Z" user="JandaM" uid="2169558" lat="49.3093751" lon="14.1478601"/>
 <node id="2274404717" visible="true" version="1" changeset="15801814" timestamp="2013-04-20T22:20:08Z" user="BiIbo" uid="3516" lat="49.3093740" lon="14.1481500"/>
 <node id="2274404718" visible="true" version="2" changeset="37140936" timestamp="2016-02-11T08:04:59Z" user="JandaM" uid="2169558" lat="49.3093810" lon="14.1487298"/>
 <node id="2274404719" visible="true" version="2" changeset="37140936" timestamp="2016-02-11T08:04:59Z" user="JandaM" uid="2169558" lat="49.3093828" lon="14.1481173"/>
 <node id="2274404720" visible="true" version="2" changeset="37140936" timestamp="2016-02-11T08:04:59Z" user="JandaM" uid="2169558" lat="49.3093859" lon="14.1477837"/>
 <node id="2274404721" visible="true" version="2" changeset="37140936" timestamp="2016-02-11T08:04:59Z" user="JandaM" uid="2169558" lat="49.3093934" lon="14.1477675"/>
 <node id="2274404723" visible="true" version="1" changeset="15801814" timestamp="2013-04-20T22:20:08Z" user="BiIbo" uid="3516" lat="49.3093980" lon="14.1479500"/>
 <node id="2274404725" visible="true" version="2" changeset="37140936" timestamp="2016-02-11T08:04:59Z" user="JandaM" uid="2169558" lat="49.3094048" lon="14.1477918"/>
 <node id="2274404728" visible="true" version="1" changeset="15801814" timestamp="2013-04-20T22:20:08Z" user="BiIbo" uid="3516" lat="49.3094030" lon="14.1480260"/>
 <node id="2274404730" visible="true" version="1" changeset="15801814" timestamp="2013-04-20T22:20:08Z" user="BiIbo" uid="3516" lat="49.3094060" lon="14.1479200"/>
 <node id="2274404731" visible="true" version="2" changeset="37140936" timestamp="2016-02-11T08:04:59Z" user="JandaM" uid="2169558" lat="49.3094091" lon="14.1477820"/>
 <node id="2274404732" visible="true" version="2" changeset="37140936" timestamp="2016-02-11T08:04:59Z" user="JandaM" uid="2169558" lat="49.3094106" lon="14.1481327"/>
 <node id="2274404733" visible="true" version="1" changeset="15801814" timestamp="2013-04-20T22:20:08Z" user="BiIbo" uid="3516" lat="49.3094145" lon="14.1478920"/>
 <node id="2274404734" visible="true" version="2" changeset="37140936" timestamp="2016-02-11T08:04:59Z" user="JandaM" uid="2169558" lat="49.3094309" lon="14.1485251"/>
 <node id="2274404735" visible="true" version="1" changeset="15801814" timestamp="2013-04-20T22:20:08Z" user="BiIbo" uid="3516" lat="49.3094240" lon="14.1480385"/>
 <node id="2274404737" visible="true" version="1" changeset="15801814" timestamp="2013-04-20T22:20:08Z" user="BiIbo" uid="3516" lat="49.3094295" lon="14.1480140"/>
 <node id="2274404739" visible="true" version="2" changeset="37140936" timestamp="2016-02-11T08:04:59Z" user="JandaM" uid="2169558" lat="49.3094329" lon="14.1480431"/>
 <node id="2274404743" visible="true" version="1" changeset="15801814" timestamp="2013-04-20T22:20:08Z" user="BiIbo" uid="3516" lat="49.3094330" lon="14.1478200"/>
 <node id="2274404745" visible="true" version="2" changeset="37140936" timestamp="2016-02-11T08:04:59Z" user="JandaM" uid="2169558" lat="49.3094359" lon="14.1476733"/>
 <node id="2274404746" visible="true" version="1" changeset="15801814" timestamp="2013-04-20T22:20:09Z" user="BiIbo" uid="3516" lat="49.3094660" lon="14.1480610"/>
 <node id="2274404747" visible="true" version="1" changeset="15801814" timestamp="2013-04-20T22:20:09Z" user="BiIbo" uid="3516" lat="49.3094740" lon="14.1479330"/>
 <node id="2274404748" visible="true" version="1" changeset="15801814" timestamp="2013-04-20T22:20:09Z" user="BiIbo" uid="3516" lat="49.3094750" lon="14.1480390"/>
 <node id="2274404749" visible="true" version="2" changeset="37140936" timestamp="2016-02-11T08:04:59Z" user="JandaM" uid="2169558" lat="49.3094810" lon="14.1475488"/>
 <node id="2274404750" visible="true" version="2" changeset="37140936" timestamp="2016-02-11T08:04:59Z" user="JandaM" uid="2169558" lat="49.3094888" lon="14.1482720"/>
 <node id="2274404761" visible="true" version="1" changeset="15801814" timestamp="2013-04-20T22:20:09Z" user="BiIbo" uid="3516" lat="49.3094900" lon="14.1479800"/>
 <node id="2274404762" visible="true" version="1" changeset="15801814" timestamp="2013-04-20T22:20:09Z" user="BiIbo" uid="3516" lat="49.3094960" lon="14.1479485"/>
 <node id="2274404763" visible="true" version="2" changeset="37140936" timestamp="2016-02-11T08:04:59Z" user="JandaM" uid="2169558" lat="49.3095324" lon="14.1477522"/>
 <node id="2274404764" visible="true" version="2" changeset="37140936" timestamp="2016-02-11T08:04:59Z" user="JandaM" uid="2169558" lat="49.3095347" lon="14.1480998"/>
 <node id="2274404765" visible="true" version="1" changeset="15801814" timestamp="2013-04-20T22:20:09Z" user="BiIbo" uid="3516" lat="49.3095380" lon="14.1480750"/>
 <node id="2274404766" visible="true" version="1" changeset="15801814" timestamp="2013-04-20T22:20:09Z" user="BiIbo" uid="3516" lat="49.3095610" lon="14.1479910"/>
 <node id="2274404767" visible="true" version="2" changeset="37140936" timestamp="2016-02-11T08:04:59Z" user="JandaM" uid="2169558" lat="49.3095648" lon="14.1476168"/>
 <node id="2274404769" visible="true" version="2" changeset="37140936" timestamp="2016-02-11T08:04:59Z" user="JandaM" uid="2169558" lat="49.3096096" lon="14.1478152"/>
 <node id="2274404770" visible="true" version="2" changeset="37140936" timestamp="2016-02-11T08:04:59Z" user="JandaM" uid="2169558" lat="49.3096501" lon="14.1476738"/>
 <node id="2274404772" visible="true" version="2" changeset="37140767" timestamp="2016-02-11T07:50:59Z" user="JandaM" uid="2169558" lat="49.3103238" lon="14.1485245"/>
 <node id="2274404774" visible="true" version="2" changeset="37140767" timestamp="2016-02-11T07:50:59Z" user="JandaM" uid="2169558" lat="49.3103356" lon="14.1483976"/>
 <node id="2274404776" visible="true" version="2" changeset="37140767" timestamp="2016-02-11T07:50:59Z" user="JandaM" uid="2169558" lat="49.3103473" lon="14.1482646"/>
 <node id="2274404778" visible="true" version="2" changeset="37140767" timestamp="2016-02-11T07:50:59Z" user="JandaM" uid="2169558" lat="49.3103562" lon="14.1481680"/>
 <node id="2274404779" visible="true" version="2" changeset="37140767" timestamp="2016-02-11T07:50:59Z" user="JandaM" uid="2169558" lat="49.3103658" lon="14.1480658"/>
 <node id="2274404780" visible="true" version="2" changeset="37140767" timestamp="2016-02-11T07:50:59Z" user="JandaM" uid="2169558" lat="49.3103749" lon="14.1479823"/>
 <node id="2274404781" visible="true" version="2" changeset="37140767" timestamp="2016-02-11T07:50:59Z" user="JandaM" uid="2169558" lat="49.3104348" lon="14.1484416"/>
 <node id="2274404785" visible="true" version="2" changeset="37140767" timestamp="2016-02-11T07:51:00Z" user="JandaM" uid="2169558" lat="49.3104338" lon="14.1484552"/>
 <node id="2274404787" visible="true" version="2" changeset="37140767" timestamp="2016-02-11T07:51:00Z" user="JandaM" uid="2169558" lat="49.3104528" lon="14.1482165"/>
 <node id="2274404789" visible="true" version="2" changeset="37140767" timestamp="2016-02-11T07:51:00Z" user="JandaM" uid="2169558" lat="49.3104531" lon="14.1484222"/>
 <node id="2274404790" visible="true" version="2" changeset="37140767" timestamp="2016-02-11T07:51:00Z" user="JandaM" uid="2169558" lat="49.3104554" lon="14.1481930"/>
 <node id="2274404791" visible="true" version="2" changeset="37140767" timestamp="2016-02-11T07:51:00Z" user="JandaM" uid="2169558" lat="49.3104555" lon="14.1483988"/>
 <node id="2274404792" visible="true" version="2" changeset="37140767" timestamp="2016-02-11T07:51:00Z" user="JandaM" uid="2169558" lat="49.3104584" lon="14.1481648"/>
 <node id="2274404793" visible="true" version="2" changeset="37140767" timestamp="2016-02-11T07:51:00Z" user="JandaM" uid="2169558" lat="49.3104578" lon="14.1484468"/>
 <node id="2274404794" visible="true" version="2" changeset="37140767" timestamp="2016-02-11T07:51:00Z" user="JandaM" uid="2169558" lat="49.3104608" lon="14.1483367"/>
 <node id="2274404795" visible="true" version="2" changeset="37140767" timestamp="2016-02-11T07:51:00Z" user="JandaM" uid="2169558" lat="49.3104604" lon="14.1484225"/>
 <node id="2274404798" visible="true" version="2" changeset="37140767" timestamp="2016-02-11T07:51:00Z" user="JandaM" uid="2169558" lat="49.3104653" lon="14.1482982"/>
 <node id="2274404800" visible="true" version="2" changeset="37140767" timestamp="2016-02-11T07:51:00Z" user="JandaM" uid="2169558" lat="49.3104684" lon="14.1482724"/>
 <node id="2274404802" visible="true" version="2" changeset="37140767" timestamp="2016-02-11T07:51:00Z" user="JandaM" uid="2169558" lat="49.3104696" lon="14.1484017"/>
 <node id="2274404804" visible="true" version="2" changeset="37140767" timestamp="2016-02-11T07:51:00Z" user="JandaM" uid="2169558" lat="49.3104713" lon="14.1483862"/>
 <node id="2274404805" visible="true" version="2" changeset="37140767" timestamp="2016-02-11T07:51:00Z" user="JandaM" uid="2169558" lat="49.3104729" lon="14.1483002"/>
 <node id="2274404806" visible="true" version="2" changeset="37140767" timestamp="2016-02-11T07:51:00Z" user="JandaM" uid="2169558" lat="49.3104762" lon="14.1482745"/>
 <node id="2274404807" visible="true" version="1" changeset="15801814" timestamp="2013-04-20T22:20:10Z" user="BiIbo" uid="3516" lat="49.3104850" lon="14.1484290"/>
 <node id="2274404808" visible="true" version="2" changeset="37140767" timestamp="2016-02-11T07:51:00Z" user="JandaM" uid="2169558" lat="49.3104888" lon="14.1483907"/>
 <node id="2274404809" visible="true" version="2" changeset="37140767" timestamp="2016-02-11T07:51:00Z" user="JandaM" uid="2169558" lat="49.3104998" lon="14.1484702"/>
 <node id="2274404811" visible="true" version="2" changeset="37140767" timestamp="2016-02-11T07:51:00Z" user="JandaM" uid="2169558" lat="49.3105037" lon="14.1484349"/>
 <node id="2274404813" visible="true" version="2" changeset="37140767" timestamp="2016-02-11T07:51:00Z" user="JandaM" uid="2169558" lat="49.3105104" lon="14.1485643"/>
 <node id="2274404815" visible="true" version="2" changeset="37140767" timestamp="2016-02-11T07:51:00Z" user="JandaM" uid="2169558" lat="49.3105114" lon="14.1483966"/>
 <node id="2274404817" visible="true" version="2" changeset="37140767" timestamp="2016-02-11T07:51:00Z" user="JandaM" uid="2169558" lat="49.3105128" lon="14.1483844"/>
 <node id="2274404819" visible="true" version="2" changeset="37140767" timestamp="2016-02-11T07:51:00Z" user="JandaM" uid="2169558" lat="49.3105133" lon="14.1483109"/>
 <node id="2274404820" visible="true" version="2" changeset="37140767" timestamp="2016-02-11T07:51:00Z" user="JandaM" uid="2169558" lat="49.3105151" lon="14.1484702"/>
 <node id="2274404821" visible="true" version="2" changeset="37140767" timestamp="2016-02-11T07:51:00Z" user="JandaM" uid="2169558" lat="49.3105171" lon="14.1483483"/>
 <node id="2274404822" visible="true" version="2" changeset="37140767" timestamp="2016-02-11T07:51:00Z" user="JandaM" uid="2169558" lat="49.3105192" lon="14.1481823"/>
 <node id="2274404823" visible="true" version="2" changeset="37140767" timestamp="2016-02-11T07:51:00Z" user="JandaM" uid="2169558" lat="49.3105205" lon="14.1482321"/>
 <node id="2274404825" visible="true" version="2" changeset="37140767" timestamp="2016-02-11T07:51:00Z" user="JandaM" uid="2169558" lat="49.3105239" lon="14.1484719"/>
 <node id="2274404827" visible="true" version="2" changeset="37140767" timestamp="2016-02-11T07:51:00Z" user="JandaM" uid="2169558" lat="49.3105263" lon="14.1484407"/>
 <node id="2274404829" visible="true" version="2" changeset="37140767" timestamp="2016-02-11T07:51:00Z" user="JandaM" uid="2169558" lat="49.3105309" lon="14.1480963"/>
 <node id="2274404832" visible="true" version="2" changeset="37140767" timestamp="2016-02-11T07:51:00Z" user="JandaM" uid="2169558" lat="49.3105738" lon="14.1484816"/>
 <node id="2274404833" visible="true" version="2" changeset="37140767" timestamp="2016-02-11T07:51:00Z" user="JandaM" uid="2169558" lat="49.3105771" lon="14.1484592"/>
 <node id="2274404834" visible="true" version="2" changeset="37140767" timestamp="2016-02-11T07:51:00Z" user="JandaM" uid="2169558" lat="49.3105804" lon="14.1484363"/>
 <node id="2274404835" visible="true" version="2" changeset="37140767" timestamp="2016-02-11T07:51:00Z" user="JandaM" uid="2169558" lat="49.3105850" lon="14.1481069"/>
 <node id="2274404843" visible="true" version="1" changeset="15801814" timestamp="2013-04-20T22:20:11Z" user="BiIbo" uid="3516" lat="49.3105850" lon="14.1483990"/>
 <node id="2274404845" visible="true" version="2" changeset="37140767" timestamp="2016-02-11T07:51:00Z" user="JandaM" uid="2169558" lat="49.3105886" lon="14.1483806"/>
 <node id="2274404847" visible="true" version="2" changeset="37140767" timestamp="2016-02-11T07:51:00Z" user="JandaM" uid="2169558" lat="49.3105878" lon="14.1484629"/>
 <node id="2274404849" visible="true" version="2" changeset="37140767" timestamp="2016-02-11T07:51:00Z" user="JandaM" uid="2169558" lat="49.3105911" lon="14.1484399"/>
 <node id="2274404850" visible="true" version="1" changeset="15801814" timestamp="2013-04-20T22:20:11Z" user="BiIbo" uid="3516" lat="49.3105900" lon="14.1478540"/>
 <node id="2274404851" visible="true" version="1" changeset="15801814" timestamp="2013-04-20T22:20:11Z" user="BiIbo" uid="3516" lat="49.3105930" lon="14.1480330"/>
 <node id="2274404852" visible="true" version="2" changeset="37140767" timestamp="2016-02-11T07:51:00Z" user="JandaM" uid="2169558" lat="49.3105954" lon="14.1480173"/>
 <node id="2274404853" visible="true" version="2" changeset="37140767" timestamp="2016-02-11T07:51:00Z" user="JandaM" uid="2169558" lat="49.3106040" lon="14.1483953"/>
 <node id="2274404854" visible="true" version="2" changeset="37140767" timestamp="2016-02-11T07:51:00Z" user="JandaM" uid="2169558" lat="49.3106053" lon="14.1483855"/>
 <node id="2274404856" visible="true" version="1" changeset="15801814" timestamp="2013-04-20T22:20:11Z" user="BiIbo" uid="3516" lat="49.3106340" lon="14.1478540"/>
 <node id="2274404858" visible="true" version="1" changeset="15801814" timestamp="2013-04-20T22:20:11Z" user="BiIbo" uid="3516" lat="49.3106340" lon="14.1479940"/>
 <node id="2274404860" visible="true" version="2" changeset="37140767" timestamp="2016-02-11T07:51:00Z" user="JandaM" uid="2169558" lat="49.3106047" lon="14.1485830"/>
 <node id="2274404862" visible="true" version="2" changeset="37140767" timestamp="2016-02-11T07:51:00Z" user="JandaM" uid="2169558" lat="49.3106469" lon="14.1485913"/>
 <node id="2274404864" visible="true" version="2" changeset="37140767" timestamp="2016-02-11T07:51:00Z" user="JandaM" uid="2169558" lat="49.3106655" lon="14.1484091"/>
 <node id="2274404865" visible="true" version="2" changeset="37140767" timestamp="2016-02-11T07:51:00Z" user="JandaM" uid="2169558" lat="49.3106647" lon="14.1484176"/>
 <node id="2274404866" visible="true" version="1" changeset="15801814" timestamp="2013-04-20T22:20:11Z" user="BiIbo" uid="3516" lat="49.3106680" lon="14.1479940"/>
 <node id="2274404867" visible="true" version="1" changeset="15801814" timestamp="2013-04-20T22:20:11Z" user="BiIbo" uid="3516" lat="49.3106680" lon="14.1480340"/>
 <node id="2274404868" visible="true" version="2" changeset="37140767" timestamp="2016-02-11T07:51:00Z" user="JandaM" uid="2169558" lat="49.3106717" lon="14.1484411"/>
 <node id="2274404869" visible="true" version="2" changeset="37140767" timestamp="2016-02-11T07:51:00Z" user="JandaM" uid="2169558" lat="49.3106742" lon="14.1484200"/>
 <node id="2274404873" visible="true" version="1" changeset="15801814" timestamp="2013-04-20T22:20:11Z" user="BiIbo" uid="3516" lat="49.3106860" lon="14.1478410"/>
 <node id="2274404875" visible="true" version="1" changeset="15801814" timestamp="2013-04-20T22:20:11Z" user="BiIbo" uid="3516" lat="49.3106860" lon="14.1478550"/>
 <node id="2274404883" visible="true" version="2" changeset="37140767" timestamp="2016-02-11T07:51:00Z" user="JandaM" uid="2169558" lat="49.3107261" lon="14.1486073"/>
 <node id="2274404884" visible="true" version="1" changeset="15801814" timestamp="2013-04-20T22:20:11Z" user="BiIbo" uid="3516" lat="49.3107290" lon="14.1480060"/>
 <node id="2274404885" visible="true" version="1" changeset="15801814" timestamp="2013-04-20T22:20:11Z" user="BiIbo" uid="3516" lat="49.3107290" lon="14.1480340"/>
 <node id="2274404886" visible="true" version="2" changeset="37140767" timestamp="2016-02-11T07:51:00Z" user="JandaM" uid="2169558" lat="49.3107305" lon="14.1484531"/>
 <node id="2274404887" visible="true" version="2" changeset="37140767" timestamp="2016-02-11T07:51:00Z" user="JandaM" uid="2169558" lat="49.3107327" lon="14.1484247"/>
 <node id="2274404890" visible="true" version="2" changeset="37140767" timestamp="2016-02-11T07:51:00Z" user="JandaM" uid="2169558" lat="49.3107447" lon="14.1484263"/>
 <node id="2274404913" visible="true" version="1" changeset="15801814" timestamp="2013-04-20T22:20:12Z" user="BiIbo" uid="3516" lat="49.3109180" lon="14.1478440"/>
 <node id="2274404914" visible="true" version="1" changeset="15801814" timestamp="2013-04-20T22:20:12Z" user="BiIbo" uid="3516" lat="49.3109180" lon="14.1480080"/>
 <node id="2274418448" visible="true" version="1" changeset="15804498" timestamp="2013-04-20T22:34:12Z" user="BiIbo" uid="3516" lat="49.3083810" lon="14.1521180"/>
 <node id="2274418449" visible="true" version="1" changeset="15804498" timestamp="2013-04-20T22:34:12Z" user="BiIbo" uid="3516" lat="49.3084500" lon="14.1520660"/>
 <node id="2274418450" visible="true" version="1" changeset="15804498" timestamp="2013-04-20T22:34:12Z" user="BiIbo" uid="3516" lat="49.3084610" lon="14.1521300"/>
 <node id="2274418452" visible="true" version="1" changeset="15804498" timestamp="2013-04-20T22:34:12Z" user="BiIbo" uid="3516" lat="49.3084800" lon="14.1522530"/>
 <node id="2274418461" visible="true" version="2" changeset="37161321" timestamp="2016-02-12T06:24:42Z" user="JandaM" uid="2169558" lat="49.3085529" lon="14.1520985"/>
 <node id="2274418464" visible="true" version="2" changeset="37161321" timestamp="2016-02-12T06:24:42Z" user="JandaM" uid="2169558" lat="49.3085674" lon="14.1522233"/>
 <node id="2298889295" visible="true" version="1" changeset="16072339" timestamp="2013-05-10T22:20:29Z" user="Minimalis" uid="665336" lat="49.3098901" lon="14.1469115">
  <tag k="addr:city" v="Písek"/>
  <tag k="addr:conscriptionnumber" v="1"/>
  <tag k="addr:country" v="CZ"/>
  <tag k="addr:housenumber" v="1/7"/>
  <tag k="addr:postcode" v="39701"/>
  <tag k="addr:street" v="Karlova"/>
  <tag k="addr:streetnumber" v="7"/>
  <tag k="is_in" v="Budějovické Předměstí, Písek, Jihočeský kraj, CZ"/>
  <tag k="ref:ruian" v="5522650"/>
  <tag k="source:addr" v="ruian"/>
 </node>
 <node id="2298889299" visible="true" version="1" changeset="16072339" timestamp="2013-05-10T22:20:30Z" user="Minimalis" uid="665336" lat="49.3085686" lon="14.1489945">
  <tag k="addr:city" v="Písek"/>
  <tag k="addr:conscriptionnumber" v="10"/>
  <tag k="addr:country" v="CZ"/>
  <tag k="addr:housenumber" v="10/1"/>
  <tag k="addr:postcode" v="39701"/>
  <tag k="addr:street" v="Ningrova"/>
  <tag k="addr:streetnumber" v="1"/>
  <tag k="is_in" v="Vnitřní Město, Písek, Jihočeský kraj, CZ"/>
  <tag k="ref:ruian" v="5521041"/>
  <tag k="source:addr" v="ruian"/>
 </node>
 <node id="2298889304" visible="true" version="1" changeset="16072339" timestamp="2013-05-10T22:20:30Z" user="Minimalis" uid="665336" lat="49.3091060" lon="14.1484867">
  <tag k="addr:city" v="Písek"/>
  <tag k="addr:conscriptionnumber" v="100"/>
  <tag k="addr:country" v="CZ"/>
  <tag k="addr:housenumber" v="100/4"/>
  <tag k="addr:postcode" v="39701"/>
  <tag k="addr:street" v="Heydukova"/>
  <tag k="addr:streetnumber" v="4"/>
  <tag k="is_in" v="Vnitřní Město, Písek, Jihočeský kraj, CZ"/>
  <tag k="ref:ruian" v="5521840"/>
  <tag k="source:addr" v="ruian"/>
 </node>
 <node id="2298889321" visible="true" version="1" changeset="16072339" timestamp="2013-05-10T22:20:33Z" user="Minimalis" uid="665336" lat="49.3091169" lon="14.1482698">
  <tag k="addr:city" v="Písek"/>
  <tag k="addr:conscriptionnumber" v="101"/>
  <tag k="addr:country" v="CZ"/>
  <tag k="addr:housenumber" v="101/2"/>
  <tag k="addr:postcode" v="39701"/>
  <tag k="addr:street" v="Heydukova"/>
  <tag k="addr:streetnumber" v="2"/>
  <tag k="is_in" v="Vnitřní Město, Písek, Jihočeský kraj, CZ"/>
  <tag k="ref:ruian" v="5521858"/>
  <tag k="source:addr" v="ruian"/>
 </node>
 <node id="2298889337" visible="true" version="1" changeset="16072339" timestamp="2013-05-10T22:20:35Z" user="Minimalis" uid="665336" lat="49.3091622" lon="14.1481076">
  <tag k="addr:city" v="Písek"/>
  <tag k="addr:conscriptionnumber" v="102"/>
  <tag k="addr:country" v="CZ"/>
  <tag k="addr:housenumber" v="102/10"/>
  <tag k="addr:postcode" v="39701"/>
  <tag k="addr:street" v="Velké náměstí"/>
  <tag k="addr:streetnumber" v="10"/>
  <tag k="is_in" v="Vnitřní Město, Písek, Jihočeský kraj, CZ"/>
  <tag k="ref:ruian" v="5521866"/>
  <tag k="source:addr" v="ruian"/>
 </node>
 <node id="2298889357" visible="true" version="1" changeset="16072339" timestamp="2013-05-10T22:20:38Z" user="Minimalis" uid="665336" lat="49.3090947" lon="14.1479326">
  <tag k="addr:city" v="Písek"/>
  <tag k="addr:conscriptionnumber" v="103"/>
  <tag k="addr:country" v="CZ"/>
  <tag k="addr:housenumber" v="103/8"/>
  <tag k="addr:postcode" v="39701"/>
  <tag k="addr:street" v="Velké náměstí"/>
  <tag k="addr:streetnumber" v="8"/>
  <tag k="is_in" v="Vnitřní Město, Písek, Jihočeský kraj, CZ"/>
  <tag k="ref:ruian" v="5521874"/>
  <tag k="source:addr" v="ruian"/>
 </node>
 <node id="2298889372" visible="true" version="1" changeset="16072339" timestamp="2013-05-10T22:20:40Z" user="Minimalis" uid="665336" lat="49.3092221" lon="14.1478079">
  <tag k="addr:city" v="Písek"/>
  <tag k="addr:conscriptionnumber" v="104"/>
  <tag k="addr:country" v="CZ"/>
  <tag k="addr:housenumber" v="104/6"/>
  <tag k="addr:postcode" v="39701"/>
  <tag k="addr:street" v="Velké náměstí"/>
  <tag k="addr:streetnumber" v="6"/>
  <tag k="is_in" v="Vnitřní Město, Písek, Jihočeský kraj, CZ"/>
  <tag k="ref:ruian" v="5521882"/>
  <tag k="source:addr" v="ruian"/>
 </node>
 <node id="2298889388" visible="true" version="1" changeset="16072339" timestamp="2013-05-10T22:20:42Z" user="Minimalis" uid="665336" lat="49.3092803" lon="14.1476436">
  <tag k="addr:city" v="Písek"/>
  <tag k="addr:conscriptionnumber" v="105"/>
  <tag k="addr:country" v="CZ"/>
  <tag k="addr:housenumber" v="105/4"/>
  <tag k="addr:postcode" v="39701"/>
  <tag k="addr:street" v="Velké náměstí"/>
  <tag k="addr:streetnumber" v="4"/>
  <tag k="is_in" v="Vnitřní Město, Písek, Jihočeský kraj, CZ"/>
  <tag k="ref:ruian" v="5521891"/>
  <tag k="source:addr" v="ruian"/>
 </node>
 <node id="2298889415" visible="true" version="1" changeset="16072339" timestamp="2013-05-10T22:20:44Z" user="Minimalis" uid="665336" lat="49.3096152" lon="14.1477080">
  <tag k="addr:city" v="Písek"/>
  <tag k="addr:conscriptionnumber" v="106"/>
  <tag k="addr:country" v="CZ"/>
  <tag k="addr:housenumber" v="106"/>
  <tag k="addr:postcode" v="39701"/>
  <tag k="addr:street" v="Palackého sady"/>
  <tag k="is_in" v="Vnitřní Město, Písek, Jihočeský kraj, CZ"/>
  <tag k="ref:ruian" v="5521904"/>
  <tag k="source:addr" v="ruian"/>
 </node>
 <node id="2298889471" visible="true" version="1" changeset="16072339" timestamp="2013-05-10T22:20:46Z" user="Minimalis" uid="665336" lat="49.3094639" lon="14.1473612">
  <tag k="addr:city" v="Písek"/>
  <tag k="addr:conscriptionnumber" v="107"/>
  <tag k="addr:country" v="CZ"/>
  <tag k="addr:housenumber" v="107/1"/>
  <tag k="addr:postcode" v="39701"/>
  <tag k="addr:street" v="Karlova"/>
  <tag k="addr:streetnumber" v="1"/>
  <tag k="is_in" v="Vnitřní Město, Písek, Jihočeský kraj, CZ"/>
  <tag k="ref:ruian" v="5521912"/>
  <tag k="source:addr" v="ruian"/>
 </node>
 <node id="2298889487" visible="true" version="1" changeset="16072339" timestamp="2013-05-10T22:20:49Z" user="Minimalis" uid="665336" lat="49.3096350" lon="14.1471851">
  <tag k="addr:city" v="Písek"/>
  <tag k="addr:conscriptionnumber" v="108"/>
  <tag k="addr:country" v="CZ"/>
  <tag k="addr:housenumber" v="108/3"/>
  <tag k="addr:postcode" v="39701"/>
  <tag k="addr:street" v="Karlova"/>
  <tag k="addr:streetnumber" v="3"/>
  <tag k="is_in" v="Vnitřní Město, Písek, Jihočeský kraj, CZ"/>
  <tag k="ref:ruian" v="5521921"/>
  <tag k="source:addr" v="ruian"/>
 </node>
 <node id="2298889505" visible="true" version="1" changeset="16072339" timestamp="2013-05-10T22:20:51Z" user="Minimalis" uid="665336" lat="49.3097880" lon="14.1469707">
  <tag k="addr:city" v="Písek"/>
  <tag k="addr:conscriptionnumber" v="109"/>
  <tag k="addr:country" v="CZ"/>
  <tag k="addr:housenumber" v="109/5"/>
  <tag k="addr:postcode" v="39701"/>
  <tag k="addr:street" v="Karlova"/>
  <tag k="addr:streetnumber" v="5"/>
  <tag k="is_in" v="Vnitřní Město, Písek, Jihočeský kraj, CZ"/>
  <tag k="ref:ruian" v="5521939"/>
  <tag k="source:addr" v="ruian"/>
 </node>
 <node id="2298889524" visible="true" version="1" changeset="16072339" timestamp="2013-05-10T22:20:53Z" user="Minimalis" uid="665336" lat="49.3084890" lon="14.1488949">
  <tag k="addr:city" v="Písek"/>
  <tag k="addr:conscriptionnumber" v="11"/>
  <tag k="addr:country" v="CZ"/>
  <tag k="addr:housenumber" v="11/3"/>
  <tag k="addr:postcode" v="39701"/>
  <tag k="addr:street" v="Ningrova"/>
  <tag k="addr:streetnumber" v="3"/>
  <tag k="is_in" v="Vnitřní Město, Písek, Jihočeský kraj, CZ"/>
  <tag k="ref:ruian" v="5521050"/>
  <tag k="source:addr" v="ruian"/>
 </node>
 <node id="2298889529" visible="true" version="1" changeset="16072339" timestamp="2013-05-10T22:20:54Z" user="Minimalis" uid="665336" lat="49.3096235" lon="14.1467577">
  <tag k="addr:city" v="Písek"/>
  <tag k="addr:conscriptionnumber" v="110"/>
  <tag k="addr:country" v="CZ"/>
  <tag k="addr:housenumber" v="110/6"/>
  <tag k="addr:postcode" v="39701"/>
  <tag k="addr:street" v="Karlova"/>
  <tag k="addr:streetnumber" v="6"/>
  <tag k="is_in" v="Vnitřní Město, Písek, Jihočeský kraj, CZ"/>
  <tag k="ref:ruian" v="5521947"/>
  <tag k="source:addr" v="ruian"/>
 </node>
 <node id="2298889544" visible="true" version="1" changeset="16072339" timestamp="2013-05-10T22:20:56Z" user="Minimalis" uid="665336" lat="49.3093310" lon="14.1469939">
  <tag k="addr:city" v="Písek"/>
  <tag k="addr:conscriptionnumber" v="111"/>
  <tag k="addr:country" v="CZ"/>
  <tag k="addr:housenumber" v="111/4"/>
  <tag k="addr:postcode" v="39701"/>
  <tag k="addr:street" v="Karlova"/>
  <tag k="addr:streetnumber" v="4"/>
  <tag k="is_in" v="Vnitřní Město, Písek, Jihočeský kraj, CZ"/>
  <tag k="ref:ruian" v="5521955"/>
  <tag k="source:addr" v="ruian"/>
 </node>
 <node id="2298889559" visible="true" version="1" changeset="16072339" timestamp="2013-05-10T22:20:58Z" user="Minimalis" uid="665336" lat="49.3090011" lon="14.1472632">
  <tag k="addr:city" v="Písek"/>
  <tag k="addr:conscriptionnumber" v="112"/>
  <tag k="addr:country" v="CZ"/>
  <tag k="addr:housenumber" v="112/2"/>
  <tag k="addr:postcode" v="39701"/>
  <tag k="addr:street" v="Karlova"/>
  <tag k="addr:streetnumber" v="2"/>
  <tag k="is_in" v="Vnitřní Město, Písek, Jihočeský kraj, CZ"/>
  <tag k="ref:ruian" v="5521963"/>
  <tag k="source:addr" v="ruian"/>
 </node>
 <node id="2298889610" visible="true" version="1" changeset="16072339" timestamp="2013-05-10T22:21:00Z" user="Minimalis" uid="665336" lat="49.3084287" lon="14.1464279">
  <tag k="addr:city" v="Písek"/>
  <tag k="addr:conscriptionnumber" v="113"/>
  <tag k="addr:country" v="CZ"/>
  <tag k="addr:housenumber" v="113/1"/>
  <tag k="addr:postcode" v="39701"/>
  <tag k="addr:street" v="Velké náměstí"/>
  <tag k="addr:streetnumber" v="1"/>
  <tag k="is_in" v="Vnitřní Město, Písek, Jihočeský kraj, CZ"/>
  <tag k="ref:ruian" v="5521971"/>
  <tag k="source:addr" v="ruian"/>
 </node>
 <node id="2298889627" visible="true" version="1" changeset="16072339" timestamp="2013-05-10T22:21:01Z" user="Minimalis" uid="665336" lat="49.3087818" lon="14.1473265">
  <tag k="addr:city" v="Písek"/>
  <tag k="addr:conscriptionnumber" v="114"/>
  <tag k="addr:country" v="CZ"/>
  <tag k="addr:housenumber" v="114/3"/>
  <tag k="addr:postcode" v="39701"/>
  <tag k="addr:street" v="Velké náměstí"/>
  <tag k="addr:streetnumber" v="3"/>
  <tag k="is_in" v="Vnitřní Město, Písek, Jihočeský kraj, CZ"/>
  <tag k="ref:ruian" v="5521980"/>
  <tag k="source:addr" v="ruian"/>
 </node>
 <node id="2298889641" visible="true" version="1" changeset="16072339" timestamp="2013-05-10T22:21:03Z" user="Minimalis" uid="665336" lat="49.3086380" lon="14.1471688">
  <tag k="addr:city" v="Písek"/>
  <tag k="addr:conscriptionnumber" v="115"/>
  <tag k="addr:country" v="CZ"/>
  <tag k="addr:housenumber" v="115/5"/>
  <tag k="addr:postcode" v="39701"/>
  <tag k="addr:street" v="Velké náměstí"/>
  <tag k="addr:streetnumber" v="5"/>
  <tag k="is_in" v="Vnitřní Město, Písek, Jihočeský kraj, CZ"/>
  <tag k="ref:ruian" v="5521998"/>
  <tag k="source:addr" v="ruian"/>
 </node>
 <node id="2298889655" visible="true" version="2" changeset="24866875" timestamp="2014-08-19T18:32:59Z" user="frany" uid="222642" lat="49.3084894" lon="14.1472978">
  <tag k="addr:city" v="Písek"/>
  <tag k="addr:conscriptionnumber" v="116"/>
  <tag k="addr:country" v="CZ"/>
  <tag k="addr:housenumber" v="116/7"/>
  <tag k="addr:postcode" v="39701"/>
  <tag k="addr:street" v="Velké náměstí"/>
  <tag k="addr:streetnumber" v="7"/>
  <tag k="is_in" v="Vnitřní Město, Písek, Jihočeský kraj, CZ"/>
  <tag k="ref:ruian" v="5522005"/>
  <tag k="source:addr" v="ruian"/>
 </node>
 <node id="2298889670" visible="true" version="2" changeset="24866875" timestamp="2014-08-19T18:32:59Z" user="frany" uid="222642" lat="49.3084125" lon="14.1472905">
  <tag k="addr:city" v="Písek"/>
  <tag k="addr:conscriptionnumber" v="117"/>
  <tag k="addr:country" v="CZ"/>
  <tag k="addr:housenumber" v="117/9"/>
  <tag k="addr:postcode" v="39701"/>
  <tag k="addr:street" v="Velké náměstí"/>
  <tag k="addr:streetnumber" v="9"/>
  <tag k="is_in" v="Vnitřní Město, Písek, Jihočeský kraj, CZ"/>
  <tag k="ref:ruian" v="5522013"/>
  <tag k="source:addr" v="ruian"/>
 </node>
 <node id="2298889702" visible="true" version="2" changeset="24866875" timestamp="2014-08-19T18:32:59Z" user="frany" uid="222642" lat="49.3083437" lon="14.1472664">
  <tag k="addr:city" v="Písek"/>
  <tag k="addr:conscriptionnumber" v="118"/>
  <tag k="addr:country" v="CZ"/>
  <tag k="addr:housenumber" v="118/11"/>
  <tag k="addr:postcode" v="39701"/>
  <tag k="addr:street" v="Velké náměstí"/>
  <tag k="addr:streetnumber" v="11"/>
  <tag k="amenity" v="restaurant"/>
  <tag k="cuisine" v="italian"/>
  <tag k="is_in" v="Vnitřní Město, Písek, Jihočeský kraj, CZ"/>
  <tag k="name" v="Pizzeria San Marco"/>
  <tag k="opening_hours" v="Mo-Th 10:00-23:00; Fr-Sa 10:00-24:00; Su 10:00-22:00"/>
  <tag k="phone" v="+420 382 224 389"/>
  <tag k="ref:ruian" v="5522021"/>
  <tag k="source:addr" v="ruian"/>
  <tag k="website" v="http://www.pizzasanmarco.cz"/>
 </node>
 <node id="2298889776" visible="true" version="2" changeset="24866875" timestamp="2014-08-19T18:32:59Z" user="frany" uid="222642" lat="49.3082282" lon="14.1471283">
  <tag k="addr:city" v="Písek"/>
  <tag k="addr:conscriptionnumber" v="119"/>
  <tag k="addr:country" v="CZ"/>
  <tag k="addr:housenumber" v="119/13"/>
  <tag k="addr:postcode" v="39701"/>
  <tag k="addr:street" v="Velké náměstí"/>
  <tag k="addr:streetnumber" v="13"/>
  <tag k="is_in" v="Vnitřní Město, Písek, Jihočeský kraj, CZ"/>
  <tag k="ref:ruian" v="5522030"/>
  <tag k="source:addr" v="ruian"/>
 </node>
 <node id="2298889874" visible="true" version="1" changeset="16072339" timestamp="2013-05-10T22:21:11Z" user="Minimalis" uid="665336" lat="49.3083637" lon="14.1489603">
  <tag k="addr:city" v="Písek"/>
  <tag k="addr:conscriptionnumber" v="12"/>
  <tag k="addr:country" v="CZ"/>
  <tag k="addr:housenumber" v="12/5"/>
  <tag k="addr:postcode" v="39701"/>
  <tag k="addr:street" v="Ningrova"/>
  <tag k="addr:streetnumber" v="5"/>
  <tag k="is_in" v="Vnitřní Město, Písek, Jihočeský kraj, CZ"/>
  <tag k="ref:ruian" v="5521068"/>
  <tag k="source:addr" v="ruian"/>
 </node>
 <node id="2298890250" visible="true" version="1" changeset="16072339" timestamp="2013-05-10T22:21:30Z" user="Minimalis" uid="665336" lat="49.3082385" lon="14.1489012">
  <tag k="addr:city" v="Písek"/>
  <tag k="addr:conscriptionnumber" v="13"/>
  <tag k="addr:country" v="CZ"/>
  <tag k="addr:housenumber" v="13/7"/>
  <tag k="addr:postcode" v="39701"/>
  <tag k="addr:street" v="Ningrova"/>
  <tag k="addr:streetnumber" v="7"/>
  <tag k="is_in" v="Vnitřní Město, Písek, Jihočeský kraj, CZ"/>
  <tag k="ref:ruian" v="5521076"/>
  <tag k="source:addr" v="ruian"/>
 </node>
 <node id="2298890940" visible="true" version="1" changeset="16072339" timestamp="2013-05-10T22:22:07Z" user="Minimalis" uid="665336" lat="49.3090438" lon="14.1486578">
  <tag k="addr:city" v="Písek"/>
  <tag k="addr:conscriptionnumber" v="146"/>
  <tag k="addr:country" v="CZ"/>
  <tag k="addr:housenumber" v="146/6"/>
  <tag k="addr:postcode" v="39701"/>
  <tag k="addr:street" v="Heydukova"/>
  <tag k="addr:streetnumber" v="6"/>
  <tag k="is_in" v="Vnitřní Město, Písek, Jihočeský kraj, CZ"/>
  <tag k="ref:ruian" v="5522293"/>
  <tag k="source:addr" v="ruian"/>
 </node>
 <node id="2298891220" visible="true" version="1" changeset="16072339" timestamp="2013-05-10T22:22:34Z" user="Minimalis" uid="665336" lat="49.3082881" lon="14.1492930">
  <tag k="addr:city" v="Písek"/>
  <tag k="addr:conscriptionnumber" v="159"/>
  <tag k="addr:country" v="CZ"/>
  <tag k="addr:housenumber" v="159/4"/>
  <tag k="addr:postcode" v="39701"/>
  <tag k="addr:street" v="Ningrova"/>
  <tag k="addr:streetnumber" v="4"/>
  <tag k="is_in" v="Vnitřní Město, Písek, Jihočeský kraj, CZ"/>
  <tag k="ref:ruian" v="5522421"/>
  <tag k="source:addr" v="ruian"/>
 </node>
 <node id="2298891246" visible="true" version="1" changeset="16072339" timestamp="2013-05-10T22:22:37Z" user="Minimalis" uid="665336" lat="49.3097750" lon="14.1504909">
  <tag k="addr:city" v="Písek"/>
  <tag k="addr:conscriptionnumber" v="160"/>
  <tag k="addr:country" v="CZ"/>
  <tag k="addr:housenumber" v="160/12"/>
  <tag k="addr:postcode" v="39701"/>
  <tag k="addr:street" v="Tylova"/>
  <tag k="addr:streetnumber" v="12"/>
  <tag k="is_in" v="Budějovické Předměstí, Písek, Jihočeský kraj, CZ"/>
  <tag k="ref:ruian" v="5523702"/>
  <tag k="source:addr" v="ruian"/>
 </node>
 <node id="2298891277" visible="true" version="1" changeset="16072339" timestamp="2013-05-10T22:22:40Z" user="Minimalis" uid="665336" lat="49.3083786" lon="14.1504289">
  <tag k="addr:city" v="Písek"/>
  <tag k="addr:conscriptionnumber" v="162"/>
  <tag k="addr:country" v="CZ"/>
  <tag k="addr:housenumber" v="162/16"/>
  <tag k="addr:postcode" v="39701"/>
  <tag k="addr:street" v="Soukenická"/>
  <tag k="addr:streetnumber" v="16"/>
  <tag k="is_in" v="Vnitřní Město, Písek, Jihočeský kraj, CZ"/>
  <tag k="ref:ruian" v="5522455"/>
  <tag k="source:addr" v="ruian"/>
 </node>
 <node id="2298891298" visible="true" version="1" changeset="16072339" timestamp="2013-05-10T22:22:43Z" user="Minimalis" uid="665336" lat="49.3085494" lon="14.1504760">
  <tag k="addr:city" v="Písek"/>
  <tag k="addr:conscriptionnumber" v="163"/>
  <tag k="addr:country" v="CZ"/>
  <tag k="addr:housenumber" v="163/4"/>
  <tag k="addr:postcode" v="39701"/>
  <tag k="addr:street" v="Nerudova"/>
  <tag k="addr:streetnumber" v="4"/>
  <tag k="is_in" v="Vnitřní Město, Písek, Jihočeský kraj, CZ"/>
  <tag k="ref:ruian" v="5522463"/>
  <tag k="source:addr" v="ruian"/>
 </node>
 <node id="2298891312" visible="true" version="1" changeset="16072339" timestamp="2013-05-10T22:22:45Z" user="Minimalis" uid="665336" lat="49.3087725" lon="14.1486749">
  <tag k="addr:city" v="Písek"/>
  <tag k="addr:conscriptionnumber" v="164"/>
  <tag k="addr:country" v="CZ"/>
  <tag k="addr:housenumber" v="164/3"/>
  <tag k="addr:postcode" v="39701"/>
  <tag k="addr:street" v="Heydukova"/>
  <tag k="addr:streetnumber" v="3"/>
  <tag k="is_in" v="Vnitřní Město, Písek, Jihočeský kraj, CZ"/>
  <tag k="ref:ruian" v="5522471"/>
  <tag k="source:addr" v="ruian"/>
 </node>
 <node id="2298891382" visible="true" version="1" changeset="16072339" timestamp="2013-05-10T22:22:53Z" user="Minimalis" uid="665336" lat="49.3093282" lon="14.1488353">
  <tag k="addr:city" v="Písek"/>
  <tag k="addr:conscriptionnumber" v="168"/>
  <tag k="addr:country" v="CZ"/>
  <tag k="addr:housenumber" v="168"/>
  <tag k="addr:postcode" v="39701"/>
  <tag k="addr:street" v="Palackého sady"/>
  <tag k="is_in" v="Vnitřní Město, Písek, Jihočeský kraj, CZ"/>
  <tag k="ref:ruian" v="5522510"/>
  <tag k="source:addr" v="ruian"/>
 </node>
 <node id="2298891452" visible="true" version="1" changeset="16072339" timestamp="2013-05-10T22:23:03Z" user="Minimalis" uid="665336" lat="49.3089676" lon="14.1490094">
  <tag k="addr:city" v="Písek"/>
  <tag k="addr:conscriptionnumber" v="172"/>
  <tag k="addr:country" v="CZ"/>
  <tag k="addr:housenumber" v="172/10"/>
  <tag k="addr:postcode" v="39701"/>
  <tag k="addr:street" v="Heydukova"/>
  <tag k="addr:streetnumber" v="10"/>
  <tag k="is_in" v="Vnitřní Město, Písek, Jihočeský kraj, CZ"/>
  <tag k="ref:ruian" v="5522552"/>
  <tag k="source:addr" v="ruian"/>
 </node>
 <node id="2298891582" visible="true" version="1" changeset="16072339" timestamp="2013-05-10T22:23:20Z" user="Minimalis" uid="665336" lat="49.3093906" lon="14.1475207">
  <tag k="addr:city" v="Písek"/>
  <tag k="addr:conscriptionnumber" v="180"/>
  <tag k="addr:country" v="CZ"/>
  <tag k="addr:housenumber" v="180/2"/>
  <tag k="addr:postcode" v="39701"/>
  <tag k="addr:street" v="Velké náměstí"/>
  <tag k="addr:streetnumber" v="2"/>
  <tag k="is_in" v="Vnitřní Město, Písek, Jihočeský kraj, CZ"/>
  <tag k="ref:ruian" v="5522625"/>
  <tag k="source:addr" v="ruian"/>
 </node>
 <node id="2298891632" visible="true" version="1" changeset="16072339" timestamp="2013-05-10T22:23:28Z" user="Minimalis" uid="665336" lat="49.3095551" lon="14.1512436">
  <tag k="addr:city" v="Písek"/>
  <tag k="addr:conscriptionnumber" v="1837"/>
  <tag k="addr:country" v="CZ"/>
  <tag k="addr:housenumber" v="1837"/>
  <tag k="addr:postcode" v="39701"/>
  <tag k="addr:street" v="Tylova"/>
  <tag k="is_in" v="Budějovické Předměstí, Písek, Jihočeský kraj, CZ"/>
  <tag k="ref:ruian" v="5539811"/>
  <tag k="source:addr" v="ruian"/>
 </node>
 <node id="2298891652" visible="true" version="1" changeset="16072339" timestamp="2013-05-10T22:23:30Z" user="Minimalis" uid="665336" lat="49.3094830" lon="14.1481508">
  <tag k="addr:city" v="Písek"/>
  <tag k="addr:conscriptionnumber" v="185"/>
  <tag k="addr:country" v="CZ"/>
  <tag k="addr:housenumber" v="185"/>
  <tag k="addr:postcode" v="39701"/>
  <tag k="addr:street" v="Palackého sady"/>
  <tag k="is_in" v="Vnitřní Město, Písek, Jihočeský kraj, CZ"/>
  <tag k="ref:ruian" v="27117367"/>
  <tag k="source:addr" v="ruian"/>
 </node>
 <node id="2298891748" visible="true" version="1" changeset="16072339" timestamp="2013-05-10T22:23:43Z" user="Minimalis" uid="665336" lat="49.3089045" lon="14.1524413">
  <tag k="addr:city" v="Písek"/>
  <tag k="addr:conscriptionnumber" v="191"/>
  <tag k="addr:country" v="CZ"/>
  <tag k="addr:housenumber" v="191/8"/>
  <tag k="addr:postcode" v="39701"/>
  <tag k="addr:street" v="Žižkova třída"/>
  <tag k="addr:streetnumber" v="8"/>
  <tag k="is_in" v="Budějovické Předměstí, Písek, Jihočeský kraj, CZ"/>
  <tag k="ref:ruian" v="5523958"/>
  <tag k="source:addr" v="ruian"/>
 </node>
 <node id="2298891865" visible="true" version="1" changeset="16072339" timestamp="2013-05-10T22:24:00Z" user="Minimalis" uid="665336" lat="49.3081537" lon="14.1482076">
  <tag k="addr:city" v="Písek"/>
  <tag k="addr:conscriptionnumber" v="2"/>
  <tag k="addr:country" v="CZ"/>
  <tag k="addr:housenumber" v="2/22"/>
  <tag k="addr:postcode" v="39701"/>
  <tag k="addr:street" v="Velké náměstí"/>
  <tag k="addr:streetnumber" v="22"/>
  <tag k="is_in" v="Vnitřní Město, Písek, Jihočeský kraj, CZ"/>
  <tag k="ref:ruian" v="5520967"/>
  <tag k="source:addr" v="ruian"/>
 </node>
 <node id="2298892179" visible="true" version="1" changeset="16072339" timestamp="2013-05-10T22:24:32Z" user="Minimalis" uid="665336" lat="49.3093202" lon="14.1524107">
  <tag k="addr:city" v="Písek"/>
  <tag k="addr:conscriptionnumber" v="217"/>
  <tag k="addr:country" v="CZ"/>
  <tag k="addr:housenumber" v="217/7"/>
  <tag k="addr:postcode" v="39701"/>
  <tag k="addr:street" v="Prokopova"/>
  <tag k="addr:streetnumber" v="7"/>
  <tag k="is_in" v="Budějovické Předměstí, Písek, Jihočeský kraj, CZ"/>
  <tag k="ref:ruian" v="5524181"/>
  <tag k="source:addr" v="ruian"/>
 </node>
 <node id="2298893102" visible="true" version="1" changeset="16072339" timestamp="2013-05-10T22:25:17Z" user="Minimalis" uid="665336" lat="49.3086126" lon="14.1520715">
  <tag k="addr:city" v="Písek"/>
  <tag k="addr:conscriptionnumber" v="242"/>
  <tag k="addr:country" v="CZ"/>
  <tag k="addr:housenumber" v="242/1"/>
  <tag k="addr:postcode" v="39701"/>
  <tag k="addr:street" v="Žižkova třída"/>
  <tag k="addr:streetnumber" v="1"/>
  <tag k="is_in" v="Budějovické Předměstí, Písek, Jihočeský kraj, CZ"/>
  <tag k="ref:ruian" v="5524377"/>
  <tag k="source:addr" v="ruian"/>
 </node>
 <node id="2298893111" visible="true" version="1" changeset="16072339" timestamp="2013-05-10T22:25:19Z" user="Minimalis" uid="665336" lat="49.3104253" lon="14.1462647">
  <tag k="addr:city" v="Písek"/>
  <tag k="addr:conscriptionnumber" v="2428"/>
  <tag k="addr:country" v="CZ"/>
  <tag k="addr:housenumber" v="2428"/>
  <tag k="addr:postcode" v="39701"/>
  <tag k="addr:street" v="Fügnerovo nám."/>
  <tag k="is_in" v="Budějovické Předměstí, Písek, Jihočeský kraj, CZ"/>
  <tag k="ref:ruian" v="5545684"/>
  <tag k="source:addr" v="ruian"/>
 </node>
 <node id="2298893115" visible="true" version="1" changeset="16072339" timestamp="2013-05-10T22:25:19Z" user="Minimalis" uid="665336" lat="49.3092954" lon="14.1522897">
  <tag k="addr:city" v="Písek"/>
  <tag k="addr:conscriptionnumber" v="243"/>
  <tag k="addr:country" v="CZ"/>
  <tag k="addr:housenumber" v="243/5"/>
  <tag k="addr:postcode" v="39701"/>
  <tag k="addr:street" v="Prokopova"/>
  <tag k="addr:streetnumber" v="5"/>
  <tag k="is_in" v="Budějovické Předměstí, Písek, Jihočeský kraj, CZ"/>
  <tag k="ref:ruian" v="5524385"/>
  <tag k="source:addr" v="ruian"/>
 </node>
 <node id="2298893244" visible="true" version="1" changeset="16072339" timestamp="2013-05-10T22:25:27Z" user="Minimalis" uid="665336" lat="49.3099861" lon="14.1497665">
  <tag k="addr:city" v="Písek"/>
  <tag k="addr:conscriptionnumber" v="2476"/>
  <tag k="addr:country" v="CZ"/>
  <tag k="addr:housenumber" v="2476"/>
  <tag k="addr:postcode" v="39701"/>
  <tag k="addr:street" v="Tylova"/>
  <tag k="is_in" v="Budějovické Předměstí, Písek, Jihočeský kraj, CZ"/>
  <tag k="ref:ruian" v="5546117"/>
  <tag k="source:addr" v="ruian"/>
 </node>
 <node id="2298893564" visible="true" version="1" changeset="16072339" timestamp="2013-05-10T22:25:44Z" user="Minimalis" uid="665336" lat="49.3083613" lon="14.1516522">
  <tag k="addr:city" v="Písek"/>
  <tag k="addr:conscriptionnumber" v="2556"/>
  <tag k="addr:country" v="CZ"/>
  <tag k="addr:housenumber" v="2556"/>
  <tag k="addr:postcode" v="39701"/>
  <tag k="addr:street" v="Komenského"/>
  <tag k="is_in" v="Budějovické Předměstí, Písek, Jihočeský kraj, CZ"/>
  <tag k="ref:ruian" v="25703056"/>
  <tag k="source:addr" v="ruian"/>
 </node>
 <node id="2298894167" visible="true" version="1" changeset="16072339" timestamp="2013-05-10T22:26:05Z" user="Minimalis" uid="665336" lat="49.3086301" lon="14.1522620">
  <tag k="addr:city" v="Písek"/>
  <tag k="addr:conscriptionnumber" v="269"/>
  <tag k="addr:country" v="CZ"/>
  <tag k="addr:housenumber" v="269/3"/>
  <tag k="addr:postcode" v="39701"/>
  <tag k="addr:street" v="Žižkova třída"/>
  <tag k="addr:streetnumber" v="3"/>
  <tag k="is_in" v="Budějovické Předměstí, Písek, Jihočeský kraj, CZ"/>
  <tag k="ref:ruian" v="5524628"/>
  <tag k="source:addr" v="ruian"/>
 </node>
 <node id="2298894176" visible="true" version="1" changeset="16072339" timestamp="2013-05-10T22:26:06Z" user="Minimalis" uid="665336" lat="49.3088568" lon="14.1518065">
  <tag k="addr:city" v="Písek"/>
  <tag k="addr:conscriptionnumber" v="270"/>
  <tag k="addr:country" v="CZ"/>
  <tag k="addr:housenumber" v="270/2"/>
  <tag k="addr:postcode" v="39701"/>
  <tag k="addr:street" v="Žižkova třída"/>
  <tag k="addr:streetnumber" v="2"/>
  <tag k="is_in" v="Budějovické Předměstí, Písek, Jihočeský kraj, CZ"/>
  <tag k="ref:ruian" v="5524636"/>
  <tag k="source:addr" v="ruian"/>
 </node>
 <node id="2298894281" visible="true" version="1" changeset="16072339" timestamp="2013-05-10T22:26:22Z" user="Minimalis" uid="665336" lat="49.3083405" lon="14.1479099">
  <tag k="addr:city" v="Písek"/>
  <tag k="addr:conscriptionnumber" v="3"/>
  <tag k="addr:country" v="CZ"/>
  <tag k="addr:housenumber" v="3/20"/>
  <tag k="addr:postcode" v="39701"/>
  <tag k="addr:street" v="Velké náměstí"/>
  <tag k="addr:streetnumber" v="20"/>
  <tag k="is_in" v="Vnitřní Město, Písek, Jihočeský kraj, CZ"/>
  <tag k="ref:ruian" v="5520975"/>
  <tag k="source:addr" v="ruian"/>
 </node>
 <node id="2298894282" visible="true" version="1" changeset="16072339" timestamp="2013-05-10T22:26:23Z" user="Minimalis" uid="665336" lat="49.3099662" lon="14.1467636">
  <tag k="addr:city" v="Písek"/>
  <tag k="addr:conscriptionnumber" v="3"/>
  <tag k="addr:country" v="CZ"/>
  <tag k="addr:housenumber" v="3/9"/>
  <tag k="addr:postcode" v="39701"/>
  <tag k="addr:street" v="Karlova"/>
  <tag k="addr:streetnumber" v="9"/>
  <tag k="is_in" v="Budějovické Předměstí, Písek, Jihočeský kraj, CZ"/>
  <tag k="ref:ruian" v="5522676"/>
  <tag k="source:addr" v="ruian"/>
 </node>
 <node id="2298894291" visible="true" version="1" changeset="16072339" timestamp="2013-05-10T22:26:24Z" user="Minimalis" uid="665336" lat="49.3095131" lon="14.1521879">
  <tag k="addr:city" v="Písek"/>
  <tag k="addr:conscriptionnumber" v="300"/>
  <tag k="addr:country" v="CZ"/>
  <tag k="addr:housenumber" v="300/6"/>
  <tag k="addr:postcode" v="39701"/>
  <tag k="addr:street" v="Prokopova"/>
  <tag k="addr:streetnumber" v="6"/>
  <tag k="is_in" v="Budějovické Předměstí, Písek, Jihočeský kraj, CZ"/>
  <tag k="ref:ruian" v="5524873"/>
  <tag k="source:addr" v="ruian"/>
 </node>
 <node id="2298894297" visible="true" version="1" changeset="16072339" timestamp="2013-05-10T22:26:24Z" user="Minimalis" uid="665336" lat="49.3095401" lon="14.1523007">
  <tag k="addr:city" v="Písek"/>
  <tag k="addr:conscriptionnumber" v="302"/>
  <tag k="addr:country" v="CZ"/>
  <tag k="addr:housenumber" v="302/8"/>
  <tag k="addr:postcode" v="39701"/>
  <tag k="addr:street" v="Prokopova"/>
  <tag k="addr:streetnumber" v="8"/>
  <tag k="is_in" v="Budějovické Předměstí, Písek, Jihočeský kraj, CZ"/>
  <tag k="ref:ruian" v="5524881"/>
  <tag k="source:addr" v="ruian"/>
 </node>
 <node id="2298894312" visible="true" version="1" changeset="16072339" timestamp="2013-05-10T22:26:26Z" user="Minimalis" uid="665336" lat="49.3094906" lon="14.1520714">
  <tag k="addr:city" v="Písek"/>
  <tag k="addr:conscriptionnumber" v="306"/>
  <tag k="addr:country" v="CZ"/>
  <tag k="addr:housenumber" v="306/4"/>
  <tag k="addr:postcode" v="39701"/>
  <tag k="addr:street" v="Prokopova"/>
  <tag k="addr:streetnumber" v="4"/>
  <tag k="is_in" v="Budějovické Předměstí, Písek, Jihočeský kraj, CZ"/>
  <tag k="ref:ruian" v="5524920"/>
  <tag k="source:addr" v="ruian"/>
 </node>
 <node id="2298894339" visible="true" version="1" changeset="16072339" timestamp="2013-05-10T22:26:31Z" user="Minimalis" uid="665336" lat="49.3097891" lon="14.1524500">
  <tag k="addr:city" v="Písek"/>
  <tag k="addr:conscriptionnumber" v="312"/>
  <tag k="addr:country" v="CZ"/>
  <tag k="addr:housenumber" v="312/6"/>
  <tag k="addr:postcode" v="39701"/>
  <tag k="addr:street" v="Jeronýmova"/>
  <tag k="addr:streetnumber" v="6"/>
  <tag k="is_in" v="Budějovické Předměstí, Písek, Jihočeský kraj, CZ"/>
  <tag k="ref:ruian" v="5524971"/>
  <tag k="source:addr" v="ruian"/>
 </node>
 <node id="2298894347" visible="true" version="1" changeset="16072339" timestamp="2013-05-10T22:26:32Z" user="Minimalis" uid="665336" lat="49.3096111" lon="14.1524316">
  <tag k="addr:city" v="Písek"/>
  <tag k="addr:conscriptionnumber" v="314"/>
  <tag k="addr:country" v="CZ"/>
  <tag k="addr:housenumber" v="314/2"/>
  <tag k="addr:postcode" v="39701"/>
  <tag k="addr:street" v="Jeronýmova"/>
  <tag k="addr:streetnumber" v="2"/>
  <tag k="is_in" v="Budějovické Předměstí, Písek, Jihočeský kraj, CZ"/>
  <tag k="ref:ruian" v="5524997"/>
  <tag k="source:addr" v="ruian"/>
 </node>
 <node id="2298894392" visible="true" version="1" changeset="16072339" timestamp="2013-05-10T22:26:35Z" user="Minimalis" uid="665336" lat="49.3082664" lon="14.1515931">
  <tag k="addr:city" v="Písek"/>
  <tag k="addr:conscriptionnumber" v="319"/>
  <tag k="addr:country" v="CZ"/>
  <tag k="addr:housenumber" v="319/6"/>
  <tag k="addr:postcode" v="39701"/>
  <tag k="addr:street" v="Komenského"/>
  <tag k="addr:streetnumber" v="6"/>
  <tag k="is_in" v="Budějovické Předměstí, Písek, Jihočeský kraj, CZ"/>
  <tag k="ref:ruian" v="5525039"/>
  <tag k="source:addr" v="ruian"/>
 </node>
 <node id="2298894400" visible="true" version="1" changeset="16072339" timestamp="2013-05-10T22:26:36Z" user="Minimalis" uid="665336" lat="49.3081466" lon="14.1515765">
  <tag k="addr:city" v="Písek"/>
  <tag k="addr:conscriptionnumber" v="320"/>
  <tag k="addr:country" v="CZ"/>
  <tag k="addr:housenumber" v="320/8"/>
  <tag k="addr:postcode" v="39701"/>
  <tag k="addr:street" v="Komenského"/>
  <tag k="addr:streetnumber" v="8"/>
  <tag k="is_in" v="Budějovické Předměstí, Písek, Jihočeský kraj, CZ"/>
  <tag k="ref:ruian" v="5525047"/>
  <tag k="source:addr" v="ruian"/>
 </node>
 <node id="2298894408" visible="true" version="1" changeset="16072339" timestamp="2013-05-10T22:26:37Z" user="Minimalis" uid="665336" lat="49.3097196" lon="14.1524319">
  <tag k="addr:city" v="Písek"/>
  <tag k="addr:conscriptionnumber" v="322"/>
  <tag k="addr:country" v="CZ"/>
  <tag k="addr:housenumber" v="322/4"/>
  <tag k="addr:postcode" v="39701"/>
  <tag k="addr:street" v="Jeronýmova"/>
  <tag k="addr:streetnumber" v="4"/>
  <tag k="is_in" v="Budějovické Předměstí, Písek, Jihočeský kraj, CZ"/>
  <tag k="ref:ruian" v="5525063"/>
  <tag k="source:addr" v="ruian"/>
 </node>
 <node id="2298894533" visible="true" version="1" changeset="16072339" timestamp="2013-05-10T22:26:43Z" user="Minimalis" uid="665336" lat="49.3094596" lon="14.1517356">
  <tag k="addr:city" v="Písek"/>
  <tag k="addr:conscriptionnumber" v="331"/>
  <tag k="addr:country" v="CZ"/>
  <tag k="addr:housenumber" v="331/26"/>
  <tag k="addr:postcode" v="39701"/>
  <tag k="addr:street" v="Tylova"/>
  <tag k="addr:streetnumber" v="26"/>
  <tag k="is_in" v="Budějovické Předměstí, Písek, Jihočeský kraj, CZ"/>
  <tag k="ref:ruian" v="5525152"/>
  <tag k="source:addr" v="ruian"/>
 </node>
 <node id="2298895047" visible="true" version="1" changeset="16072339" timestamp="2013-05-10T22:27:14Z" user="Minimalis" uid="665336" lat="49.3088839" lon="14.1522745">
  <tag k="addr:city" v="Písek"/>
  <tag k="addr:conscriptionnumber" v="375"/>
  <tag k="addr:country" v="CZ"/>
  <tag k="addr:housenumber" v="375/6"/>
  <tag k="addr:postcode" v="39701"/>
  <tag k="addr:street" v="Žižkova třída"/>
  <tag k="addr:streetnumber" v="6"/>
  <tag k="is_in" v="Budějovické Předměstí, Písek, Jihočeský kraj, CZ"/>
  <tag k="ref:ruian" v="5525527"/>
  <tag k="source:addr" v="ruian"/>
 </node>
 <node id="2298895078" visible="true" version="1" changeset="16072339" timestamp="2013-05-10T22:27:14Z" user="Minimalis" uid="665336" lat="49.3088692" lon="14.1521160">
  <tag k="addr:city" v="Písek"/>
  <tag k="addr:conscriptionnumber" v="377"/>
  <tag k="addr:country" v="CZ"/>
  <tag k="addr:housenumber" v="377/4"/>
  <tag k="addr:postcode" v="39701"/>
  <tag k="addr:street" v="Žižkova třída"/>
  <tag k="addr:streetnumber" v="4"/>
  <tag k="is_in" v="Budějovické Předměstí, Písek, Jihočeský kraj, CZ"/>
  <tag k="ref:ruian" v="5525543"/>
  <tag k="source:addr" v="ruian"/>
 </node>
 <node id="2298895104" visible="true" version="1" changeset="16072339" timestamp="2013-05-10T22:27:19Z" user="Minimalis" uid="665336" lat="49.3101595" lon="14.1488417">
  <tag k="addr:city" v="Písek"/>
  <tag k="addr:conscriptionnumber" v="382"/>
  <tag k="addr:country" v="CZ"/>
  <tag k="addr:housenumber" v="382/2"/>
  <tag k="addr:postcode" v="39701"/>
  <tag k="addr:street" v="Tylova"/>
  <tag k="addr:streetnumber" v="2"/>
  <tag k="is_in" v="Budějovické Předměstí, Písek, Jihočeský kraj, CZ"/>
  <tag k="ref:ruian" v="5525594"/>
  <tag k="source:addr" v="ruian"/>
 </node>
 <node id="2298895137" visible="true" version="1" changeset="16072339" timestamp="2013-05-10T22:27:24Z" user="Minimalis" uid="665336" lat="49.3100771" lon="14.1491974">
  <tag k="addr:city" v="Písek"/>
  <tag k="addr:conscriptionnumber" v="390"/>
  <tag k="addr:country" v="CZ"/>
  <tag k="addr:housenumber" v="390/4"/>
  <tag k="addr:postcode" v="39701"/>
  <tag k="addr:street" v="Tylova"/>
  <tag k="addr:streetnumber" v="4"/>
  <tag k="is_in" v="Budějovické Předměstí, Písek, Jihočeský kraj, CZ"/>
  <tag k="ref:ruian" v="5525667"/>
  <tag k="source:addr" v="ruian"/>
 </node>
 <node id="2298895210" visible="true" version="1" changeset="16072339" timestamp="2013-05-10T22:27:26Z" user="Minimalis" uid="665336" lat="49.3105243" lon="14.1487145">
  <tag k="addr:city" v="Písek"/>
  <tag k="addr:conscriptionnumber" v="395"/>
  <tag k="addr:country" v="CZ"/>
  <tag k="addr:housenumber" v="395/3"/>
  <tag k="addr:postcode" v="39701"/>
  <tag k="addr:street" v="Tyršova"/>
  <tag k="addr:streetnumber" v="3"/>
  <tag k="is_in" v="Budějovické Předměstí, Písek, Jihočeský kraj, CZ"/>
  <tag k="ref:ruian" v="5525705"/>
  <tag k="source:addr" v="ruian"/>
 </node>
 <node id="2298895224" visible="true" version="1" changeset="16072339" timestamp="2013-05-10T22:27:28Z" user="Minimalis" uid="665336" lat="49.3084232" lon="14.1481458">
  <tag k="addr:city" v="Písek"/>
  <tag k="addr:conscriptionnumber" v="4"/>
  <tag k="addr:country" v="CZ"/>
  <tag k="addr:housenumber" v="4/18"/>
  <tag k="addr:postcode" v="39701"/>
  <tag k="addr:street" v="Velké náměstí"/>
  <tag k="addr:streetnumber" v="18"/>
  <tag k="is_in" v="Vnitřní Město, Písek, Jihočeský kraj, CZ"/>
  <tag k="ref:ruian" v="5520983"/>
  <tag k="source:addr" v="ruian"/>
 </node>
 <node id="2298895383" visible="true" version="1" changeset="16072339" timestamp="2013-05-10T22:27:39Z" user="Minimalis" uid="665336" lat="49.3104909" lon="14.1469064">
  <tag k="addr:city" v="Písek"/>
  <tag k="addr:conscriptionnumber" v="42"/>
  <tag k="addr:country" v="CZ"/>
  <tag k="addr:housenumber" v="42/6"/>
  <tag k="addr:postcode" v="39701"/>
  <tag k="addr:street" v="Fügnerovo nám."/>
  <tag k="addr:streetnumber" v="6"/>
  <tag k="is_in" v="Budějovické Předměstí, Písek, Jihočeský kraj, CZ"/>
  <tag k="ref:ruian" v="5522749"/>
  <tag k="source:addr" v="ruian"/>
 </node>
 <node id="2298895479" visible="true" version="1" changeset="16072339" timestamp="2013-05-10T22:27:47Z" user="Minimalis" uid="665336" lat="49.3104757" lon="14.1471247">
  <tag k="addr:city" v="Písek"/>
  <tag k="addr:conscriptionnumber" v="44"/>
  <tag k="addr:country" v="CZ"/>
  <tag k="addr:housenumber" v="44/8"/>
  <tag k="addr:postcode" v="39701"/>
  <tag k="addr:street" v="Fügnerovo nám."/>
  <tag k="addr:streetnumber" v="8"/>
  <tag k="is_in" v="Budějovické Předměstí, Písek, Jihočeský kraj, CZ"/>
  <tag k="ref:ruian" v="5522757"/>
  <tag k="source:addr" v="ruian"/>
 </node>
 <node id="2298895507" visible="true" version="1" changeset="16072339" timestamp="2013-05-10T22:27:52Z" user="Minimalis" uid="665336" lat="49.3104844" lon="14.1473427">
  <tag k="addr:city" v="Písek"/>
  <tag k="addr:conscriptionnumber" v="45"/>
  <tag k="addr:country" v="CZ"/>
  <tag k="addr:housenumber" v="45/10"/>
  <tag k="addr:postcode" v="39701"/>
  <tag k="addr:street" v="Fügnerovo nám."/>
  <tag k="addr:streetnumber" v="10"/>
  <tag k="is_in" v="Budějovické Předměstí, Písek, Jihočeský kraj, CZ"/>
  <tag k="ref:ruian" v="5522765"/>
  <tag k="source:addr" v="ruian"/>
 </node>
 <node id="2298895587" visible="true" version="1" changeset="16072339" timestamp="2013-05-10T22:27:59Z" user="Minimalis" uid="665336" lat="49.3104755" lon="14.1476446">
  <tag k="addr:city" v="Písek"/>
  <tag k="addr:conscriptionnumber" v="47"/>
  <tag k="addr:country" v="CZ"/>
  <tag k="addr:housenumber" v="47/12"/>
  <tag k="addr:postcode" v="39701"/>
  <tag k="addr:street" v="Fügnerovo nám."/>
  <tag k="addr:streetnumber" v="12"/>
  <tag k="is_in" v="Budějovické Předměstí, Písek, Jihočeský kraj, CZ"/>
  <tag k="ref:ruian" v="5522781"/>
  <tag k="source:addr" v="ruian"/>
 </node>
 <node id="2298895625" visible="true" version="1" changeset="16072339" timestamp="2013-05-10T22:28:02Z" user="Minimalis" uid="665336" lat="49.3105037" lon="14.1480400">
  <tag k="addr:city" v="Písek"/>
  <tag k="addr:conscriptionnumber" v="48"/>
  <tag k="addr:country" v="CZ"/>
  <tag k="addr:housenumber" v="48/14"/>
  <tag k="addr:postcode" v="39701"/>
  <tag k="addr:street" v="Fügnerovo nám."/>
  <tag k="addr:streetnumber" v="14"/>
  <tag k="is_in" v="Budějovické Předměstí, Písek, Jihočeský kraj, CZ"/>
  <tag k="ref:ruian" v="5522790"/>
  <tag k="source:addr" v="ruian"/>
 </node>
 <node id="2298895657" visible="true" version="1" changeset="16072339" timestamp="2013-05-10T22:28:06Z" user="Minimalis" uid="665336" lat="49.3104497" lon="14.1481307">
  <tag k="addr:city" v="Písek"/>
  <tag k="addr:conscriptionnumber" v="49"/>
  <tag k="addr:country" v="CZ"/>
  <tag k="addr:housenumber" v="49/16"/>
  <tag k="addr:postcode" v="39701"/>
  <tag k="addr:street" v="Fügnerovo nám."/>
  <tag k="addr:streetnumber" v="16"/>
  <tag k="is_in" v="Budějovické Předměstí, Písek, Jihočeský kraj, CZ"/>
  <tag k="ref:ruian" v="5522803"/>
  <tag k="source:addr" v="ruian"/>
 </node>
 <node id="2298895672" visible="true" version="1" changeset="16072339" timestamp="2013-05-10T22:28:08Z" user="Minimalis" uid="665336" lat="49.3085252" lon="14.1481314">
  <tag k="addr:city" v="Písek"/>
  <tag k="addr:conscriptionnumber" v="5"/>
  <tag k="addr:country" v="CZ"/>
  <tag k="addr:housenumber" v="5/16"/>
  <tag k="addr:postcode" v="39701"/>
  <tag k="addr:street" v="Velké náměstí"/>
  <tag k="addr:streetnumber" v="16"/>
  <tag k="is_in" v="Vnitřní Město, Písek, Jihočeský kraj, CZ"/>
  <tag k="ref:ruian" v="5520991"/>
  <tag k="source:addr" v="ruian"/>
 </node>
 <node id="2298895677" visible="true" version="1" changeset="16072339" timestamp="2013-05-10T22:28:09Z" user="Minimalis" uid="665336" lat="49.3104357" lon="14.1482359">
  <tag k="addr:city" v="Písek"/>
  <tag k="addr:conscriptionnumber" v="50"/>
  <tag k="addr:country" v="CZ"/>
  <tag k="addr:housenumber" v="50/18"/>
  <tag k="addr:postcode" v="39701"/>
  <tag k="addr:street" v="Fügnerovo nám."/>
  <tag k="addr:streetnumber" v="18"/>
  <tag k="is_in" v="Budějovické Předměstí, Písek, Jihočeský kraj, CZ"/>
  <tag k="ref:ruian" v="5522811"/>
  <tag k="source:addr" v="ruian"/>
 </node>
 <node id="2298895781" visible="true" version="1" changeset="16072339" timestamp="2013-05-10T22:28:14Z" user="Minimalis" uid="665336" lat="49.3104267" lon="14.1483457">
  <tag k="addr:city" v="Písek"/>
  <tag k="addr:conscriptionnumber" v="52"/>
  <tag k="addr:country" v="CZ"/>
  <tag k="addr:housenumber" v="52/20"/>
  <tag k="addr:postcode" v="39701"/>
  <tag k="addr:street" v="Fügnerovo nám."/>
  <tag k="addr:streetnumber" v="20"/>
  <tag k="is_in" v="Budějovické Předměstí, Písek, Jihočeský kraj, CZ"/>
  <tag k="ref:ruian" v="5522838"/>
  <tag k="source:addr" v="ruian"/>
 </node>
 <node id="2298895801" visible="true" version="1" changeset="16072339" timestamp="2013-05-10T22:28:16Z" user="Minimalis" uid="665336" lat="49.3104121" lon="14.1484774">
  <tag k="addr:city" v="Písek"/>
  <tag k="addr:conscriptionnumber" v="53"/>
  <tag k="addr:country" v="CZ"/>
  <tag k="addr:housenumber" v="53/2"/>
  <tag k="addr:postcode" v="39701"/>
  <tag k="addr:street" v="Tyršova"/>
  <tag k="addr:streetnumber" v="2"/>
  <tag k="is_in" v="Budějovické Předměstí, Písek, Jihočeský kraj, CZ"/>
  <tag k="ref:ruian" v="5522846"/>
  <tag k="source:addr" v="ruian"/>
 </node>
 <node id="2298895888" visible="true" version="1" changeset="16072339" timestamp="2013-05-10T22:28:21Z" user="Minimalis" uid="665336" lat="49.3106297" lon="14.1485021">
  <tag k="addr:city" v="Písek"/>
  <tag k="addr:conscriptionnumber" v="55"/>
  <tag k="addr:country" v="CZ"/>
  <tag k="addr:housenumber" v="55/4"/>
  <tag k="addr:postcode" v="39701"/>
  <tag k="addr:street" v="Tyršova"/>
  <tag k="addr:streetnumber" v="4"/>
  <tag k="is_in" v="Budějovické Předměstí, Písek, Jihočeský kraj, CZ"/>
  <tag k="ref:ruian" v="5522862"/>
  <tag k="source:addr" v="ruian"/>
 </node>
 <node id="2298896010" visible="true" version="1" changeset="16072339" timestamp="2013-05-10T22:28:34Z" user="Minimalis" uid="665336" lat="49.3086625" lon="14.1480809">
  <tag k="addr:city" v="Písek"/>
  <tag k="addr:conscriptionnumber" v="6"/>
  <tag k="addr:country" v="CZ"/>
  <tag k="addr:housenumber" v="6/14"/>
  <tag k="addr:postcode" v="39701"/>
  <tag k="addr:street" v="Velké náměstí"/>
  <tag k="addr:streetnumber" v="14"/>
  <tag k="is_in" v="Vnitřní Město, Písek, Jihočeský kraj, CZ"/>
  <tag k="ref:ruian" v="5521009"/>
  <tag k="source:addr" v="ruian"/>
 </node>
 <node id="2298896111" visible="true" version="1" changeset="16072339" timestamp="2013-05-10T22:28:44Z" user="Minimalis" uid="665336" lat="49.3081960" lon="14.1509363">
  <tag k="addr:city" v="Písek"/>
  <tag k="addr:conscriptionnumber" v="64"/>
  <tag k="addr:country" v="CZ"/>
  <tag k="addr:housenumber" v="64/13"/>
  <tag k="addr:postcode" v="39701"/>
  <tag k="addr:street" v="Komenského"/>
  <tag k="addr:streetnumber" v="13"/>
  <tag k="is_in" v="Vnitřní Město, Písek, Jihočeský kraj, CZ"/>
  <tag k="ref:ruian" v="5521483"/>
  <tag k="source:addr" v="ruian"/>
 </node>
 <node id="2298896141" visible="true" version="1" changeset="16072339" timestamp="2013-05-10T22:28:48Z" user="Minimalis" uid="665336" lat="49.3103541" lon="14.1488150">
  <tag k="addr:city" v="Písek"/>
  <tag k="addr:conscriptionnumber" v="66"/>
  <tag k="addr:country" v="CZ"/>
  <tag k="addr:housenumber" v="66/1"/>
  <tag k="addr:postcode" v="39701"/>
  <tag k="addr:street" v="Tyršova"/>
  <tag k="addr:streetnumber" v="1"/>
  <tag k="is_in" v="Budějovické Předměstí, Písek, Jihočeský kraj, CZ"/>
  <tag k="ref:ruian" v="5522960"/>
  <tag k="source:addr" v="ruian"/>
 </node>
 <node id="2298896143" visible="true" version="1" changeset="16072339" timestamp="2013-05-10T22:28:48Z" user="Minimalis" uid="665336" lat="49.3085186" lon="14.1508153">
  <tag k="addr:city" v="Písek"/>
  <tag k="addr:conscriptionnumber" v="66"/>
  <tag k="addr:country" v="CZ"/>
  <tag k="addr:housenumber" v="66/8"/>
  <tag k="addr:postcode" v="39701"/>
  <tag k="addr:street" v="Nerudova"/>
  <tag k="addr:streetnumber" v="8"/>
  <tag k="is_in" v="Vnitřní Město, Písek, Jihočeský kraj, CZ"/>
  <tag k="ref:ruian" v="5521505"/>
  <tag k="source:addr" v="ruian"/>
 </node>
 <node id="2298896156" visible="true" version="1" changeset="16072339" timestamp="2013-05-10T22:28:51Z" user="Minimalis" uid="665336" lat="49.3085400" lon="14.1506330">
  <tag k="addr:city" v="Písek"/>
  <tag k="addr:conscriptionnumber" v="67"/>
  <tag k="addr:country" v="CZ"/>
  <tag k="addr:housenumber" v="67/6"/>
  <tag k="addr:postcode" v="39701"/>
  <tag k="addr:street" v="Nerudova"/>
  <tag k="addr:streetnumber" v="6"/>
  <tag k="is_in" v="Vnitřní Město, Písek, Jihočeský kraj, CZ"/>
  <tag k="ref:ruian" v="5521513"/>
  <tag k="source:addr" v="ruian"/>
 </node>
 <node id="2298896167" visible="true" version="1" changeset="16072339" timestamp="2013-05-10T22:28:53Z" user="Minimalis" uid="665336" lat="49.3087759" lon="14.1505490">
  <tag k="addr:city" v="Písek"/>
  <tag k="addr:conscriptionnumber" v="68"/>
  <tag k="addr:country" v="CZ"/>
  <tag k="addr:housenumber" v="68"/>
  <tag k="addr:postcode" v="39701"/>
  <tag k="addr:street" v="Palackého sady"/>
  <tag k="is_in" v="Vnitřní Město, Písek, Jihočeský kraj, CZ"/>
  <tag k="ref:ruian" v="5521521"/>
  <tag k="source:addr" v="ruian"/>
 </node>
 <node id="2298896194" visible="true" version="1" changeset="16072339" timestamp="2013-05-10T22:28:55Z" user="Minimalis" uid="665336" lat="49.3099726" lon="14.1500124">
  <tag k="addr:city" v="Písek"/>
  <tag k="addr:conscriptionnumber" v="69"/>
  <tag k="addr:country" v="CZ"/>
  <tag k="addr:housenumber" v="69/8"/>
  <tag k="addr:postcode" v="39701"/>
  <tag k="addr:street" v="Tylova"/>
  <tag k="addr:streetnumber" v="8"/>
  <tag k="is_in" v="Budějovické Předměstí, Písek, Jihočeský kraj, CZ"/>
  <tag k="ref:ruian" v="5522994"/>
  <tag k="source:addr" v="ruian"/>
 </node>
 <node id="2298896208" visible="true" version="1" changeset="16072339" timestamp="2013-05-10T22:28:58Z" user="Minimalis" uid="665336" lat="49.3087610" lon="14.1482832">
  <tag k="addr:city" v="Písek"/>
  <tag k="addr:conscriptionnumber" v="7"/>
  <tag k="addr:country" v="CZ"/>
  <tag k="addr:housenumber" v="7/12"/>
  <tag k="addr:postcode" v="39701"/>
  <tag k="addr:street" v="Velké náměstí"/>
  <tag k="addr:streetnumber" v="12"/>
  <tag k="is_in" v="Vnitřní Město, Písek, Jihočeský kraj, CZ"/>
  <tag k="ref:ruian" v="5521017"/>
  <tag k="source:addr" v="ruian"/>
 </node>
 <node id="2298896211" visible="true" version="1" changeset="16072339" timestamp="2013-05-10T22:28:59Z" user="Minimalis" uid="665336" lat="49.3098205" lon="14.1502770">
  <tag k="addr:city" v="Písek"/>
  <tag k="addr:conscriptionnumber" v="70"/>
  <tag k="addr:country" v="CZ"/>
  <tag k="addr:housenumber" v="70/10"/>
  <tag k="addr:postcode" v="39701"/>
  <tag k="addr:street" v="Tylova"/>
  <tag k="addr:streetnumber" v="10"/>
  <tag k="is_in" v="Budějovické Předměstí, Písek, Jihočeský kraj, CZ"/>
  <tag k="ref:ruian" v="5523001"/>
  <tag k="source:addr" v="ruian"/>
 </node>
 <node id="2298896244" visible="true" version="1" changeset="16072339" timestamp="2013-05-10T22:29:02Z" user="Minimalis" uid="665336" lat="49.3097154" lon="14.1506859">
  <tag k="addr:city" v="Písek"/>
  <tag k="addr:conscriptionnumber" v="72"/>
  <tag k="addr:country" v="CZ"/>
  <tag k="addr:housenumber" v="72/14"/>
  <tag k="addr:postcode" v="39701"/>
  <tag k="addr:street" v="Tylova"/>
  <tag k="addr:streetnumber" v="14"/>
  <tag k="is_in" v="Budějovické Předměstí, Písek, Jihočeský kraj, CZ"/>
  <tag k="ref:ruian" v="5523028"/>
  <tag k="source:addr" v="ruian"/>
 </node>
 <node id="2298896376" visible="true" version="1" changeset="16072339" timestamp="2013-05-10T22:29:06Z" user="Minimalis" uid="665336" lat="49.3096828" lon="14.1509351">
  <tag k="addr:city" v="Písek"/>
  <tag k="addr:conscriptionnumber" v="73"/>
  <tag k="addr:country" v="CZ"/>
  <tag k="addr:housenumber" v="73/16"/>
  <tag k="addr:postcode" v="39701"/>
  <tag k="addr:street" v="Tylova"/>
  <tag k="addr:streetnumber" v="16"/>
  <tag k="is_in" v="Budějovické Předměstí, Písek, Jihočeský kraj, CZ"/>
  <tag k="ref:ruian" v="5523036"/>
  <tag k="source:addr" v="ruian"/>
 </node>
 <node id="2298896406" visible="true" version="1" changeset="16072339" timestamp="2013-05-10T22:29:09Z" user="Minimalis" uid="665336" lat="49.3095644" lon="14.1513613">
  <tag k="addr:city" v="Písek"/>
  <tag k="addr:conscriptionnumber" v="75"/>
  <tag k="addr:country" v="CZ"/>
  <tag k="addr:housenumber" v="75/20"/>
  <tag k="addr:postcode" v="39701"/>
  <tag k="addr:street" v="Tylova"/>
  <tag k="addr:streetnumber" v="20"/>
  <tag k="is_in" v="Budějovické Předměstí, Písek, Jihočeský kraj, CZ"/>
  <tag k="ref:ruian" v="5523044"/>
  <tag k="source:addr" v="ruian"/>
 </node>
 <node id="2298896421" visible="true" version="1" changeset="16072339" timestamp="2013-05-10T22:29:13Z" user="Minimalis" uid="665336" lat="49.3095301" lon="14.1515005">
  <tag k="addr:city" v="Písek"/>
  <tag k="addr:conscriptionnumber" v="76"/>
  <tag k="addr:country" v="CZ"/>
  <tag k="addr:housenumber" v="76/22"/>
  <tag k="addr:postcode" v="39701"/>
  <tag k="addr:street" v="Tylova"/>
  <tag k="addr:streetnumber" v="22"/>
  <tag k="is_in" v="Budějovické Předměstí, Písek, Jihočeský kraj, CZ"/>
  <tag k="ref:ruian" v="5523052"/>
  <tag k="source:addr" v="ruian"/>
 </node>
 <node id="2298896445" visible="true" version="1" changeset="16072339" timestamp="2013-05-10T22:29:15Z" user="Minimalis" uid="665336" lat="49.3094949" lon="14.1516210">
  <tag k="addr:city" v="Písek"/>
  <tag k="addr:conscriptionnumber" v="77"/>
  <tag k="addr:country" v="CZ"/>
  <tag k="addr:housenumber" v="77/24"/>
  <tag k="addr:postcode" v="39701"/>
  <tag k="addr:street" v="Tylova"/>
  <tag k="addr:streetnumber" v="24"/>
  <tag k="is_in" v="Budějovické Předměstí, Písek, Jihočeský kraj, CZ"/>
  <tag k="ref:ruian" v="5523061"/>
  <tag k="source:addr" v="ruian"/>
 </node>
 <node id="2298896463" visible="true" version="1" changeset="16072339" timestamp="2013-05-10T22:29:18Z" user="Minimalis" uid="665336" lat="49.3094601" lon="14.1519185">
  <tag k="addr:city" v="Písek"/>
  <tag k="addr:conscriptionnumber" v="78"/>
  <tag k="addr:country" v="CZ"/>
  <tag k="addr:housenumber" v="78/2"/>
  <tag k="addr:postcode" v="39701"/>
  <tag k="addr:street" v="Prokopova"/>
  <tag k="addr:streetnumber" v="2"/>
  <tag k="is_in" v="Budějovické Předměstí, Písek, Jihočeský kraj, CZ"/>
  <tag k="ref:ruian" v="5523079"/>
  <tag k="source:addr" v="ruian"/>
 </node>
 <node id="2298896483" visible="true" version="1" changeset="16072339" timestamp="2013-05-10T22:29:21Z" user="Minimalis" uid="665336" lat="49.3081948" lon="14.1498491">
  <tag k="addr:city" v="Písek"/>
  <tag k="addr:conscriptionnumber" v="79"/>
  <tag k="addr:country" v="CZ"/>
  <tag k="addr:housenumber" v="79/3"/>
  <tag k="addr:postcode" v="39701"/>
  <tag k="addr:street" v="Smetanova"/>
  <tag k="addr:streetnumber" v="3"/>
  <tag k="is_in" v="Vnitřní Město, Písek, Jihočeský kraj, CZ"/>
  <tag k="ref:ruian" v="5521637"/>
  <tag k="source:addr" v="ruian"/>
 </node>
 <node id="2298896509" visible="true" version="1" changeset="16072339" timestamp="2013-05-10T22:29:24Z" user="Minimalis" uid="665336" lat="49.3088946" lon="14.1483195">
  <tag k="addr:city" v="Písek"/>
  <tag k="addr:conscriptionnumber" v="8"/>
  <tag k="addr:country" v="CZ"/>
  <tag k="addr:housenumber" v="8/1"/>
  <tag k="addr:postcode" v="39701"/>
  <tag k="addr:street" v="Heydukova"/>
  <tag k="addr:streetnumber" v="1"/>
  <tag k="is_in" v="Vnitřní Město, Písek, Jihočeský kraj, CZ"/>
  <tag k="ref:ruian" v="5521025"/>
  <tag k="source:addr" v="ruian"/>
 </node>
 <node id="2298896514" visible="true" version="1" changeset="16072339" timestamp="2013-05-10T22:29:25Z" user="Minimalis" uid="665336" lat="49.3083885" lon="14.1499077">
  <tag k="addr:city" v="Písek"/>
  <tag k="addr:conscriptionnumber" v="80"/>
  <tag k="addr:country" v="CZ"/>
  <tag k="addr:housenumber" v="80/1"/>
  <tag k="addr:postcode" v="39701"/>
  <tag k="addr:street" v="Nerudova"/>
  <tag k="addr:streetnumber" v="1"/>
  <tag k="is_in" v="Vnitřní Město, Písek, Jihočeský kraj, CZ"/>
  <tag k="ref:ruian" v="5521645"/>
  <tag k="source:addr" v="ruian"/>
 </node>
 <node id="2298896529" visible="true" version="1" changeset="16072339" timestamp="2013-05-10T22:29:27Z" user="Minimalis" uid="665336" lat="49.3083840" lon="14.1502212">
  <tag k="addr:city" v="Písek"/>
  <tag k="addr:conscriptionnumber" v="81"/>
  <tag k="addr:country" v="CZ"/>
  <tag k="addr:housenumber" v="81/3"/>
  <tag k="addr:postcode" v="39701"/>
  <tag k="addr:street" v="Nerudova"/>
  <tag k="addr:streetnumber" v="3"/>
  <tag k="is_in" v="Vnitřní Město, Písek, Jihočeský kraj, CZ"/>
  <tag k="ref:ruian" v="5521653"/>
  <tag k="source:addr" v="ruian"/>
 </node>
 <node id="2298896544" visible="true" version="1" changeset="16072339" timestamp="2013-05-10T22:29:29Z" user="Minimalis" uid="665336" lat="49.3082776" lon="14.1495346">
  <tag k="addr:city" v="Písek"/>
  <tag k="addr:conscriptionnumber" v="82"/>
  <tag k="addr:country" v="CZ"/>
  <tag k="addr:housenumber" v="82/4"/>
  <tag k="addr:postcode" v="39701"/>
  <tag k="addr:street" v="Smetanova"/>
  <tag k="addr:streetnumber" v="4"/>
  <tag k="is_in" v="Vnitřní Město, Písek, Jihočeský kraj, CZ"/>
  <tag k="ref:ruian" v="5521661"/>
  <tag k="source:addr" v="ruian"/>
 </node>
 <node id="2298896558" visible="true" version="1" changeset="16072339" timestamp="2013-05-10T22:29:32Z" user="Minimalis" uid="665336" lat="49.3081548" lon="14.1494882">
  <tag k="addr:city" v="Písek"/>
  <tag k="addr:conscriptionnumber" v="83"/>
  <tag k="addr:country" v="CZ"/>
  <tag k="addr:housenumber" v="83/2"/>
  <tag k="addr:postcode" v="39701"/>
  <tag k="addr:street" v="Smetanova"/>
  <tag k="addr:streetnumber" v="2"/>
  <tag k="is_in" v="Vnitřní Město, Písek, Jihočeský kraj, CZ"/>
  <tag k="ref:ruian" v="5521670"/>
  <tag k="source:addr" v="ruian"/>
 </node>
 <node id="2298896614" visible="true" version="1" changeset="16072339" timestamp="2013-05-10T22:29:41Z" user="Minimalis" uid="665336" lat="49.3084549" lon="14.1493718">
  <tag k="addr:city" v="Písek"/>
  <tag k="addr:conscriptionnumber" v="86"/>
  <tag k="addr:country" v="CZ"/>
  <tag k="addr:housenumber" v="86/2"/>
  <tag k="addr:postcode" v="39701"/>
  <tag k="addr:street" v="Ningrova"/>
  <tag k="addr:streetnumber" v="2"/>
  <tag k="is_in" v="Vnitřní Město, Písek, Jihočeský kraj, CZ"/>
  <tag k="ref:ruian" v="5521700"/>
  <tag k="source:addr" v="ruian"/>
 </node>
 <node id="2298896635" visible="true" version="1" changeset="16072339" timestamp="2013-05-10T22:29:45Z" user="Minimalis" uid="665336" lat="49.3084330" lon="14.1495545">
  <tag k="addr:city" v="Písek"/>
  <tag k="addr:conscriptionnumber" v="87"/>
  <tag k="addr:country" v="CZ"/>
  <tag k="addr:housenumber" v="87/6"/>
  <tag k="addr:postcode" v="39701"/>
  <tag k="addr:street" v="Smetanova"/>
  <tag k="addr:streetnumber" v="6"/>
  <tag k="is_in" v="Vnitřní Město, Písek, Jihočeský kraj, CZ"/>
  <tag k="ref:ruian" v="5521718"/>
  <tag k="source:addr" v="ruian"/>
 </node>
 <node id="2298896650" visible="true" version="1" changeset="16072339" timestamp="2013-05-10T22:29:47Z" user="Minimalis" uid="665336" lat="49.3085617" lon="14.1501356">
  <tag k="addr:city" v="Písek"/>
  <tag k="addr:conscriptionnumber" v="88"/>
  <tag k="addr:country" v="CZ"/>
  <tag k="addr:housenumber" v="88/2"/>
  <tag k="addr:postcode" v="39701"/>
  <tag k="addr:street" v="Nerudova"/>
  <tag k="addr:streetnumber" v="2"/>
  <tag k="is_in" v="Vnitřní Město, Písek, Jihočeský kraj, CZ"/>
  <tag k="ref:ruian" v="5521726"/>
  <tag k="source:addr" v="ruian"/>
 </node>
 <node id="2298896664" visible="true" version="1" changeset="16072339" timestamp="2013-05-10T22:29:49Z" user="Minimalis" uid="665336" lat="49.3086554" lon="14.1500739">
  <tag k="addr:city" v="Písek"/>
  <tag k="addr:conscriptionnumber" v="89"/>
  <tag k="addr:country" v="CZ"/>
  <tag k="addr:housenumber" v="89"/>
  <tag k="addr:postcode" v="39701"/>
  <tag k="addr:street" v="V Koutě"/>
  <tag k="is_in" v="Vnitřní Město, Písek, Jihočeský kraj, CZ"/>
  <tag k="ref:ruian" v="5521734"/>
  <tag k="source:addr" v="ruian"/>
 </node>
 <node id="2298896685" visible="true" version="1" changeset="16072339" timestamp="2013-05-10T22:29:53Z" user="Minimalis" uid="665336" lat="49.3087015" lon="14.1490231">
  <tag k="addr:city" v="Písek"/>
  <tag k="addr:conscriptionnumber" v="9"/>
  <tag k="addr:country" v="CZ"/>
  <tag k="addr:housenumber" v="9/5"/>
  <tag k="addr:postcode" v="39701"/>
  <tag k="addr:street" v="Heydukova"/>
  <tag k="addr:streetnumber" v="5"/>
  <tag k="is_in" v="Vnitřní Město, Písek, Jihočeský kraj, CZ"/>
  <tag k="ref:ruian" v="5521033"/>
  <tag k="source:addr" v="ruian"/>
 </node>
 <node id="2298896690" visible="true" version="1" changeset="16072339" timestamp="2013-05-10T22:29:54Z" user="Minimalis" uid="665336" lat="49.3088587" lon="14.1502969">
  <tag k="addr:city" v="Písek"/>
  <tag k="addr:conscriptionnumber" v="90"/>
  <tag k="addr:country" v="CZ"/>
  <tag k="addr:housenumber" v="90"/>
  <tag k="addr:postcode" v="39701"/>
  <tag k="addr:street" v="V Koutě"/>
  <tag k="is_in" v="Vnitřní Město, Písek, Jihočeský kraj, CZ"/>
  <tag k="ref:ruian" v="5521742"/>
  <tag k="source:addr" v="ruian"/>
 </node>
 <node id="2298896712" visible="true" version="1" changeset="16072339" timestamp="2013-05-10T22:29:56Z" user="Minimalis" uid="665336" lat="49.3089225" lon="14.1501390">
  <tag k="addr:city" v="Písek"/>
  <tag k="addr:conscriptionnumber" v="91"/>
  <tag k="addr:country" v="CZ"/>
  <tag k="addr:housenumber" v="91"/>
  <tag k="addr:postcode" v="39701"/>
  <tag k="addr:street" v="V Koutě"/>
  <tag k="is_in" v="Vnitřní Město, Písek, Jihočeský kraj, CZ"/>
  <tag k="ref:ruian" v="5521751"/>
  <tag k="source:addr" v="ruian"/>
 </node>
 <node id="2298896731" visible="true" version="1" changeset="16072339" timestamp="2013-05-10T22:30:01Z" user="Minimalis" uid="665336" lat="49.3088004" lon="14.1499655">
  <tag k="addr:city" v="Písek"/>
  <tag k="addr:conscriptionnumber" v="92"/>
  <tag k="addr:country" v="CZ"/>
  <tag k="addr:housenumber" v="92"/>
  <tag k="addr:postcode" v="39701"/>
  <tag k="addr:street" v="V Koutě"/>
  <tag k="is_in" v="Vnitřní Město, Písek, Jihočeský kraj, CZ"/>
  <tag k="ref:ruian" v="5521769"/>
  <tag k="source:addr" v="ruian"/>
 </node>
 <node id="2298896748" visible="true" version="1" changeset="16072339" timestamp="2013-05-10T22:30:03Z" user="Minimalis" uid="665336" lat="49.3088848" lon="14.1498352">
  <tag k="addr:city" v="Písek"/>
  <tag k="addr:conscriptionnumber" v="93"/>
  <tag k="addr:country" v="CZ"/>
  <tag k="addr:housenumber" v="93/6"/>
  <tag k="addr:postcode" v="39701"/>
  <tag k="addr:street" v="Havlíčkovo nám."/>
  <tag k="addr:streetnumber" v="6"/>
  <tag k="is_in" v="Vnitřní Město, Písek, Jihočeský kraj, CZ"/>
  <tag k="ref:ruian" v="5521777"/>
  <tag k="source:addr" v="ruian"/>
 </node>
 <node id="2298896765" visible="true" version="1" changeset="16072339" timestamp="2013-05-10T22:30:07Z" user="Minimalis" uid="665336" lat="49.3088071" lon="14.1496318">
  <tag k="addr:city" v="Písek"/>
  <tag k="addr:conscriptionnumber" v="94"/>
  <tag k="addr:country" v="CZ"/>
  <tag k="addr:housenumber" v="94/4"/>
  <tag k="addr:postcode" v="39701"/>
  <tag k="addr:street" v="Havlíčkovo nám."/>
  <tag k="addr:streetnumber" v="4"/>
  <tag k="is_in" v="Vnitřní Město, Písek, Jihočeský kraj, CZ"/>
  <tag k="ref:ruian" v="5521785"/>
  <tag k="source:addr" v="ruian"/>
 </node>
 <node id="2298896781" visible="true" version="1" changeset="16072339" timestamp="2013-05-10T22:30:08Z" user="Minimalis" uid="665336" lat="49.3088401" lon="14.1494754">
  <tag k="addr:city" v="Písek"/>
  <tag k="addr:conscriptionnumber" v="95"/>
  <tag k="addr:country" v="CZ"/>
  <tag k="addr:housenumber" v="95/2"/>
  <tag k="addr:postcode" v="39701"/>
  <tag k="addr:street" v="Havlíčkovo nám."/>
  <tag k="addr:streetnumber" v="2"/>
  <tag k="is_in" v="Vnitřní Město, Písek, Jihočeský kraj, CZ"/>
  <tag k="ref:ruian" v="5521793"/>
  <tag k="source:addr" v="ruian"/>
 </node>
 <node id="2298896797" visible="true" version="1" changeset="16072339" timestamp="2013-05-10T22:30:10Z" user="Minimalis" uid="665336" lat="49.3090545" lon="14.1493364">
  <tag k="addr:city" v="Písek"/>
  <tag k="addr:conscriptionnumber" v="96"/>
  <tag k="addr:country" v="CZ"/>
  <tag k="addr:housenumber" v="96/14"/>
  <tag k="addr:postcode" v="39701"/>
  <tag k="addr:street" v="Heydukova"/>
  <tag k="addr:streetnumber" v="14"/>
  <tag k="is_in" v="Vnitřní Město, Písek, Jihočeský kraj, CZ"/>
  <tag k="ref:ruian" v="5521807"/>
  <tag k="source:addr" v="ruian"/>
 </node>
 <node id="2298896819" visible="true" version="1" changeset="16072339" timestamp="2013-05-10T22:30:15Z" user="Minimalis" uid="665336" lat="49.3088626" lon="14.1491782">
  <tag k="addr:city" v="Písek"/>
  <tag k="addr:conscriptionnumber" v="97"/>
  <tag k="addr:country" v="CZ"/>
  <tag k="addr:housenumber" v="97/15"/>
  <tag k="addr:postcode" v="39701"/>
  <tag k="addr:street" v="Heydukova"/>
  <tag k="addr:streetnumber" v="15"/>
  <tag k="is_in" v="Vnitřní Město, Písek, Jihočeský kraj, CZ"/>
  <tag k="ref:ruian" v="5521815"/>
  <tag k="source:addr" v="ruian"/>
 </node>
 <node id="2298896835" visible="true" version="1" changeset="16072339" timestamp="2013-05-10T22:30:16Z" user="Minimalis" uid="665336" lat="49.3092332" lon="14.1490945">
  <tag k="addr:city" v="Písek"/>
  <tag k="addr:conscriptionnumber" v="98"/>
  <tag k="addr:country" v="CZ"/>
  <tag k="addr:housenumber" v="98"/>
  <tag k="addr:postcode" v="39701"/>
  <tag k="addr:street" v="Palackého sady"/>
  <tag k="is_in" v="Vnitřní Město, Písek, Jihočeský kraj, CZ"/>
  <tag k="ref:ruian" v="5521823"/>
  <tag k="source:addr" v="ruian"/>
 </node>
 <node id="2298896852" visible="true" version="1" changeset="16072339" timestamp="2013-05-10T22:30:20Z" user="Minimalis" uid="665336" lat="49.3090264" lon="14.1488367">
  <tag k="addr:city" v="Písek"/>
  <tag k="addr:conscriptionnumber" v="99"/>
  <tag k="addr:country" v="CZ"/>
  <tag k="addr:housenumber" v="99/8"/>
  <tag k="addr:postcode" v="39701"/>
  <tag k="addr:street" v="Heydukova"/>
  <tag k="addr:streetnumber" v="8"/>
  <tag k="is_in" v="Vnitřní Město, Písek, Jihočeský kraj, CZ"/>
  <tag k="ref:ruian" v="5521831"/>
  <tag k="source:addr" v="ruian"/>
 </node>
 <node id="2471017117" visible="true" version="2" changeset="37118600" timestamp="2016-02-10T07:51:41Z" user="JandaM" uid="2169558" lat="49.3096420" lon="14.1515709"/>
 <node id="2471017118" visible="true" version="2" changeset="37118600" timestamp="2016-02-10T07:51:41Z" user="JandaM" uid="2169558" lat="49.3096440" lon="14.1515582"/>
 <node id="2471017119" visible="true" version="2" changeset="37118600" timestamp="2016-02-10T07:51:41Z" user="JandaM" uid="2169558" lat="49.3096484" lon="14.1512151"/>
 <node id="2471017120" visible="true" version="2" changeset="37118600" timestamp="2016-02-10T07:51:41Z" user="JandaM" uid="2169558" lat="49.3096579" lon="14.1512197"/>
 <node id="2471017121" visible="true" version="2" changeset="37118600" timestamp="2016-02-10T07:51:41Z" user="JandaM" uid="2169558" lat="49.3096572" lon="14.1511723"/>
 <node id="2471017122" visible="true" version="2" changeset="37118600" timestamp="2016-02-10T07:51:41Z" user="JandaM" uid="2169558" lat="49.3096667" lon="14.1511769"/>
 <node id="2471017123" visible="true" version="2" changeset="37118600" timestamp="2016-02-10T07:51:41Z" user="JandaM" uid="2169558" lat="49.3101841" lon="14.1490011"/>
 <node id="2471017124" visible="true" version="2" changeset="37118600" timestamp="2016-02-10T07:51:41Z" user="JandaM" uid="2169558" lat="49.3102032" lon="14.1489268"/>
 <node id="2537902469" visible="true" version="1" changeset="18971708" timestamp="2013-11-18T13:20:48Z" user="Karl Von Bahnhoff" uid="520972" lat="49.3112948" lon="14.1570468"/>
 <node id="2656840236" visible="true" version="2" changeset="23131061" timestamp="2014-06-24T20:57:37Z" user="CzechAddress" uid="1942179" lat="49.3082828" lon="14.1506519">
  <tag k="addr:conscriptionnumber" v="65"/>
  <tag k="addr:housenumber" v="65/15"/>
  <tag k="addr:place" v="Vnitřní Město"/>
  <tag k="addr:postcode" v="39701"/>
  <tag k="addr:street" v="Soukenická"/>
  <tag k="addr:streetnumber" v="15"/>
  <tag k="ref:ruian:addr" v="5521491"/>
  <tag k="source" v="cuzk:ruian"/>
 </node>
 <node id="2931773842" visible="true" version="1" changeset="23131061" timestamp="2014-06-24T20:57:30Z" user="CzechAddress" uid="1942179" lat="49.3082188" lon="14.1484316">
  <tag k="addr:conscriptionnumber" v="181"/>
  <tag k="addr:housenumber" v="181"/>
  <tag k="addr:place" v="Vnitřní Město"/>
  <tag k="addr:postcode" v="39701"/>
  <tag k="addr:street" v="Velké náměstí"/>
  <tag k="ref:ruian:addr" v="5522633"/>
 </node>
 <node id="3004519344" visible="true" version="1" changeset="24612558" timestamp="2014-08-08T10:36:28Z" user="phlustik" uid="842813" lat="49.3089107" lon="14.1489959">
  <tag k="amenity" v="restaurant"/>
  <tag k="cuisine" v="indian"/>
  <tag k="name" v="Tandoor"/>
 </node>
 <node id="3304460541" visible="true" version="1" changeset="28331779" timestamp="2015-01-22T17:17:48Z" user="ratrun" uid="474183" lat="49.3105943" lon="14.1467702"/>
 <node id="3345888493" visible="true" version="2" changeset="42689596" timestamp="2016-10-06T16:39:49Z" user="gorn" uid="10353" lat="49.3103716" lon="14.1475075"/>
 <node id="3345907704" visible="true" version="2" changeset="28799975" timestamp="2015-02-12T17:08:26Z" user="coshoun" uid="2659659" lat="49.3086560" lon="14.1468587">
  <tag k="amenity" v="restaurant"/>
  <tag k="cuisine" v="international"/>
  <tag k="name" v="Pí Local club"/>
 </node>
 <node id="3346030412" visible="true" version="1" changeset="28799656" timestamp="2015-02-12T16:53:00Z" user="coshoun" uid="2659659" lat="49.3087330" lon="14.1486208">
  <tag k="addr:city" v="Písek"/>
  <tag k="addr:housenumber" v="164"/>
  <tag k="addr:postcode" v="39701"/>
  <tag k="addr:street" v="Heydukova"/>
  <tag k="amenity" v="restaurant"/>
  <tag k="cuisine" v="burger"/>
  <tag k="name" v="Haddog"/>
 </node>
 <node id="3346121757" visible="true" version="1" changeset="28800670" timestamp="2015-02-12T17:37:27Z" user="coshoun" uid="2659659" lat="49.3089080" lon="14.1491674">
  <tag k="amenity" v="bar"/>
  <tag k="name" v="New York"/>
 </node>
 <node id="3346131887" visible="true" version="1" changeset="28800741" timestamp="2015-02-12T17:40:11Z" user="coshoun" uid="2659659" lat="49.3076044" lon="14.1459575"/>
 <node id="3375474862" visible="true" version="1" changeset="29144314" timestamp="2015-02-27T20:51:08Z" user="Klaus-Heinz Herda" uid="505698" lat="49.3103250" lon="14.1462990">
  <tag k="amenity" v="shelter"/>
  <tag k="shelter_type" v="Wetterpilz"/>
 </node>
 <node id="3410454116" visible="true" version="1" changeset="29633557" timestamp="2015-03-21T12:37:51Z" user="mapmaniak" uid="109724" lat="49.3085619" lon="14.1501358">
  <tag k="amenity" v="atm"/>
  <tag k="description" v="Výloha pobočky Fio banky"/>
  <tag k="name" v="Fio banka"/>
  <tag k="opening_hours" v="24/7"/>
  <tag k="operator" v="Pharro"/>
  <tag k="source" v="fio.cz"/>
  <tag k="source:ref" v="Písek,Nerudova 88"/>
 </node>
 <node id="3414310253" visible="true" version="1" changeset="29679463" timestamp="2015-03-23T13:58:01Z" user="Jarda65" uid="2775626" lat="49.3098344" lon="14.1475274">
  <tag k="leisure" v="playground"/>
 </node>
 <node id="3643761494" visible="true" version="1" changeset="32535439" timestamp="2015-07-10T06:36:26Z" user="JandaM" uid="2169558" lat="49.3086947" lon="14.1504132"/>
 <node id="3643761495" visible="true" version="1" changeset="32535439" timestamp="2015-07-10T06:36:26Z" user="JandaM" uid="2169558" lat="49.3087050" lon="14.1503192"/>
 <node id="3643761496" visible="true" version="1" changeset="32535439" timestamp="2015-07-10T06:36:26Z" user="JandaM" uid="2169558" lat="49.3087122" lon="14.1503153"/>
 <node id="3643761498" visible="true" version="1" changeset="32535439" timestamp="2015-07-10T06:36:26Z" user="JandaM" uid="2169558" lat="49.3087212" lon="14.1502698"/>
 <node id="3643761499" visible="true" version="1" changeset="32535439" timestamp="2015-07-10T06:36:26Z" user="JandaM" uid="2169558" lat="49.3087231" lon="14.1504237"/>
 <node id="3643761501" visible="true" version="1" changeset="32535439" timestamp="2015-07-10T06:36:26Z" user="JandaM" uid="2169558" lat="49.3087459" lon="14.1502820"/>
 <node id="3643761502" visible="true" version="2" changeset="37118600" timestamp="2016-02-10T07:51:45Z" user="JandaM" uid="2169558" lat="49.3087992" lon="14.1520563"/>
 <node id="3643761505" visible="true" version="2" changeset="37118600" timestamp="2016-02-10T07:51:45Z" user="JandaM" uid="2169558" lat="49.3088191" lon="14.1522157"/>
 <node id="3643761509" visible="true" version="2" changeset="37118600" timestamp="2016-02-10T07:51:45Z" user="JandaM" uid="2169558" lat="49.3088364" lon="14.1523738"/>
 <node id="3643761526" visible="true" version="2" changeset="37118600" timestamp="2016-02-10T07:51:45Z" user="JandaM" uid="2169558" lat="49.3089216" lon="14.1520281"/>
 <node id="3643761528" visible="true" version="2" changeset="37118600" timestamp="2016-02-10T07:51:45Z" user="JandaM" uid="2169558" lat="49.3089285" lon="14.1523553"/>
 <node id="3643761529" visible="true" version="2" changeset="37118600" timestamp="2016-02-10T07:51:45Z" user="JandaM" uid="2169558" lat="49.3089383" lon="14.1521879"/>
 <node id="3643761532" visible="true" version="2" changeset="37118600" timestamp="2016-02-10T07:51:45Z" user="JandaM" uid="2169558" lat="49.3089498" lon="14.1523122"/>
 <node id="3643761534" visible="true" version="1" changeset="32535439" timestamp="2015-07-10T06:36:26Z" user="JandaM" uid="2169558" lat="49.3089517" lon="14.1523324"/>
 <node id="3643761535" visible="true" version="2" changeset="37118600" timestamp="2016-02-10T07:51:45Z" user="JandaM" uid="2169558" lat="49.3089539" lon="14.1523568"/>
 <node id="3643761537" visible="true" version="1" changeset="32535439" timestamp="2015-07-10T06:36:26Z" user="JandaM" uid="2169558" lat="49.3089575" lon="14.1523106"/>
 <node id="3643761538" visible="true" version="1" changeset="32535439" timestamp="2015-07-10T06:36:26Z" user="JandaM" uid="2169558" lat="49.3089593" lon="14.1523307"/>
 <node id="3643761540" visible="true" version="2" changeset="37118600" timestamp="2016-02-10T07:51:45Z" user="JandaM" uid="2169558" lat="49.3089493" lon="14.1525103"/>
 <node id="3643761549" visible="true" version="1" changeset="32535439" timestamp="2015-07-10T06:36:27Z" user="JandaM" uid="2169558" lat="49.3090235" lon="14.1512610"/>
 <node id="3643761550" visible="true" version="2" changeset="37118600" timestamp="2016-02-10T07:51:45Z" user="JandaM" uid="2169558" lat="49.3090281" lon="14.1512182"/>
 <node id="3643761551" visible="true" version="1" changeset="32535439" timestamp="2015-07-10T06:36:27Z" user="JandaM" uid="2169558" lat="49.3090288" lon="14.1513009"/>
 <node id="3643761552" visible="true" version="1" changeset="32535439" timestamp="2015-07-10T06:36:27Z" user="JandaM" uid="2169558" lat="49.3090333" lon="14.1512579"/>
 <node id="3643761553" visible="true" version="1" changeset="32535439" timestamp="2015-07-10T06:36:27Z" user="JandaM" uid="2169558" lat="49.3090388" lon="14.1512977"/>
 <node id="3643761554" visible="true" version="1" changeset="32535439" timestamp="2015-07-10T06:36:27Z" user="JandaM" uid="2169558" lat="49.3090441" lon="14.1513377"/>
 <node id="3643761565" visible="true" version="2" changeset="37118600" timestamp="2016-02-10T07:51:45Z" user="JandaM" uid="2169558" lat="49.3090809" lon="14.1512025"/>
 <node id="3643761566" visible="true" version="2" changeset="37118600" timestamp="2016-02-10T07:51:45Z" user="JandaM" uid="2169558" lat="49.3090809" lon="14.1512274"/>
 <node id="3643761567" visible="true" version="1" changeset="32535439" timestamp="2015-07-10T06:36:27Z" user="JandaM" uid="2169558" lat="49.3090840" lon="14.1512264"/>
 <node id="3643761568" visible="true" version="2" changeset="37118600" timestamp="2016-02-10T07:51:45Z" user="JandaM" uid="2169558" lat="49.3090904" lon="14.1512984"/>
 <node id="3643761570" visible="true" version="1" changeset="32535439" timestamp="2015-07-10T06:36:27Z" user="JandaM" uid="2169558" lat="49.3090935" lon="14.1512975"/>
 <node id="3643761571" visible="true" version="1" changeset="32535439" timestamp="2015-07-10T06:36:27Z" user="JandaM" uid="2169558" lat="49.3090966" lon="14.1513215"/>
 <node id="3643761637" visible="true" version="2" changeset="37118600" timestamp="2016-02-10T07:51:46Z" user="JandaM" uid="2169558" lat="49.3105165" lon="14.1500242"/>
 <node id="3643761638" visible="true" version="1" changeset="32535439" timestamp="2015-07-10T06:36:28Z" user="JandaM" uid="2169558" lat="49.3105229" lon="14.1499765"/>
 <node id="3643761639" visible="true" version="2" changeset="37118600" timestamp="2016-02-10T07:51:46Z" user="JandaM" uid="2169558" lat="49.3105525" lon="14.1500329"/>
 <node id="3643761640" visible="true" version="2" changeset="37118600" timestamp="2016-02-10T07:51:46Z" user="JandaM" uid="2169558" lat="49.3105600" lon="14.1499882"/>
 <node id="3643931062" visible="true" version="1" changeset="32536798" timestamp="2015-07-10T08:08:13Z" user="JandaM" uid="2169558" lat="49.3083361" lon="14.1484656"/>
 <node id="3643931063" visible="true" version="1" changeset="32536798" timestamp="2015-07-10T08:08:13Z" user="JandaM" uid="2169558" lat="49.3083472" lon="14.1483580"/>
 <node id="3643931065" visible="true" version="1" changeset="32536798" timestamp="2015-07-10T08:08:14Z" user="JandaM" uid="2169558" lat="49.3084040" lon="14.1485212"/>
 <node id="3643931066" visible="true" version="1" changeset="32536798" timestamp="2015-07-10T08:08:14Z" user="JandaM" uid="2169558" lat="49.3084093" lon="14.1485228"/>
 <node id="3643931067" visible="true" version="1" changeset="32536798" timestamp="2015-07-10T08:08:14Z" user="JandaM" uid="2169558" lat="49.3084288" lon="14.1483837"/>
 <node id="3643931071" visible="true" version="1" changeset="32536798" timestamp="2015-07-10T08:08:14Z" user="JandaM" uid="2169558" lat="49.3086413" lon="14.1487181"/>
 <node id="3643931072" visible="true" version="1" changeset="32536798" timestamp="2015-07-10T08:08:14Z" user="JandaM" uid="2169558" lat="49.3086862" lon="14.1489707"/>
 <node id="3643931073" visible="true" version="1" changeset="32536798" timestamp="2015-07-10T08:08:14Z" user="JandaM" uid="2169558" lat="49.3087040" lon="14.1489795"/>
 <node id="3643931074" visible="true" version="1" changeset="32536798" timestamp="2015-07-10T08:08:14Z" user="JandaM" uid="2169558" lat="49.3087104" lon="14.1487716"/>
 <node id="3643931075" visible="true" version="1" changeset="32536798" timestamp="2015-07-10T08:08:14Z" user="JandaM" uid="2169558" lat="49.3087312" lon="14.1487549"/>
 <node id="3643931076" visible="true" version="1" changeset="32536798" timestamp="2015-07-10T08:08:14Z" user="JandaM" uid="2169558" lat="49.3087440" lon="14.1487862"/>
 <node id="3643931077" visible="true" version="1" changeset="32536798" timestamp="2015-07-10T08:08:14Z" user="JandaM" uid="2169558" lat="49.3088216" lon="14.1487965"/>
 <node id="3643931127" visible="true" version="2" changeset="37140936" timestamp="2016-02-11T08:05:16Z" user="JandaM" uid="2169558" lat="49.3099666" lon="14.1469210"/>
 <node id="3643931128" visible="true" version="2" changeset="37140936" timestamp="2016-02-11T08:05:16Z" user="JandaM" uid="2169558" lat="49.3099736" lon="14.1469397"/>
 <node id="3643931129" visible="true" version="2" changeset="37140936" timestamp="2016-02-11T08:05:16Z" user="JandaM" uid="2169558" lat="49.3099769" lon="14.1469276"/>
 <node id="3643931130" visible="true" version="2" changeset="37140936" timestamp="2016-02-11T08:05:16Z" user="JandaM" uid="2169558" lat="49.3099869" lon="14.1468628"/>
 <node id="3643931131" visible="true" version="1" changeset="32536798" timestamp="2015-07-10T08:08:15Z" user="JandaM" uid="2169558" lat="49.3100492" lon="14.1469866"/>
 <node id="3643931134" visible="true" version="2" changeset="37140936" timestamp="2016-02-11T08:05:16Z" user="JandaM" uid="2169558" lat="49.3100678" lon="14.1469195"/>
 <node id="3643931151" visible="true" version="2" changeset="42689596" timestamp="2016-10-06T16:39:49Z" user="gorn" uid="10353" lat="49.3105133" lon="14.1462906"/>
 <node id="3643931152" visible="true" version="2" changeset="42689596" timestamp="2016-10-06T16:39:49Z" user="gorn" uid="10353" lat="49.3105136" lon="14.1462706"/>
 <node id="3643931153" visible="true" version="2" changeset="42689596" timestamp="2016-10-06T16:39:49Z" user="gorn" uid="10353" lat="49.3105189" lon="14.1463083"/>
 <node id="3643931154" visible="true" version="2" changeset="42689596" timestamp="2016-10-06T16:39:49Z" user="gorn" uid="10353" lat="49.3105209" lon="14.1462548"/>
 <node id="3643931155" visible="true" version="2" changeset="42689596" timestamp="2016-10-06T16:39:49Z" user="gorn" uid="10353" lat="49.3105295" lon="14.1463191"/>
 <node id="3643931156" visible="true" version="2" changeset="42689596" timestamp="2016-10-06T16:39:49Z" user="gorn" uid="10353" lat="49.3105329" lon="14.1462464"/>
 <node id="3643931157" visible="true" version="2" changeset="42689596" timestamp="2016-10-06T16:39:49Z" user="gorn" uid="10353" lat="49.3105421" lon="14.1463202"/>
 <node id="3643931158" visible="true" version="2" changeset="42689596" timestamp="2016-10-06T16:39:49Z" user="gorn" uid="10353" lat="49.3105455" lon="14.1462478"/>
 <node id="3643931159" visible="true" version="2" changeset="42689596" timestamp="2016-10-06T16:39:49Z" user="gorn" uid="10353" lat="49.3105535" lon="14.1463115"/>
 <node id="3643931160" visible="true" version="2" changeset="42689596" timestamp="2016-10-06T16:39:49Z" user="gorn" uid="10353" lat="49.3105559" lon="14.1462593"/>
 <node id="3643931161" visible="true" version="2" changeset="42689596" timestamp="2016-10-06T16:39:49Z" user="gorn" uid="10353" lat="49.3105603" lon="14.1462956"/>
 <node id="3643931162" visible="true" version="2" changeset="42689596" timestamp="2016-10-06T16:39:49Z" user="gorn" uid="10353" lat="49.3105614" lon="14.1462769"/>
 <node id="3650643288" visible="true" version="1" changeset="32626791" timestamp="2015-07-14T12:37:48Z" user="JandaM" uid="2169558" lat="49.3085706" lon="14.1486300"/>
 <node id="3650643296" visible="true" version="1" changeset="32626791" timestamp="2015-07-14T12:37:48Z" user="JandaM" uid="2169558" lat="49.3086230" lon="14.1483333"/>
 <node id="3650643297" visible="true" version="1" changeset="32626791" timestamp="2015-07-14T12:37:48Z" user="JandaM" uid="2169558" lat="49.3086237" lon="14.1486452"/>
 <node id="3650643300" visible="true" version="1" changeset="32626791" timestamp="2015-07-14T12:37:48Z" user="JandaM" uid="2169558" lat="49.3086344" lon="14.1485851"/>
 <node id="3650643305" visible="true" version="1" changeset="32626791" timestamp="2015-07-14T12:37:48Z" user="JandaM" uid="2169558" lat="49.3086514" lon="14.1483448"/>
 <node id="3650643306" visible="true" version="1" changeset="32626791" timestamp="2015-07-14T12:37:49Z" user="JandaM" uid="2169558" lat="49.3086627" lon="14.1485953"/>
 <node id="3650643307" visible="true" version="1" changeset="32626791" timestamp="2015-07-14T12:37:49Z" user="JandaM" uid="2169558" lat="49.3086781" lon="14.1484986"/>
 <node id="3650643326" visible="true" version="1" changeset="32626791" timestamp="2015-07-14T12:37:49Z" user="JandaM" uid="2169558" lat="49.3094827" lon="14.1464583"/>
 <node id="3650643328" visible="true" version="1" changeset="32626791" timestamp="2015-07-14T12:37:49Z" user="JandaM" uid="2169558" lat="49.3094916" lon="14.1463929"/>
 <node id="3650643330" visible="true" version="1" changeset="32626791" timestamp="2015-07-14T12:37:49Z" user="JandaM" uid="2169558" lat="49.3095110" lon="14.1464219"/>
 <node id="3650643333" visible="true" version="1" changeset="32626791" timestamp="2015-07-14T12:37:49Z" user="JandaM" uid="2169558" lat="49.3095144" lon="14.1464009"/>
 <node id="3650643334" visible="true" version="1" changeset="32626791" timestamp="2015-07-14T12:37:49Z" user="JandaM" uid="2169558" lat="49.3095218" lon="14.1464397"/>
 <node id="3650643335" visible="true" version="1" changeset="32626791" timestamp="2015-07-14T12:37:49Z" user="JandaM" uid="2169558" lat="49.3095339" lon="14.1464520"/>
 <node id="3650643336" visible="true" version="1" changeset="32626791" timestamp="2015-07-14T12:37:49Z" user="JandaM" uid="2169558" lat="49.3095344" lon="14.1464485"/>
 <node id="3650643337" visible="true" version="1" changeset="32626791" timestamp="2015-07-14T12:37:49Z" user="JandaM" uid="2169558" lat="49.3095398" lon="14.1464507"/>
 <node id="3650643338" visible="true" version="1" changeset="32626791" timestamp="2015-07-14T12:37:49Z" user="JandaM" uid="2169558" lat="49.3095444" lon="14.1464455"/>
 <node id="3650643339" visible="true" version="1" changeset="32626791" timestamp="2015-07-14T12:37:49Z" user="JandaM" uid="2169558" lat="49.3095499" lon="14.1464439"/>
 <node id="3650643340" visible="true" version="1" changeset="32626791" timestamp="2015-07-14T12:37:49Z" user="JandaM" uid="2169558" lat="49.3095547" lon="14.1464483"/>
 <node id="3650643341" visible="true" version="1" changeset="32626791" timestamp="2015-07-14T12:37:49Z" user="JandaM" uid="2169558" lat="49.3095583" lon="14.1464570"/>
 <node id="3650643342" visible="true" version="1" changeset="32626791" timestamp="2015-07-14T12:37:49Z" user="JandaM" uid="2169558" lat="49.3095639" lon="14.1464620"/>
 <node id="3650643343" visible="true" version="1" changeset="32626791" timestamp="2015-07-14T12:37:49Z" user="JandaM" uid="2169558" lat="49.3095642" lon="14.1464589"/>
 <node id="3650643344" visible="true" version="1" changeset="32626791" timestamp="2015-07-14T12:37:49Z" user="JandaM" uid="2169558" lat="49.3095792" lon="14.1464587"/>
 <node id="3650643345" visible="true" version="1" changeset="32626791" timestamp="2015-07-14T12:37:49Z" user="JandaM" uid="2169558" lat="49.3095926" lon="14.1464492"/>
 <node id="3650643346" visible="true" version="1" changeset="32626791" timestamp="2015-07-14T12:37:49Z" user="JandaM" uid="2169558" lat="49.3095941" lon="14.1464538"/>
 <node id="3650643347" visible="true" version="1" changeset="32626791" timestamp="2015-07-14T12:37:49Z" user="JandaM" uid="2169558" lat="49.3095944" lon="14.1464971"/>
 <node id="3663649779" visible="true" version="1" changeset="32836291" timestamp="2015-07-23T20:20:57Z" user="Karl Von Bahnhoff" uid="520972" lat="49.3054214" lon="14.1410142"/>
 <node id="3663649780" visible="true" version="1" changeset="32836291" timestamp="2015-07-23T20:20:57Z" user="Karl Von Bahnhoff" uid="520972" lat="49.3063304" lon="14.1460698"/>
 <node id="3663649784" visible="true" version="1" changeset="32836291" timestamp="2015-07-23T20:20:58Z" user="Karl Von Bahnhoff" uid="520972" lat="49.3069110" lon="14.1461850"/>
 <node id="3663649787" visible="true" version="1" changeset="32836291" timestamp="2015-07-23T20:20:58Z" user="Karl Von Bahnhoff" uid="520972" lat="49.3070559" lon="14.1443779"/>
 <node id="3663649789" visible="true" version="1" changeset="32836291" timestamp="2015-07-23T20:20:58Z" user="Karl Von Bahnhoff" uid="520972" lat="49.3076518" lon="14.1458101"/>
 <node id="3663649790" visible="true" version="1" changeset="32836291" timestamp="2015-07-23T20:20:58Z" user="Karl Von Bahnhoff" uid="520972" lat="49.3077144" lon="14.1457420"/>
 <node id="3663649791" visible="true" version="1" changeset="32836291" timestamp="2015-07-23T20:20:58Z" user="Karl Von Bahnhoff" uid="520972" lat="49.3077520" lon="14.1456966"/>
 <node id="3663649792" visible="true" version="1" changeset="32836291" timestamp="2015-07-23T20:20:58Z" user="Karl Von Bahnhoff" uid="520972" lat="49.3078112" lon="14.1460545"/>
 <node id="3663649793" visible="true" version="1" changeset="32836291" timestamp="2015-07-23T20:20:58Z" user="Karl Von Bahnhoff" uid="520972" lat="49.3078317" lon="14.1457001"/>
 <node id="3663649795" visible="true" version="1" changeset="32836291" timestamp="2015-07-23T20:20:58Z" user="Karl Von Bahnhoff" uid="520972" lat="49.3078852" lon="14.1457140"/>
 <node id="3663649796" visible="true" version="1" changeset="32836291" timestamp="2015-07-23T20:20:58Z" user="Karl Von Bahnhoff" uid="520972" lat="49.3078874" lon="14.1460231"/>
 <node id="3663649797" visible="true" version="1" changeset="32836291" timestamp="2015-07-23T20:20:58Z" user="Karl Von Bahnhoff" uid="520972" lat="49.3079330" lon="14.1457455"/>
 <node id="3663649798" visible="true" version="1" changeset="32836291" timestamp="2015-07-23T20:20:58Z" user="Karl Von Bahnhoff" uid="520972" lat="49.3079282" lon="14.1463521"/>
 <node id="3663649799" visible="true" version="1" changeset="32836291" timestamp="2015-07-23T20:20:58Z" user="Karl Von Bahnhoff" uid="520972" lat="49.3079751" lon="14.1458031"/>
 <node id="3663649800" visible="true" version="1" changeset="32836291" timestamp="2015-07-23T20:20:58Z" user="Karl Von Bahnhoff" uid="520972" lat="49.3079808" lon="14.1460143"/>
 <node id="3663649801" visible="true" version="1" changeset="32836291" timestamp="2015-07-23T20:20:58Z" user="Karl Von Bahnhoff" uid="520972" lat="49.3080092" lon="14.1458904"/>
 <node id="3663649802" visible="true" version="1" changeset="32836291" timestamp="2015-07-23T20:20:58Z" user="Karl Von Bahnhoff" uid="520972" lat="49.3080172" lon="14.1459620"/>
 <node id="3663649810" visible="true" version="1" changeset="32836291" timestamp="2015-07-23T20:20:58Z" user="Karl Von Bahnhoff" uid="520972" lat="49.3087675" lon="14.1502569"/>
 <node id="3663649811" visible="true" version="2" changeset="33027314" timestamp="2015-08-01T09:59:51Z" user="Minimalis" uid="665336" lat="49.3087827" lon="14.1502735"/>
 <node id="3663649816" visible="true" version="2" changeset="33027314" timestamp="2015-08-01T09:59:51Z" user="Minimalis" uid="665336" lat="49.3088877" lon="14.1503759"/>
 <node id="3663649817" visible="true" version="1" changeset="32836291" timestamp="2015-07-23T20:20:58Z" user="Karl Von Bahnhoff" uid="520972" lat="49.3089212" lon="14.1504070"/>
 <node id="3663649818" visible="true" version="1" changeset="32836291" timestamp="2015-07-23T20:20:58Z" user="Karl Von Bahnhoff" uid="520972" lat="49.3090262" lon="14.1461952"/>
 <node id="3663649824" visible="true" version="1" changeset="32836291" timestamp="2015-07-23T20:20:58Z" user="Karl Von Bahnhoff" uid="520972" lat="49.3091808" lon="14.1460667"/>
 <node id="3663654826" visible="true" version="1" changeset="32836291" timestamp="2015-07-23T20:20:58Z" user="Karl Von Bahnhoff" uid="520972" lat="49.3094335" lon="14.1461610"/>
 <node id="3663654829" visible="true" version="1" changeset="32836291" timestamp="2015-07-23T20:20:58Z" user="Karl Von Bahnhoff" uid="520972" lat="49.3102066" lon="14.1473073"/>
 <node id="3663654830" visible="true" version="1" changeset="32836291" timestamp="2015-07-23T20:20:58Z" user="Karl Von Bahnhoff" uid="520972" lat="49.3105402" lon="14.1460715"/>
 <node id="3663654832" visible="true" version="2" changeset="39324153" timestamp="2016-05-15T04:52:14Z" user="Michal Vinárek" uid="3108884" lat="49.3108045" lon="14.1464612"/>
 <node id="3674136427" visible="true" version="1" changeset="32995926" timestamp="2015-07-30T22:36:12Z" user="Michal Vinárek" uid="3108884" lat="49.3123325" lon="14.1462031"/>
 <node id="3674136428" visible="true" version="1" changeset="32995926" timestamp="2015-07-30T22:36:12Z" user="Michal Vinárek" uid="3108884" lat="49.3122632" lon="14.1458503"/>
 <node id="3674170473" visible="true" version="1" changeset="32996258" timestamp="2015-07-30T23:09:54Z" user="Michal Vinárek" uid="3108884" lat="49.3095799" lon="14.1510957"/>
 <node id="3674170474" visible="true" version="1" changeset="32996258" timestamp="2015-07-30T23:09:54Z" user="Michal Vinárek" uid="3108884" lat="49.3096744" lon="14.1511421"/>
 <node id="3674170475" visible="true" version="1" changeset="32996258" timestamp="2015-07-30T23:09:54Z" user="Michal Vinárek" uid="3108884" lat="49.3099354" lon="14.1512234"/>
 <node id="3674170476" visible="true" version="1" changeset="32996258" timestamp="2015-07-30T23:09:54Z" user="Michal Vinárek" uid="3108884" lat="49.3101637" lon="14.1512701"/>
 <node id="3674170477" visible="true" version="2" changeset="33015804" timestamp="2015-07-31T19:05:18Z" user="Michal Vinárek" uid="3108884" lat="49.3104562" lon="14.1513218"/>
 <node id="3674170478" visible="true" version="1" changeset="32996258" timestamp="2015-07-30T23:09:54Z" user="Michal Vinárek" uid="3108884" lat="49.3104454" lon="14.1514546"/>
 <node id="3674170479" visible="true" version="1" changeset="32996258" timestamp="2015-07-30T23:09:54Z" user="Michal Vinárek" uid="3108884" lat="49.3104515" lon="14.1515760"/>
 <node id="3674170480" visible="true" version="1" changeset="32996258" timestamp="2015-07-30T23:09:54Z" user="Michal Vinárek" uid="3108884" lat="49.3104789" lon="14.1516811"/>
 <node id="3674170481" visible="true" version="1" changeset="32996258" timestamp="2015-07-30T23:09:54Z" user="Michal Vinárek" uid="3108884" lat="49.3105535" lon="14.1518142"/>
 <node id="3674170482" visible="true" version="1" changeset="32996258" timestamp="2015-07-30T23:09:54Z" user="Michal Vinárek" uid="3108884" lat="49.3105885" lon="14.1518492"/>
 <node id="3674170483" visible="true" version="1" changeset="32996258" timestamp="2015-07-30T23:09:54Z" user="Michal Vinárek" uid="3108884" lat="49.3108351" lon="14.1519146"/>
 <node id="3674170484" visible="true" version="1" changeset="32996258" timestamp="2015-07-30T23:09:54Z" user="Michal Vinárek" uid="3108884" lat="49.3111121" lon="14.1519963"/>
 <node id="3674170485" visible="true" version="1" changeset="32996258" timestamp="2015-07-30T23:09:54Z" user="Michal Vinárek" uid="3108884" lat="49.3112595" lon="14.1520444"/>
 <node id="3674170486" visible="true" version="1" changeset="32996258" timestamp="2015-07-30T23:09:54Z" user="Michal Vinárek" uid="3108884" lat="49.3104963" lon="14.1528026"/>
 <node id="3674170490" visible="true" version="1" changeset="32996258" timestamp="2015-07-30T23:09:54Z" user="Michal Vinárek" uid="3108884" lat="49.3105693" lon="14.1518300"/>
 <node id="3674170491" visible="true" version="1" changeset="32996258" timestamp="2015-07-30T23:09:54Z" user="Michal Vinárek" uid="3108884" lat="49.3118432" lon="14.1493805"/>
 <node id="3674170492" visible="true" version="1" changeset="32996258" timestamp="2015-07-30T23:09:54Z" user="Michal Vinárek" uid="3108884" lat="49.3116056" lon="14.1500572"/>
 <node id="3674170493" visible="true" version="1" changeset="32996258" timestamp="2015-07-30T23:09:54Z" user="Michal Vinárek" uid="3108884" lat="49.3115628" lon="14.1503724"/>
 <node id="3674170494" visible="true" version="1" changeset="32996258" timestamp="2015-07-30T23:09:54Z" user="Michal Vinárek" uid="3108884" lat="49.3115340" lon="14.1506446"/>
 <node id="3674170495" visible="true" version="1" changeset="32996258" timestamp="2015-07-30T23:09:54Z" user="Michal Vinárek" uid="3108884" lat="49.3115182" lon="14.1507264"/>
 <node id="3674170496" visible="true" version="1" changeset="32996258" timestamp="2015-07-30T23:09:54Z" user="Michal Vinárek" uid="3108884" lat="49.3114911" lon="14.1507801"/>
 <node id="3674170497" visible="true" version="1" changeset="32996258" timestamp="2015-07-30T23:09:54Z" user="Michal Vinárek" uid="3108884" lat="49.3114588" lon="14.1508082"/>
 <node id="3674170498" visible="true" version="1" changeset="32996258" timestamp="2015-07-30T23:09:54Z" user="Michal Vinárek" uid="3108884" lat="49.3114133" lon="14.1508002"/>
 <node id="3674170499" visible="true" version="1" changeset="32996258" timestamp="2015-07-30T23:09:54Z" user="Michal Vinárek" uid="3108884" lat="49.3112287" lon="14.1507423"/>
 <node id="3674170500" visible="true" version="1" changeset="32996258" timestamp="2015-07-30T23:09:54Z" user="Michal Vinárek" uid="3108884" lat="49.3110811" lon="14.1507016"/>
 <node id="3674170501" visible="true" version="1" changeset="32996258" timestamp="2015-07-30T23:09:54Z" user="Michal Vinárek" uid="3108884" lat="49.3108884" lon="14.1506627"/>
 <node id="3674170502" visible="true" version="1" changeset="32996258" timestamp="2015-07-30T23:09:54Z" user="Michal Vinárek" uid="3108884" lat="49.3107569" lon="14.1506379"/>
 <node id="3674170503" visible="true" version="1" changeset="32996258" timestamp="2015-07-30T23:09:54Z" user="Michal Vinárek" uid="3108884" lat="49.3106438" lon="14.1506149"/>
 <node id="3674170504" visible="true" version="1" changeset="32996258" timestamp="2015-07-30T23:09:54Z" user="Michal Vinárek" uid="3108884" lat="49.3105734" lon="14.1506167"/>
 <node id="3674170505" visible="true" version="1" changeset="32996258" timestamp="2015-07-30T23:09:54Z" user="Michal Vinárek" uid="3108884" lat="49.3105342" lon="14.1506520"/>
 <node id="3674170506" visible="true" version="1" changeset="32996258" timestamp="2015-07-30T23:09:54Z" user="Michal Vinárek" uid="3108884" lat="49.3105100" lon="14.1506892"/>
 <node id="3674170507" visible="true" version="1" changeset="32996258" timestamp="2015-07-30T23:09:54Z" user="Michal Vinárek" uid="3108884" lat="49.3104950" lon="14.1507635"/>
 <node id="3674170508" visible="true" version="1" changeset="32996258" timestamp="2015-07-30T23:09:54Z" user="Michal Vinárek" uid="3108884" lat="49.3104904" lon="14.1509228"/>
 <node id="3674170509" visible="true" version="1" changeset="32996258" timestamp="2015-07-30T23:09:54Z" user="Michal Vinárek" uid="3108884" lat="49.3104881" lon="14.1510714"/>
 <node id="3674170510" visible="true" version="1" changeset="32996258" timestamp="2015-07-30T23:09:54Z" user="Michal Vinárek" uid="3108884" lat="49.3104765" lon="14.1511882"/>
 <node id="3674170511" visible="true" version="1" changeset="32996258" timestamp="2015-07-30T23:09:54Z" user="Michal Vinárek" uid="3108884" lat="49.3104604" lon="14.1512785"/>
 <node id="3674172407" visible="true" version="1" changeset="32996258" timestamp="2015-07-30T23:09:56Z" user="Michal Vinárek" uid="3108884" lat="49.3128400" lon="14.1456696"/>
 <node id="3674172410" visible="true" version="1" changeset="32996258" timestamp="2015-07-30T23:09:56Z" user="Michal Vinárek" uid="3108884" lat="49.3098586" lon="14.1495785"/>
 <node id="3674172411" visible="true" version="1" changeset="32996258" timestamp="2015-07-30T23:09:56Z" user="Michal Vinárek" uid="3108884" lat="49.3099759" lon="14.1496516"/>
 <node id="3674172412" visible="true" version="1" changeset="32996258" timestamp="2015-07-30T23:09:56Z" user="Michal Vinárek" uid="3108884" lat="49.3100965" lon="14.1497101"/>
 <node id="3674172413" visible="true" version="1" changeset="32996258" timestamp="2015-07-30T23:09:56Z" user="Michal Vinárek" uid="3108884" lat="49.3101949" lon="14.1497455"/>
 <node id="3674172414" visible="true" version="1" changeset="32996258" timestamp="2015-07-30T23:09:56Z" user="Michal Vinárek" uid="3108884" lat="49.3102270" lon="14.1494220"/>
 <node id="3674172415" visible="true" version="1" changeset="32996258" timestamp="2015-07-30T23:09:56Z" user="Michal Vinárek" uid="3108884" lat="49.3101145" lon="14.1493727"/>
 <node id="3674172416" visible="true" version="1" changeset="32996258" timestamp="2015-07-30T23:09:56Z" user="Michal Vinárek" uid="3108884" lat="49.3100945" lon="14.1494420"/>
 <node id="3674172417" visible="true" version="1" changeset="32996258" timestamp="2015-07-30T23:09:56Z" user="Michal Vinárek" uid="3108884" lat="49.3099184" lon="14.1493318"/>
 <node id="3674201020" visible="true" version="1" changeset="32996634" timestamp="2015-07-30T23:54:37Z" user="Michal Vinárek" uid="3108884" lat="49.3060060" lon="14.1615633"/>
 <node id="3674201021" visible="true" version="1" changeset="32996634" timestamp="2015-07-30T23:54:37Z" user="Michal Vinárek" uid="3108884" lat="49.3059459" lon="14.1616598"/>
 <node id="3674201022" visible="true" version="1" changeset="32996634" timestamp="2015-07-30T23:54:37Z" user="Michal Vinárek" uid="3108884" lat="49.3058567" lon="14.1617188"/>
 <node id="3674201023" visible="true" version="1" changeset="32996634" timestamp="2015-07-30T23:54:37Z" user="Michal Vinárek" uid="3108884" lat="49.3057938" lon="14.1617671"/>
 <node id="3674208868" visible="true" version="1" changeset="32996634" timestamp="2015-07-30T23:54:38Z" user="Michal Vinárek" uid="3108884" lat="49.3038337" lon="14.1588061"/>
 <node id="3674208921" visible="true" version="1" changeset="32996634" timestamp="2015-07-30T23:54:39Z" user="Michal Vinárek" uid="3108884" lat="49.3121419" lon="14.1462241"/>
 <node id="3674208922" visible="true" version="1" changeset="32996634" timestamp="2015-07-30T23:54:39Z" user="Michal Vinárek" uid="3108884" lat="49.3122865" lon="14.1462241"/>
 <node id="3674208923" visible="true" version="1" changeset="32996634" timestamp="2015-07-30T23:54:39Z" user="Michal Vinárek" uid="3108884" lat="49.3123354" lon="14.1462329"/>
 <node id="3675260306" visible="true" version="1" changeset="33013339" timestamp="2015-07-31T17:25:34Z" user="Michal Vinárek" uid="3108884" lat="49.3038405" lon="14.1587113"/>
 <node id="3675382559" visible="true" version="1" changeset="33015804" timestamp="2015-07-31T19:05:10Z" user="Michal Vinárek" uid="3108884" lat="49.3052688" lon="14.1618498"/>
 <node id="3675382560" visible="true" version="1" changeset="33015804" timestamp="2015-07-31T19:05:10Z" user="Michal Vinárek" uid="3108884" lat="49.3049956" lon="14.1618960"/>
 <node id="3675382561" visible="true" version="1" changeset="33015804" timestamp="2015-07-31T19:05:10Z" user="Michal Vinárek" uid="3108884" lat="49.3045214" lon="14.1619853"/>
 <node id="3675382562" visible="true" version="1" changeset="33015804" timestamp="2015-07-31T19:05:10Z" user="Michal Vinárek" uid="3108884" lat="49.3041076" lon="14.1620624"/>
 <node id="3675382563" visible="true" version="1" changeset="33015804" timestamp="2015-07-31T19:05:10Z" user="Michal Vinárek" uid="3108884" lat="49.3036536" lon="14.1621117"/>
 <node id="3675382568" visible="true" version="1" changeset="33015804" timestamp="2015-07-31T19:05:10Z" user="Michal Vinárek" uid="3108884" lat="49.3115853" lon="14.1500368"/>
 <node id="3675382569" visible="true" version="1" changeset="33015804" timestamp="2015-07-31T19:05:10Z" user="Michal Vinárek" uid="3108884" lat="49.3115023" lon="14.1506455"/>
 <node id="3675382570" visible="true" version="1" changeset="33015804" timestamp="2015-07-31T19:05:10Z" user="Michal Vinárek" uid="3108884" lat="49.3114100" lon="14.1507269"/>
 <node id="3675382571" visible="true" version="1" changeset="33015804" timestamp="2015-07-31T19:05:10Z" user="Michal Vinárek" uid="3108884" lat="49.3107945" lon="14.1505235"/>
 <node id="3675382572" visible="true" version="1" changeset="33015804" timestamp="2015-07-31T19:05:10Z" user="Michal Vinárek" uid="3108884" lat="49.3107876" lon="14.1506130"/>
 <node id="3675382573" visible="true" version="1" changeset="33015804" timestamp="2015-07-31T19:05:10Z" user="Michal Vinárek" uid="3108884" lat="49.3105513" lon="14.1505698"/>
 <node id="3675382574" visible="true" version="1" changeset="33015804" timestamp="2015-07-31T19:05:10Z" user="Michal Vinárek" uid="3108884" lat="49.3105684" lon="14.1503503"/>
 <node id="3675382575" visible="true" version="1" changeset="33015804" timestamp="2015-07-31T19:05:10Z" user="Michal Vinárek" uid="3108884" lat="49.3103578" lon="14.1502880"/>
 <node id="3675382576" visible="true" version="1" changeset="33015804" timestamp="2015-07-31T19:05:10Z" user="Michal Vinárek" uid="3108884" lat="49.3102955" lon="14.1508472"/>
 <node id="3675382577" visible="true" version="1" changeset="33015804" timestamp="2015-07-31T19:05:10Z" user="Michal Vinárek" uid="3108884" lat="49.3100924" lon="14.1508083"/>
 <node id="3675382578" visible="true" version="1" changeset="33015804" timestamp="2015-07-31T19:05:10Z" user="Michal Vinárek" uid="3108884" lat="49.3100106" lon="14.1512390"/>
 <node id="3675382579" visible="true" version="1" changeset="33015804" timestamp="2015-07-31T19:05:10Z" user="Michal Vinárek" uid="3108884" lat="49.3099655" lon="14.1516223"/>
 <node id="3675382580" visible="true" version="1" changeset="33015804" timestamp="2015-07-31T19:05:10Z" user="Michal Vinárek" uid="3108884" lat="49.3104224" lon="14.1517604"/>
 <node id="3675382581" visible="true" version="1" changeset="33015804" timestamp="2015-07-31T19:05:10Z" user="Michal Vinárek" uid="3108884" lat="49.3105193" lon="14.1519727"/>
 <node id="3675382582" visible="true" version="2" changeset="37118600" timestamp="2016-02-10T07:51:48Z" user="JandaM" uid="2169558" lat="49.3104626" lon="14.1526695"/>
 <node id="3675382584" visible="true" version="2" changeset="37118600" timestamp="2016-02-10T07:51:48Z" user="JandaM" uid="2169558" lat="49.3105599" lon="14.1525087"/>
 <node id="3675382585" visible="true" version="1" changeset="33015804" timestamp="2015-07-31T19:05:11Z" user="Michal Vinárek" uid="3108884" lat="49.3105951" lon="14.1519966"/>
 <node id="3675382586" visible="true" version="1" changeset="33015804" timestamp="2015-07-31T19:05:11Z" user="Michal Vinárek" uid="3108884" lat="49.3107402" lon="14.1520422"/>
 <node id="3675382587" visible="true" version="1" changeset="33015804" timestamp="2015-07-31T19:05:11Z" user="Michal Vinárek" uid="3108884" lat="49.3113907" lon="14.1522809"/>
 <node id="3675382588" visible="true" version="1" changeset="33015804" timestamp="2015-07-31T19:05:11Z" user="Michal Vinárek" uid="3108884" lat="49.3114134" lon="14.1520851"/>
 <node id="3675382589" visible="true" version="1" changeset="33015804" timestamp="2015-07-31T19:05:11Z" user="Michal Vinárek" uid="3108884" lat="49.3114666" lon="14.1515756"/>
 <node id="3675382590" visible="true" version="1" changeset="33015804" timestamp="2015-07-31T19:05:11Z" user="Michal Vinárek" uid="3108884" lat="49.3113977" lon="14.1515553"/>
 <node id="3675382591" visible="true" version="2" changeset="37118600" timestamp="2016-02-10T07:51:48Z" user="JandaM" uid="2169558" lat="49.3114606" lon="14.1511040"/>
 <node id="3675382592" visible="true" version="2" changeset="37118600" timestamp="2016-02-10T07:51:48Z" user="JandaM" uid="2169558" lat="49.3115399" lon="14.1511307"/>
 <node id="3675382593" visible="true" version="2" changeset="37118600" timestamp="2016-02-10T07:51:48Z" user="JandaM" uid="2169558" lat="49.3115571" lon="14.1510114"/>
 <node id="3675382594" visible="true" version="2" changeset="36240660" timestamp="2015-12-29T13:09:39Z" user="Michal Vinárek" uid="3108884" lat="49.3116305" lon="14.1505547"/>
 <node id="3675382595" visible="true" version="1" changeset="33015804" timestamp="2015-07-31T19:05:11Z" user="Michal Vinárek" uid="3108884" lat="49.3116397" lon="14.1500232"/>
 <node id="3675382596" visible="true" version="1" changeset="33015804" timestamp="2015-07-31T19:05:11Z" user="Michal Vinárek" uid="3108884" lat="49.3116747" lon="14.1498932"/>
 <node id="3675382597" visible="true" version="1" changeset="33015804" timestamp="2015-07-31T19:05:11Z" user="Michal Vinárek" uid="3108884" lat="49.3116767" lon="14.1498993"/>
 <node id="3675382598" visible="true" version="2" changeset="36240660" timestamp="2015-12-29T13:09:39Z" user="Michal Vinárek" uid="3108884" lat="49.3100053" lon="14.1512132"/>
 <node id="3675382599" visible="true" version="1" changeset="33015804" timestamp="2015-07-31T19:05:11Z" user="Michal Vinárek" uid="3108884" lat="49.3096809" lon="14.1511098"/>
 <node id="3675382600" visible="true" version="1" changeset="33015804" timestamp="2015-07-31T19:05:11Z" user="Michal Vinárek" uid="3108884" lat="49.3099946" lon="14.1512687"/>
 <node id="3675382601" visible="true" version="1" changeset="33015804" timestamp="2015-07-31T19:05:11Z" user="Michal Vinárek" uid="3108884" lat="49.3096719" lon="14.1511543"/>
 <node id="3675382602" visible="true" version="1" changeset="33015804" timestamp="2015-07-31T19:05:11Z" user="Michal Vinárek" uid="3108884" lat="49.3105694" lon="14.1513325"/>
 <node id="3675382603" visible="true" version="1" changeset="33015804" timestamp="2015-07-31T19:05:11Z" user="Michal Vinárek" uid="3108884" lat="49.3104654" lon="14.1512503"/>
 <node id="3675382604" visible="true" version="1" changeset="33015804" timestamp="2015-07-31T19:05:11Z" user="Michal Vinárek" uid="3108884" lat="49.3105719" lon="14.1512634"/>
 <node id="3675382605" visible="true" version="1" changeset="33015804" timestamp="2015-07-31T19:05:11Z" user="Michal Vinárek" uid="3108884" lat="49.3112934" lon="14.1507626"/>
 <node id="3675382608" visible="true" version="2" changeset="37118600" timestamp="2016-02-10T07:51:48Z" user="JandaM" uid="2169558" lat="49.3111942" lon="14.1511080"/>
 <node id="3675382609" visible="true" version="1" changeset="33015804" timestamp="2015-07-31T19:05:11Z" user="Michal Vinárek" uid="3108884" lat="49.3105740" lon="14.1516574"/>
 <node id="3675382610" visible="true" version="1" changeset="33015804" timestamp="2015-07-31T19:05:11Z" user="Michal Vinárek" uid="3108884" lat="49.3100248" lon="14.1512823"/>
 <node id="3675382611" visible="true" version="1" changeset="33015804" timestamp="2015-07-31T19:05:11Z" user="Michal Vinárek" uid="3108884" lat="49.3104218" lon="14.1513547"/>
 <node id="3675382612" visible="true" version="1" changeset="33015804" timestamp="2015-07-31T19:05:11Z" user="Michal Vinárek" uid="3108884" lat="49.3103956" lon="14.1516819"/>
 <node id="3675382613" visible="true" version="1" changeset="33015804" timestamp="2015-07-31T19:05:11Z" user="Michal Vinárek" uid="3108884" lat="49.3099986" lon="14.1516095"/>
 <node id="3675382614" visible="true" version="1" changeset="33015804" timestamp="2015-07-31T19:05:11Z" user="Michal Vinárek" uid="3108884" lat="49.3100913" lon="14.1508880"/>
 <node id="3675382615" visible="true" version="1" changeset="33015804" timestamp="2015-07-31T19:05:11Z" user="Michal Vinárek" uid="3108884" lat="49.3103763" lon="14.1509309"/>
 <node id="3675382616" visible="true" version="1" changeset="33015804" timestamp="2015-07-31T19:05:11Z" user="Michal Vinárek" uid="3108884" lat="49.3103553" lon="14.1511857"/>
 <node id="3675382617" visible="true" version="1" changeset="33015804" timestamp="2015-07-31T19:05:11Z" user="Michal Vinárek" uid="3108884" lat="49.3100651" lon="14.1511428"/>
 <node id="3675382618" visible="true" version="1" changeset="33015804" timestamp="2015-07-31T19:05:11Z" user="Michal Vinárek" uid="3108884" lat="49.3105863" lon="14.1503221"/>
 <node id="3675382619" visible="true" version="1" changeset="33015804" timestamp="2015-07-31T19:05:11Z" user="Michal Vinárek" uid="3108884" lat="49.3108723" lon="14.1503892"/>
 <node id="3675382620" visible="true" version="1" changeset="33015804" timestamp="2015-07-31T19:05:11Z" user="Michal Vinárek" uid="3108884" lat="49.3109011" lon="14.1501000"/>
 <node id="3675382621" visible="true" version="1" changeset="33015804" timestamp="2015-07-31T19:05:11Z" user="Michal Vinárek" uid="3108884" lat="49.3106151" lon="14.1500330"/>
 <node id="3675382622" visible="true" version="1" changeset="33015804" timestamp="2015-07-31T19:05:11Z" user="Michal Vinárek" uid="3108884" lat="49.3108046" lon="14.1503936"/>
 <node id="3675382623" visible="true" version="1" changeset="33015804" timestamp="2015-07-31T19:05:11Z" user="Michal Vinárek" uid="3108884" lat="49.3109983" lon="14.1505867"/>
 <node id="3675390126" visible="true" version="1" changeset="33015804" timestamp="2015-07-31T19:05:11Z" user="Michal Vinárek" uid="3108884" lat="49.3112275" lon="14.1506693"/>
 <node id="3675714426" visible="true" version="1" changeset="33021888" timestamp="2015-07-31T23:40:04Z" user="Michal Vinárek" uid="3108884" lat="49.3192776" lon="14.1447382"/>
 <node id="3675715162" visible="true" version="1" changeset="33021948" timestamp="2015-07-31T23:47:45Z" user="Michal Vinárek" uid="3108884" lat="49.3066846" lon="14.1509931"/>
 <node id="3675715163" visible="true" version="1" changeset="33021948" timestamp="2015-07-31T23:47:45Z" user="Michal Vinárek" uid="3108884" lat="49.3105764" lon="14.1510896"/>
 <node id="3675715164" visible="true" version="1" changeset="33021948" timestamp="2015-07-31T23:47:46Z" user="Michal Vinárek" uid="3108884" lat="49.3107440" lon="14.1511104"/>
 <node id="3675715165" visible="true" version="1" changeset="33021948" timestamp="2015-07-31T23:47:46Z" user="Michal Vinárek" uid="3108884" lat="49.3107317" lon="14.1516867"/>
 <node id="3675715166" visible="true" version="1" changeset="33021948" timestamp="2015-07-31T23:47:46Z" user="Michal Vinárek" uid="3108884" lat="49.3107191" lon="14.1516843"/>
 <node id="3675715167" visible="true" version="1" changeset="33021948" timestamp="2015-07-31T23:47:46Z" user="Michal Vinárek" uid="3108884" lat="49.3107085" lon="14.1518810"/>
 <node id="3676145427" visible="true" version="1" changeset="33027314" timestamp="2015-08-01T09:59:01Z" user="Minimalis" uid="665336" lat="49.3081153" lon="14.1497267"/>
 <node id="3676145428" visible="true" version="1" changeset="33027314" timestamp="2015-08-01T09:59:01Z" user="Minimalis" uid="665336" lat="49.3081233" lon="14.1497292"/>
 <node id="3676145429" visible="true" version="1" changeset="33027314" timestamp="2015-08-01T09:59:01Z" user="Minimalis" uid="665336" lat="49.3081236" lon="14.1497272"/>
 <node id="3676145430" visible="true" version="1" changeset="33027314" timestamp="2015-08-01T09:59:01Z" user="Minimalis" uid="665336" lat="49.3081259" lon="14.1499342"/>
 <node id="3676145431" visible="true" version="1" changeset="33027314" timestamp="2015-08-01T09:59:01Z" user="Minimalis" uid="665336" lat="49.3081473" lon="14.1497362"/>
 <node id="3676145432" visible="true" version="1" changeset="33027314" timestamp="2015-08-01T09:59:01Z" user="Minimalis" uid="665336" lat="49.3081475" lon="14.1497341"/>
 <node id="3676145433" visible="true" version="1" changeset="33027314" timestamp="2015-08-01T09:59:01Z" user="Minimalis" uid="665336" lat="49.3081551" lon="14.1497385"/>
 <node id="3676145434" visible="true" version="1" changeset="33027314" timestamp="2015-08-01T09:59:01Z" user="Minimalis" uid="665336" lat="49.3081554" lon="14.1497364"/>
 <node id="3676145435" visible="true" version="1" changeset="33027314" timestamp="2015-08-01T09:59:01Z" user="Minimalis" uid="665336" lat="49.3081789" lon="14.1499498"/>
 <node id="3676145436" visible="true" version="1" changeset="33027314" timestamp="2015-08-01T09:59:01Z" user="Minimalis" uid="665336" lat="49.3081792" lon="14.1499474"/>
 <node id="3676145437" visible="true" version="1" changeset="33027314" timestamp="2015-08-01T09:59:01Z" user="Minimalis" uid="665336" lat="49.3082350" lon="14.1502102"/>
 <node id="3676145438" visible="true" version="1" changeset="33027314" timestamp="2015-08-01T09:59:01Z" user="Minimalis" uid="665336" lat="49.3082414" lon="14.1497639"/>
 <node id="3676145439" visible="true" version="1" changeset="33027314" timestamp="2015-08-01T09:59:01Z" user="Minimalis" uid="665336" lat="49.3082417" lon="14.1497618"/>
 <node id="3676145440" visible="true" version="1" changeset="33027314" timestamp="2015-08-01T09:59:01Z" user="Minimalis" uid="665336" lat="49.3082493" lon="14.1497662"/>
 <node id="3676145441" visible="true" version="1" changeset="33027314" timestamp="2015-08-01T09:59:01Z" user="Minimalis" uid="665336" lat="49.3082496" lon="14.1497642"/>
 <node id="3676145442" visible="true" version="1" changeset="33027314" timestamp="2015-08-01T09:59:02Z" user="Minimalis" uid="665336" lat="49.3083119" lon="14.1500790"/>
 <node id="3676145443" visible="true" version="1" changeset="33027314" timestamp="2015-08-01T09:59:02Z" user="Minimalis" uid="665336" lat="49.3083128" lon="14.1500531"/>
 <node id="3676145444" visible="true" version="1" changeset="33027314" timestamp="2015-08-01T09:59:02Z" user="Minimalis" uid="665336" lat="49.3083141" lon="14.1500442"/>
 <node id="3676145445" visible="true" version="1" changeset="33027314" timestamp="2015-08-01T09:59:02Z" user="Minimalis" uid="665336" lat="49.3083156" lon="14.1500540"/>
 <node id="3676145446" visible="true" version="1" changeset="33027314" timestamp="2015-08-01T09:59:02Z" user="Minimalis" uid="665336" lat="49.3083169" lon="14.1500451"/>
 <node id="3676145447" visible="true" version="1" changeset="33027314" timestamp="2015-08-01T09:59:02Z" user="Minimalis" uid="665336" lat="49.3083170" lon="14.1501213"/>
 <node id="3676145448" visible="true" version="1" changeset="33027314" timestamp="2015-08-01T09:59:02Z" user="Minimalis" uid="665336" lat="49.3083177" lon="14.1500192"/>
 <node id="3676145449" visible="true" version="1" changeset="33027314" timestamp="2015-08-01T09:59:02Z" user="Minimalis" uid="665336" lat="49.3083191" lon="14.1500103"/>
 <node id="3676145450" visible="true" version="1" changeset="33027314" timestamp="2015-08-01T09:59:02Z" user="Minimalis" uid="665336" lat="49.3083206" lon="14.1500202"/>
 <node id="3676145451" visible="true" version="1" changeset="33027314" timestamp="2015-08-01T09:59:02Z" user="Minimalis" uid="665336" lat="49.3083219" lon="14.1500113"/>
 <node id="3676145452" visible="true" version="1" changeset="33027314" timestamp="2015-08-01T09:59:02Z" user="Minimalis" uid="665336" lat="49.3083699" lon="14.1500288"/>
 <node id="3676145453" visible="true" version="1" changeset="33027314" timestamp="2015-08-01T09:59:02Z" user="Minimalis" uid="665336" lat="49.3084388" lon="14.1498107"/>
 <node id="3676145454" visible="true" version="1" changeset="33027314" timestamp="2015-08-01T09:59:02Z" user="Minimalis" uid="665336" lat="49.3084390" lon="14.1498086"/>
 <node id="3676145455" visible="true" version="1" changeset="33027314" timestamp="2015-08-01T09:59:02Z" user="Minimalis" uid="665336" lat="49.3084728" lon="14.1498453"/>
 <node id="3676145456" visible="true" version="1" changeset="33027314" timestamp="2015-08-01T09:59:02Z" user="Minimalis" uid="665336" lat="49.3084744" lon="14.1498437"/>
 <node id="3676145457" visible="true" version="1" changeset="33027314" timestamp="2015-08-01T09:59:02Z" user="Minimalis" uid="665336" lat="49.3085778" lon="14.1502154"/>
 <node id="3676145458" visible="true" version="1" changeset="33027314" timestamp="2015-08-01T09:59:02Z" user="Minimalis" uid="665336" lat="49.3085913" lon="14.1501880"/>
 <node id="3676145459" visible="true" version="1" changeset="33027314" timestamp="2015-08-01T09:59:02Z" user="Minimalis" uid="665336" lat="49.3085937" lon="14.1502299"/>
 <node id="3676145460" visible="true" version="1" changeset="33027314" timestamp="2015-08-01T09:59:02Z" user="Minimalis" uid="665336" lat="49.3087089" lon="14.1504931"/>
 <node id="3676145461" visible="true" version="1" changeset="33027314" timestamp="2015-08-01T09:59:02Z" user="Minimalis" uid="665336" lat="49.3087799" lon="14.1498978"/>
 <node id="3676145462" visible="true" version="1" changeset="33027314" timestamp="2015-08-01T09:59:02Z" user="Minimalis" uid="665336" lat="49.3087855" lon="14.1498857"/>
 <node id="3676145463" visible="true" version="1" changeset="33027314" timestamp="2015-08-01T09:59:02Z" user="Minimalis" uid="665336" lat="49.3087981" lon="14.1499105"/>
 <node id="3676145464" visible="true" version="1" changeset="33027314" timestamp="2015-08-01T09:59:02Z" user="Minimalis" uid="665336" lat="49.3088038" lon="14.1498976"/>
 <node id="3676145465" visible="true" version="1" changeset="33027314" timestamp="2015-08-01T09:59:02Z" user="Minimalis" uid="665336" lat="49.3088628" lon="14.1495840"/>
 <node id="3676145466" visible="true" version="1" changeset="33027314" timestamp="2015-08-01T09:59:02Z" user="Minimalis" uid="665336" lat="49.3088646" lon="14.1495847"/>
 <node id="3676145467" visible="true" version="1" changeset="33027314" timestamp="2015-08-01T09:59:02Z" user="Minimalis" uid="665336" lat="49.3089415" lon="14.1497775"/>
 <node id="3676145468" visible="true" version="1" changeset="33027314" timestamp="2015-08-01T09:59:02Z" user="Minimalis" uid="665336" lat="49.3089528" lon="14.1494037"/>
 <node id="3676145469" visible="true" version="1" changeset="33027314" timestamp="2015-08-01T09:59:02Z" user="Minimalis" uid="665336" lat="49.3089531" lon="14.1494010"/>
 <node id="3676145470" visible="true" version="1" changeset="33027314" timestamp="2015-08-01T09:59:02Z" user="Minimalis" uid="665336" lat="49.3089769" lon="14.1485536"/>
 <node id="3676145471" visible="true" version="1" changeset="33027314" timestamp="2015-08-01T09:59:02Z" user="Minimalis" uid="665336" lat="49.3089945" lon="14.1494141"/>
 <node id="3676145472" visible="true" version="1" changeset="33027314" timestamp="2015-08-01T09:59:02Z" user="Minimalis" uid="665336" lat="49.3089948" lon="14.1494114"/>
 <node id="3676145473" visible="true" version="1" changeset="33027314" timestamp="2015-08-01T09:59:02Z" user="Minimalis" uid="665336" lat="49.3090490" lon="14.1492294"/>
 <node id="3676145474" visible="true" version="1" changeset="33027314" timestamp="2015-08-01T09:59:02Z" user="Minimalis" uid="665336" lat="49.3090521" lon="14.1492303"/>
 <node id="3676145475" visible="true" version="1" changeset="33027314" timestamp="2015-08-01T09:59:02Z" user="Minimalis" uid="665336" lat="49.3090963" lon="14.1494439"/>
 <node id="3676145476" visible="true" version="1" changeset="33027314" timestamp="2015-08-01T09:59:02Z" user="Minimalis" uid="665336" lat="49.3090990" lon="14.1488347"/>
 <node id="3676145477" visible="true" version="1" changeset="33027314" timestamp="2015-08-01T09:59:02Z" user="Minimalis" uid="665336" lat="49.3091032" lon="14.1488362"/>
 <node id="3676145478" visible="true" version="1" changeset="33027314" timestamp="2015-08-01T09:59:02Z" user="Minimalis" uid="665336" lat="49.3091279" lon="14.1492728"/>
 <node id="3676145479" visible="true" version="2" changeset="39324153" timestamp="2016-05-15T04:52:13Z" user="Michal Vinárek" uid="3108884" lat="49.3091374" lon="14.1483917"/>
 <node id="3676145480" visible="true" version="1" changeset="33027314" timestamp="2015-08-01T09:59:02Z" user="Minimalis" uid="665336" lat="49.3091612" lon="14.1492784"/>
 <node id="3676145481" visible="true" version="1" changeset="33027314" timestamp="2015-08-01T09:59:02Z" user="Minimalis" uid="665336" lat="49.3091655" lon="14.1492816"/>
 <node id="3676145482" visible="true" version="1" changeset="33027314" timestamp="2015-08-01T09:59:02Z" user="Minimalis" uid="665336" lat="49.3091794" lon="14.1485625"/>
 <node id="3676145483" visible="true" version="1" changeset="33027314" timestamp="2015-08-01T09:59:02Z" user="Minimalis" uid="665336" lat="49.3091835" lon="14.1485645"/>
 <node id="3676145484" visible="true" version="1" changeset="33027314" timestamp="2015-08-01T09:59:02Z" user="Minimalis" uid="665336" lat="49.3092008" lon="14.1494977"/>
 <node id="3676145486" visible="true" version="1" changeset="33027314" timestamp="2015-08-01T09:59:02Z" user="Minimalis" uid="665336" lat="49.3092218" lon="14.1489388"/>
 <node id="3676145487" visible="true" version="1" changeset="33027314" timestamp="2015-08-01T09:59:02Z" user="Minimalis" uid="665336" lat="49.3092420" lon="14.1488181"/>
 <node id="3676145488" visible="true" version="1" changeset="33027314" timestamp="2015-08-01T09:59:02Z" user="Minimalis" uid="665336" lat="49.3092523" lon="14.1487723"/>
 <node id="3676145489" visible="true" version="1" changeset="33027314" timestamp="2015-08-01T09:59:02Z" user="Minimalis" uid="665336" lat="49.3093796" lon="14.1487358"/>
 <node id="3676145490" visible="true" version="1" changeset="33027314" timestamp="2015-08-01T09:59:02Z" user="Minimalis" uid="665336" lat="49.3093807" lon="14.1487364"/>
 <node id="3676145492" visible="true" version="1" changeset="33027314" timestamp="2015-08-01T09:59:02Z" user="Minimalis" uid="665336" lat="49.3106023" lon="14.1490455"/>
 <node id="3676145493" visible="true" version="1" changeset="33027314" timestamp="2015-08-01T09:59:02Z" user="Minimalis" uid="665336" lat="49.3106028" lon="14.1490273"/>
 <node id="3676145494" visible="true" version="1" changeset="33027314" timestamp="2015-08-01T09:59:02Z" user="Minimalis" uid="665336" lat="49.3106095" lon="14.1490819"/>
 <node id="3676145495" visible="true" version="1" changeset="33027314" timestamp="2015-08-01T09:59:02Z" user="Minimalis" uid="665336" lat="49.3106246" lon="14.1488257"/>
 <node id="3676145501" visible="true" version="1" changeset="33027314" timestamp="2015-08-01T09:59:03Z" user="Minimalis" uid="665336" lat="49.3108586" lon="14.1492021"/>
 <node id="3676145502" visible="true" version="1" changeset="33027314" timestamp="2015-08-01T09:59:03Z" user="Minimalis" uid="665336" lat="49.3108618" lon="14.1492091"/>
 <node id="3676145503" visible="true" version="1" changeset="33027314" timestamp="2015-08-01T09:59:03Z" user="Minimalis" uid="665336" lat="49.3108638" lon="14.1492094"/>
 <node id="3676145504" visible="true" version="1" changeset="33027314" timestamp="2015-08-01T09:59:03Z" user="Minimalis" uid="665336" lat="49.3108641" lon="14.1492026"/>
 <node id="3728891012" visible="true" version="1" changeset="33788731" timestamp="2015-09-04T08:59:07Z" user="Karl Von Bahnhoff" uid="520972" lat="49.3098054" lon="14.1453246"/>
 <node id="3866747614" visible="true" version="1" changeset="35642850" timestamp="2015-11-29T10:00:47Z" user="Minimalis" uid="665336" lat="49.3088206" lon="14.1516565">
  <tag k="addr:postcode" v="39701"/>
  <tag k="amenity" v="post_office"/>
  <tag k="name" v="Písek 1"/>
  <tag k="opening_hours" v="Mo-Fr 08:00-18:00,Sa 08:00-12:00"/>
  <tag k="operator" v="Česká pošta, s.p."/>
 </node>
 <node id="3916384505" visible="true" version="1" changeset="36240660" timestamp="2015-12-29T13:09:36Z" user="Michal Vinárek" uid="3108884" lat="49.3116252" lon="14.1500689"/>
 <node id="3916384506" visible="true" version="1" changeset="36240660" timestamp="2015-12-29T13:09:36Z" user="Michal Vinárek" uid="3108884" lat="49.3095725" lon="14.1503539"/>
 <node id="3916384511" visible="true" version="1" changeset="36240660" timestamp="2015-12-29T13:09:36Z" user="Michal Vinárek" uid="3108884" lat="49.3061368" lon="14.1462235"/>
 <node id="3916384532" visible="true" version="1" changeset="36240660" timestamp="2015-12-29T13:09:38Z" user="Michal Vinárek" uid="3108884" lat="49.3069858" lon="14.1461537"/>
 <node id="3925840321" visible="true" version="1" changeset="36344531" timestamp="2016-01-03T18:33:49Z" user="Michal Vinárek" uid="3108884" lat="49.3071401" lon="14.1300666"/>
 <node id="3925840322" visible="true" version="1" changeset="36344531" timestamp="2016-01-03T18:33:49Z" user="Michal Vinárek" uid="3108884" lat="49.3059759" lon="14.1370715"/>
 <node id="3926060131" visible="true" version="1" changeset="36347271" timestamp="2016-01-03T20:55:02Z" user="Michal Vinárek" uid="3108884" lat="49.3117484" lon="14.1459341"/>
 <node id="3926060132" visible="true" version="1" changeset="36347271" timestamp="2016-01-03T20:55:02Z" user="Michal Vinárek" uid="3108884" lat="49.3118032" lon="14.1463310"/>
 <node id="3926060133" visible="true" version="1" changeset="36347271" timestamp="2016-01-03T20:55:02Z" user="Michal Vinárek" uid="3108884" lat="49.3122416" lon="14.1457558"/>
 <node id="3926098597" visible="true" version="2" changeset="42689596" timestamp="2016-10-06T16:39:49Z" user="gorn" uid="10353" lat="49.3103039" lon="14.1468875"/>
 <node id="3926098598" visible="true" version="1" changeset="36347889" timestamp="2016-01-03T21:27:29Z" user="Michal Vinárek" uid="3108884" lat="49.3101025" lon="14.1485724"/>
 <node id="3926098599" visible="true" version="1" changeset="36347889" timestamp="2016-01-03T21:27:29Z" user="Michal Vinárek" uid="3108884" lat="49.3094304" lon="14.1513447"/>
 <node id="3926098600" visible="true" version="1" changeset="36347889" timestamp="2016-01-03T21:27:29Z" user="Michal Vinárek" uid="3108884" lat="49.3092452" lon="14.1514868"/>
 <node id="3926098601" visible="true" version="1" changeset="36347889" timestamp="2016-01-03T21:27:29Z" user="Michal Vinárek" uid="3108884" lat="49.3088295" lon="14.1514672"/>
 <node id="3926098603" visible="true" version="2" changeset="39324153" timestamp="2016-05-15T04:52:14Z" user="Michal Vinárek" uid="3108884" lat="49.3099005" lon="14.1464034"/>
 <node id="3926098604" visible="true" version="2" changeset="39324153" timestamp="2016-05-15T04:52:13Z" user="Michal Vinárek" uid="3108884" lat="49.3097893" lon="14.1464110"/>
 <node id="3926098605" visible="true" version="1" changeset="36347889" timestamp="2016-01-03T21:27:29Z" user="Michal Vinárek" uid="3108884" lat="49.3096357" lon="14.1463621"/>
 <node id="3998619901" visible="true" version="1" changeset="37118600" timestamp="2016-02-10T07:48:37Z" user="JandaM" uid="2169558" lat="49.3087632" lon="14.1517238"/>
 <node id="3998619902" visible="true" version="1" changeset="37118600" timestamp="2016-02-10T07:48:37Z" user="JandaM" uid="2169558" lat="49.3087691" lon="14.1517147"/>
 <node id="3998619903" visible="true" version="1" changeset="37118600" timestamp="2016-02-10T07:48:37Z" user="JandaM" uid="2169558" lat="49.3087898" lon="14.1519963"/>
 <node id="3998619904" visible="true" version="1" changeset="37118600" timestamp="2016-02-10T07:48:37Z" user="JandaM" uid="2169558" lat="49.3087918" lon="14.1519942"/>
 <node id="3998619905" visible="true" version="1" changeset="37118600" timestamp="2016-02-10T07:48:37Z" user="JandaM" uid="2169558" lat="49.3087919" lon="14.1519958"/>
 <node id="3998619906" visible="true" version="1" changeset="37118600" timestamp="2016-02-10T07:48:37Z" user="JandaM" uid="2169558" lat="49.3087932" lon="14.1519937"/>
 <node id="3998619907" visible="true" version="1" changeset="37118600" timestamp="2016-02-10T07:48:37Z" user="JandaM" uid="2169558" lat="49.3088399" lon="14.1515957"/>
 <node id="3998619908" visible="true" version="1" changeset="37118600" timestamp="2016-02-10T07:48:37Z" user="JandaM" uid="2169558" lat="49.3088484" lon="14.1515824"/>
 <node id="3998619909" visible="true" version="1" changeset="37118600" timestamp="2016-02-10T07:48:37Z" user="JandaM" uid="2169558" lat="49.3088578" lon="14.1525389"/>
 <node id="3998619911" visible="true" version="1" changeset="37118600" timestamp="2016-02-10T07:48:37Z" user="JandaM" uid="2169558" lat="49.3088860" lon="14.1517888"/>
 <node id="3998619912" visible="true" version="1" changeset="37118600" timestamp="2016-02-10T07:48:37Z" user="JandaM" uid="2169558" lat="49.3088982" lon="14.1518912"/>
 <node id="3998619913" visible="true" version="1" changeset="37118600" timestamp="2016-02-10T07:48:37Z" user="JandaM" uid="2169558" lat="49.3089006" lon="14.1517651"/>
 <node id="3998619914" visible="true" version="1" changeset="37118600" timestamp="2016-02-10T07:48:37Z" user="JandaM" uid="2169558" lat="49.3089065" lon="14.1519123"/>
 <node id="3998619916" visible="true" version="1" changeset="37118600" timestamp="2016-02-10T07:48:37Z" user="JandaM" uid="2169558" lat="49.3089272" lon="14.1519067"/>
 <node id="3998619918" visible="true" version="1" changeset="37118600" timestamp="2016-02-10T07:48:37Z" user="JandaM" uid="2169558" lat="49.3089303" lon="14.1519109"/>
 <node id="3998619919" visible="true" version="1" changeset="37118600" timestamp="2016-02-10T07:48:37Z" user="JandaM" uid="2169558" lat="49.3089363" lon="14.1519625"/>
 <node id="3998619921" visible="true" version="1" changeset="37118600" timestamp="2016-02-10T07:48:37Z" user="JandaM" uid="2169558" lat="49.3089631" lon="14.1517935"/>
 <node id="3998619922" visible="true" version="1" changeset="37118600" timestamp="2016-02-10T07:48:37Z" user="JandaM" uid="2169558" lat="49.3089643" lon="14.1517740"/>
 <node id="3998619927" visible="true" version="1" changeset="37118600" timestamp="2016-02-10T07:48:37Z" user="JandaM" uid="2169558" lat="49.3089908" lon="14.1517974"/>
 <node id="3998619928" visible="true" version="1" changeset="37118600" timestamp="2016-02-10T07:48:37Z" user="JandaM" uid="2169558" lat="49.3089913" lon="14.1517891"/>
 <node id="3998619929" visible="true" version="1" changeset="37118600" timestamp="2016-02-10T07:48:37Z" user="JandaM" uid="2169558" lat="49.3090147" lon="14.1518220"/>
 <node id="3998619930" visible="true" version="1" changeset="37118600" timestamp="2016-02-10T07:48:37Z" user="JandaM" uid="2169558" lat="49.3090162" lon="14.1517922"/>
 <node id="3998619931" visible="true" version="1" changeset="37118600" timestamp="2016-02-10T07:48:37Z" user="JandaM" uid="2169558" lat="49.3090169" lon="14.1518266"/>
 <node id="3998619932" visible="true" version="1" changeset="37118600" timestamp="2016-02-10T07:48:37Z" user="JandaM" uid="2169558" lat="49.3090252" lon="14.1516044"/>
 <node id="3998619933" visible="true" version="1" changeset="37118600" timestamp="2016-02-10T07:48:37Z" user="JandaM" uid="2169558" lat="49.3090254" lon="14.1516013"/>
 <node id="3998619934" visible="true" version="1" changeset="37118600" timestamp="2016-02-10T07:48:37Z" user="JandaM" uid="2169558" lat="49.3090559" lon="14.1518317"/>
 <node id="3998619935" visible="true" version="1" changeset="37118600" timestamp="2016-02-10T07:48:37Z" user="JandaM" uid="2169558" lat="49.3090582" lon="14.1517906"/>
 <node id="3998619936" visible="true" version="1" changeset="37118600" timestamp="2016-02-10T07:48:37Z" user="JandaM" uid="2169558" lat="49.3090682" lon="14.1516099"/>
 <node id="3998619937" visible="true" version="1" changeset="37118600" timestamp="2016-02-10T07:48:37Z" user="JandaM" uid="2169558" lat="49.3090685" lon="14.1516067"/>
 <node id="3998619939" visible="true" version="1" changeset="37118600" timestamp="2016-02-10T07:48:37Z" user="JandaM" uid="2169558" lat="49.3091017" lon="14.1517891"/>
 <node id="3998619940" visible="true" version="1" changeset="37118600" timestamp="2016-02-10T07:48:37Z" user="JandaM" uid="2169558" lat="49.3091069" lon="14.1516172"/>
 <node id="3998619941" visible="true" version="1" changeset="37118600" timestamp="2016-02-10T07:48:37Z" user="JandaM" uid="2169558" lat="49.3091071" lon="14.1516151"/>
 <node id="3998619942" visible="true" version="1" changeset="37118600" timestamp="2016-02-10T07:48:37Z" user="JandaM" uid="2169558" lat="49.3091602" lon="14.1516244"/>
 <node id="3998619943" visible="true" version="1" changeset="37118600" timestamp="2016-02-10T07:48:37Z" user="JandaM" uid="2169558" lat="49.3091603" lon="14.1516223"/>
 <node id="3998619944" visible="true" version="1" changeset="37118600" timestamp="2016-02-10T07:48:37Z" user="JandaM" uid="2169558" lat="49.3091980" lon="14.1516296"/>
 <node id="3998619945" visible="true" version="1" changeset="37118600" timestamp="2016-02-10T07:48:38Z" user="JandaM" uid="2169558" lat="49.3091981" lon="14.1516275"/>
 <node id="3998619946" visible="true" version="1" changeset="37118600" timestamp="2016-02-10T07:48:38Z" user="JandaM" uid="2169558" lat="49.3092140" lon="14.1516906"/>
 <node id="3998619947" visible="true" version="1" changeset="37118600" timestamp="2016-02-10T07:48:38Z" user="JandaM" uid="2169558" lat="49.3092153" lon="14.1516900"/>
 <node id="3998619948" visible="true" version="1" changeset="37118600" timestamp="2016-02-10T07:48:38Z" user="JandaM" uid="2169558" lat="49.3092205" lon="14.1517210"/>
 <node id="3998619949" visible="true" version="1" changeset="37118600" timestamp="2016-02-10T07:48:38Z" user="JandaM" uid="2169558" lat="49.3092218" lon="14.1517204"/>
 <node id="3998619950" visible="true" version="1" changeset="37118600" timestamp="2016-02-10T07:48:38Z" user="JandaM" uid="2169558" lat="49.3092224" lon="14.1517300"/>
 <node id="3998619951" visible="true" version="1" changeset="37118600" timestamp="2016-02-10T07:48:38Z" user="JandaM" uid="2169558" lat="49.3092237" lon="14.1517293"/>
 <node id="3998619952" visible="true" version="1" changeset="37118600" timestamp="2016-02-10T07:48:38Z" user="JandaM" uid="2169558" lat="49.3092274" lon="14.1517534"/>
 <node id="3998619953" visible="true" version="1" changeset="37118600" timestamp="2016-02-10T07:48:38Z" user="JandaM" uid="2169558" lat="49.3092287" lon="14.1517527"/>
 <node id="3998619954" visible="true" version="1" changeset="37118600" timestamp="2016-02-10T07:48:38Z" user="JandaM" uid="2169558" lat="49.3092293" lon="14.1517624"/>
 <node id="3998619955" visible="true" version="1" changeset="37118600" timestamp="2016-02-10T07:48:38Z" user="JandaM" uid="2169558" lat="49.3092306" lon="14.1517617"/>
 <node id="3998619956" visible="true" version="1" changeset="37118600" timestamp="2016-02-10T07:48:38Z" user="JandaM" uid="2169558" lat="49.3092358" lon="14.1517928"/>
 <node id="3998621057" visible="true" version="1" changeset="37118600" timestamp="2016-02-10T07:48:38Z" user="JandaM" uid="2169558" lat="49.3092371" lon="14.1517921"/>
 <node id="3998621058" visible="true" version="1" changeset="37118600" timestamp="2016-02-10T07:48:38Z" user="JandaM" uid="2169558" lat="49.3092408" lon="14.1518535"/>
 <node id="3998621059" visible="true" version="1" changeset="37118600" timestamp="2016-02-10T07:48:38Z" user="JandaM" uid="2169558" lat="49.3092491" lon="14.1518483"/>
 <node id="3998621062" visible="true" version="1" changeset="37118600" timestamp="2016-02-10T07:48:38Z" user="JandaM" uid="2169558" lat="49.3094878" lon="14.1517744"/>
 <node id="3998621065" visible="true" version="1" changeset="37118600" timestamp="2016-02-10T07:48:38Z" user="JandaM" uid="2169558" lat="49.3095133" lon="14.1519952"/>
 <node id="3998621066" visible="true" version="1" changeset="37118600" timestamp="2016-02-10T07:48:38Z" user="JandaM" uid="2169558" lat="49.3095181" lon="14.1516821"/>
 <node id="3998621067" visible="true" version="1" changeset="37118600" timestamp="2016-02-10T07:48:38Z" user="JandaM" uid="2169558" lat="49.3095529" lon="14.1518010"/>
 <node id="3998621068" visible="true" version="1" changeset="37118600" timestamp="2016-02-10T07:48:38Z" user="JandaM" uid="2169558" lat="49.3095640" lon="14.1517318"/>
 <node id="3998621069" visible="true" version="1" changeset="37118600" timestamp="2016-02-10T07:48:38Z" user="JandaM" uid="2169558" lat="49.3095654" lon="14.1517323"/>
 <node id="3998621070" visible="true" version="1" changeset="37118600" timestamp="2016-02-10T07:48:38Z" user="JandaM" uid="2169558" lat="49.3095657" lon="14.1517202"/>
 <node id="3998621071" visible="true" version="1" changeset="37118600" timestamp="2016-02-10T07:48:38Z" user="JandaM" uid="2169558" lat="49.3095805" lon="14.1514691"/>
 <node id="3998621072" visible="true" version="1" changeset="37118600" timestamp="2016-02-10T07:48:38Z" user="JandaM" uid="2169558" lat="49.3095915" lon="14.1510393"/>
 <node id="3998621073" visible="true" version="1" changeset="37118600" timestamp="2016-02-10T07:48:38Z" user="JandaM" uid="2169558" lat="49.3095917" lon="14.1514761"/>
 <node id="3998621074" visible="true" version="1" changeset="37118600" timestamp="2016-02-10T07:48:38Z" user="JandaM" uid="2169558" lat="49.3096273" lon="14.1507771"/>
 <node id="3998621075" visible="true" version="1" changeset="37118600" timestamp="2016-02-10T07:48:38Z" user="JandaM" uid="2169558" lat="49.3096273" lon="14.1516273"/>
 <node id="3998621076" visible="true" version="1" changeset="37118600" timestamp="2016-02-10T07:48:38Z" user="JandaM" uid="2169558" lat="49.3096363" lon="14.1516305"/>
 <node id="3998621077" visible="true" version="1" changeset="37118600" timestamp="2016-02-10T07:48:38Z" user="JandaM" uid="2169558" lat="49.3096367" lon="14.1516284"/>
 <node id="3998621078" visible="true" version="1" changeset="37118600" timestamp="2016-02-10T07:48:38Z" user="JandaM" uid="2169558" lat="49.3096707" lon="14.1523765"/>
 <node id="3998621079" visible="true" version="1" changeset="37118600" timestamp="2016-02-10T07:48:38Z" user="JandaM" uid="2169558" lat="49.3096759" lon="14.1505523"/>
 <node id="3998621080" visible="true" version="1" changeset="37118600" timestamp="2016-02-10T07:48:38Z" user="JandaM" uid="2169558" lat="49.3096771" lon="14.1505530"/>
 <node id="3998621081" visible="true" version="1" changeset="37118600" timestamp="2016-02-10T07:48:38Z" user="JandaM" uid="2169558" lat="49.3096867" lon="14.1510800"/>
 <node id="3998621082" visible="true" version="1" changeset="37118600" timestamp="2016-02-10T07:48:38Z" user="JandaM" uid="2169558" lat="49.3097106" lon="14.1503816"/>
 <node id="3998621083" visible="true" version="1" changeset="37118600" timestamp="2016-02-10T07:48:38Z" user="JandaM" uid="2169558" lat="49.3097120" lon="14.1503841"/>
 <node id="3998621084" visible="true" version="1" changeset="37118600" timestamp="2016-02-10T07:48:38Z" user="JandaM" uid="2169558" lat="49.3097123" lon="14.1503825"/>
 <node id="3998621085" visible="true" version="1" changeset="37118600" timestamp="2016-02-10T07:48:38Z" user="JandaM" uid="2169558" lat="49.3097129" lon="14.1503711"/>
 <node id="3998621086" visible="true" version="1" changeset="37118600" timestamp="2016-02-10T07:48:38Z" user="JandaM" uid="2169558" lat="49.3097146" lon="14.1503720"/>
 <node id="3998621087" visible="true" version="1" changeset="37118600" timestamp="2016-02-10T07:48:38Z" user="JandaM" uid="2169558" lat="49.3097206" lon="14.1503354"/>
 <node id="3998621088" visible="true" version="1" changeset="37118600" timestamp="2016-02-10T07:48:38Z" user="JandaM" uid="2169558" lat="49.3097223" lon="14.1503363"/>
 <node id="3998621089" visible="true" version="1" changeset="37118600" timestamp="2016-02-10T07:48:38Z" user="JandaM" uid="2169558" lat="49.3097237" lon="14.1503209"/>
 <node id="3998621090" visible="true" version="1" changeset="37118600" timestamp="2016-02-10T07:48:38Z" user="JandaM" uid="2169558" lat="49.3097238" lon="14.1510968"/>
 <node id="3998621091" visible="true" version="1" changeset="37118600" timestamp="2016-02-10T07:48:38Z" user="JandaM" uid="2169558" lat="49.3097254" lon="14.1503218"/>
 <node id="3998621092" visible="true" version="1" changeset="37118600" timestamp="2016-02-10T07:48:38Z" user="JandaM" uid="2169558" lat="49.3097316" lon="14.1502846"/>
 <node id="3998621093" visible="true" version="1" changeset="37118600" timestamp="2016-02-10T07:48:38Z" user="JandaM" uid="2169558" lat="49.3097332" lon="14.1502853"/>
 <node id="3998621094" visible="true" version="1" changeset="37118600" timestamp="2016-02-10T07:48:38Z" user="JandaM" uid="2169558" lat="49.3097347" lon="14.1502700"/>
 <node id="3998621096" visible="true" version="1" changeset="37118600" timestamp="2016-02-10T07:48:38Z" user="JandaM" uid="2169558" lat="49.3097364" lon="14.1502709"/>
 <node id="3998621098" visible="true" version="1" changeset="37118600" timestamp="2016-02-10T07:48:38Z" user="JandaM" uid="2169558" lat="49.3097400" lon="14.1523268"/>
 <node id="3998621099" visible="true" version="1" changeset="37118600" timestamp="2016-02-10T07:48:38Z" user="JandaM" uid="2169558" lat="49.3097410" lon="14.1523135"/>
 <node id="3998621100" visible="true" version="1" changeset="37118600" timestamp="2016-02-10T07:48:38Z" user="JandaM" uid="2169558" lat="49.3097423" lon="14.1502349"/>
 <node id="3998621101" visible="true" version="1" changeset="37118600" timestamp="2016-02-10T07:48:38Z" user="JandaM" uid="2169558" lat="49.3097440" lon="14.1502358"/>
 <node id="3998621105" visible="true" version="1" changeset="37118600" timestamp="2016-02-10T07:48:38Z" user="JandaM" uid="2169558" lat="49.3097564" lon="14.1501694"/>
 <node id="3998621106" visible="true" version="1" changeset="37118600" timestamp="2016-02-10T07:48:38Z" user="JandaM" uid="2169558" lat="49.3097581" lon="14.1501702"/>
 <node id="3998621107" visible="true" version="1" changeset="37118600" timestamp="2016-02-10T07:48:38Z" user="JandaM" uid="2169558" lat="49.3097640" lon="14.1501345"/>
 <node id="3998621108" visible="true" version="1" changeset="37118600" timestamp="2016-02-10T07:48:38Z" user="JandaM" uid="2169558" lat="49.3097657" lon="14.1501353"/>
 <node id="3998621109" visible="true" version="1" changeset="37118600" timestamp="2016-02-10T07:48:38Z" user="JandaM" uid="2169558" lat="49.3097659" lon="14.1501252"/>
 <node id="3998621110" visible="true" version="1" changeset="37118600" timestamp="2016-02-10T07:48:39Z" user="JandaM" uid="2169558" lat="49.3097667" lon="14.1501148"/>
 <node id="3998621111" visible="true" version="1" changeset="37118600" timestamp="2016-02-10T07:48:39Z" user="JandaM" uid="2169558" lat="49.3097675" lon="14.1501106"/>
 <node id="3998621112" visible="true" version="1" changeset="37118600" timestamp="2016-02-10T07:48:39Z" user="JandaM" uid="2169558" lat="49.3097676" lon="14.1501261"/>
 <node id="3998621113" visible="true" version="1" changeset="37118600" timestamp="2016-02-10T07:48:39Z" user="JandaM" uid="2169558" lat="49.3097683" lon="14.1501186"/>
 <node id="3998621114" visible="true" version="1" changeset="37118600" timestamp="2016-02-10T07:48:39Z" user="JandaM" uid="2169558" lat="49.3097683" lon="14.1504105"/>
 <node id="3998621115" visible="true" version="1" changeset="37118600" timestamp="2016-02-10T07:48:39Z" user="JandaM" uid="2169558" lat="49.3097703" lon="14.1501089"/>
 <node id="3998621116" visible="true" version="1" changeset="37118600" timestamp="2016-02-10T07:48:39Z" user="JandaM" uid="2169558" lat="49.3097707" lon="14.1503991"/>
 <node id="3998621120" visible="true" version="1" changeset="37118600" timestamp="2016-02-10T07:48:39Z" user="JandaM" uid="2169558" lat="49.3097858" lon="14.1504191"/>
 <node id="3998621121" visible="true" version="1" changeset="37118600" timestamp="2016-02-10T07:48:39Z" user="JandaM" uid="2169558" lat="49.3097863" lon="14.1500221"/>
 <node id="3998621122" visible="true" version="1" changeset="37118600" timestamp="2016-02-10T07:48:39Z" user="JandaM" uid="2169558" lat="49.3097874" lon="14.1500173"/>
 <node id="3998621123" visible="true" version="1" changeset="37118600" timestamp="2016-02-10T07:48:39Z" user="JandaM" uid="2169558" lat="49.3097881" lon="14.1500253"/>
 <node id="3998621124" visible="true" version="1" changeset="37118600" timestamp="2016-02-10T07:48:39Z" user="JandaM" uid="2169558" lat="49.3097882" lon="14.1504078"/>
 <node id="3998621125" visible="true" version="1" changeset="37118600" timestamp="2016-02-10T07:48:39Z" user="JandaM" uid="2169558" lat="49.3097901" lon="14.1500158"/>
 <node id="3998621126" visible="true" version="1" changeset="37118600" timestamp="2016-02-10T07:48:39Z" user="JandaM" uid="2169558" lat="49.3097926" lon="14.1499919"/>
 <node id="3998621127" visible="true" version="1" changeset="37118600" timestamp="2016-02-10T07:48:39Z" user="JandaM" uid="2169558" lat="49.3097935" lon="14.1499879"/>
 <node id="3998621128" visible="true" version="1" changeset="37118600" timestamp="2016-02-10T07:48:39Z" user="JandaM" uid="2169558" lat="49.3097944" lon="14.1499956"/>
 <node id="3998621129" visible="true" version="1" changeset="37118600" timestamp="2016-02-10T07:48:39Z" user="JandaM" uid="2169558" lat="49.3097952" lon="14.1499847"/>
 <node id="3998621130" visible="true" version="1" changeset="37118600" timestamp="2016-02-10T07:48:39Z" user="JandaM" uid="2169558" lat="49.3097956" lon="14.1499831"/>
 <node id="3998621131" visible="true" version="1" changeset="37118600" timestamp="2016-02-10T07:48:39Z" user="JandaM" uid="2169558" lat="49.3097969" lon="14.1499838"/>
 <node id="3998621135" visible="true" version="1" changeset="37118600" timestamp="2016-02-10T07:48:39Z" user="JandaM" uid="2169558" lat="49.3098059" lon="14.1499293"/>
 <node id="3998621138" visible="true" version="1" changeset="37118600" timestamp="2016-02-10T07:48:39Z" user="JandaM" uid="2169558" lat="49.3098088" lon="14.1499275"/>
 <node id="3998621139" visible="true" version="1" changeset="37118600" timestamp="2016-02-10T07:48:39Z" user="JandaM" uid="2169558" lat="49.3098114" lon="14.1499039"/>
 <node id="3998621141" visible="true" version="1" changeset="37118600" timestamp="2016-02-10T07:48:39Z" user="JandaM" uid="2169558" lat="49.3098123" lon="14.1498996"/>
 <node id="3998621142" visible="true" version="1" changeset="37118600" timestamp="2016-02-10T07:48:39Z" user="JandaM" uid="2169558" lat="49.3098131" lon="14.1499075"/>
 <node id="3998621143" visible="true" version="1" changeset="37118600" timestamp="2016-02-10T07:48:39Z" user="JandaM" uid="2169558" lat="49.3098152" lon="14.1498973"/>
 <node id="3998621146" visible="true" version="1" changeset="37118600" timestamp="2016-02-10T07:48:39Z" user="JandaM" uid="2169558" lat="49.3098220" lon="14.1501577"/>
 <node id="3998621147" visible="true" version="2" changeset="39230219" timestamp="2016-05-10T23:17:12Z" user="Michal Vinárek" uid="3108884" lat="49.3098240" lon="14.1486187"/>
 <node id="3998621148" visible="true" version="1" changeset="37118600" timestamp="2016-02-10T07:48:39Z" user="JandaM" uid="2169558" lat="49.3098240" lon="14.1501452"/>
 <node id="3998621149" visible="true" version="2" changeset="39230219" timestamp="2016-05-10T23:17:12Z" user="Michal Vinárek" uid="3108884" lat="49.3098257" lon="14.1486061"/>
 <node id="3998621150" visible="true" version="2" changeset="39230219" timestamp="2016-05-10T23:17:12Z" user="Michal Vinárek" uid="3108884" lat="49.3098242" lon="14.1486315"/>
 <node id="3998621151" visible="true" version="1" changeset="37118600" timestamp="2016-02-10T07:48:39Z" user="JandaM" uid="2169558" lat="49.3098311" lon="14.1498104"/>
 <node id="3998621152" visible="true" version="2" changeset="39230219" timestamp="2016-05-10T23:17:12Z" user="Michal Vinárek" uid="3108884" lat="49.3098305" lon="14.1486552"/>
 <node id="3998621153" visible="true" version="1" changeset="37118600" timestamp="2016-02-10T07:48:39Z" user="JandaM" uid="2169558" lat="49.3098322" lon="14.1498052"/>
 <node id="3998621154" visible="true" version="1" changeset="37118600" timestamp="2016-02-10T07:48:39Z" user="JandaM" uid="2169558" lat="49.3098331" lon="14.1498136"/>
 <node id="3998621155" visible="true" version="2" changeset="39230219" timestamp="2016-05-10T23:17:13Z" user="Michal Vinárek" uid="3108884" lat="49.3098349" lon="14.1485844"/>
 <node id="3998621156" visible="true" version="1" changeset="37118600" timestamp="2016-02-10T07:48:39Z" user="JandaM" uid="2169558" lat="49.3098353" lon="14.1498034"/>
 <node id="3998621257" visible="true" version="2" changeset="39230219" timestamp="2016-05-10T23:17:12Z" user="Michal Vinárek" uid="3108884" lat="49.3098362" lon="14.1486647"/>
 <node id="3998621258" visible="true" version="1" changeset="37118600" timestamp="2016-02-10T07:48:39Z" user="JandaM" uid="2169558" lat="49.3098396" lon="14.1501667"/>
 <node id="3998621259" visible="true" version="1" changeset="37118600" timestamp="2016-02-10T07:48:39Z" user="JandaM" uid="2169558" lat="49.3098419" lon="14.1501519"/>
 <node id="3998621261" visible="true" version="2" changeset="39230219" timestamp="2016-05-10T23:17:13Z" user="Michal Vinárek" uid="3108884" lat="49.3098417" lon="14.1485767"/>
 <node id="3998621263" visible="true" version="2" changeset="39230219" timestamp="2016-05-10T23:17:12Z" user="Michal Vinárek" uid="3108884" lat="49.3098432" lon="14.1486718"/>
 <node id="3998621264" visible="true" version="2" changeset="39230219" timestamp="2016-05-10T23:17:12Z" user="Michal Vinárek" uid="3108884" lat="49.3098510" lon="14.1486761"/>
 <node id="3998621266" visible="true" version="2" changeset="39230219" timestamp="2016-05-10T23:17:13Z" user="Michal Vinárek" uid="3108884" lat="49.3098496" lon="14.1485717"/>
 <node id="3998621267" visible="true" version="2" changeset="39230219" timestamp="2016-05-10T23:17:12Z" user="Michal Vinárek" uid="3108884" lat="49.3098594" lon="14.1486775"/>
 <node id="3998621276" visible="true" version="2" changeset="39230219" timestamp="2016-05-10T23:17:13Z" user="Michal Vinárek" uid="3108884" lat="49.3098666" lon="14.1485711"/>
 <node id="3998621281" visible="true" version="2" changeset="39230219" timestamp="2016-05-10T23:17:11Z" user="Michal Vinárek" uid="3108884" lat="49.3098755" lon="14.1486711"/>
 <node id="3998621283" visible="true" version="2" changeset="39230219" timestamp="2016-05-10T23:17:13Z" user="Michal Vinárek" uid="3108884" lat="49.3098746" lon="14.1485755"/>
 <node id="3998621287" visible="true" version="2" changeset="39230219" timestamp="2016-05-10T23:17:11Z" user="Michal Vinárek" uid="3108884" lat="49.3098824" lon="14.1486637"/>
 <node id="3998621288" visible="true" version="2" changeset="39230219" timestamp="2016-05-10T23:17:13Z" user="Michal Vinárek" uid="3108884" lat="49.3098817" lon="14.1485827"/>
 <node id="3998621289" visible="true" version="2" changeset="39230219" timestamp="2016-05-10T23:17:11Z" user="Michal Vinárek" uid="3108884" lat="49.3098879" lon="14.1486540"/>
 <node id="3998621290" visible="true" version="2" changeset="39230219" timestamp="2016-05-10T23:17:14Z" user="Michal Vinárek" uid="3108884" lat="49.3098938" lon="14.1486297"/>
 <node id="3998621291" visible="true" version="2" changeset="39230219" timestamp="2016-05-10T23:17:14Z" user="Michal Vinárek" uid="3108884" lat="49.3098916" lon="14.1486039"/>
 <node id="3998621292" visible="true" version="2" changeset="39230219" timestamp="2016-05-10T23:17:14Z" user="Michal Vinárek" uid="3108884" lat="49.3098937" lon="14.1486166"/>
 <node id="3998621302" visible="true" version="1" changeset="37118600" timestamp="2016-02-10T07:48:40Z" user="JandaM" uid="2169558" lat="49.3099568" lon="14.1493280"/>
 <node id="3998621303" visible="true" version="1" changeset="37118600" timestamp="2016-02-10T07:48:40Z" user="JandaM" uid="2169558" lat="49.3099577" lon="14.1493242"/>
 <node id="3998621307" visible="true" version="1" changeset="37118600" timestamp="2016-02-10T07:48:40Z" user="JandaM" uid="2169558" lat="49.3099752" lon="14.1492446"/>
 <node id="3998621308" visible="true" version="1" changeset="37118600" timestamp="2016-02-10T07:48:40Z" user="JandaM" uid="2169558" lat="49.3099769" lon="14.1492456"/>
 <node id="3998621309" visible="true" version="1" changeset="37118600" timestamp="2016-02-10T07:48:40Z" user="JandaM" uid="2169558" lat="49.3099906" lon="14.1491844"/>
 <node id="3998621310" visible="true" version="1" changeset="37118600" timestamp="2016-02-10T07:48:40Z" user="JandaM" uid="2169558" lat="49.3099926" lon="14.1491857"/>
 <node id="3998621313" visible="true" version="1" changeset="37118600" timestamp="2016-02-10T07:48:40Z" user="JandaM" uid="2169558" lat="49.3100040" lon="14.1491320"/>
 <node id="3998621314" visible="true" version="1" changeset="37118600" timestamp="2016-02-10T07:48:40Z" user="JandaM" uid="2169558" lat="49.3100060" lon="14.1491332"/>
 <node id="3998621316" visible="true" version="1" changeset="37118600" timestamp="2016-02-10T07:48:40Z" user="JandaM" uid="2169558" lat="49.3100183" lon="14.1490757"/>
 <node id="3998621317" visible="true" version="1" changeset="37118600" timestamp="2016-02-10T07:48:40Z" user="JandaM" uid="2169558" lat="49.3100203" lon="14.1490768"/>
 <node id="3998621320" visible="true" version="1" changeset="37118600" timestamp="2016-02-10T07:48:40Z" user="JandaM" uid="2169558" lat="49.3100388" lon="14.1489957"/>
 <node id="3998621321" visible="true" version="1" changeset="37118600" timestamp="2016-02-10T07:48:40Z" user="JandaM" uid="2169558" lat="49.3100415" lon="14.1489973"/>
 <node id="3998621322" visible="true" version="1" changeset="37118600" timestamp="2016-02-10T07:48:40Z" user="JandaM" uid="2169558" lat="49.3100417" lon="14.1489898"/>
 <node id="3998621323" visible="true" version="1" changeset="37118600" timestamp="2016-02-10T07:48:40Z" user="JandaM" uid="2169558" lat="49.3100431" lon="14.1489910"/>
 <node id="3998621324" visible="true" version="1" changeset="37118600" timestamp="2016-02-10T07:48:40Z" user="JandaM" uid="2169558" lat="49.3100621" lon="14.1489091"/>
 <node id="3998621325" visible="true" version="1" changeset="37118600" timestamp="2016-02-10T07:48:40Z" user="JandaM" uid="2169558" lat="49.3100634" lon="14.1489099"/>
 <node id="3998621327" visible="true" version="1" changeset="37118600" timestamp="2016-02-10T07:48:40Z" user="JandaM" uid="2169558" lat="49.3100789" lon="14.1488406"/>
 <node id="3998621328" visible="true" version="1" changeset="37118600" timestamp="2016-02-10T07:48:40Z" user="JandaM" uid="2169558" lat="49.3100809" lon="14.1488419"/>
 <node id="3998621330" visible="true" version="1" changeset="37118600" timestamp="2016-02-10T07:48:40Z" user="JandaM" uid="2169558" lat="49.3100853" lon="14.1498980"/>
 <node id="3998621331" visible="true" version="1" changeset="37118600" timestamp="2016-02-10T07:48:40Z" user="JandaM" uid="2169558" lat="49.3100893" lon="14.1488002"/>
 <node id="3998621332" visible="true" version="1" changeset="37118600" timestamp="2016-02-10T07:48:40Z" user="JandaM" uid="2169558" lat="49.3100913" lon="14.1488014"/>
 <node id="3998621333" visible="true" version="1" changeset="37118600" timestamp="2016-02-10T07:48:40Z" user="JandaM" uid="2169558" lat="49.3101077" lon="14.1487326"/>
 <node id="3998621334" visible="true" version="1" changeset="37118600" timestamp="2016-02-10T07:48:40Z" user="JandaM" uid="2169558" lat="49.3101090" lon="14.1487334"/>
 <node id="3998621338" visible="true" version="1" changeset="37118600" timestamp="2016-02-10T07:48:40Z" user="JandaM" uid="2169558" lat="49.3101248" lon="14.1492636"/>
 <node id="3998621339" visible="true" version="1" changeset="37118600" timestamp="2016-02-10T07:48:40Z" user="JandaM" uid="2169558" lat="49.3101312" lon="14.1486475"/>
 <node id="3998621342" visible="true" version="1" changeset="37118600" timestamp="2016-02-10T07:48:40Z" user="JandaM" uid="2169558" lat="49.3101342" lon="14.1486463"/>
 <node id="3998621343" visible="true" version="1" changeset="37118600" timestamp="2016-02-10T07:48:41Z" user="JandaM" uid="2169558" lat="49.3101404" lon="14.1492198"/>
 <node id="3998621359" visible="true" version="1" changeset="37118600" timestamp="2016-02-10T07:48:41Z" user="JandaM" uid="2169558" lat="49.3103741" lon="14.1487531"/>
 <node id="3998621360" visible="true" version="1" changeset="37118600" timestamp="2016-02-10T07:48:41Z" user="JandaM" uid="2169558" lat="49.3103758" lon="14.1489012"/>
 <node id="3998621376" visible="true" version="1" changeset="37118600" timestamp="2016-02-10T07:48:41Z" user="JandaM" uid="2169558" lat="49.3104995" lon="14.1487111"/>
 <node id="3998621377" visible="true" version="1" changeset="37118600" timestamp="2016-02-10T07:48:41Z" user="JandaM" uid="2169558" lat="49.3104997" lon="14.1487080"/>
 <node id="3998621395" visible="true" version="1" changeset="37118600" timestamp="2016-02-10T07:48:41Z" user="JandaM" uid="2169558" lat="49.3105507" lon="14.1487192"/>
 <node id="3998621396" visible="true" version="1" changeset="37118600" timestamp="2016-02-10T07:48:41Z" user="JandaM" uid="2169558" lat="49.3105509" lon="14.1487161"/>
 <node id="3998621400" visible="true" version="1" changeset="37118600" timestamp="2016-02-10T07:48:41Z" user="JandaM" uid="2169558" lat="49.3105594" lon="14.1506836"/>
 <node id="3998621402" visible="true" version="1" changeset="37118600" timestamp="2016-02-10T07:48:41Z" user="JandaM" uid="2169558" lat="49.3105644" lon="14.1505877"/>
 <node id="3998621409" visible="true" version="1" changeset="37118600" timestamp="2016-02-10T07:48:41Z" user="JandaM" uid="2169558" lat="49.3105810" lon="14.1490948"/>
 <node id="3998621410" visible="true" version="1" changeset="37118600" timestamp="2016-02-10T07:48:41Z" user="JandaM" uid="2169558" lat="49.3105811" lon="14.1490968"/>
 <node id="3998621412" visible="true" version="1" changeset="37118600" timestamp="2016-02-10T07:48:42Z" user="JandaM" uid="2169558" lat="49.3105844" lon="14.1491115"/>
 <node id="3998621414" visible="true" version="1" changeset="37118600" timestamp="2016-02-10T07:48:42Z" user="JandaM" uid="2169558" lat="49.3105851" lon="14.1491014"/>
 <node id="3998621415" visible="true" version="1" changeset="37118600" timestamp="2016-02-10T07:48:42Z" user="JandaM" uid="2169558" lat="49.3105852" lon="14.1491120"/>
 <node id="3998621417" visible="true" version="1" changeset="37118600" timestamp="2016-02-10T07:48:42Z" user="JandaM" uid="2169558" lat="49.3105870" lon="14.1491171"/>
 <node id="3998621420" visible="true" version="1" changeset="37118600" timestamp="2016-02-10T07:48:42Z" user="JandaM" uid="2169558" lat="49.3106009" lon="14.1487914"/>
 <node id="3998621422" visible="true" version="1" changeset="37118600" timestamp="2016-02-10T07:48:42Z" user="JandaM" uid="2169558" lat="49.3106034" lon="14.1487916"/>
 <node id="3998621425" visible="true" version="1" changeset="37118600" timestamp="2016-02-10T07:48:42Z" user="JandaM" uid="2169558" lat="49.3106064" lon="14.1487318"/>
 <node id="3998621426" visible="true" version="1" changeset="37118600" timestamp="2016-02-10T07:48:42Z" user="JandaM" uid="2169558" lat="49.3106073" lon="14.1487320"/>
 <node id="3998621448" visible="true" version="1" changeset="37118600" timestamp="2016-02-10T07:48:42Z" user="JandaM" uid="2169558" lat="49.3107063" lon="14.1507014"/>
 <node id="3998621450" visible="true" version="1" changeset="37118600" timestamp="2016-02-10T07:48:42Z" user="JandaM" uid="2169558" lat="49.3107112" lon="14.1506054"/>
 <node id="3998621453" visible="true" version="1" changeset="37118600" timestamp="2016-02-10T07:48:42Z" user="JandaM" uid="2169558" lat="49.3107314" lon="14.1516367"/>
 <node id="3998621454" visible="true" version="1" changeset="37118600" timestamp="2016-02-10T07:48:42Z" user="JandaM" uid="2169558" lat="49.3107354" lon="14.1516372"/>
 <node id="3998621455" visible="true" version="1" changeset="37118600" timestamp="2016-02-10T07:48:42Z" user="JandaM" uid="2169558" lat="49.3107363" lon="14.1516285"/>
 <node id="4000238371" visible="true" version="1" changeset="37140767" timestamp="2016-02-11T07:48:28Z" user="JandaM" uid="2169558" lat="49.3103230" lon="14.1485209"/>
 <node id="4000238372" visible="true" version="1" changeset="37140767" timestamp="2016-02-11T07:48:28Z" user="JandaM" uid="2169558" lat="49.3103243" lon="14.1485215"/>
 <node id="4000238373" visible="true" version="1" changeset="37140767" timestamp="2016-02-11T07:48:28Z" user="JandaM" uid="2169558" lat="49.3103285" lon="14.1484604"/>
 <node id="4000238374" visible="true" version="1" changeset="37140767" timestamp="2016-02-11T07:48:28Z" user="JandaM" uid="2169558" lat="49.3103299" lon="14.1484608"/>
 <node id="4000238375" visible="true" version="1" changeset="37140767" timestamp="2016-02-11T07:48:28Z" user="JandaM" uid="2169558" lat="49.3103457" lon="14.1482641"/>
 <node id="4000238376" visible="true" version="1" changeset="37140767" timestamp="2016-02-11T07:48:28Z" user="JandaM" uid="2169558" lat="49.3103542" lon="14.1481649"/>
 <node id="4000238377" visible="true" version="1" changeset="37140767" timestamp="2016-02-11T07:48:28Z" user="JandaM" uid="2169558" lat="49.3103578" lon="14.1481684"/>
 <node id="4000238378" visible="true" version="1" changeset="37140767" timestamp="2016-02-11T07:48:28Z" user="JandaM" uid="2169558" lat="49.3103580" lon="14.1481660"/>
 <node id="4000238379" visible="true" version="1" changeset="37140767" timestamp="2016-02-11T07:48:28Z" user="JandaM" uid="2169558" lat="49.3103623" lon="14.1462474"/>
 <node id="4000238380" visible="true" version="1" changeset="37140767" timestamp="2016-02-11T07:48:28Z" user="JandaM" uid="2169558" lat="49.3103896" lon="14.1469884"/>
 <node id="4000238381" visible="true" version="1" changeset="37140767" timestamp="2016-02-11T07:48:28Z" user="JandaM" uid="2169558" lat="49.3103896" lon="14.1469909"/>
 <node id="4000238382" visible="true" version="1" changeset="37140767" timestamp="2016-02-11T07:48:28Z" user="JandaM" uid="2169558" lat="49.3103896" lon="14.1470144"/>
 <node id="4000238383" visible="true" version="1" changeset="37140767" timestamp="2016-02-11T07:48:28Z" user="JandaM" uid="2169558" lat="49.3103901" lon="14.1473921"/>
 <node id="4000238384" visible="true" version="1" changeset="37140767" timestamp="2016-02-11T07:48:28Z" user="JandaM" uid="2169558" lat="49.3103906" lon="14.1469929"/>
 <node id="4000238385" visible="true" version="1" changeset="37140767" timestamp="2016-02-11T07:48:28Z" user="JandaM" uid="2169558" lat="49.3103906" lon="14.1470122"/>
 <node id="4000238386" visible="true" version="1" changeset="37140767" timestamp="2016-02-11T07:48:28Z" user="JandaM" uid="2169558" lat="49.3103907" lon="14.1474582"/>
 <node id="4000238387" visible="true" version="1" changeset="37140767" timestamp="2016-02-11T07:48:28Z" user="JandaM" uid="2169558" lat="49.3103909" lon="14.1469869"/>
 <node id="4000238388" visible="true" version="1" changeset="37140767" timestamp="2016-02-11T07:48:28Z" user="JandaM" uid="2169558" lat="49.3103911" lon="14.1473158"/>
 <node id="4000238389" visible="true" version="1" changeset="37140767" timestamp="2016-02-11T07:48:28Z" user="JandaM" uid="2169558" lat="49.3103915" lon="14.1469869"/>
 <node id="4000238390" visible="true" version="1" changeset="37140767" timestamp="2016-02-11T07:48:28Z" user="JandaM" uid="2169558" lat="49.3103915" lon="14.1469929"/>
 <node id="4000238391" visible="true" version="1" changeset="37140767" timestamp="2016-02-11T07:48:28Z" user="JandaM" uid="2169558" lat="49.3103915" lon="14.1470123"/>
 <node id="4000238392" visible="true" version="1" changeset="37140767" timestamp="2016-02-11T07:48:28Z" user="JandaM" uid="2169558" lat="49.3103915" lon="14.1473921"/>
 <node id="4000238393" visible="true" version="1" changeset="37140767" timestamp="2016-02-11T07:48:28Z" user="JandaM" uid="2169558" lat="49.3103930" lon="14.1472302"/>
 <node id="4000238394" visible="true" version="1" changeset="37140767" timestamp="2016-02-11T07:48:28Z" user="JandaM" uid="2169558" lat="49.3103939" lon="14.1472301"/>
 <node id="4000238395" visible="true" version="1" changeset="37140767" timestamp="2016-02-11T07:48:28Z" user="JandaM" uid="2169558" lat="49.3104662" lon="14.1462173"/>
 <node id="4000238396" visible="true" version="1" changeset="37140767" timestamp="2016-02-11T07:48:28Z" user="JandaM" uid="2169558" lat="49.3104742" lon="14.1462819"/>
 <node id="4000238397" visible="true" version="1" changeset="37140767" timestamp="2016-02-11T07:48:28Z" user="JandaM" uid="2169558" lat="49.3105074" lon="14.1485637"/>
 <node id="4000238398" visible="true" version="1" changeset="37140767" timestamp="2016-02-11T07:48:29Z" user="JandaM" uid="2169558" lat="49.3105078" lon="14.1485600"/>
 <node id="4000238399" visible="true" version="1" changeset="37140767" timestamp="2016-02-11T07:48:29Z" user="JandaM" uid="2169558" lat="49.3105093" lon="14.1485604"/>
 <node id="4000238400" visible="true" version="1" changeset="37140767" timestamp="2016-02-11T07:48:29Z" user="JandaM" uid="2169558" lat="49.3105107" lon="14.1485606"/>
 <node id="4000238401" visible="true" version="1" changeset="37140767" timestamp="2016-02-11T07:48:29Z" user="JandaM" uid="2169558" lat="49.3105379" lon="14.1480032"/>
 <node id="4000238402" visible="true" version="1" changeset="37140767" timestamp="2016-02-11T07:48:29Z" user="JandaM" uid="2169558" lat="49.3105524" lon="14.1485748"/>
 <node id="4000238403" visible="true" version="1" changeset="37140767" timestamp="2016-02-11T07:48:29Z" user="JandaM" uid="2169558" lat="49.3105526" lon="14.1485727"/>
 <node id="4000238404" visible="true" version="1" changeset="37140767" timestamp="2016-02-11T07:48:29Z" user="JandaM" uid="2169558" lat="49.3106045" lon="14.1485851"/>
 <node id="4000252073" visible="true" version="1" changeset="37140936" timestamp="2016-02-11T08:04:28Z" user="JandaM" uid="2169558" lat="49.3079397" lon="14.1480924"/>
 <node id="4000252078" visible="true" version="1" changeset="37140936" timestamp="2016-02-11T08:04:28Z" user="JandaM" uid="2169558" lat="49.3080097" lon="14.1483518"/>
 <node id="4000252079" visible="true" version="1" changeset="37140936" timestamp="2016-02-11T08:04:28Z" user="JandaM" uid="2169558" lat="49.3080138" lon="14.1491112"/>
 <node id="4000252080" visible="true" version="1" changeset="37140936" timestamp="2016-02-11T08:04:28Z" user="JandaM" uid="2169558" lat="49.3080236" lon="14.1483745"/>
 <node id="4000252081" visible="true" version="1" changeset="37140936" timestamp="2016-02-11T08:04:28Z" user="JandaM" uid="2169558" lat="49.3080247" lon="14.1483662"/>
 <node id="4000252082" visible="true" version="1" changeset="37140936" timestamp="2016-02-11T08:04:28Z" user="JandaM" uid="2169558" lat="49.3080539" lon="14.1484914"/>
 <node id="4000252083" visible="true" version="1" changeset="37140936" timestamp="2016-02-11T08:04:28Z" user="JandaM" uid="2169558" lat="49.3080543" lon="14.1484891"/>
 <node id="4000252086" visible="true" version="1" changeset="37140936" timestamp="2016-02-11T08:04:28Z" user="JandaM" uid="2169558" lat="49.3080836" lon="14.1491303"/>
 <node id="4000252087" visible="true" version="1" changeset="37140936" timestamp="2016-02-11T08:04:28Z" user="JandaM" uid="2169558" lat="49.3080840" lon="14.1491278"/>
 <node id="4000252088" visible="true" version="1" changeset="37140936" timestamp="2016-02-11T08:04:28Z" user="JandaM" uid="2169558" lat="49.3081224" lon="14.1494131"/>
 <node id="4000252089" visible="true" version="1" changeset="37140936" timestamp="2016-02-11T08:04:28Z" user="JandaM" uid="2169558" lat="49.3081389" lon="14.1478262"/>
 <node id="4000252090" visible="true" version="1" changeset="37140936" timestamp="2016-02-11T08:04:28Z" user="JandaM" uid="2169558" lat="49.3081632" lon="14.1488382"/>
 <node id="4000252091" visible="true" version="1" changeset="37140936" timestamp="2016-02-11T08:04:28Z" user="JandaM" uid="2169558" lat="49.3081829" lon="14.1487170"/>
 <node id="4000252092" visible="true" version="1" changeset="37140936" timestamp="2016-02-11T08:04:28Z" user="JandaM" uid="2169558" lat="49.3082011" lon="14.1485860"/>
 <node id="4000252093" visible="true" version="1" changeset="37140936" timestamp="2016-02-11T08:04:28Z" user="JandaM" uid="2169558" lat="49.3082085" lon="14.1485018"/>
 <node id="4000252094" visible="true" version="1" changeset="37140936" timestamp="2016-02-11T08:04:28Z" user="JandaM" uid="2169558" lat="49.3082357" lon="14.1480056"/>
 <node id="4000252095" visible="true" version="1" changeset="37140936" timestamp="2016-02-11T08:04:28Z" user="JandaM" uid="2169558" lat="49.3082378" lon="14.1486009"/>
 <node id="4000252096" visible="true" version="1" changeset="37140936" timestamp="2016-02-11T08:04:28Z" user="JandaM" uid="2169558" lat="49.3082476" lon="14.1484669"/>
 <node id="4000252097" visible="true" version="1" changeset="37140936" timestamp="2016-02-11T08:04:28Z" user="JandaM" uid="2169558" lat="49.3082481" lon="14.1484604"/>
 <node id="4000252098" visible="true" version="1" changeset="37140936" timestamp="2016-02-11T08:04:28Z" user="JandaM" uid="2169558" lat="49.3082581" lon="14.1494250"/>
 <node id="4000252099" visible="true" version="1" changeset="37140936" timestamp="2016-02-11T08:04:28Z" user="JandaM" uid="2169558" lat="49.3082591" lon="14.1494203"/>
 <node id="4000252100" visible="true" version="1" changeset="37140936" timestamp="2016-02-11T08:04:28Z" user="JandaM" uid="2169558" lat="49.3082601" lon="14.1482356"/>
 <node id="4000252101" visible="true" version="1" changeset="37140936" timestamp="2016-02-11T08:04:28Z" user="JandaM" uid="2169558" lat="49.3082763" lon="14.1481128"/>
 <node id="4000252102" visible="true" version="1" changeset="37140936" timestamp="2016-02-11T08:04:28Z" user="JandaM" uid="2169558" lat="49.3082774" lon="14.1482441"/>
 <node id="4000252103" visible="true" version="1" changeset="37140936" timestamp="2016-02-11T08:04:28Z" user="JandaM" uid="2169558" lat="49.3082786" lon="14.1490838"/>
 <node id="4000252104" visible="true" version="1" changeset="37140936" timestamp="2016-02-11T08:04:28Z" user="JandaM" uid="2169558" lat="49.3082805" lon="14.1482197"/>
 <node id="4000252105" visible="true" version="1" changeset="37140936" timestamp="2016-02-11T08:04:28Z" user="JandaM" uid="2169558" lat="49.3082848" lon="14.1482213"/>
 <node id="4000252106" visible="true" version="1" changeset="37140936" timestamp="2016-02-11T08:04:28Z" user="JandaM" uid="2169558" lat="49.3082876" lon="14.1482030"/>
 <node id="4000252107" visible="true" version="1" changeset="37140936" timestamp="2016-02-11T08:04:28Z" user="JandaM" uid="2169558" lat="49.3082952" lon="14.1483711"/>
 <node id="4000252108" visible="true" version="1" changeset="37140936" timestamp="2016-02-11T08:04:28Z" user="JandaM" uid="2169558" lat="49.3083022" lon="14.1483729"/>
 <node id="4000252109" visible="true" version="1" changeset="37140936" timestamp="2016-02-11T08:04:28Z" user="JandaM" uid="2169558" lat="49.3083166" lon="14.1488866"/>
 <node id="4000252110" visible="true" version="1" changeset="37140936" timestamp="2016-02-11T08:04:28Z" user="JandaM" uid="2169558" lat="49.3083204" lon="14.1488559"/>
 <node id="4000252111" visible="true" version="1" changeset="37140936" timestamp="2016-02-11T08:04:28Z" user="JandaM" uid="2169558" lat="49.3083218" lon="14.1488564"/>
 <node id="4000252112" visible="true" version="1" changeset="37140936" timestamp="2016-02-11T08:04:28Z" user="JandaM" uid="2169558" lat="49.3083529" lon="14.1482722"/>
 <node id="4000252113" visible="true" version="1" changeset="37140936" timestamp="2016-02-11T08:04:28Z" user="JandaM" uid="2169558" lat="49.3083572" lon="14.1492685"/>
 <node id="4000252114" visible="true" version="1" changeset="37140936" timestamp="2016-02-11T08:04:28Z" user="JandaM" uid="2169558" lat="49.3084003" lon="14.1478977"/>
 <node id="4000252115" visible="true" version="1" changeset="37140936" timestamp="2016-02-11T08:04:29Z" user="JandaM" uid="2169558" lat="49.3084252" lon="14.1488148"/>
 <node id="4000252116" visible="true" version="1" changeset="37140936" timestamp="2016-02-11T08:04:29Z" user="JandaM" uid="2169558" lat="49.3084282" lon="14.1488012"/>
 <node id="4000252117" visible="true" version="1" changeset="37140936" timestamp="2016-02-11T08:04:29Z" user="JandaM" uid="2169558" lat="49.3084293" lon="14.1509486"/>
 <node id="4000252118" visible="true" version="1" changeset="37140936" timestamp="2016-02-11T08:04:29Z" user="JandaM" uid="2169558" lat="49.3084304" lon="14.1470306"/>
 <node id="4000252119" visible="true" version="1" changeset="37140936" timestamp="2016-02-11T08:04:29Z" user="JandaM" uid="2169558" lat="49.3084499" lon="14.1486935"/>
 <node id="4000252120" visible="true" version="1" changeset="37140936" timestamp="2016-02-11T08:04:29Z" user="JandaM" uid="2169558" lat="49.3084564" lon="14.1486914"/>
 <node id="4000252121" visible="true" version="1" changeset="37140936" timestamp="2016-02-11T08:04:29Z" user="JandaM" uid="2169558" lat="49.3084948" lon="14.1486406"/>
 <node id="4000252122" visible="true" version="1" changeset="37140936" timestamp="2016-02-11T08:04:29Z" user="JandaM" uid="2169558" lat="49.3084953" lon="14.1486364"/>
 <node id="4000252123" visible="true" version="1" changeset="37140936" timestamp="2016-02-11T08:04:29Z" user="JandaM" uid="2169558" lat="49.3084955" lon="14.1479225"/>
 <node id="4000252124" visible="true" version="1" changeset="37140936" timestamp="2016-02-11T08:04:29Z" user="JandaM" uid="2169558" lat="49.3085178" lon="14.1488423"/>
 <node id="4000252125" visible="true" version="1" changeset="37140936" timestamp="2016-02-11T08:04:29Z" user="JandaM" uid="2169558" lat="49.3085323" lon="14.1487548"/>
 <node id="4000252126" visible="true" version="1" changeset="37140936" timestamp="2016-02-11T08:04:29Z" user="JandaM" uid="2169558" lat="49.3085608" lon="14.1508524"/>
 <node id="4000252127" visible="true" version="1" changeset="37140936" timestamp="2016-02-11T08:04:29Z" user="JandaM" uid="2169558" lat="49.3085735" lon="14.1507445"/>
 <node id="4000252128" visible="true" version="1" changeset="37140936" timestamp="2016-02-11T08:04:29Z" user="JandaM" uid="2169558" lat="49.3085824" lon="14.1507001"/>
 <node id="4000252129" visible="true" version="1" changeset="37140936" timestamp="2016-02-11T08:04:29Z" user="JandaM" uid="2169558" lat="49.3085837" lon="14.1506944"/>
 <node id="4000252130" visible="true" version="1" changeset="37140936" timestamp="2016-02-11T08:04:29Z" user="JandaM" uid="2169558" lat="49.3085970" lon="14.1507542"/>
 <node id="4000252131" visible="true" version="1" changeset="37140936" timestamp="2016-02-11T08:04:29Z" user="JandaM" uid="2169558" lat="49.3085984" lon="14.1465363"/>
 <node id="4000252132" visible="true" version="1" changeset="37140936" timestamp="2016-02-11T08:04:29Z" user="JandaM" uid="2169558" lat="49.3086023" lon="14.1507266"/>
 <node id="4000252133" visible="true" version="1" changeset="37140936" timestamp="2016-02-11T08:04:29Z" user="JandaM" uid="2169558" lat="49.3086051" lon="14.1467681"/>
 <node id="4000252134" visible="true" version="1" changeset="37140936" timestamp="2016-02-11T08:04:29Z" user="JandaM" uid="2169558" lat="49.3086076" lon="14.1488212"/>
 <node id="4000252135" visible="true" version="1" changeset="37140936" timestamp="2016-02-11T08:04:29Z" user="JandaM" uid="2169558" lat="49.3086095" lon="14.1488070"/>
 <node id="4000252136" visible="true" version="1" changeset="37140936" timestamp="2016-02-11T08:04:29Z" user="JandaM" uid="2169558" lat="49.3086127" lon="14.1488236"/>
 <node id="4000252137" visible="true" version="1" changeset="37140936" timestamp="2016-02-11T08:04:29Z" user="JandaM" uid="2169558" lat="49.3086157" lon="14.1488060"/>
 <node id="4000252138" visible="true" version="1" changeset="37140936" timestamp="2016-02-11T08:04:29Z" user="JandaM" uid="2169558" lat="49.3086187" lon="14.1509779"/>
 <node id="4000252139" visible="true" version="1" changeset="37140936" timestamp="2016-02-11T08:04:29Z" user="JandaM" uid="2169558" lat="49.3086212" lon="14.1509888"/>
 <node id="4000252140" visible="true" version="1" changeset="37140936" timestamp="2016-02-11T08:04:29Z" user="JandaM" uid="2169558" lat="49.3086250" lon="14.1509994"/>
 <node id="4000252141" visible="true" version="1" changeset="37140936" timestamp="2016-02-11T08:04:29Z" user="JandaM" uid="2169558" lat="49.3086326" lon="14.1469343"/>
 <node id="4000252142" visible="true" version="1" changeset="37140936" timestamp="2016-02-11T08:04:29Z" user="JandaM" uid="2169558" lat="49.3086330" lon="14.1508724"/>
 <node id="4000252143" visible="true" version="1" changeset="37140936" timestamp="2016-02-11T08:04:29Z" user="JandaM" uid="2169558" lat="49.3086330" lon="14.1510122"/>
 <node id="4000252144" visible="true" version="1" changeset="37140936" timestamp="2016-02-11T08:04:29Z" user="JandaM" uid="2169558" lat="49.3086337" lon="14.1506747"/>
 <node id="4000252145" visible="true" version="1" changeset="37140936" timestamp="2016-02-11T08:04:29Z" user="JandaM" uid="2169558" lat="49.3086411" lon="14.1510192"/>
 <node id="4000252146" visible="true" version="1" changeset="37140936" timestamp="2016-02-11T08:04:29Z" user="JandaM" uid="2169558" lat="49.3086493" lon="14.1510230"/>
 <node id="4000252147" visible="true" version="1" changeset="37140936" timestamp="2016-02-11T08:04:29Z" user="JandaM" uid="2169558" lat="49.3086598" lon="14.1510235"/>
 <node id="4000252148" visible="true" version="1" changeset="37140936" timestamp="2016-02-11T08:04:29Z" user="JandaM" uid="2169558" lat="49.3086642" lon="14.1474391"/>
 <node id="4000252149" visible="true" version="1" changeset="37140936" timestamp="2016-02-11T08:04:29Z" user="JandaM" uid="2169558" lat="49.3086645" lon="14.1474361"/>
 <node id="4000252150" visible="true" version="1" changeset="37140936" timestamp="2016-02-11T08:04:29Z" user="JandaM" uid="2169558" lat="49.3086684" lon="14.1510218"/>
 <node id="4000252151" visible="true" version="1" changeset="37140936" timestamp="2016-02-11T08:04:29Z" user="JandaM" uid="2169558" lat="49.3086690" lon="14.1507628"/>
 <node id="4000252152" visible="true" version="1" changeset="37140936" timestamp="2016-02-11T08:04:29Z" user="JandaM" uid="2169558" lat="49.3086717" lon="14.1470549"/>
 <node id="4000252153" visible="true" version="1" changeset="37140936" timestamp="2016-02-11T08:04:29Z" user="JandaM" uid="2169558" lat="49.3086824" lon="14.1510079"/>
 <node id="4000252154" visible="true" version="1" changeset="37140936" timestamp="2016-02-11T08:04:29Z" user="JandaM" uid="2169558" lat="49.3086880" lon="14.1509989"/>
 <node id="4000252155" visible="true" version="1" changeset="37140936" timestamp="2016-02-11T08:04:29Z" user="JandaM" uid="2169558" lat="49.3086903" lon="14.1509418"/>
 <node id="4000252156" visible="true" version="1" changeset="37140936" timestamp="2016-02-11T08:04:29Z" user="JandaM" uid="2169558" lat="49.3086917" lon="14.1509875"/>
 <node id="4000252157" visible="true" version="1" changeset="37140936" timestamp="2016-02-11T08:04:29Z" user="JandaM" uid="2169558" lat="49.3086919" lon="14.1470658"/>
 <node id="4000252158" visible="true" version="1" changeset="37140936" timestamp="2016-02-11T08:04:29Z" user="JandaM" uid="2169558" lat="49.3086924" lon="14.1470637"/>
 <node id="4000252159" visible="true" version="1" changeset="37140936" timestamp="2016-02-11T08:04:29Z" user="JandaM" uid="2169558" lat="49.3086933" lon="14.1509620"/>
 <node id="4000252160" visible="true" version="1" changeset="37140936" timestamp="2016-02-11T08:04:29Z" user="JandaM" uid="2169558" lat="49.3086934" lon="14.1509747"/>
 <node id="4000252161" visible="true" version="1" changeset="37140936" timestamp="2016-02-11T08:04:29Z" user="JandaM" uid="2169558" lat="49.3086963" lon="14.1474340"/>
 <node id="4000252162" visible="true" version="1" changeset="37140936" timestamp="2016-02-11T08:04:29Z" user="JandaM" uid="2169558" lat="49.3086974" lon="14.1474375"/>
 <node id="4000252163" visible="true" version="1" changeset="37140936" timestamp="2016-02-11T08:04:29Z" user="JandaM" uid="2169558" lat="49.3086974" lon="14.1485075"/>
 <node id="4000252164" visible="true" version="1" changeset="37140936" timestamp="2016-02-11T08:04:29Z" user="JandaM" uid="2169558" lat="49.3087019" lon="14.1474337"/>
 <node id="4000252165" visible="true" version="1" changeset="37140936" timestamp="2016-02-11T08:04:29Z" user="JandaM" uid="2169558" lat="49.3087087" lon="14.1470746"/>
 <node id="4000252166" visible="true" version="1" changeset="37140936" timestamp="2016-02-11T08:04:29Z" user="JandaM" uid="2169558" lat="49.3087370" lon="14.1470795"/>
 <node id="4000252167" visible="true" version="1" changeset="37140936" timestamp="2016-02-11T08:04:29Z" user="JandaM" uid="2169558" lat="49.3087383" lon="14.1470573"/>
 <node id="4000252168" visible="true" version="1" changeset="37140936" timestamp="2016-02-11T08:04:29Z" user="JandaM" uid="2169558" lat="49.3087695" lon="14.1470658"/>
 <node id="4000252169" visible="true" version="1" changeset="37140936" timestamp="2016-02-11T08:04:29Z" user="JandaM" uid="2169558" lat="49.3087697" lon="14.1468599"/>
 <node id="4000252170" visible="true" version="1" changeset="37140936" timestamp="2016-02-11T08:04:29Z" user="JandaM" uid="2169558" lat="49.3087712" lon="14.1468597"/>
 <node id="4000252171" visible="true" version="1" changeset="37140936" timestamp="2016-02-11T08:04:29Z" user="JandaM" uid="2169558" lat="49.3087720" lon="14.1465818"/>
 <node id="4000252172" visible="true" version="1" changeset="37140936" timestamp="2016-02-11T08:04:29Z" user="JandaM" uid="2169558" lat="49.3087946" lon="14.1474262"/>
 <node id="4000252173" visible="true" version="1" changeset="37140936" timestamp="2016-02-11T08:04:29Z" user="JandaM" uid="2169558" lat="49.3087946" lon="14.1474276"/>
 <node id="4000252174" visible="true" version="1" changeset="37140936" timestamp="2016-02-11T08:04:29Z" user="JandaM" uid="2169558" lat="49.3087982" lon="14.1465860"/>
 <node id="4000252175" visible="true" version="1" changeset="37140936" timestamp="2016-02-11T08:04:29Z" user="JandaM" uid="2169558" lat="49.3088001" lon="14.1474272"/>
 <node id="4000252176" visible="true" version="1" changeset="37140936" timestamp="2016-02-11T08:04:29Z" user="JandaM" uid="2169558" lat="49.3088056" lon="14.1474294"/>
 <node id="4000252177" visible="true" version="1" changeset="37140936" timestamp="2016-02-11T08:04:29Z" user="JandaM" uid="2169558" lat="49.3088059" lon="14.1474268"/>
 <node id="4000252178" visible="true" version="1" changeset="37140936" timestamp="2016-02-11T08:04:29Z" user="JandaM" uid="2169558" lat="49.3088083" lon="14.1483157"/>
 <node id="4000252179" visible="true" version="1" changeset="37140936" timestamp="2016-02-11T08:04:29Z" user="JandaM" uid="2169558" lat="49.3088171" lon="14.1482552"/>
 <node id="4000252180" visible="true" version="1" changeset="37140936" timestamp="2016-02-11T08:04:29Z" user="JandaM" uid="2169558" lat="49.3088230" lon="14.1487902"/>
 <node id="4000252181" visible="true" version="1" changeset="37140936" timestamp="2016-02-11T08:04:30Z" user="JandaM" uid="2169558" lat="49.3088379" lon="14.1474248"/>
 <node id="4000252182" visible="true" version="1" changeset="37140936" timestamp="2016-02-11T08:04:30Z" user="JandaM" uid="2169558" lat="49.3088389" lon="14.1474269"/>
 <node id="4000252183" visible="true" version="1" changeset="37140936" timestamp="2016-02-11T08:04:30Z" user="JandaM" uid="2169558" lat="49.3088433" lon="14.1474244"/>
 <node id="4000252184" visible="true" version="1" changeset="37140936" timestamp="2016-02-11T08:04:30Z" user="JandaM" uid="2169558" lat="49.3088558" lon="14.1480748"/>
 <node id="4000252185" visible="true" version="1" changeset="37140936" timestamp="2016-02-11T08:04:30Z" user="JandaM" uid="2169558" lat="49.3088710" lon="14.1474209"/>
 <node id="4000252186" visible="true" version="1" changeset="37140936" timestamp="2016-02-11T08:04:30Z" user="JandaM" uid="2169558" lat="49.3088711" lon="14.1474226"/>
 <node id="4000252187" visible="true" version="1" changeset="37140936" timestamp="2016-02-11T08:04:30Z" user="JandaM" uid="2169558" lat="49.3088770" lon="14.1485623"/>
 <node id="4000252188" visible="true" version="1" changeset="37140936" timestamp="2016-02-11T08:04:30Z" user="JandaM" uid="2169558" lat="49.3089086" lon="14.1466035"/>
 <node id="4000252189" visible="true" version="1" changeset="37140936" timestamp="2016-02-11T08:04:30Z" user="JandaM" uid="2169558" lat="49.3089091" lon="14.1465962"/>
 <node id="4000252190" visible="true" version="1" changeset="37140936" timestamp="2016-02-11T08:04:30Z" user="JandaM" uid="2169558" lat="49.3089125" lon="14.1470860"/>
 <node id="4000252191" visible="true" version="1" changeset="37140936" timestamp="2016-02-11T08:04:30Z" user="JandaM" uid="2169558" lat="49.3089170" lon="14.1470864"/>
 <node id="4000252192" visible="true" version="1" changeset="37140936" timestamp="2016-02-11T08:04:30Z" user="JandaM" uid="2169558" lat="49.3089215" lon="14.1468995"/>
 <node id="4000252193" visible="true" version="1" changeset="37140936" timestamp="2016-02-11T08:04:30Z" user="JandaM" uid="2169558" lat="49.3089241" lon="14.1469056"/>
 <node id="4000252194" visible="true" version="1" changeset="37140936" timestamp="2016-02-11T08:04:30Z" user="JandaM" uid="2169558" lat="49.3089271" lon="14.1483054"/>
 <node id="4000252195" visible="true" version="1" changeset="37140936" timestamp="2016-02-11T08:04:30Z" user="JandaM" uid="2169558" lat="49.3090141" lon="14.1483114"/>
 <node id="4000252196" visible="true" version="1" changeset="37140936" timestamp="2016-02-11T08:04:30Z" user="JandaM" uid="2169558" lat="49.3090174" lon="14.1483175"/>
 <node id="4000252197" visible="true" version="1" changeset="37140936" timestamp="2016-02-11T08:04:30Z" user="JandaM" uid="2169558" lat="49.3090249" lon="14.1482577"/>
 <node id="4000252198" visible="true" version="1" changeset="37140936" timestamp="2016-02-11T08:04:30Z" user="JandaM" uid="2169558" lat="49.3090276" lon="14.1482564"/>
 <node id="4000252199" visible="true" version="1" changeset="37140936" timestamp="2016-02-11T08:04:30Z" user="JandaM" uid="2169558" lat="49.3090296" lon="14.1470060"/>
 <node id="4000252200" visible="true" version="1" changeset="37140936" timestamp="2016-02-11T08:04:30Z" user="JandaM" uid="2169558" lat="49.3090382" lon="14.1482019"/>
 <node id="4000252201" visible="true" version="1" changeset="37140936" timestamp="2016-02-11T08:04:30Z" user="JandaM" uid="2169558" lat="49.3090407" lon="14.1482026"/>
 <node id="4000252202" visible="true" version="1" changeset="37140936" timestamp="2016-02-11T08:04:30Z" user="JandaM" uid="2169558" lat="49.3090792" lon="14.1480003"/>
 <node id="4000252203" visible="true" version="1" changeset="37140936" timestamp="2016-02-11T08:04:30Z" user="JandaM" uid="2169558" lat="49.3091698" lon="14.1466469"/>
 <node id="4000252204" visible="true" version="1" changeset="37140936" timestamp="2016-02-11T08:04:30Z" user="JandaM" uid="2169558" lat="49.3091761" lon="14.1481964"/>
 <node id="4000252205" visible="true" version="1" changeset="37140936" timestamp="2016-02-11T08:04:30Z" user="JandaM" uid="2169558" lat="49.3091879" lon="14.1471893"/>
 <node id="4000252206" visible="true" version="1" changeset="37140936" timestamp="2016-02-11T08:04:30Z" user="JandaM" uid="2169558" lat="49.3091888" lon="14.1471917"/>
 <node id="4000252207" visible="true" version="1" changeset="37140936" timestamp="2016-02-11T08:04:30Z" user="JandaM" uid="2169558" lat="49.3092489" lon="14.1481432"/>
 <node id="4000252208" visible="true" version="1" changeset="37140936" timestamp="2016-02-11T08:04:30Z" user="JandaM" uid="2169558" lat="49.3092670" lon="14.1479383"/>
 <node id="4000252209" visible="true" version="1" changeset="37140936" timestamp="2016-02-11T08:04:30Z" user="JandaM" uid="2169558" lat="49.3092864" lon="14.1473598"/>
 <node id="4000252210" visible="true" version="1" changeset="37140936" timestamp="2016-02-11T08:04:30Z" user="JandaM" uid="2169558" lat="49.3093088" lon="14.1482497"/>
 <node id="4000252211" visible="true" version="1" changeset="37140936" timestamp="2016-02-11T08:04:30Z" user="JandaM" uid="2169558" lat="49.3093520" lon="14.1466932"/>
 <node id="4000252212" visible="true" version="1" changeset="37140936" timestamp="2016-02-11T08:04:30Z" user="JandaM" uid="2169558" lat="49.3093575" lon="14.1474390"/>
 <node id="4000252213" visible="true" version="1" changeset="37140936" timestamp="2016-02-11T08:04:30Z" user="JandaM" uid="2169558" lat="49.3094074" lon="14.1476503"/>
 <node id="4000252214" visible="true" version="1" changeset="37140936" timestamp="2016-02-11T08:04:30Z" user="JandaM" uid="2169558" lat="49.3094342" lon="14.1469955"/>
 <node id="4000252215" visible="true" version="1" changeset="37140936" timestamp="2016-02-11T08:04:30Z" user="JandaM" uid="2169558" lat="49.3094350" lon="14.1469979"/>
 <node id="4000252216" visible="true" version="1" changeset="37140936" timestamp="2016-02-11T08:04:30Z" user="JandaM" uid="2169558" lat="49.3094403" lon="14.1471967"/>
 <node id="4000252217" visible="true" version="1" changeset="37140936" timestamp="2016-02-11T08:04:30Z" user="JandaM" uid="2169558" lat="49.3094419" lon="14.1471924"/>
 <node id="4000252218" visible="true" version="1" changeset="37140936" timestamp="2016-02-11T08:04:30Z" user="JandaM" uid="2169558" lat="49.3094447" lon="14.1465540"/>
 <node id="4000252219" visible="true" version="1" changeset="37140936" timestamp="2016-02-11T08:04:30Z" user="JandaM" uid="2169558" lat="49.3094461" lon="14.1484599"/>
 <node id="4000252220" visible="true" version="1" changeset="37140936" timestamp="2016-02-11T08:04:30Z" user="JandaM" uid="2169558" lat="49.3094476" lon="14.1484607"/>
 <node id="4000252221" visible="true" version="1" changeset="37140936" timestamp="2016-02-11T08:04:30Z" user="JandaM" uid="2169558" lat="49.3094739" lon="14.1483407"/>
 <node id="4000252222" visible="true" version="1" changeset="37140936" timestamp="2016-02-11T08:04:30Z" user="JandaM" uid="2169558" lat="49.3094753" lon="14.1483415"/>
 <node id="4000252223" visible="true" version="1" changeset="37140936" timestamp="2016-02-11T08:04:30Z" user="JandaM" uid="2169558" lat="49.3094802" lon="14.1471501"/>
 <node id="4000252224" visible="true" version="1" changeset="37140936" timestamp="2016-02-11T08:04:30Z" user="JandaM" uid="2169558" lat="49.3094812" lon="14.1471524"/>
 <node id="4000252225" visible="true" version="1" changeset="37140936" timestamp="2016-02-11T08:04:30Z" user="JandaM" uid="2169558" lat="49.3094881" lon="14.1482751"/>
 <node id="4000252226" visible="true" version="1" changeset="37140936" timestamp="2016-02-11T08:04:30Z" user="JandaM" uid="2169558" lat="49.3094892" lon="14.1482757"/>
 <node id="4000252227" visible="true" version="1" changeset="37140936" timestamp="2016-02-11T08:04:30Z" user="JandaM" uid="2169558" lat="49.3094943" lon="14.1468301"/>
 <node id="4000252228" visible="true" version="1" changeset="37140936" timestamp="2016-02-11T08:04:30Z" user="JandaM" uid="2169558" lat="49.3094985" lon="14.1467028"/>
 <node id="4000252229" visible="true" version="1" changeset="37140936" timestamp="2016-02-11T08:04:30Z" user="JandaM" uid="2169558" lat="49.3095008" lon="14.1466129"/>
 <node id="4000252230" visible="true" version="1" changeset="37140936" timestamp="2016-02-11T08:04:30Z" user="JandaM" uid="2169558" lat="49.3095091" lon="14.1466807"/>
 <node id="4000252231" visible="true" version="1" changeset="37140936" timestamp="2016-02-11T08:04:30Z" user="JandaM" uid="2169558" lat="49.3095105" lon="14.1466712"/>
 <node id="4000252232" visible="true" version="1" changeset="37140936" timestamp="2016-02-11T08:04:30Z" user="JandaM" uid="2169558" lat="49.3095119" lon="14.1465795"/>
 <node id="4000252233" visible="true" version="1" changeset="37140936" timestamp="2016-02-11T08:04:30Z" user="JandaM" uid="2169558" lat="49.3095333" lon="14.1470947"/>
 <node id="4000252234" visible="true" version="1" changeset="37140936" timestamp="2016-02-11T08:04:30Z" user="JandaM" uid="2169558" lat="49.3095344" lon="14.1470970"/>
 <node id="4000252235" visible="true" version="1" changeset="37140936" timestamp="2016-02-11T08:04:30Z" user="JandaM" uid="2169558" lat="49.3095738" lon="14.1472874"/>
 <node id="4000252236" visible="true" version="1" changeset="37140936" timestamp="2016-02-11T08:04:30Z" user="JandaM" uid="2169558" lat="49.3096043" lon="14.1470209"/>
 <node id="4000252237" visible="true" version="1" changeset="37140936" timestamp="2016-02-11T08:04:30Z" user="JandaM" uid="2169558" lat="49.3096054" lon="14.1470232"/>
 <node id="4000252238" visible="true" version="1" changeset="37140936" timestamp="2016-02-11T08:04:30Z" user="JandaM" uid="2169558" lat="49.3096215" lon="14.1472731"/>
 <node id="4000252239" visible="true" version="1" changeset="37140936" timestamp="2016-02-11T08:04:30Z" user="JandaM" uid="2169558" lat="49.3096295" lon="14.1472934"/>
 <node id="4000252240" visible="true" version="1" changeset="37140936" timestamp="2016-02-11T08:04:30Z" user="JandaM" uid="2169558" lat="49.3096359" lon="14.1472983"/>
 <node id="4000252241" visible="true" version="1" changeset="37140936" timestamp="2016-02-11T08:04:30Z" user="JandaM" uid="2169558" lat="49.3096411" lon="14.1473384"/>
 <node id="4000252242" visible="true" version="1" changeset="37140936" timestamp="2016-02-11T08:04:30Z" user="JandaM" uid="2169558" lat="49.3096447" lon="14.1472993"/>
 <node id="4000252243" visible="true" version="1" changeset="37140936" timestamp="2016-02-11T08:04:30Z" user="JandaM" uid="2169558" lat="49.3096580" lon="14.1469653"/>
 <node id="4000252244" visible="true" version="1" changeset="37140936" timestamp="2016-02-11T08:04:30Z" user="JandaM" uid="2169558" lat="49.3096589" lon="14.1469676"/>
 <node id="4000252245" visible="true" version="1" changeset="37140936" timestamp="2016-02-11T08:04:31Z" user="JandaM" uid="2169558" lat="49.3096981" lon="14.1469236"/>
 <node id="4000252246" visible="true" version="1" changeset="37140936" timestamp="2016-02-11T08:04:31Z" user="JandaM" uid="2169558" lat="49.3097288" lon="14.1474008"/>
 <node id="4000252247" visible="true" version="1" changeset="37140936" timestamp="2016-02-11T08:04:31Z" user="JandaM" uid="2169558" lat="49.3097293" lon="14.1473988"/>
 <node id="4000252248" visible="true" version="1" changeset="37140936" timestamp="2016-02-11T08:04:31Z" user="JandaM" uid="2169558" lat="49.3097432" lon="14.1473520"/>
 <node id="4000252249" visible="true" version="1" changeset="37140936" timestamp="2016-02-11T08:04:31Z" user="JandaM" uid="2169558" lat="49.3097445" lon="14.1473529"/>
 <node id="4000252250" visible="true" version="1" changeset="37140936" timestamp="2016-02-11T08:04:31Z" user="JandaM" uid="2169558" lat="49.3097697" lon="14.1472517"/>
 <node id="4000252251" visible="true" version="1" changeset="37140936" timestamp="2016-02-11T08:04:31Z" user="JandaM" uid="2169558" lat="49.3097705" lon="14.1470643"/>
 <node id="4000252252" visible="true" version="1" changeset="37140936" timestamp="2016-02-11T08:04:31Z" user="JandaM" uid="2169558" lat="49.3097710" lon="14.1472525"/>
 <node id="4000252253" visible="true" version="1" changeset="37140936" timestamp="2016-02-11T08:04:31Z" user="JandaM" uid="2169558" lat="49.3097730" lon="14.1470707"/>
 <node id="4000252254" visible="true" version="1" changeset="37140936" timestamp="2016-02-11T08:04:31Z" user="JandaM" uid="2169558" lat="49.3097809" lon="14.1472032"/>
 <node id="4000252255" visible="true" version="1" changeset="37140936" timestamp="2016-02-11T08:04:31Z" user="JandaM" uid="2169558" lat="49.3097809" lon="14.1472093"/>
 <node id="4000252256" visible="true" version="1" changeset="37140936" timestamp="2016-02-11T08:04:31Z" user="JandaM" uid="2169558" lat="49.3097816" lon="14.1472007"/>
 <node id="4000252257" visible="true" version="1" changeset="37140936" timestamp="2016-02-11T08:04:31Z" user="JandaM" uid="2169558" lat="49.3097822" lon="14.1472101"/>
 <node id="4000252258" visible="true" version="1" changeset="37140936" timestamp="2016-02-11T08:04:31Z" user="JandaM" uid="2169558" lat="49.3097995" lon="14.1470507"/>
 <node id="4000252259" visible="true" version="1" changeset="37140936" timestamp="2016-02-11T08:04:31Z" user="JandaM" uid="2169558" lat="49.3099025" lon="14.1468594"/>
 <node id="4000252260" visible="true" version="1" changeset="37140936" timestamp="2016-02-11T08:04:31Z" user="JandaM" uid="2169558" lat="49.3099125" lon="14.1469699"/>
 <node id="4000252261" visible="true" version="1" changeset="37140936" timestamp="2016-02-11T08:04:31Z" user="JandaM" uid="2169558" lat="49.3099159" lon="14.1469723"/>
 <node id="4000252262" visible="true" version="1" changeset="37140936" timestamp="2016-02-11T08:04:31Z" user="JandaM" uid="2169558" lat="49.3099197" lon="14.1469296"/>
 <node id="4000252263" visible="true" version="1" changeset="37140936" timestamp="2016-02-11T08:04:31Z" user="JandaM" uid="2169558" lat="49.3099444" lon="14.1468834"/>
 <node id="4000252264" visible="true" version="1" changeset="37140936" timestamp="2016-02-11T08:04:31Z" user="JandaM" uid="2169558" lat="49.3100136" lon="14.1467298"/>
 <node id="4000252265" visible="true" version="1" changeset="37140936" timestamp="2016-02-11T08:04:31Z" user="JandaM" uid="2169558" lat="49.3100140" lon="14.1466107"/>
 <node id="4000252266" visible="true" version="1" changeset="37140936" timestamp="2016-02-11T08:04:31Z" user="JandaM" uid="2169558" lat="49.3100140" lon="14.1466128"/>
 <node id="4000252267" visible="true" version="1" changeset="37140936" timestamp="2016-02-11T08:04:31Z" user="JandaM" uid="2169558" lat="49.3100503" lon="14.1469839"/>
 <node id="4002013584" visible="true" version="1" changeset="37161321" timestamp="2016-02-12T06:21:32Z" user="JandaM" uid="2169558" lat="49.3078818" lon="14.1529510"/>
 <node id="4002013587" visible="true" version="1" changeset="37161321" timestamp="2016-02-12T06:21:32Z" user="JandaM" uid="2169558" lat="49.3078892" lon="14.1527913"/>
 <node id="4002013589" visible="true" version="1" changeset="37161321" timestamp="2016-02-12T06:21:32Z" user="JandaM" uid="2169558" lat="49.3078959" lon="14.1527928"/>
 <node id="4002013591" visible="true" version="1" changeset="37161321" timestamp="2016-02-12T06:21:32Z" user="JandaM" uid="2169558" lat="49.3079019" lon="14.1527301"/>
 <node id="4002013592" visible="true" version="1" changeset="37161321" timestamp="2016-02-12T06:21:32Z" user="JandaM" uid="2169558" lat="49.3079021" lon="14.1527286"/>
 <node id="4002013630" visible="true" version="1" changeset="37161321" timestamp="2016-02-12T06:21:33Z" user="JandaM" uid="2169558" lat="49.3081029" lon="14.1514699"/>
 <node id="4002013631" visible="true" version="1" changeset="37161321" timestamp="2016-02-12T06:21:33Z" user="JandaM" uid="2169558" lat="49.3081029" lon="14.1514720"/>
 <node id="4002013646" visible="true" version="1" changeset="37161321" timestamp="2016-02-12T06:21:33Z" user="JandaM" uid="2169558" lat="49.3081627" lon="14.1514802"/>
 <node id="4002013647" visible="true" version="1" changeset="37161321" timestamp="2016-02-12T06:21:33Z" user="JandaM" uid="2169558" lat="49.3081628" lon="14.1514781"/>
 <node id="4002013701" visible="true" version="1" changeset="37161321" timestamp="2016-02-12T06:21:34Z" user="JandaM" uid="2169558" lat="49.3084194" lon="14.1515206"/>
 <node id="4002013702" visible="true" version="1" changeset="37161321" timestamp="2016-02-12T06:21:34Z" user="JandaM" uid="2169558" lat="49.3084195" lon="14.1515185"/>
 <node id="4002013733" visible="true" version="1" changeset="37161321" timestamp="2016-02-12T06:21:34Z" user="JandaM" uid="2169558" lat="49.3085516" lon="14.1520231"/>
 <node id="4175099906" visible="true" version="2" changeset="39230952" timestamp="2016-05-11T01:27:36Z" user="Michal Vinárek" uid="3108884" lat="49.3079023" lon="14.1490281"/>
 <node id="4175099907" visible="true" version="2" changeset="39230952" timestamp="2016-05-11T01:27:36Z" user="Michal Vinárek" uid="3108884" lat="49.3078206" lon="14.1495241"/>
 <node id="4175107633" visible="true" version="1" changeset="39204714" timestamp="2016-05-10T02:02:42Z" user="Michal Vinárek" uid="3108884" lat="49.3083228" lon="14.1474912"/>
 <node id="4175107634" visible="true" version="2" changeset="39323663" timestamp="2016-05-15T03:08:44Z" user="Michal Vinárek" uid="3108884" lat="49.3091189" lon="14.1474848"/>
 <node id="4175107635" visible="true" version="1" changeset="39204714" timestamp="2016-05-10T02:02:42Z" user="Michal Vinárek" uid="3108884" lat="49.3090254" lon="14.1475602"/>
 <node id="4175107636" visible="true" version="1" changeset="39204714" timestamp="2016-05-10T02:02:42Z" user="Michal Vinárek" uid="3108884" lat="49.3090232" lon="14.1475840"/>
 <node id="4175107637" visible="true" version="1" changeset="39204714" timestamp="2016-05-10T02:02:42Z" user="Michal Vinárek" uid="3108884" lat="49.3090349" lon="14.1476154"/>
 <node id="4175107638" visible="true" version="1" changeset="39204714" timestamp="2016-05-10T02:02:42Z" user="Michal Vinárek" uid="3108884" lat="49.3090613" lon="14.1476401"/>
 <node id="4175107639" visible="true" version="1" changeset="39204714" timestamp="2016-05-10T02:02:42Z" user="Michal Vinárek" uid="3108884" lat="49.3090807" lon="14.1476295"/>
 <node id="4175107640" visible="true" version="2" changeset="39323663" timestamp="2016-05-15T03:08:44Z" user="Michal Vinárek" uid="3108884" lat="49.3091186" lon="14.1475261"/>
 <node id="4175107641" visible="true" version="2" changeset="39323663" timestamp="2016-05-15T03:08:44Z" user="Michal Vinárek" uid="3108884" lat="49.3091229" lon="14.1475126"/>
 <node id="4175107642" visible="true" version="2" changeset="39323663" timestamp="2016-05-15T03:08:44Z" user="Michal Vinárek" uid="3108884" lat="49.3091229" lon="14.1474996"/>
 <node id="4175107643" visible="true" version="1" changeset="39204714" timestamp="2016-05-10T02:02:43Z" user="Michal Vinárek" uid="3108884" lat="49.3090372" lon="14.1475334"/>
 <node id="4175107644" visible="true" version="1" changeset="39204714" timestamp="2016-05-10T02:02:43Z" user="Michal Vinárek" uid="3108884" lat="49.3090505" lon="14.1475165"/>
 <node id="4175107645" visible="true" version="1" changeset="39204714" timestamp="2016-05-10T02:02:43Z" user="Michal Vinárek" uid="3108884" lat="49.3090630" lon="14.1475379"/>
 <node id="4175107646" visible="true" version="2" changeset="39323663" timestamp="2016-05-15T03:08:44Z" user="Michal Vinárek" uid="3108884" lat="49.3090942" lon="14.1474664"/>
 <node id="4175107647" visible="true" version="2" changeset="39323663" timestamp="2016-05-15T03:08:44Z" user="Michal Vinárek" uid="3108884" lat="49.3091002" lon="14.1474619"/>
 <node id="4175107649" visible="true" version="2" changeset="39323663" timestamp="2016-05-15T03:08:44Z" user="Michal Vinárek" uid="3108884" lat="49.3091036" lon="14.1474616"/>
 <node id="4175107650" visible="true" version="2" changeset="39323663" timestamp="2016-05-15T03:08:44Z" user="Michal Vinárek" uid="3108884" lat="49.3091086" lon="14.1474645"/>
 <node id="4175107651" visible="true" version="2" changeset="39323663" timestamp="2016-05-15T03:08:44Z" user="Michal Vinárek" uid="3108884" lat="49.3091133" lon="14.1474721"/>
 <node id="4175107652" visible="true" version="1" changeset="39204714" timestamp="2016-05-10T02:02:43Z" user="Michal Vinárek" uid="3108884" lat="49.3090376" lon="14.1479976"/>
 <node id="4175129240" visible="true" version="1" changeset="39204955" timestamp="2016-05-10T02:29:52Z" user="Michal Vinárek" uid="3108884" lat="49.3088518" lon="14.1467390"/>
 <node id="4175129241" visible="true" version="1" changeset="39204955" timestamp="2016-05-10T02:29:52Z" user="Michal Vinárek" uid="3108884" lat="49.3088464" lon="14.1467372"/>
 <node id="4175129242" visible="true" version="1" changeset="39204955" timestamp="2016-05-10T02:29:52Z" user="Michal Vinárek" uid="3108884" lat="49.3088409" lon="14.1467383"/>
 <node id="4175129243" visible="true" version="1" changeset="39204955" timestamp="2016-05-10T02:29:52Z" user="Michal Vinárek" uid="3108884" lat="49.3088360" lon="14.1467422"/>
 <node id="4175129244" visible="true" version="1" changeset="39204955" timestamp="2016-05-10T02:29:52Z" user="Michal Vinárek" uid="3108884" lat="49.3088322" lon="14.1467484"/>
 <node id="4175129245" visible="true" version="1" changeset="39204955" timestamp="2016-05-10T02:29:52Z" user="Michal Vinárek" uid="3108884" lat="49.3088391" lon="14.1467845"/>
 <node id="4175129246" visible="true" version="1" changeset="39204955" timestamp="2016-05-10T02:29:52Z" user="Michal Vinárek" uid="3108884" lat="49.3088440" lon="14.1467866"/>
 <node id="4175129247" visible="true" version="1" changeset="39204955" timestamp="2016-05-10T02:29:52Z" user="Michal Vinárek" uid="3108884" lat="49.3088491" lon="14.1467862"/>
 <node id="4175129248" visible="true" version="1" changeset="39204955" timestamp="2016-05-10T02:29:53Z" user="Michal Vinárek" uid="3108884" lat="49.3088539" lon="14.1467834"/>
 <node id="4175129249" visible="true" version="1" changeset="39204955" timestamp="2016-05-10T02:29:53Z" user="Michal Vinárek" uid="3108884" lat="49.3088579" lon="14.1467784"/>
 <node id="4175129250" visible="true" version="1" changeset="39204955" timestamp="2016-05-10T02:29:53Z" user="Michal Vinárek" uid="3108884" lat="49.3088606" lon="14.1467717"/>
 <node id="4175129251" visible="true" version="1" changeset="39204955" timestamp="2016-05-10T02:29:53Z" user="Michal Vinárek" uid="3108884" lat="49.3088300" lon="14.1467562"/>
 <node id="4175129252" visible="true" version="1" changeset="39204955" timestamp="2016-05-10T02:29:53Z" user="Michal Vinárek" uid="3108884" lat="49.3088297" lon="14.1467647"/>
 <node id="4175129253" visible="true" version="1" changeset="39204955" timestamp="2016-05-10T02:29:53Z" user="Michal Vinárek" uid="3108884" lat="49.3088312" lon="14.1467729"/>
 <node id="4175129254" visible="true" version="1" changeset="39204955" timestamp="2016-05-10T02:29:53Z" user="Michal Vinárek" uid="3108884" lat="49.3088345" lon="14.1467798"/>
 <node id="4175129255" visible="true" version="1" changeset="39204955" timestamp="2016-05-10T02:29:53Z" user="Michal Vinárek" uid="3108884" lat="49.3088619" lon="14.1467641"/>
 <node id="4175129256" visible="true" version="1" changeset="39204955" timestamp="2016-05-10T02:29:53Z" user="Michal Vinárek" uid="3108884" lat="49.3088615" lon="14.1467563"/>
 <node id="4175129257" visible="true" version="1" changeset="39204955" timestamp="2016-05-10T02:29:53Z" user="Michal Vinárek" uid="3108884" lat="49.3088595" lon="14.1467490"/>
 <node id="4175129258" visible="true" version="1" changeset="39204955" timestamp="2016-05-10T02:29:53Z" user="Michal Vinárek" uid="3108884" lat="49.3088562" lon="14.1467430"/>
 <node id="4175129265" visible="true" version="1" changeset="39204955" timestamp="2016-05-10T02:29:54Z" user="Michal Vinárek" uid="3108884" lat="49.3088539" lon="14.1466628"/>
 <node id="4175129266" visible="true" version="1" changeset="39204955" timestamp="2016-05-10T02:29:54Z" user="Michal Vinárek" uid="3108884" lat="49.3088521" lon="14.1467238"/>
 <node id="4175129267" visible="true" version="1" changeset="39204955" timestamp="2016-05-10T02:29:54Z" user="Michal Vinárek" uid="3108884" lat="49.3088600" lon="14.1467307"/>
 <node id="4175129268" visible="true" version="1" changeset="39204955" timestamp="2016-05-10T02:29:54Z" user="Michal Vinárek" uid="3108884" lat="49.3088665" lon="14.1467436"/>
 <node id="4175129269" visible="true" version="1" changeset="39204955" timestamp="2016-05-10T02:29:54Z" user="Michal Vinárek" uid="3108884" lat="49.3088686" lon="14.1467561"/>
 <node id="4175129270" visible="true" version="1" changeset="39204955" timestamp="2016-05-10T02:29:55Z" user="Michal Vinárek" uid="3108884" lat="49.3088674" lon="14.1467761"/>
 <node id="4175129271" visible="true" version="1" changeset="39204955" timestamp="2016-05-10T02:29:55Z" user="Michal Vinárek" uid="3108884" lat="49.3088609" lon="14.1467907"/>
 <node id="4175129272" visible="true" version="1" changeset="39204955" timestamp="2016-05-10T02:29:55Z" user="Michal Vinárek" uid="3108884" lat="49.3088545" lon="14.1467964"/>
 <node id="4175129273" visible="true" version="1" changeset="39204955" timestamp="2016-05-10T02:29:55Z" user="Michal Vinárek" uid="3108884" lat="49.3088488" lon="14.1467993"/>
 <node id="4175129274" visible="true" version="1" changeset="39204955" timestamp="2016-05-10T02:29:55Z" user="Michal Vinárek" uid="3108884" lat="49.3088470" lon="14.1468828"/>
 <node id="4175129275" visible="true" version="1" changeset="39204955" timestamp="2016-05-10T02:29:55Z" user="Michal Vinárek" uid="3108884" lat="49.3088943" lon="14.1468861"/>
 <node id="4175129276" visible="true" version="1" changeset="39204955" timestamp="2016-05-10T02:29:55Z" user="Michal Vinárek" uid="3108884" lat="49.3089018" lon="14.1466656"/>
 <node id="4175129277" visible="true" version="1" changeset="39204955" timestamp="2016-05-10T02:29:55Z" user="Michal Vinárek" uid="3108884" lat="49.3088452" lon="14.1466619"/>
 <node id="4175129278" visible="true" version="1" changeset="39204955" timestamp="2016-05-10T02:29:55Z" user="Michal Vinárek" uid="3108884" lat="49.3087966" lon="14.1466577"/>
 <node id="4175129279" visible="true" version="1" changeset="39204955" timestamp="2016-05-10T02:29:55Z" user="Michal Vinárek" uid="3108884" lat="49.3087926" lon="14.1468791"/>
 <node id="4175129280" visible="true" version="1" changeset="39204955" timestamp="2016-05-10T02:29:56Z" user="Michal Vinárek" uid="3108884" lat="49.3088383" lon="14.1468815"/>
 <node id="4175129281" visible="true" version="1" changeset="39204955" timestamp="2016-05-10T02:29:56Z" user="Michal Vinárek" uid="3108884" lat="49.3088405" lon="14.1467996"/>
 <node id="4175129282" visible="true" version="1" changeset="39204955" timestamp="2016-05-10T02:29:56Z" user="Michal Vinárek" uid="3108884" lat="49.3088332" lon="14.1467951"/>
 <node id="4175129283" visible="true" version="1" changeset="39204955" timestamp="2016-05-10T02:29:56Z" user="Michal Vinárek" uid="3108884" lat="49.3088283" lon="14.1467895"/>
 <node id="4175129284" visible="true" version="1" changeset="39204955" timestamp="2016-05-10T02:29:56Z" user="Michal Vinárek" uid="3108884" lat="49.3088253" lon="14.1467829"/>
 <node id="4175129285" visible="true" version="1" changeset="39204955" timestamp="2016-05-10T02:29:56Z" user="Michal Vinárek" uid="3108884" lat="49.3088226" lon="14.1467707"/>
 <node id="4175129286" visible="true" version="1" changeset="39204955" timestamp="2016-05-10T02:29:56Z" user="Michal Vinárek" uid="3108884" lat="49.3088222" lon="14.1467605"/>
 <node id="4175129287" visible="true" version="1" changeset="39204955" timestamp="2016-05-10T02:29:56Z" user="Michal Vinárek" uid="3108884" lat="49.3088258" lon="14.1467427"/>
 <node id="4175129288" visible="true" version="1" changeset="39204955" timestamp="2016-05-10T02:29:56Z" user="Michal Vinárek" uid="3108884" lat="49.3088290" lon="14.1467343"/>
 <node id="4175131489" visible="true" version="1" changeset="39204955" timestamp="2016-05-10T02:29:56Z" user="Michal Vinárek" uid="3108884" lat="49.3088332" lon="14.1467285"/>
 <node id="4175131490" visible="true" version="1" changeset="39204955" timestamp="2016-05-10T02:29:56Z" user="Michal Vinárek" uid="3108884" lat="49.3088382" lon="14.1467254"/>
 <node id="4175131491" visible="true" version="1" changeset="39204955" timestamp="2016-05-10T02:29:57Z" user="Michal Vinárek" uid="3108884" lat="49.3088438" lon="14.1467239"/>
 <node id="4175131492" visible="true" version="1" changeset="39204955" timestamp="2016-05-10T02:29:57Z" user="Michal Vinárek" uid="3108884" lat="49.3088269" lon="14.1469118"/>
 <node id="4175131493" visible="true" version="1" changeset="39204955" timestamp="2016-05-10T02:29:57Z" user="Michal Vinárek" uid="3108884" lat="49.3087708" lon="14.1469094"/>
 <node id="4175131494" visible="true" version="1" changeset="39204955" timestamp="2016-05-10T02:29:57Z" user="Michal Vinárek" uid="3108884" lat="49.3088250" lon="14.1470671"/>
 <node id="4175131495" visible="true" version="1" changeset="39204955" timestamp="2016-05-10T02:29:57Z" user="Michal Vinárek" uid="3108884" lat="49.3089238" lon="14.1469136"/>
 <node id="4175131496" visible="true" version="1" changeset="39204955" timestamp="2016-05-10T02:29:57Z" user="Michal Vinárek" uid="3108884" lat="49.3088520" lon="14.1469112"/>
 <node id="4175131497" visible="true" version="1" changeset="39204955" timestamp="2016-05-10T02:29:57Z" user="Michal Vinárek" uid="3108884" lat="49.3088478" lon="14.1470671"/>
 <node id="4175131498" visible="true" version="1" changeset="39204955" timestamp="2016-05-10T02:29:57Z" user="Michal Vinárek" uid="3108884" lat="49.3089177" lon="14.1470689"/>
 <node id="4175131499" visible="true" version="1" changeset="39204955" timestamp="2016-05-10T02:29:57Z" user="Michal Vinárek" uid="3108884" lat="49.3082102" lon="14.1467044"/>
 <node id="4175131500" visible="true" version="1" changeset="39204955" timestamp="2016-05-10T02:29:57Z" user="Michal Vinárek" uid="3108884" lat="49.3082093" lon="14.1467139"/>
 <node id="4175131501" visible="true" version="1" changeset="39204955" timestamp="2016-05-10T02:29:57Z" user="Michal Vinárek" uid="3108884" lat="49.3085531" lon="14.1470659"/>
 <node id="4175131502" visible="true" version="1" changeset="39204955" timestamp="2016-05-10T02:29:58Z" user="Michal Vinárek" uid="3108884" lat="49.3083704" lon="14.1466251"/>
 <node id="4175131503" visible="true" version="1" changeset="39204955" timestamp="2016-05-10T02:29:58Z" user="Michal Vinárek" uid="3108884" lat="49.3083411" lon="14.1466107"/>
 <node id="4175131504" visible="true" version="1" changeset="39204955" timestamp="2016-05-10T02:29:58Z" user="Michal Vinárek" uid="3108884" lat="49.3082681" lon="14.1467046"/>
 <node id="4175131505" visible="true" version="1" changeset="39204955" timestamp="2016-05-10T02:29:58Z" user="Michal Vinárek" uid="3108884" lat="49.3082842" lon="14.1466949"/>
 <node id="4175131506" visible="true" version="1" changeset="39204955" timestamp="2016-05-10T02:29:58Z" user="Michal Vinárek" uid="3108884" lat="49.3083087" lon="14.1466696"/>
 <node id="4175131507" visible="true" version="1" changeset="39204955" timestamp="2016-05-10T02:29:58Z" user="Michal Vinárek" uid="3108884" lat="49.3083221" lon="14.1466310"/>
 <node id="4175131508" visible="true" version="1" changeset="39204955" timestamp="2016-05-10T02:29:58Z" user="Michal Vinárek" uid="3108884" lat="49.3083686" lon="14.1466047"/>
 <node id="4175131509" visible="true" version="1" changeset="39204955" timestamp="2016-05-10T02:29:58Z" user="Michal Vinárek" uid="3108884" lat="49.3083557" lon="14.1466075"/>
 <node id="4175131510" visible="true" version="1" changeset="39204955" timestamp="2016-05-10T02:29:58Z" user="Michal Vinárek" uid="3108884" lat="49.3083631" lon="14.1466402"/>
 <node id="4175131511" visible="true" version="1" changeset="39204955" timestamp="2016-05-10T02:29:58Z" user="Michal Vinárek" uid="3108884" lat="49.3083746" lon="14.1466703"/>
 <node id="4175131512" visible="true" version="1" changeset="39204955" timestamp="2016-05-10T02:29:59Z" user="Michal Vinárek" uid="3108884" lat="49.3083902" lon="14.1466809"/>
 <node id="4175131513" visible="true" version="1" changeset="39204955" timestamp="2016-05-10T02:29:59Z" user="Michal Vinárek" uid="3108884" lat="49.3084132" lon="14.1466668"/>
 <node id="4175131514" visible="true" version="1" changeset="39204955" timestamp="2016-05-10T02:29:59Z" user="Michal Vinárek" uid="3108884" lat="49.3084375" lon="14.1466597"/>
 <node id="4175131515" visible="true" version="1" changeset="39204955" timestamp="2016-05-10T02:29:59Z" user="Michal Vinárek" uid="3108884" lat="49.3084629" lon="14.1466535"/>
 <node id="4175131516" visible="true" version="1" changeset="39204955" timestamp="2016-05-10T02:29:59Z" user="Michal Vinárek" uid="3108884" lat="49.3084858" lon="14.1466539"/>
 <node id="4175131517" visible="true" version="1" changeset="39204955" timestamp="2016-05-10T02:29:59Z" user="Michal Vinárek" uid="3108884" lat="49.3085006" lon="14.1466620"/>
 <node id="4175131518" visible="true" version="1" changeset="39204955" timestamp="2016-05-10T02:29:59Z" user="Michal Vinárek" uid="3108884" lat="49.3085152" lon="14.1466549"/>
 <node id="4175131519" visible="true" version="1" changeset="39204955" timestamp="2016-05-10T02:29:59Z" user="Michal Vinárek" uid="3108884" lat="49.3085197" lon="14.1466416"/>
 <node id="4175131520" visible="true" version="1" changeset="39204955" timestamp="2016-05-10T02:29:59Z" user="Michal Vinárek" uid="3108884" lat="49.3085188" lon="14.1466190"/>
 <node id="4175131521" visible="true" version="1" changeset="39204955" timestamp="2016-05-10T02:29:59Z" user="Michal Vinárek" uid="3108884" lat="49.3084993" lon="14.1468140"/>
 <node id="4175131522" visible="true" version="1" changeset="39204955" timestamp="2016-05-10T02:29:59Z" user="Michal Vinárek" uid="3108884" lat="49.3084871" lon="14.1468102"/>
 <node id="4175131523" visible="true" version="1" changeset="39204955" timestamp="2016-05-10T02:30:00Z" user="Michal Vinárek" uid="3108884" lat="49.3084747" lon="14.1468128"/>
 <node id="4175131524" visible="true" version="1" changeset="39204955" timestamp="2016-05-10T02:30:00Z" user="Michal Vinárek" uid="3108884" lat="49.3084635" lon="14.1468214"/>
 <node id="4175131525" visible="true" version="1" changeset="39204955" timestamp="2016-05-10T02:30:00Z" user="Michal Vinárek" uid="3108884" lat="49.3084547" lon="14.1468351"/>
 <node id="4175131526" visible="true" version="1" changeset="39204955" timestamp="2016-05-10T02:30:00Z" user="Michal Vinárek" uid="3108884" lat="49.3084493" lon="14.1468524"/>
 <node id="4175131527" visible="true" version="1" changeset="39204955" timestamp="2016-05-10T02:30:00Z" user="Michal Vinárek" uid="3108884" lat="49.3084666" lon="14.1469189"/>
 <node id="4175131528" visible="true" version="1" changeset="39204955" timestamp="2016-05-10T02:30:00Z" user="Michal Vinárek" uid="3108884" lat="49.3084783" lon="14.1469258"/>
 <node id="4175131529" visible="true" version="1" changeset="39204955" timestamp="2016-05-10T02:30:00Z" user="Michal Vinárek" uid="3108884" lat="49.3084908" lon="14.1469265"/>
 <node id="4175131530" visible="true" version="1" changeset="39204955" timestamp="2016-05-10T02:30:00Z" user="Michal Vinárek" uid="3108884" lat="49.3085028" lon="14.1469209"/>
 <node id="4175131531" visible="true" version="1" changeset="39204955" timestamp="2016-05-10T02:30:00Z" user="Michal Vinárek" uid="3108884" lat="49.3085130" lon="14.1469096"/>
 <node id="4175131532" visible="true" version="1" changeset="39204955" timestamp="2016-05-10T02:30:00Z" user="Michal Vinárek" uid="3108884" lat="49.3085202" lon="14.1468938"/>
 <node id="4175131533" visible="true" version="1" changeset="39204955" timestamp="2016-05-10T02:30:00Z" user="Michal Vinárek" uid="3108884" lat="49.3084078" lon="14.1468653"/>
 <node id="4175131534" visible="true" version="1" changeset="39204955" timestamp="2016-05-10T02:30:01Z" user="Michal Vinárek" uid="3108884" lat="49.3084505" lon="14.1468902"/>
 <node id="4175131535" visible="true" version="1" changeset="39204955" timestamp="2016-05-10T02:30:01Z" user="Michal Vinárek" uid="3108884" lat="49.3084570" lon="14.1469066"/>
 <node id="4175131536" visible="true" version="1" changeset="39204955" timestamp="2016-05-10T02:30:01Z" user="Michal Vinárek" uid="3108884" lat="49.3085237" lon="14.1468753"/>
 <node id="4175131537" visible="true" version="1" changeset="39204955" timestamp="2016-05-10T02:30:01Z" user="Michal Vinárek" uid="3108884" lat="49.3085231" lon="14.1468561"/>
 <node id="4175131538" visible="true" version="1" changeset="39204955" timestamp="2016-05-10T02:30:01Z" user="Michal Vinárek" uid="3108884" lat="49.3085184" lon="14.1468382"/>
 <node id="4175131539" visible="true" version="1" changeset="39204955" timestamp="2016-05-10T02:30:01Z" user="Michal Vinárek" uid="3108884" lat="49.3085102" lon="14.1468237"/>
 <node id="4175131540" visible="true" version="1" changeset="39204955" timestamp="2016-05-10T02:30:01Z" user="Michal Vinárek" uid="3108884" lat="49.3085026" lon="14.1467997"/>
 <node id="4175131541" visible="true" version="1" changeset="39204955" timestamp="2016-05-10T02:30:01Z" user="Michal Vinárek" uid="3108884" lat="49.3085035" lon="14.1467769"/>
 <node id="4175131542" visible="true" version="1" changeset="39204955" timestamp="2016-05-10T02:30:01Z" user="Michal Vinárek" uid="3108884" lat="49.3084995" lon="14.1467595"/>
 <node id="4175131543" visible="true" version="1" changeset="39204955" timestamp="2016-05-10T02:30:02Z" user="Michal Vinárek" uid="3108884" lat="49.3084860" lon="14.1467474"/>
 <node id="4175131544" visible="true" version="1" changeset="39204955" timestamp="2016-05-10T02:30:02Z" user="Michal Vinárek" uid="3108884" lat="49.3084711" lon="14.1467494"/>
 <node id="4175131545" visible="true" version="1" changeset="39204955" timestamp="2016-05-10T02:30:02Z" user="Michal Vinárek" uid="3108884" lat="49.3084545" lon="14.1467528"/>
 <node id="4175131546" visible="true" version="1" changeset="39204955" timestamp="2016-05-10T02:30:02Z" user="Michal Vinárek" uid="3108884" lat="49.3084418" lon="14.1467642"/>
 <node id="4175131547" visible="true" version="1" changeset="39204955" timestamp="2016-05-10T02:30:02Z" user="Michal Vinárek" uid="3108884" lat="49.3084283" lon="14.1467836"/>
 <node id="4175131548" visible="true" version="1" changeset="39204955" timestamp="2016-05-10T02:30:02Z" user="Michal Vinárek" uid="3108884" lat="49.3084217" lon="14.1468051"/>
 <node id="4175131549" visible="true" version="1" changeset="39204955" timestamp="2016-05-10T02:30:02Z" user="Michal Vinárek" uid="3108884" lat="49.3084143" lon="14.1468346"/>
 <node id="4175131550" visible="true" version="1" changeset="39204955" timestamp="2016-05-10T02:30:02Z" user="Michal Vinárek" uid="3108884" lat="49.3082842" lon="14.1467599"/>
 <node id="4175131551" visible="true" version="1" changeset="39204955" timestamp="2016-05-10T02:30:02Z" user="Michal Vinárek" uid="3108884" lat="49.3083021" lon="14.1467502"/>
 <node id="4175131552" visible="true" version="1" changeset="39204955" timestamp="2016-05-10T02:30:02Z" user="Michal Vinárek" uid="3108884" lat="49.3083126" lon="14.1467415"/>
 <node id="4175131553" visible="true" version="1" changeset="39204955" timestamp="2016-05-10T02:30:02Z" user="Michal Vinárek" uid="3108884" lat="49.3083323" lon="14.1467361"/>
 <node id="4175131554" visible="true" version="1" changeset="39204955" timestamp="2016-05-10T02:30:03Z" user="Michal Vinárek" uid="3108884" lat="49.3083563" lon="14.1467395"/>
 <node id="4175131555" visible="true" version="1" changeset="39204955" timestamp="2016-05-10T02:30:03Z" user="Michal Vinárek" uid="3108884" lat="49.3083838" lon="14.1467502"/>
 <node id="4175131556" visible="true" version="1" changeset="39204955" timestamp="2016-05-10T02:30:03Z" user="Michal Vinárek" uid="3108884" lat="49.3084096" lon="14.1467670"/>
 <node id="4175131557" visible="true" version="1" changeset="39204955" timestamp="2016-05-10T02:30:03Z" user="Michal Vinárek" uid="3108884" lat="49.3083705" lon="14.1468150"/>
 <node id="4175131558" visible="true" version="1" changeset="39204955" timestamp="2016-05-10T02:30:03Z" user="Michal Vinárek" uid="3108884" lat="49.3083652" lon="14.1468463"/>
 <node id="4175131559" visible="true" version="1" changeset="39204955" timestamp="2016-05-10T02:30:03Z" user="Michal Vinárek" uid="3108884" lat="49.3083611" lon="14.1468702"/>
 <node id="4175131560" visible="true" version="1" changeset="39204955" timestamp="2016-05-10T02:30:03Z" user="Michal Vinárek" uid="3108884" lat="49.3084445" lon="14.1469087"/>
 <node id="4175131561" visible="true" version="1" changeset="39204955" timestamp="2016-05-10T02:30:03Z" user="Michal Vinárek" uid="3108884" lat="49.3084415" lon="14.1469326"/>
 <node id="4175131562" visible="true" version="1" changeset="39204955" timestamp="2016-05-10T02:30:03Z" user="Michal Vinárek" uid="3108884" lat="49.3084445" lon="14.1469560"/>
 <node id="4175131563" visible="true" version="1" changeset="39204955" timestamp="2016-05-10T02:30:03Z" user="Michal Vinárek" uid="3108884" lat="49.3084514" lon="14.1469763"/>
 <node id="4175131564" visible="true" version="1" changeset="39204955" timestamp="2016-05-10T02:30:04Z" user="Michal Vinárek" uid="3108884" lat="49.3084624" lon="14.1469844"/>
 <node id="4175131565" visible="true" version="1" changeset="39204955" timestamp="2016-05-10T02:30:04Z" user="Michal Vinárek" uid="3108884" lat="49.3084727" lon="14.1469895"/>
 <node id="4175131566" visible="true" version="1" changeset="39204955" timestamp="2016-05-10T02:30:04Z" user="Michal Vinárek" uid="3108884" lat="49.3084846" lon="14.1469895"/>
 <node id="4175131567" visible="true" version="1" changeset="39204955" timestamp="2016-05-10T02:30:04Z" user="Michal Vinárek" uid="3108884" lat="49.3084972" lon="14.1469870"/>
 <node id="4175131568" visible="true" version="1" changeset="39204955" timestamp="2016-05-10T02:30:04Z" user="Michal Vinárek" uid="3108884" lat="49.3085068" lon="14.1469789"/>
 <node id="4175131569" visible="true" version="1" changeset="39204955" timestamp="2016-05-10T02:30:04Z" user="Michal Vinárek" uid="3108884" lat="49.3085214" lon="14.1469626"/>
 <node id="4175131570" visible="true" version="1" changeset="39204955" timestamp="2016-05-10T02:30:04Z" user="Michal Vinárek" uid="3108884" lat="49.3085296" lon="14.1469463"/>
 <node id="4175131571" visible="true" version="1" changeset="39204955" timestamp="2016-05-10T02:30:04Z" user="Michal Vinárek" uid="3108884" lat="49.3085356" lon="14.1469235"/>
 <node id="4175131572" visible="true" version="1" changeset="39204955" timestamp="2016-05-10T02:30:04Z" user="Michal Vinárek" uid="3108884" lat="49.3085376" lon="14.1469087"/>
 <node id="4175131573" visible="true" version="1" changeset="39204955" timestamp="2016-05-10T02:30:04Z" user="Michal Vinárek" uid="3108884" lat="49.3085383" lon="14.1468798"/>
 <node id="4175131574" visible="true" version="1" changeset="39204955" timestamp="2016-05-10T02:30:04Z" user="Michal Vinárek" uid="3108884" lat="49.3085359" lon="14.1468630"/>
 <node id="4175131575" visible="true" version="1" changeset="39204955" timestamp="2016-05-10T02:30:05Z" user="Michal Vinárek" uid="3108884" lat="49.3085323" lon="14.1468452"/>
 <node id="4175131576" visible="true" version="1" changeset="39204955" timestamp="2016-05-10T02:30:05Z" user="Michal Vinárek" uid="3108884" lat="49.3085260" lon="14.1468284"/>
 <node id="4175131577" visible="true" version="1" changeset="39204955" timestamp="2016-05-10T02:30:05Z" user="Michal Vinárek" uid="3108884" lat="49.3085676" lon="14.1464589"/>
 <node id="4175131578" visible="true" version="1" changeset="39204955" timestamp="2016-05-10T02:30:05Z" user="Michal Vinárek" uid="3108884" lat="49.3085686" lon="14.1464820"/>
 <node id="4175131579" visible="true" version="1" changeset="39204955" timestamp="2016-05-10T02:30:05Z" user="Michal Vinárek" uid="3108884" lat="49.3085767" lon="14.1464944"/>
 <node id="4175131580" visible="true" version="1" changeset="39204955" timestamp="2016-05-10T02:30:05Z" user="Michal Vinárek" uid="3108884" lat="49.3085842" lon="14.1465024"/>
 <node id="4175131581" visible="true" version="1" changeset="39204955" timestamp="2016-05-10T02:30:05Z" user="Michal Vinárek" uid="3108884" lat="49.3085975" lon="14.1465049"/>
 <node id="4175131582" visible="true" version="1" changeset="39204955" timestamp="2016-05-10T02:30:05Z" user="Michal Vinárek" uid="3108884" lat="49.3085994" lon="14.1465713"/>
 <node id="4175131583" visible="true" version="1" changeset="39204955" timestamp="2016-05-10T02:30:05Z" user="Michal Vinárek" uid="3108884" lat="49.3085894" lon="14.1465723"/>
 <node id="4175131584" visible="true" version="1" changeset="39204955" timestamp="2016-05-10T02:30:05Z" user="Michal Vinárek" uid="3108884" lat="49.3085831" lon="14.1465784"/>
 <node id="4175131585" visible="true" version="1" changeset="39204955" timestamp="2016-05-10T02:30:05Z" user="Michal Vinárek" uid="3108884" lat="49.3085802" lon="14.1465926"/>
 <node id="4175131586" visible="true" version="1" changeset="39204955" timestamp="2016-05-10T02:30:06Z" user="Michal Vinárek" uid="3108884" lat="49.3085825" lon="14.1466094"/>
 <node id="4175131587" visible="true" version="1" changeset="39204955" timestamp="2016-05-10T02:30:06Z" user="Michal Vinárek" uid="3108884" lat="49.3085900" lon="14.1466147"/>
 <node id="4175131588" visible="true" version="1" changeset="39204955" timestamp="2016-05-10T02:30:06Z" user="Michal Vinárek" uid="3108884" lat="49.3086008" lon="14.1466182"/>
 <node id="4175131589" visible="true" version="1" changeset="39204955" timestamp="2016-05-10T02:30:06Z" user="Michal Vinárek" uid="3108884" lat="49.3086043" lon="14.1467403"/>
 <node id="4175131590" visible="true" version="1" changeset="39204955" timestamp="2016-05-10T02:30:06Z" user="Michal Vinárek" uid="3108884" lat="49.3085975" lon="14.1467404"/>
 <node id="4175131591" visible="true" version="1" changeset="39204955" timestamp="2016-05-10T02:30:06Z" user="Michal Vinárek" uid="3108884" lat="49.3085827" lon="14.1467610"/>
 <node id="4175131592" visible="true" version="1" changeset="39204955" timestamp="2016-05-10T02:30:06Z" user="Michal Vinárek" uid="3108884" lat="49.3085847" lon="14.1467775"/>
 <node id="4175131593" visible="true" version="1" changeset="39204955" timestamp="2016-05-10T02:30:06Z" user="Michal Vinárek" uid="3108884" lat="49.3085907" lon="14.1467877"/>
 <node id="4175131594" visible="true" version="1" changeset="39204955" timestamp="2016-05-10T02:30:06Z" user="Michal Vinárek" uid="3108884" lat="49.3086008" lon="14.1467888"/>
 <node id="4175131595" visible="true" version="1" changeset="39204955" timestamp="2016-05-10T02:30:06Z" user="Michal Vinárek" uid="3108884" lat="49.3086078" lon="14.1467842"/>
 <node id="4175131596" visible="true" version="1" changeset="39204955" timestamp="2016-05-10T02:30:07Z" user="Michal Vinárek" uid="3108884" lat="49.3086197" lon="14.1468562"/>
 <node id="4175131597" visible="true" version="1" changeset="39204955" timestamp="2016-05-10T02:30:07Z" user="Michal Vinárek" uid="3108884" lat="49.3086125" lon="14.1468589"/>
 <node id="4175131598" visible="true" version="1" changeset="39204955" timestamp="2016-05-10T02:30:07Z" user="Michal Vinárek" uid="3108884" lat="49.3086056" lon="14.1468660"/>
 <node id="4175131599" visible="true" version="1" changeset="39204955" timestamp="2016-05-10T02:30:07Z" user="Michal Vinárek" uid="3108884" lat="49.3086033" lon="14.1468810"/>
 <node id="4175131600" visible="true" version="1" changeset="39204955" timestamp="2016-05-10T02:30:07Z" user="Michal Vinárek" uid="3108884" lat="49.3086044" lon="14.1468961"/>
 <node id="4175131601" visible="true" version="1" changeset="39204955" timestamp="2016-05-10T02:30:07Z" user="Michal Vinárek" uid="3108884" lat="49.3086067" lon="14.1469076"/>
 <node id="4175131602" visible="true" version="1" changeset="39204955" timestamp="2016-05-10T02:30:07Z" user="Michal Vinárek" uid="3108884" lat="49.3086084" lon="14.1469138"/>
 <node id="4175131603" visible="true" version="1" changeset="39204955" timestamp="2016-05-10T02:30:07Z" user="Michal Vinárek" uid="3108884" lat="49.3086119" lon="14.1469271"/>
 <node id="4175131604" visible="true" version="1" changeset="39204955" timestamp="2016-05-10T02:30:07Z" user="Michal Vinárek" uid="3108884" lat="49.3086177" lon="14.1469306"/>
 <node id="4175131605" visible="true" version="1" changeset="39204955" timestamp="2016-05-10T02:30:07Z" user="Michal Vinárek" uid="3108884" lat="49.3086240" lon="14.1469333"/>
 <node id="4175131606" visible="true" version="1" changeset="39204955" timestamp="2016-05-10T02:30:07Z" user="Michal Vinárek" uid="3108884" lat="49.3086658" lon="14.1470366"/>
 <node id="4175131607" visible="true" version="1" changeset="39204955" timestamp="2016-05-10T02:30:08Z" user="Michal Vinárek" uid="3108884" lat="49.3086604" lon="14.1470412"/>
 <node id="4175131608" visible="true" version="1" changeset="39204955" timestamp="2016-05-10T02:30:08Z" user="Michal Vinárek" uid="3108884" lat="49.3086517" lon="14.1470447"/>
 <node id="4175131609" visible="true" version="1" changeset="39204955" timestamp="2016-05-10T02:30:08Z" user="Michal Vinárek" uid="3108884" lat="49.3086465" lon="14.1470377"/>
 <node id="4175131610" visible="true" version="1" changeset="39204955" timestamp="2016-05-10T02:30:08Z" user="Michal Vinárek" uid="3108884" lat="49.3086419" lon="14.1470253"/>
 <node id="4175131611" visible="true" version="1" changeset="39204955" timestamp="2016-05-10T02:30:08Z" user="Michal Vinárek" uid="3108884" lat="49.3086448" lon="14.1470093"/>
 <node id="4175131612" visible="true" version="1" changeset="39204955" timestamp="2016-05-10T02:30:08Z" user="Michal Vinárek" uid="3108884" lat="49.3086534" lon="14.1469983"/>
 <node id="4175131613" visible="true" version="1" changeset="39204955" timestamp="2016-05-10T02:30:08Z" user="Michal Vinárek" uid="3108884" lat="49.3086637" lon="14.1471122"/>
 <node id="4175131616" visible="true" version="1" changeset="39204955" timestamp="2016-05-10T02:30:08Z" user="Michal Vinárek" uid="3108884" lat="49.3085872" lon="14.1467448"/>
 <node id="4177250569" visible="true" version="1" changeset="39229966" timestamp="2016-05-10T22:51:52Z" user="Michal Vinárek" uid="3108884" lat="49.3088451" lon="14.1472247"/>
 <node id="4177250570" visible="true" version="1" changeset="39229966" timestamp="2016-05-10T22:51:52Z" user="Michal Vinárek" uid="3108884" lat="49.3088539" lon="14.1474231"/>
 <node id="4177250571" visible="true" version="1" changeset="39229966" timestamp="2016-05-10T22:51:52Z" user="Michal Vinárek" uid="3108884" lat="49.3084490" lon="14.1470621"/>
 <node id="4177250572" visible="true" version="1" changeset="39229966" timestamp="2016-05-10T22:51:52Z" user="Michal Vinárek" uid="3108884" lat="49.3083989" lon="14.1473687"/>
 <node id="4177323851" visible="true" version="2" changeset="39230952" timestamp="2016-05-11T01:27:30Z" user="Michal Vinárek" uid="3108884" lat="49.3089873" lon="14.1475039"/>
 <node id="4177431114" visible="true" version="1" changeset="39230952" timestamp="2016-05-11T01:26:55Z" user="Michal Vinárek" uid="3108884" lat="49.3087314" lon="14.1472308"/>
 <node id="4177431115" visible="true" version="1" changeset="39230952" timestamp="2016-05-11T01:26:55Z" user="Michal Vinárek" uid="3108884" lat="49.3086901" lon="14.1470937"/>
 <node id="4177431116" visible="true" version="1" changeset="39230952" timestamp="2016-05-11T01:26:56Z" user="Michal Vinárek" uid="3108884" lat="49.3087359" lon="14.1471078"/>
 <node id="4177431117" visible="true" version="1" changeset="39230952" timestamp="2016-05-11T01:26:56Z" user="Michal Vinárek" uid="3108884" lat="49.3089459" lon="14.1479536"/>
 <node id="4177431118" visible="true" version="1" changeset="39230952" timestamp="2016-05-11T01:26:56Z" user="Michal Vinárek" uid="3108884" lat="49.3088217" lon="14.1476466"/>
 <node id="4177431119" visible="true" version="1" changeset="39230952" timestamp="2016-05-11T01:26:56Z" user="Michal Vinárek" uid="3108884" lat="49.3090093" lon="14.1474836"/>
 <node id="4177431120" visible="true" version="1" changeset="39230952" timestamp="2016-05-11T01:26:56Z" user="Michal Vinárek" uid="3108884" lat="49.3089513" lon="14.1479795"/>
 <node id="4177431121" visible="true" version="1" changeset="39230952" timestamp="2016-05-11T01:26:56Z" user="Michal Vinárek" uid="3108884" lat="49.3089330" lon="14.1479689"/>
 <node id="4177431122" visible="true" version="1" changeset="39230952" timestamp="2016-05-11T01:26:56Z" user="Michal Vinárek" uid="3108884" lat="49.3090696" lon="14.1476810"/>
 <node id="4177431123" visible="true" version="1" changeset="39230952" timestamp="2016-05-11T01:26:56Z" user="Michal Vinárek" uid="3108884" lat="49.3090181" lon="14.1476554"/>
 <node id="4177431124" visible="true" version="1" changeset="39230952" timestamp="2016-05-11T01:26:56Z" user="Michal Vinárek" uid="3108884" lat="49.3090094" lon="14.1476967"/>
 <node id="4177431125" visible="true" version="1" changeset="39230952" timestamp="2016-05-11T01:26:56Z" user="Michal Vinárek" uid="3108884" lat="49.3090205" lon="14.1477022"/>
 <node id="4177431126" visible="true" version="1" changeset="39230952" timestamp="2016-05-11T01:26:56Z" user="Michal Vinárek" uid="3108884" lat="49.3089830" lon="14.1478794"/>
 <node id="4177431127" visible="true" version="1" changeset="39230952" timestamp="2016-05-11T01:26:57Z" user="Michal Vinárek" uid="3108884" lat="49.3090233" lon="14.1478995"/>
 <node id="4177433205" visible="true" version="1" changeset="39230952" timestamp="2016-05-11T01:27:05Z" user="Michal Vinárek" uid="3108884" lat="49.3093140" lon="14.1470901"/>
 <node id="4177433206" visible="true" version="1" changeset="39230952" timestamp="2016-05-11T01:27:05Z" user="Michal Vinárek" uid="3108884" lat="49.3092594" lon="14.1469280"/>
 <node id="4177433207" visible="true" version="1" changeset="39230952" timestamp="2016-05-11T01:27:05Z" user="Michal Vinárek" uid="3108884" lat="49.3091085" lon="14.1468607"/>
 <node id="4177433208" visible="true" version="1" changeset="39230952" timestamp="2016-05-11T01:27:05Z" user="Michal Vinárek" uid="3108884" lat="49.3090928" lon="14.1468687"/>
 <node id="4177433209" visible="true" version="1" changeset="39230952" timestamp="2016-05-11T01:27:05Z" user="Michal Vinárek" uid="3108884" lat="49.3090849" lon="14.1468888"/>
 <node id="4177433210" visible="true" version="1" changeset="39230952" timestamp="2016-05-11T01:27:05Z" user="Michal Vinárek" uid="3108884" lat="49.3090805" lon="14.1469250"/>
 <node id="4177433211" visible="true" version="1" changeset="39230952" timestamp="2016-05-11T01:27:05Z" user="Michal Vinárek" uid="3108884" lat="49.3090700" lon="14.1469492"/>
 <node id="4177433212" visible="true" version="1" changeset="39230952" timestamp="2016-05-11T01:27:05Z" user="Michal Vinárek" uid="3108884" lat="49.3090552" lon="14.1469680"/>
 <node id="4177433213" visible="true" version="1" changeset="39230952" timestamp="2016-05-11T01:27:05Z" user="Michal Vinárek" uid="3108884" lat="49.3090490" lon="14.1469948"/>
 <node id="4177433214" visible="true" version="1" changeset="39230952" timestamp="2016-05-11T01:27:05Z" user="Michal Vinárek" uid="3108884" lat="49.3090534" lon="14.1470229"/>
 <node id="4177433215" visible="true" version="1" changeset="39230952" timestamp="2016-05-11T01:27:06Z" user="Michal Vinárek" uid="3108884" lat="49.3090665" lon="14.1470431"/>
 <node id="4177433216" visible="true" version="1" changeset="39230952" timestamp="2016-05-11T01:27:06Z" user="Michal Vinárek" uid="3108884" lat="49.3090849" lon="14.1470431"/>
 <node id="4177433217" visible="true" version="1" changeset="39230952" timestamp="2016-05-11T01:27:06Z" user="Michal Vinárek" uid="3108884" lat="49.3091024" lon="14.1470337"/>
 <node id="4177433218" visible="true" version="1" changeset="39230952" timestamp="2016-05-11T01:27:06Z" user="Michal Vinárek" uid="3108884" lat="49.3091207" lon="14.1470015"/>
 <node id="4177433219" visible="true" version="1" changeset="39230952" timestamp="2016-05-11T01:27:06Z" user="Michal Vinárek" uid="3108884" lat="49.3091339" lon="14.1469827"/>
 <node id="4177433220" visible="true" version="1" changeset="39230952" timestamp="2016-05-11T01:27:06Z" user="Michal Vinárek" uid="3108884" lat="49.3091513" lon="14.1469747"/>
 <node id="4177433221" visible="true" version="1" changeset="39230952" timestamp="2016-05-11T01:27:06Z" user="Michal Vinárek" uid="3108884" lat="49.3091627" lon="14.1469733"/>
 <node id="4177433222" visible="true" version="1" changeset="39230952" timestamp="2016-05-11T01:27:06Z" user="Michal Vinárek" uid="3108884" lat="49.3091784" lon="14.1469613"/>
 <node id="4177433223" visible="true" version="1" changeset="39230952" timestamp="2016-05-11T01:27:06Z" user="Michal Vinárek" uid="3108884" lat="49.3091854" lon="14.1469371"/>
 <node id="4177433224" visible="true" version="1" changeset="39230952" timestamp="2016-05-11T01:27:06Z" user="Michal Vinárek" uid="3108884" lat="49.3091828" lon="14.1469089"/>
 <node id="4177433225" visible="true" version="1" changeset="39230952" timestamp="2016-05-11T01:27:06Z" user="Michal Vinárek" uid="3108884" lat="49.3091697" lon="14.1468754"/>
 <node id="4177433226" visible="true" version="1" changeset="39230952" timestamp="2016-05-11T01:27:07Z" user="Michal Vinárek" uid="3108884" lat="49.3091513" lon="14.1468593"/>
 <node id="4177433227" visible="true" version="1" changeset="39230952" timestamp="2016-05-11T01:27:07Z" user="Michal Vinárek" uid="3108884" lat="49.3091295" lon="14.1468486"/>
 <node id="4177433228" visible="true" version="1" changeset="39230952" timestamp="2016-05-11T01:27:07Z" user="Michal Vinárek" uid="3108884" lat="49.3093175" lon="14.1467735"/>
 <node id="4177433229" visible="true" version="1" changeset="39230952" timestamp="2016-05-11T01:27:07Z" user="Michal Vinárek" uid="3108884" lat="49.3093218" lon="14.1467453"/>
 <node id="4177433230" visible="true" version="1" changeset="39230952" timestamp="2016-05-11T01:27:07Z" user="Michal Vinárek" uid="3108884" lat="49.3093096" lon="14.1467252"/>
 <node id="4177433231" visible="true" version="1" changeset="39230952" timestamp="2016-05-11T01:27:07Z" user="Michal Vinárek" uid="3108884" lat="49.3092930" lon="14.1467172"/>
 <node id="4177433232" visible="true" version="1" changeset="39230952" timestamp="2016-05-11T01:27:07Z" user="Michal Vinárek" uid="3108884" lat="49.3092676" lon="14.1467078"/>
 <node id="4177433233" visible="true" version="1" changeset="39230952" timestamp="2016-05-11T01:27:07Z" user="Michal Vinárek" uid="3108884" lat="49.3092449" lon="14.1467091"/>
 <node id="4177433234" visible="true" version="1" changeset="39230952" timestamp="2016-05-11T01:27:07Z" user="Michal Vinárek" uid="3108884" lat="49.3092230" lon="14.1467091"/>
 <node id="4177433235" visible="true" version="1" changeset="39230952" timestamp="2016-05-11T01:27:07Z" user="Michal Vinárek" uid="3108884" lat="49.3091942" lon="14.1467158"/>
 <node id="4177433236" visible="true" version="1" changeset="39230952" timestamp="2016-05-11T01:27:07Z" user="Michal Vinárek" uid="3108884" lat="49.3091793" lon="14.1467333"/>
 <node id="4177433237" visible="true" version="1" changeset="39230952" timestamp="2016-05-11T01:27:08Z" user="Michal Vinárek" uid="3108884" lat="49.3091784" lon="14.1467614"/>
 <node id="4177433238" visible="true" version="1" changeset="39230952" timestamp="2016-05-11T01:27:08Z" user="Michal Vinárek" uid="3108884" lat="49.3091854" lon="14.1467950"/>
 <node id="4177433239" visible="true" version="1" changeset="39230952" timestamp="2016-05-11T01:27:08Z" user="Michal Vinárek" uid="3108884" lat="49.3091898" lon="14.1468365"/>
 <node id="4177433240" visible="true" version="1" changeset="39230952" timestamp="2016-05-11T01:27:08Z" user="Michal Vinárek" uid="3108884" lat="49.3092073" lon="14.1468566"/>
 <node id="4177433241" visible="true" version="1" changeset="39230952" timestamp="2016-05-11T01:27:08Z" user="Michal Vinárek" uid="3108884" lat="49.3092274" lon="14.1468580"/>
 <node id="4177433242" visible="true" version="1" changeset="39230952" timestamp="2016-05-11T01:27:08Z" user="Michal Vinárek" uid="3108884" lat="49.3092493" lon="14.1468298"/>
 <node id="4177433243" visible="true" version="1" changeset="39230952" timestamp="2016-05-11T01:27:08Z" user="Michal Vinárek" uid="3108884" lat="49.3092668" lon="14.1468245"/>
 <node id="4177433244" visible="true" version="1" changeset="39230952" timestamp="2016-05-11T01:27:08Z" user="Michal Vinárek" uid="3108884" lat="49.3092860" lon="14.1468312"/>
 <node id="4177433245" visible="true" version="1" changeset="39230952" timestamp="2016-05-11T01:27:08Z" user="Michal Vinárek" uid="3108884" lat="49.3093052" lon="14.1468204"/>
 <node id="4177433246" visible="true" version="1" changeset="39230952" timestamp="2016-05-11T01:27:08Z" user="Michal Vinárek" uid="3108884" lat="49.3093149" lon="14.1467963"/>
 <node id="4177433247" visible="true" version="1" changeset="39230952" timestamp="2016-05-11T01:27:08Z" user="Michal Vinárek" uid="3108884" lat="49.3093966" lon="14.1464281"/>
 <node id="4177433248" visible="true" version="1" changeset="39230952" timestamp="2016-05-11T01:27:09Z" user="Michal Vinárek" uid="3108884" lat="49.3092637" lon="14.1464153"/>
 <node id="4177433249" visible="true" version="1" changeset="39230952" timestamp="2016-05-11T01:27:09Z" user="Michal Vinárek" uid="3108884" lat="49.3088658" lon="14.1463197"/>
 <node id="4177433250" visible="true" version="1" changeset="39230952" timestamp="2016-05-11T01:27:09Z" user="Michal Vinárek" uid="3108884" lat="49.3087144" lon="14.1463223"/>
 <node id="4177433252" visible="true" version="1" changeset="39230952" timestamp="2016-05-11T01:27:09Z" user="Michal Vinárek" uid="3108884" lat="49.3089157" lon="14.1471412">
  <tag k="amenity" v="toilets"/>
  <tag k="fee" v="yes"/>
  <tag k="unisex" v="yes"/>
 </node>
 <node id="4177433253" visible="true" version="1" changeset="39230952" timestamp="2016-05-11T01:27:09Z" user="Michal Vinárek" uid="3108884" lat="49.3089348" lon="14.1480068"/>
 <node id="4177433254" visible="true" version="1" changeset="39230952" timestamp="2016-05-11T01:27:09Z" user="Michal Vinárek" uid="3108884" lat="49.3089308" lon="14.1480281"/>
 <node id="4177433255" visible="true" version="1" changeset="39230952" timestamp="2016-05-11T01:27:10Z" user="Michal Vinárek" uid="3108884" lat="49.3087572" lon="14.1479590"/>
 <node id="4177433256" visible="true" version="1" changeset="39230952" timestamp="2016-05-11T01:27:10Z" user="Michal Vinárek" uid="3108884" lat="49.3085942" lon="14.1478909"/>
 <node id="4177433257" visible="true" version="1" changeset="39230952" timestamp="2016-05-11T01:27:10Z" user="Michal Vinárek" uid="3108884" lat="49.3085034" lon="14.1478574"/>
 <node id="4177433258" visible="true" version="1" changeset="39230952" timestamp="2016-05-11T01:27:10Z" user="Michal Vinárek" uid="3108884" lat="49.3082791" lon="14.1477847"/>
 <node id="4177433259" visible="true" version="1" changeset="39230952" timestamp="2016-05-11T01:27:10Z" user="Michal Vinárek" uid="3108884" lat="49.3077255" lon="14.1475890"/>
 <node id="4177433270" visible="true" version="1" changeset="39230952" timestamp="2016-05-11T01:27:11Z" user="Michal Vinárek" uid="3108884" lat="49.3076545" lon="14.1471641"/>
 <node id="4177433271" visible="true" version="1" changeset="39230952" timestamp="2016-05-11T01:27:11Z" user="Michal Vinárek" uid="3108884" lat="49.3077165" lon="14.1472040"/>
 <node id="4177433272" visible="true" version="1" changeset="39230952" timestamp="2016-05-11T01:27:11Z" user="Michal Vinárek" uid="3108884" lat="49.3085341" lon="14.1474847"/>
 <node id="4177433273" visible="true" version="2" changeset="39323875" timestamp="2016-05-15T03:56:53Z" user="Michal Vinárek" uid="3108884" lat="49.3085994" lon="14.1475088"/>
 <node id="4177433274" visible="true" version="1" changeset="39230952" timestamp="2016-05-11T01:27:11Z" user="Michal Vinárek" uid="3108884" lat="49.3088443" lon="14.1474897"/>
 <node id="4177433275" visible="true" version="1" changeset="39230952" timestamp="2016-05-11T01:27:11Z" user="Michal Vinárek" uid="3108884" lat="49.3089268" lon="14.1474686"/>
 <node id="4177433276" visible="true" version="1" changeset="39230952" timestamp="2016-05-11T01:27:11Z" user="Michal Vinárek" uid="3108884" lat="49.3089627" lon="14.1474404"/>
 <node id="4177433277" visible="true" version="1" changeset="39230952" timestamp="2016-05-11T01:27:12Z" user="Michal Vinárek" uid="3108884" lat="49.3083343" lon="14.1474161"/>
 <node id="4177433278" visible="true" version="2" changeset="39323875" timestamp="2016-05-15T03:56:53Z" user="Michal Vinárek" uid="3108884" lat="49.3083239" lon="14.1475324">
  <tag k="natural" v="scrub"/>
 </node>
 <node id="4177433279" visible="true" version="2" changeset="39323875" timestamp="2016-05-15T03:56:53Z" user="Michal Vinárek" uid="3108884" lat="49.3083026" lon="14.1475237">
  <tag k="natural" v="scrub"/>
 </node>
 <node id="4177433280" visible="true" version="2" changeset="39323875" timestamp="2016-05-15T03:56:53Z" user="Michal Vinárek" uid="3108884" lat="49.3082829" lon="14.1476614">
  <tag k="natural" v="scrub"/>
 </node>
 <node id="4177433281" visible="true" version="2" changeset="39323875" timestamp="2016-05-15T03:56:53Z" user="Michal Vinárek" uid="3108884" lat="49.3083047" lon="14.1476686">
  <tag k="natural" v="scrub"/>
 </node>
 <node id="4177433282" visible="true" version="1" changeset="39230952" timestamp="2016-05-11T01:27:12Z" user="Michal Vinárek" uid="3108884" lat="49.3079584" lon="14.1490438"/>
 <node id="4177433287" visible="true" version="2" changeset="39323875" timestamp="2016-05-15T03:56:53Z" user="Michal Vinárek" uid="3108884" lat="49.3086240" lon="14.1475478"/>
 <node id="4177433288" visible="true" version="1" changeset="39230952" timestamp="2016-05-11T01:27:13Z" user="Michal Vinárek" uid="3108884" lat="49.3088325" lon="14.1475250"/>
 <node id="4177433289" visible="true" version="1" changeset="39230952" timestamp="2016-05-11T01:27:13Z" user="Michal Vinárek" uid="3108884" lat="49.3088313" lon="14.1474909"/>
 <node id="4177433290" visible="true" version="1" changeset="39230952" timestamp="2016-05-11T01:27:13Z" user="Michal Vinárek" uid="3108884" lat="49.3089738" lon="14.1474690"/>
 <node id="4177433291" visible="true" version="1" changeset="39230952" timestamp="2016-05-11T01:27:13Z" user="Michal Vinárek" uid="3108884" lat="49.3089363" lon="14.1475020"/>
 <node id="4177433292" visible="true" version="1" changeset="39230952" timestamp="2016-05-11T01:27:13Z" user="Michal Vinárek" uid="3108884" lat="49.3088521" lon="14.1475224"/>
 <node id="4177433293" visible="true" version="1" changeset="39230952" timestamp="2016-05-11T01:27:13Z" user="Michal Vinárek" uid="3108884" lat="49.3088522" lon="14.1474877"/>
 <node id="4177435884" visible="true" version="2" changeset="39324153" timestamp="2016-05-15T04:52:14Z" user="Michal Vinárek" uid="3108884" lat="49.3100940" lon="14.1464246"/>
 <node id="4177436998" visible="true" version="2" changeset="42689596" timestamp="2016-10-06T16:39:49Z" user="gorn" uid="10353" lat="49.3102409" lon="14.1466390"/>
 <node id="4177436999" visible="true" version="2" changeset="39324153" timestamp="2016-05-15T04:52:14Z" user="Michal Vinárek" uid="3108884" lat="49.3101979" lon="14.1465851"/>
 <node id="4186487133" visible="true" version="1" changeset="39323096" timestamp="2016-05-15T01:44:42Z" user="Michal Vinárek" uid="3108884" lat="49.3089262" lon="14.1480379">
  <tag k="natural" v="tree"/>
 </node>
 <node id="4186487134" visible="true" version="1" changeset="39323096" timestamp="2016-05-15T01:44:42Z" user="Michal Vinárek" uid="3108884" lat="49.3088848" lon="14.1480241">
  <tag k="natural" v="tree"/>
 </node>
 <node id="4186487135" visible="true" version="1" changeset="39323096" timestamp="2016-05-15T01:44:42Z" user="Michal Vinárek" uid="3108884" lat="49.3087546" lon="14.1479720">
  <tag k="natural" v="tree"/>
 </node>
 <node id="4186487136" visible="true" version="1" changeset="39323096" timestamp="2016-05-15T01:44:42Z" user="Michal Vinárek" uid="3108884" lat="49.3087989" lon="14.1479895">
  <tag k="natural" v="tree"/>
 </node>
 <node id="4186487137" visible="true" version="1" changeset="39323096" timestamp="2016-05-15T01:44:42Z" user="Michal Vinárek" uid="3108884" lat="49.3088428" lon="14.1480069">
  <tag k="natural" v="tree"/>
 </node>
 <node id="4186487138" visible="true" version="1" changeset="39323096" timestamp="2016-05-15T01:44:42Z" user="Michal Vinárek" uid="3108884" lat="49.3086997" lon="14.1479502">
  <tag k="natural" v="tree"/>
 </node>
 <node id="4186487139" visible="true" version="1" changeset="39323096" timestamp="2016-05-15T01:44:42Z" user="Michal Vinárek" uid="3108884" lat="49.3086449" lon="14.1479304">
  <tag k="natural" v="tree"/>
 </node>
 <node id="4186487140" visible="true" version="1" changeset="39323096" timestamp="2016-05-15T01:44:42Z" user="Michal Vinárek" uid="3108884" lat="49.3085924" lon="14.1479101">
  <tag k="natural" v="tree"/>
 </node>
 <node id="4186487141" visible="true" version="1" changeset="39323096" timestamp="2016-05-15T01:44:42Z" user="Michal Vinárek" uid="3108884" lat="49.3085002" lon="14.1478754">
  <tag k="natural" v="tree"/>
 </node>
 <node id="4186487142" visible="true" version="1" changeset="39323096" timestamp="2016-05-15T01:44:42Z" user="Michal Vinárek" uid="3108884" lat="49.3084076" lon="14.1478426">
  <tag k="natural" v="tree"/>
 </node>
 <node id="4186487143" visible="true" version="1" changeset="39323096" timestamp="2016-05-15T01:44:42Z" user="Michal Vinárek" uid="3108884" lat="49.3083321" lon="14.1478176">
  <tag k="natural" v="tree"/>
 </node>
 <node id="4186487144" visible="true" version="1" changeset="39323096" timestamp="2016-05-15T01:44:42Z" user="Michal Vinárek" uid="3108884" lat="49.3081561" lon="14.1477603">
  <tag k="natural" v="tree"/>
 </node>
 <node id="4186487169" visible="true" version="1" changeset="39323096" timestamp="2016-05-15T01:44:43Z" user="Michal Vinárek" uid="3108884" lat="49.3081107" lon="14.1477438">
  <tag k="amenity" v="bench"/>
 </node>
 <node id="4186487170" visible="true" version="1" changeset="39323096" timestamp="2016-05-15T01:44:43Z" user="Michal Vinárek" uid="3108884" lat="49.3081531" lon="14.1477596">
  <tag k="amenity" v="bench"/>
 </node>
 <node id="4186487171" visible="true" version="1" changeset="39323096" timestamp="2016-05-15T01:44:43Z" user="Michal Vinárek" uid="3108884" lat="49.3082819" lon="14.1478051">
  <tag k="amenity" v="waste_basket"/>
 </node>
 <node id="4186487172" visible="true" version="1" changeset="39323096" timestamp="2016-05-15T01:44:43Z" user="Michal Vinárek" uid="3108884" lat="49.3082889" lon="14.1477975">
  <tag k="highway" v="street_lamp"/>
 </node>
 <node id="4186487173" visible="true" version="1" changeset="39323096" timestamp="2016-05-15T01:44:43Z" user="Michal Vinárek" uid="3108884" lat="49.3083378" lon="14.1478194">
  <tag k="amenity" v="bench"/>
 </node>
 <node id="4186487174" visible="true" version="1" changeset="39323096" timestamp="2016-05-15T01:44:43Z" user="Michal Vinárek" uid="3108884" lat="49.3083264" lon="14.1478159">
  <tag k="amenity" v="bench"/>
 </node>
 <node id="4186487175" visible="true" version="1" changeset="39323096" timestamp="2016-05-15T01:44:43Z" user="Michal Vinárek" uid="3108884" lat="49.3084039" lon="14.1478410">
  <tag k="amenity" v="bench"/>
 </node>
 <node id="4186487176" visible="true" version="1" changeset="39323096" timestamp="2016-05-15T01:44:43Z" user="Michal Vinárek" uid="3108884" lat="49.3084707" lon="14.1478603">
  <tag k="highway" v="street_lamp"/>
 </node>
 <node id="4186487177" visible="true" version="1" changeset="39323096" timestamp="2016-05-15T01:44:43Z" user="Michal Vinárek" uid="3108884" lat="49.3084733" lon="14.1478667">
  <tag k="amenity" v="waste_basket"/>
 </node>
 <node id="4186487178" visible="true" version="1" changeset="39323096" timestamp="2016-05-15T01:44:43Z" user="Michal Vinárek" uid="3108884" lat="49.3085989" lon="14.1479122">
  <tag k="amenity" v="bench"/>
 </node>
 <node id="4186487179" visible="true" version="1" changeset="39323096" timestamp="2016-05-15T01:44:44Z" user="Michal Vinárek" uid="3108884" lat="49.3086953" lon="14.1479482">
  <tag k="amenity" v="bench"/>
 </node>
 <node id="4186487180" visible="true" version="1" changeset="39323096" timestamp="2016-05-15T01:44:44Z" user="Michal Vinárek" uid="3108884" lat="49.3087278" lon="14.1479641">
  <tag k="amenity" v="waste_basket"/>
 </node>
 <node id="4186487181" visible="true" version="1" changeset="39323096" timestamp="2016-05-15T01:44:44Z" user="Michal Vinárek" uid="3108884" lat="49.3087285" lon="14.1479595">
  <tag k="highway" v="street_lamp"/>
 </node>
 <node id="4186487182" visible="true" version="1" changeset="39323096" timestamp="2016-05-15T01:44:44Z" user="Michal Vinárek" uid="3108884" lat="49.3089217" lon="14.1480369">
  <tag k="amenity" v="bench"/>
 </node>
 <node id="4186487183" visible="true" version="1" changeset="39323096" timestamp="2016-05-15T01:44:44Z" user="Michal Vinárek" uid="3108884" lat="49.3088895" lon="14.1480258">
  <tag k="amenity" v="bench"/>
 </node>
 <node id="4186487184" visible="true" version="1" changeset="39323096" timestamp="2016-05-15T01:44:44Z" user="Michal Vinárek" uid="3108884" lat="49.3088803" lon="14.1480225">
  <tag k="amenity" v="bench"/>
 </node>
 <node id="4186487185" visible="true" version="1" changeset="39323096" timestamp="2016-05-15T01:44:44Z" user="Michal Vinárek" uid="3108884" lat="49.3088477" lon="14.1480086">
  <tag k="amenity" v="bench"/>
 </node>
 <node id="4186487186" visible="true" version="1" changeset="39323096" timestamp="2016-05-15T01:44:44Z" user="Michal Vinárek" uid="3108884" lat="49.3088379" lon="14.1480048">
  <tag k="amenity" v="bench"/>
 </node>
 <node id="4186487187" visible="true" version="1" changeset="39323096" timestamp="2016-05-15T01:44:44Z" user="Michal Vinárek" uid="3108884" lat="49.3088039" lon="14.1479910">
  <tag k="amenity" v="bench"/>
 </node>
 <node id="4186487188" visible="true" version="1" changeset="39323096" timestamp="2016-05-15T01:44:44Z" user="Michal Vinárek" uid="3108884" lat="49.3089076" lon="14.1480319">
  <tag k="emergency" v="fire_hydrant"/>
 </node>
 <node id="4186660787" visible="true" version="1" changeset="39323663" timestamp="2016-05-15T03:08:36Z" user="Michal Vinárek" uid="3108884" lat="49.3090746" lon="14.1474941"/>
 <node id="4186660788" visible="true" version="1" changeset="39323663" timestamp="2016-05-15T03:08:36Z" user="Michal Vinárek" uid="3108884" lat="49.3090828" lon="14.1475137"/>
 <node id="4186661289" visible="true" version="1" changeset="39323663" timestamp="2016-05-15T03:08:36Z" user="Michal Vinárek" uid="3108884" lat="49.3090697" lon="14.1475266"/>
 <node id="4186661290" visible="true" version="1" changeset="39323663" timestamp="2016-05-15T03:08:36Z" user="Michal Vinárek" uid="3108884" lat="49.3090615" lon="14.1475069"/>
 <node id="4186661291" visible="true" version="1" changeset="39323663" timestamp="2016-05-15T03:08:36Z" user="Michal Vinárek" uid="3108884" lat="49.3090759" lon="14.1474926"/>
 <node id="4186661292" visible="true" version="1" changeset="39323663" timestamp="2016-05-15T03:08:36Z" user="Michal Vinárek" uid="3108884" lat="49.3090839" lon="14.1475117"/>
 <node id="4186661293" visible="true" version="1" changeset="39323663" timestamp="2016-05-15T03:08:36Z" user="Michal Vinárek" uid="3108884" lat="49.3090968" lon="14.1474991"/>
 <node id="4186661294" visible="true" version="1" changeset="39323663" timestamp="2016-05-15T03:08:36Z" user="Michal Vinárek" uid="3108884" lat="49.3090888" lon="14.1474800"/>
 <node id="4186661295" visible="true" version="1" changeset="39323663" timestamp="2016-05-15T03:08:36Z" user="Michal Vinárek" uid="3108884" lat="49.3090907" lon="14.1474778"/>
 <node id="4186661296" visible="true" version="1" changeset="39323663" timestamp="2016-05-15T03:08:36Z" user="Michal Vinárek" uid="3108884" lat="49.3090982" lon="14.1474972"/>
 <node id="4186661297" visible="true" version="1" changeset="39323663" timestamp="2016-05-15T03:08:36Z" user="Michal Vinárek" uid="3108884" lat="49.3091111" lon="14.1474855"/>
 <node id="4186661298" visible="true" version="1" changeset="39323663" timestamp="2016-05-15T03:08:36Z" user="Michal Vinárek" uid="3108884" lat="49.3091036" lon="14.1474660"/>
 <node id="4186661299" visible="true" version="1" changeset="39323663" timestamp="2016-05-15T03:08:36Z" user="Michal Vinárek" uid="3108884" lat="49.3090582" lon="14.1475926">
  <tag k="natural" v="tree"/>
 </node>
 <node id="4186661300" visible="true" version="2" changeset="48081310" timestamp="2017-04-24T07:12:03Z" user="Petr1868" uid="72020" lat="49.3090252" lon="14.1475834">
  <tag k="ele" v="382"/>
  <tag k="hiking" v="yes"/>
  <tag k="information" v="guidepost"/>
  <tag k="name" v="Písek náměstí"/>
  <tag k="operator" v="cz:KČT"/>
  <tag k="ref" v="PI325"/>
  <tag k="tourism" v="information"/>
 </node>
 <node id="4186661301" visible="true" version="1" changeset="39323663" timestamp="2016-05-15T03:08:36Z" user="Michal Vinárek" uid="3108884" lat="49.3089822" lon="14.1480538">
  <tag k="highway" v="street_lamp"/>
 </node>
 <node id="4186661302" visible="true" version="1" changeset="39323663" timestamp="2016-05-15T03:08:36Z" user="Michal Vinárek" uid="3108884" lat="49.3089743" lon="14.1480517">
  <tag k="amenity" v="waste_basket"/>
 </node>
 <node id="4186661303" visible="true" version="1" changeset="39323663" timestamp="2016-05-15T03:08:36Z" user="Michal Vinárek" uid="3108884" lat="49.3088593" lon="14.1474739">
  <tag k="natural" v="tree"/>
 </node>
 <node id="4186661304" visible="true" version="1" changeset="39323663" timestamp="2016-05-15T03:08:36Z" user="Michal Vinárek" uid="3108884" lat="49.3088736" lon="14.1474736">
  <tag k="amenity" v="waste_basket"/>
 </node>
 <node id="4186661305" visible="true" version="1" changeset="39323663" timestamp="2016-05-15T03:08:36Z" user="Michal Vinárek" uid="3108884" lat="49.3088797" lon="14.1474727">
  <tag k="highway" v="street_lamp"/>
 </node>
 <node id="4186661306" visible="true" version="1" changeset="39323663" timestamp="2016-05-15T03:08:36Z" user="Michal Vinárek" uid="3108884" lat="49.3088918" lon="14.1473742">
  <tag k="amenity" v="bicycle_parking"/>
 </node>
 <node id="4186661307" visible="true" version="2" changeset="46271323" timestamp="2017-02-21T11:10:55Z" user="majkaz" uid="255254" lat="49.3088592" lon="14.1474692">
  <tag k="amenity" v="post_box"/>
 </node>
 <node id="4186661308" visible="true" version="1" changeset="39323663" timestamp="2016-05-15T03:08:37Z" user="Michal Vinárek" uid="3108884" lat="49.3085940" lon="14.1474373">
  <tag k="amenity" v="atm"/>
 </node>
 <node id="4186661309" visible="true" version="1" changeset="39323663" timestamp="2016-05-15T03:08:37Z" user="Michal Vinárek" uid="3108884" lat="49.3086044" lon="14.1475015">
  <tag k="highway" v="street_lamp"/>
 </node>
 <node id="4186661310" visible="true" version="1" changeset="39323663" timestamp="2016-05-15T03:08:37Z" user="Michal Vinárek" uid="3108884" lat="49.3085963" lon="14.1474993">
  <tag k="amenity" v="waste_basket"/>
 </node>
 <node id="4186661311" visible="true" version="1" changeset="39323663" timestamp="2016-05-15T03:08:37Z" user="Michal Vinárek" uid="3108884" lat="49.3085883" lon="14.1474966">
  <tag k="natural" v="tree"/>
 </node>
 <node id="4186661312" visible="true" version="1" changeset="39323663" timestamp="2016-05-15T03:08:37Z" user="Michal Vinárek" uid="3108884" lat="49.3085372" lon="14.1474771">
  <tag k="natural" v="tree"/>
 </node>
 <node id="4186661313" visible="true" version="1" changeset="39323663" timestamp="2016-05-15T03:08:37Z" user="Michal Vinárek" uid="3108884" lat="49.3085805" lon="14.1474939">
  <tag k="amenity" v="bench"/>
 </node>
 <node id="4186661314" visible="true" version="1" changeset="39323663" timestamp="2016-05-15T03:08:37Z" user="Michal Vinárek" uid="3108884" lat="49.3085461" lon="14.1474793">
  <tag k="amenity" v="bench"/>
 </node>
 <node id="4186661315" visible="true" version="1" changeset="39323663" timestamp="2016-05-15T03:08:37Z" user="Michal Vinárek" uid="3108884" lat="49.3085225" lon="14.1474210">
  <tag k="amenity" v="atm"/>
 </node>
 <node id="4186661316" visible="true" version="1" changeset="39323663" timestamp="2016-05-15T03:08:37Z" user="Michal Vinárek" uid="3108884" lat="49.3084033" lon="14.1474318">
  <tag k="natural" v="tree"/>
 </node>
 <node id="4186661317" visible="true" version="1" changeset="39323663" timestamp="2016-05-15T03:08:37Z" user="Michal Vinárek" uid="3108884" lat="49.3084107" lon="14.1474335">
  <tag k="highway" v="street_lamp"/>
 </node>
 <node id="4186661318" visible="true" version="1" changeset="39323663" timestamp="2016-05-15T03:08:37Z" user="Michal Vinárek" uid="3108884" lat="49.3084186" lon="14.1474358">
  <tag k="amenity" v="waste_basket"/>
 </node>
 <node id="4186661319" visible="true" version="1" changeset="39323663" timestamp="2016-05-15T03:08:37Z" user="Michal Vinárek" uid="3108884" lat="49.3083440" lon="14.1474114">
  <tag k="natural" v="tree"/>
 </node>
 <node id="4186661320" visible="true" version="1" changeset="39323663" timestamp="2016-05-15T03:08:37Z" user="Michal Vinárek" uid="3108884" lat="49.3083034" lon="14.1473959">
  <tag k="natural" v="tree"/>
 </node>
 <node id="4186661321" visible="true" version="1" changeset="39323663" timestamp="2016-05-15T03:08:37Z" user="Michal Vinárek" uid="3108884" lat="49.3083513" lon="14.1474134">
  <tag k="amenity" v="bench"/>
 </node>
 <node id="4186661322" visible="true" version="1" changeset="39323663" timestamp="2016-05-15T03:08:37Z" user="Michal Vinárek" uid="3108884" lat="49.3082940" lon="14.1473933">
  <tag k="amenity" v="bench"/>
 </node>
 <node id="4186661323" visible="true" version="1" changeset="39323663" timestamp="2016-05-15T03:08:37Z" user="Michal Vinárek" uid="3108884" lat="49.3082608" lon="14.1473822">
  <tag k="amenity" v="bench"/>
 </node>
 <node id="4186661324" visible="true" version="1" changeset="39323663" timestamp="2016-05-15T03:08:37Z" user="Michal Vinárek" uid="3108884" lat="49.3082527" lon="14.1473795">
  <tag k="natural" v="tree"/>
 </node>
 <node id="4186661325" visible="true" version="1" changeset="39323663" timestamp="2016-05-15T03:08:37Z" user="Michal Vinárek" uid="3108884" lat="49.3081453" lon="14.1473401">
  <tag k="natural" v="tree"/>
 </node>
 <node id="4186661326" visible="true" version="1" changeset="39323663" timestamp="2016-05-15T03:08:37Z" user="Michal Vinárek" uid="3108884" lat="49.3081357" lon="14.1473374">
  <tag k="amenity" v="bench"/>
 </node>
 <node id="4186661327" visible="true" version="1" changeset="39323663" timestamp="2016-05-15T03:08:37Z" user="Michal Vinárek" uid="3108884" lat="49.3081608" lon="14.1473449">
  <tag k="amenity" v="waste_basket"/>
 </node>
 <node id="4186661328" visible="true" version="1" changeset="39323663" timestamp="2016-05-15T03:08:38Z" user="Michal Vinárek" uid="3108884" lat="49.3081712" lon="14.1473480">
  <tag k="highway" v="street_lamp"/>
 </node>
 <node id="4186661453" visible="true" version="1" changeset="39323663" timestamp="2016-05-15T03:08:41Z" user="Michal Vinárek" uid="3108884" lat="49.3080975" lon="14.1489864"/>
 <node id="4186732712" visible="true" version="1" changeset="39323875" timestamp="2016-05-15T03:56:49Z" user="Michal Vinárek" uid="3108884" lat="49.3089529" lon="14.1474667">
  <tag k="amenity" v="parking_space"/>
 </node>
 <node id="4186732713" visible="true" version="1" changeset="39323875" timestamp="2016-05-15T03:56:49Z" user="Michal Vinárek" uid="3108884" lat="49.3089353" lon="14.1474825">
  <tag k="amenity" v="parking_space"/>
 </node>
 <node id="4186732714" visible="true" version="1" changeset="39323875" timestamp="2016-05-15T03:56:49Z" user="Michal Vinárek" uid="3108884" lat="49.3089167" lon="14.1474901">
  <tag k="amenity" v="parking_space"/>
 </node>
 <node id="4186732715" visible="true" version="1" changeset="39323875" timestamp="2016-05-15T03:56:49Z" user="Michal Vinárek" uid="3108884" lat="49.3088920" lon="14.1474965">
  <tag k="amenity" v="parking_space"/>
 </node>
 <node id="4186732716" visible="true" version="1" changeset="39323875" timestamp="2016-05-15T03:56:49Z" user="Michal Vinárek" uid="3108884" lat="49.3088676" lon="14.1474994">
  <tag k="amenity" v="parking_space"/>
 </node>
 <node id="4186732717" visible="true" version="1" changeset="39323875" timestamp="2016-05-15T03:56:49Z" user="Michal Vinárek" uid="3108884" lat="49.3088163" lon="14.1475111">
  <tag k="amenity" v="parking_space"/>
 </node>
 <node id="4186732718" visible="true" version="1" changeset="39323875" timestamp="2016-05-15T03:56:49Z" user="Michal Vinárek" uid="3108884" lat="49.3087888" lon="14.1475125">
  <tag k="amenity" v="parking_space"/>
 </node>
 <node id="4186732719" visible="true" version="1" changeset="39323875" timestamp="2016-05-15T03:56:49Z" user="Michal Vinárek" uid="3108884" lat="49.3087617" lon="14.1475145">
  <tag k="amenity" v="parking_space"/>
 </node>
 <node id="4186732720" visible="true" version="1" changeset="39323875" timestamp="2016-05-15T03:56:49Z" user="Michal Vinárek" uid="3108884" lat="49.3087376" lon="14.1475165">
  <tag k="amenity" v="parking_space"/>
 </node>
 <node id="4186732721" visible="true" version="1" changeset="39323875" timestamp="2016-05-15T03:56:49Z" user="Michal Vinárek" uid="3108884" lat="49.3087132" lon="14.1475192">
  <tag k="amenity" v="parking_space"/>
 </node>
 <node id="4186732722" visible="true" version="1" changeset="39323875" timestamp="2016-05-15T03:56:49Z" user="Michal Vinárek" uid="3108884" lat="49.3086878" lon="14.1475225">
  <tag k="amenity" v="parking_space"/>
 </node>
 <node id="4186732723" visible="true" version="1" changeset="39323875" timestamp="2016-05-15T03:56:49Z" user="Michal Vinárek" uid="3108884" lat="49.3086611" lon="14.1475245">
  <tag k="amenity" v="parking_space"/>
 </node>
 <node id="4186732724" visible="true" version="1" changeset="39323875" timestamp="2016-05-15T03:56:49Z" user="Michal Vinárek" uid="3108884" lat="49.3086345" lon="14.1475265">
  <tag k="amenity" v="parking_space"/>
 </node>
 <node id="4186732725" visible="true" version="1" changeset="39323875" timestamp="2016-05-15T03:56:49Z" user="Michal Vinárek" uid="3108884" lat="49.3086226" lon="14.1475070"/>
 <node id="4186732726" visible="true" version="1" changeset="39323875" timestamp="2016-05-15T03:56:49Z" user="Michal Vinárek" uid="3108884" lat="49.3083259" lon="14.1476759">
  <tag k="amenity" v="parking_space"/>
 </node>
 <node id="4186732727" visible="true" version="1" changeset="39323875" timestamp="2016-05-15T03:56:49Z" user="Michal Vinárek" uid="3108884" lat="49.3083505" lon="14.1476848">
  <tag k="amenity" v="parking_space"/>
 </node>
 <node id="4186732728" visible="true" version="1" changeset="39323875" timestamp="2016-05-15T03:56:49Z" user="Michal Vinárek" uid="3108884" lat="49.3083740" lon="14.1476938">
  <tag k="amenity" v="parking_space"/>
 </node>
 <node id="4186732729" visible="true" version="1" changeset="39323875" timestamp="2016-05-15T03:56:49Z" user="Michal Vinárek" uid="3108884" lat="49.3083984" lon="14.1477035">
  <tag k="amenity" v="parking_space"/>
 </node>
 <node id="4186732730" visible="true" version="1" changeset="39323875" timestamp="2016-05-15T03:56:49Z" user="Michal Vinárek" uid="3108884" lat="49.3084220" lon="14.1477109">
  <tag k="amenity" v="parking_space"/>
 </node>
 <node id="4186732731" visible="true" version="1" changeset="39323875" timestamp="2016-05-15T03:56:49Z" user="Michal Vinárek" uid="3108884" lat="49.3084461" lon="14.1477207">
  <tag k="amenity" v="parking_space"/>
 </node>
 <node id="4186732732" visible="true" version="1" changeset="39323875" timestamp="2016-05-15T03:56:49Z" user="Michal Vinárek" uid="3108884" lat="49.3084708" lon="14.1477308">
  <tag k="amenity" v="parking_space"/>
 </node>
 <node id="4186732733" visible="true" version="1" changeset="39323875" timestamp="2016-05-15T03:56:49Z" user="Michal Vinárek" uid="3108884" lat="49.3084944" lon="14.1477405">
  <tag k="amenity" v="parking_space"/>
 </node>
 <node id="4186732734" visible="true" version="1" changeset="39323875" timestamp="2016-05-15T03:56:49Z" user="Michal Vinárek" uid="3108884" lat="49.3085210" lon="14.1477502">
  <tag k="amenity" v="parking_space"/>
 </node>
 <node id="4186732735" visible="true" version="1" changeset="39323875" timestamp="2016-05-15T03:56:49Z" user="Michal Vinárek" uid="3108884" lat="49.3085456" lon="14.1477603">
  <tag k="amenity" v="parking_space"/>
 </node>
 <node id="4186732736" visible="true" version="1" changeset="39323875" timestamp="2016-05-15T03:56:49Z" user="Michal Vinárek" uid="3108884" lat="49.3085707" lon="14.1477701">
  <tag k="amenity" v="parking_space"/>
 </node>
 <node id="4186732737" visible="true" version="1" changeset="39323875" timestamp="2016-05-15T03:56:49Z" user="Michal Vinárek" uid="3108884" lat="49.3085961" lon="14.1477798">
  <tag k="amenity" v="parking_space"/>
 </node>
 <node id="4186732738" visible="true" version="1" changeset="39323875" timestamp="2016-05-15T03:56:49Z" user="Michal Vinárek" uid="3108884" lat="49.3086192" lon="14.1477891">
  <tag k="amenity" v="parking_space"/>
 </node>
 <node id="4186732739" visible="true" version="1" changeset="39323875" timestamp="2016-05-15T03:56:49Z" user="Michal Vinárek" uid="3108884" lat="49.3088135" lon="14.1478549">
  <tag k="amenity" v="parking_space"/>
 </node>
 <node id="4186732740" visible="true" version="1" changeset="39323875" timestamp="2016-05-15T03:56:49Z" user="Michal Vinárek" uid="3108884" lat="49.3088328" lon="14.1478618">
  <tag k="amenity" v="parking_space"/>
 </node>
 <node id="4186732741" visible="true" version="1" changeset="39323875" timestamp="2016-05-15T03:56:49Z" user="Michal Vinárek" uid="3108884" lat="49.3087974" lon="14.1478499">
  <tag k="amenity" v="parking_space"/>
 </node>
 <node id="4186732742" visible="true" version="1" changeset="39323875" timestamp="2016-05-15T03:56:49Z" user="Michal Vinárek" uid="3108884" lat="49.3087791" lon="14.1478440">
  <tag k="amenity" v="parking_space"/>
 </node>
 <node id="4186732743" visible="true" version="1" changeset="39323875" timestamp="2016-05-15T03:56:49Z" user="Michal Vinárek" uid="3108884" lat="49.3087595" lon="14.1478363">
  <tag k="amenity" v="parking_space"/>
 </node>
 <node id="4186732744" visible="true" version="1" changeset="39323875" timestamp="2016-05-15T03:56:49Z" user="Michal Vinárek" uid="3108884" lat="49.3087389" lon="14.1478292">
  <tag k="amenity" v="parking_space"/>
 </node>
 <node id="4186732745" visible="true" version="1" changeset="39323875" timestamp="2016-05-15T03:56:49Z" user="Michal Vinárek" uid="3108884" lat="49.3087153" lon="14.1478211">
  <tag k="amenity" v="parking_space"/>
 </node>
 <node id="4186732746" visible="true" version="1" changeset="39323875" timestamp="2016-05-15T03:56:50Z" user="Michal Vinárek" uid="3108884" lat="49.3086930" lon="14.1478141">
  <tag k="amenity" v="parking_space"/>
 </node>
 <node id="4186732747" visible="true" version="1" changeset="39323875" timestamp="2016-05-15T03:56:50Z" user="Michal Vinárek" uid="3108884" lat="49.3086705" lon="14.1478047">
  <tag k="amenity" v="parking_space"/>
 </node>
 <node id="4186732748" visible="true" version="1" changeset="39323875" timestamp="2016-05-15T03:56:50Z" user="Michal Vinárek" uid="3108884" lat="49.3086441" lon="14.1477962">
  <tag k="amenity" v="parking_space"/>
 </node>
 <node id="4186732749" visible="true" version="1" changeset="39323875" timestamp="2016-05-15T03:56:50Z" user="Michal Vinárek" uid="3108884" lat="49.3083471" lon="14.1475404">
  <tag k="amenity" v="parking_space"/>
 </node>
 <node id="4186732750" visible="true" version="1" changeset="39323875" timestamp="2016-05-15T03:56:50Z" user="Michal Vinárek" uid="3108884" lat="49.3083733" lon="14.1475495">
  <tag k="amenity" v="parking_space"/>
 </node>
 <node id="4186732751" visible="true" version="1" changeset="39323875" timestamp="2016-05-15T03:56:50Z" user="Michal Vinárek" uid="3108884" lat="49.3083951" lon="14.1475582">
  <tag k="amenity" v="parking_space"/>
 </node>
 <node id="4186732752" visible="true" version="1" changeset="39323875" timestamp="2016-05-15T03:56:50Z" user="Michal Vinárek" uid="3108884" lat="49.3084200" lon="14.1475678">
  <tag k="amenity" v="parking_space"/>
 </node>
 <node id="4186732753" visible="true" version="1" changeset="39323875" timestamp="2016-05-15T03:56:50Z" user="Michal Vinárek" uid="3108884" lat="49.3084419" lon="14.1475759">
  <tag k="amenity" v="parking_space"/>
 </node>
 <node id="4186732754" visible="true" version="1" changeset="39323875" timestamp="2016-05-15T03:56:50Z" user="Michal Vinárek" uid="3108884" lat="49.3084677" lon="14.1475856">
  <tag k="amenity" v="parking_space"/>
 </node>
 <node id="4186732755" visible="true" version="1" changeset="39323875" timestamp="2016-05-15T03:56:50Z" user="Michal Vinárek" uid="3108884" lat="49.3084939" lon="14.1475947">
  <tag k="amenity" v="parking_space"/>
 </node>
 <node id="4186732756" visible="true" version="1" changeset="39323875" timestamp="2016-05-15T03:56:50Z" user="Michal Vinárek" uid="3108884" lat="49.3085171" lon="14.1476039">
  <tag k="amenity" v="parking_space"/>
 </node>
 <node id="4186732757" visible="true" version="1" changeset="39323875" timestamp="2016-05-15T03:56:50Z" user="Michal Vinárek" uid="3108884" lat="49.3085462" lon="14.1476141">
  <tag k="amenity" v="parking_space"/>
 </node>
 <node id="4186732758" visible="true" version="1" changeset="39323875" timestamp="2016-05-15T03:56:50Z" user="Michal Vinárek" uid="3108884" lat="49.3085694" lon="14.1476237">
  <tag k="amenity" v="parking_space"/>
 </node>
 <node id="4186732759" visible="true" version="1" changeset="39323875" timestamp="2016-05-15T03:56:50Z" user="Michal Vinárek" uid="3108884" lat="49.3085969" lon="14.1476334">
  <tag k="amenity" v="parking_space"/>
 </node>
 <node id="4186732760" visible="true" version="1" changeset="39323875" timestamp="2016-05-15T03:56:50Z" user="Michal Vinárek" uid="3108884" lat="49.3086205" lon="14.1476415">
  <tag k="amenity" v="parking_space"/>
 </node>
 <node id="4186732761" visible="true" version="1" changeset="39323875" timestamp="2016-05-15T03:56:50Z" user="Michal Vinárek" uid="3108884" lat="49.3086440" lon="14.1476491">
  <tag k="amenity" v="parking_space"/>
 </node>
 <node id="4186732762" visible="true" version="1" changeset="39323875" timestamp="2016-05-15T03:56:50Z" user="Michal Vinárek" uid="3108884" lat="49.3086695" lon="14.1476573">
  <tag k="amenity" v="parking_space"/>
 </node>
 <node id="4186732763" visible="true" version="1" changeset="39323875" timestamp="2016-05-15T03:56:50Z" user="Michal Vinárek" uid="3108884" lat="49.3086940" lon="14.1476649">
  <tag k="amenity" v="parking_space"/>
 </node>
 <node id="4186732764" visible="true" version="1" changeset="39323875" timestamp="2016-05-15T03:56:50Z" user="Michal Vinárek" uid="3108884" lat="49.3087169" lon="14.1476730">
  <tag k="amenity" v="parking_space"/>
 </node>
 <node id="4186732765" visible="true" version="1" changeset="39323875" timestamp="2016-05-15T03:56:50Z" user="Michal Vinárek" uid="3108884" lat="49.3087414" lon="14.1476801">
  <tag k="amenity" v="parking_space"/>
 </node>
 <node id="4186732766" visible="true" version="1" changeset="39323875" timestamp="2016-05-15T03:56:50Z" user="Michal Vinárek" uid="3108884" lat="49.3087633" lon="14.1476867">
  <tag k="amenity" v="parking_space"/>
 </node>
 <node id="4186732767" visible="true" version="1" changeset="39323875" timestamp="2016-05-15T03:56:50Z" user="Michal Vinárek" uid="3108884" lat="49.3087845" lon="14.1476933">
  <tag k="amenity" v="parking_space"/>
 </node>
 <node id="4186732768" visible="true" version="1" changeset="39323875" timestamp="2016-05-15T03:56:50Z" user="Michal Vinárek" uid="3108884" lat="49.3088050" lon="14.1476984">
  <tag k="amenity" v="parking_space"/>
 </node>
 <node id="4186732769" visible="true" version="1" changeset="39323875" timestamp="2016-05-15T03:56:50Z" user="Michal Vinárek" uid="3108884" lat="49.3088242" lon="14.1477045">
  <tag k="amenity" v="parking_space"/>
 </node>
 <node id="4186732770" visible="true" version="1" changeset="39323875" timestamp="2016-05-15T03:56:50Z" user="Michal Vinárek" uid="3108884" lat="49.3088431" lon="14.1477101">
  <tag k="amenity" v="parking_space"/>
 </node>
 <node id="4186732771" visible="true" version="1" changeset="39323875" timestamp="2016-05-15T03:56:50Z" user="Michal Vinárek" uid="3108884" lat="49.3088623" lon="14.1477157">
  <tag k="amenity" v="parking_space"/>
 </node>
 <node id="4186732787" visible="true" version="1" changeset="39323875" timestamp="2016-05-15T03:56:51Z" user="Michal Vinárek" uid="3108884" lat="49.3081140" lon="14.1476055">
  <tag k="amenity" v="parking_space"/>
 </node>
 <node id="4186732788" visible="true" version="1" changeset="39323875" timestamp="2016-05-15T03:56:51Z" user="Michal Vinárek" uid="3108884" lat="49.3081345" lon="14.1476115">
  <tag k="amenity" v="parking_space"/>
 </node>
 <node id="4186732789" visible="true" version="1" changeset="39323875" timestamp="2016-05-15T03:56:51Z" user="Michal Vinárek" uid="3108884" lat="49.3081577" lon="14.1476189">
  <tag k="amenity" v="parking_space"/>
 </node>
 <node id="4186732790" visible="true" version="1" changeset="39323875" timestamp="2016-05-15T03:56:51Z" user="Michal Vinárek" uid="3108884" lat="49.3081813" lon="14.1476270">
  <tag k="amenity" v="parking_space"/>
 </node>
 <node id="4186732791" visible="true" version="1" changeset="39323875" timestamp="2016-05-15T03:56:51Z" user="Michal Vinárek" uid="3108884" lat="49.3082036" lon="14.1476343">
  <tag k="amenity" v="parking_space"/>
 </node>
 <node id="4186732792" visible="true" version="1" changeset="39323875" timestamp="2016-05-15T03:56:51Z" user="Michal Vinárek" uid="3108884" lat="49.3082228" lon="14.1476417">
  <tag k="amenity" v="parking_space"/>
 </node>
 <node id="4186732793" visible="true" version="1" changeset="39323875" timestamp="2016-05-15T03:56:51Z" user="Michal Vinárek" uid="3108884" lat="49.3082447" lon="14.1476478">
  <tag k="amenity" v="parking_space"/>
 </node>
 <node id="4186732794" visible="true" version="1" changeset="39323875" timestamp="2016-05-15T03:56:51Z" user="Michal Vinárek" uid="3108884" lat="49.3082657" lon="14.1476551">
  <tag k="amenity" v="parking_space"/>
 </node>
 <node id="4186732795" visible="true" version="1" changeset="39323875" timestamp="2016-05-15T03:56:52Z" user="Michal Vinárek" uid="3108884" lat="49.3082863" lon="14.1475169">
  <tag k="amenity" v="parking_space"/>
 </node>
 <node id="4186732796" visible="true" version="1" changeset="39323875" timestamp="2016-05-15T03:56:52Z" user="Michal Vinárek" uid="3108884" lat="49.3082658" lon="14.1475078">
  <tag k="amenity" v="parking_space"/>
 </node>
 <node id="4186732797" visible="true" version="1" changeset="39323875" timestamp="2016-05-15T03:56:52Z" user="Michal Vinárek" uid="3108884" lat="49.3082423" lon="14.1474986">
  <tag k="amenity" v="parking_space"/>
 </node>
 <node id="4186732798" visible="true" version="1" changeset="39323875" timestamp="2016-05-15T03:56:52Z" user="Michal Vinárek" uid="3108884" lat="49.3082214" lon="14.1474910">
  <tag k="amenity" v="parking_space"/>
 </node>
 <node id="4186732799" visible="true" version="1" changeset="39323875" timestamp="2016-05-15T03:56:52Z" user="Michal Vinárek" uid="3108884" lat="49.3081999" lon="14.1474834">
  <tag k="amenity" v="parking_space"/>
 </node>
 <node id="4186732800" visible="true" version="1" changeset="39323875" timestamp="2016-05-15T03:56:52Z" user="Michal Vinárek" uid="3108884" lat="49.3081773" lon="14.1474742">
  <tag k="amenity" v="parking_space"/>
 </node>
 <node id="4186732801" visible="true" version="1" changeset="39323875" timestamp="2016-05-15T03:56:52Z" user="Michal Vinárek" uid="3108884" lat="49.3081558" lon="14.1474661">
  <tag k="amenity" v="parking_space"/>
 </node>
 <node id="4186732802" visible="true" version="1" changeset="39323875" timestamp="2016-05-15T03:56:52Z" user="Michal Vinárek" uid="3108884" lat="49.3081333" lon="14.1474575">
  <tag k="amenity" v="parking_space"/>
 </node>
 <node id="4186732803" visible="true" version="1" changeset="39323875" timestamp="2016-05-15T03:56:52Z" user="Michal Vinárek" uid="3108884" lat="49.3081117" lon="14.1474483">
  <tag k="amenity" v="parking_space"/>
 </node>
 <node id="4186763739" visible="true" version="1" changeset="39324153" timestamp="2016-05-15T04:52:05Z" user="Michal Vinárek" uid="3108884" lat="49.3087117" lon="14.1496621"/>
 <node id="4186763740" visible="true" version="1" changeset="39324153" timestamp="2016-05-15T04:52:05Z" user="Michal Vinárek" uid="3108884" lat="49.3086747" lon="14.1496439"/>
 <node id="4186763741" visible="true" version="1" changeset="39324153" timestamp="2016-05-15T04:52:05Z" user="Michal Vinárek" uid="3108884" lat="49.3086591" lon="14.1497179"/>
 <node id="4186763742" visible="true" version="1" changeset="39324153" timestamp="2016-05-15T04:52:05Z" user="Michal Vinárek" uid="3108884" lat="49.3086215" lon="14.1495255"/>
 <node id="4186763743" visible="true" version="1" changeset="39324153" timestamp="2016-05-15T04:52:05Z" user="Michal Vinárek" uid="3108884" lat="49.3086367" lon="14.1495377"/>
 <node id="4186763744" visible="true" version="1" changeset="39324153" timestamp="2016-05-15T04:52:05Z" user="Michal Vinárek" uid="3108884" lat="49.3086450" lon="14.1495135"/>
 <node id="4186763745" visible="true" version="1" changeset="39324153" timestamp="2016-05-15T04:52:05Z" user="Michal Vinárek" uid="3108884" lat="49.3086297" lon="14.1495013"/>
 <node id="4186763746" visible="true" version="1" changeset="39324153" timestamp="2016-05-15T04:52:05Z" user="Michal Vinárek" uid="3108884" lat="49.3086509" lon="14.1494383"/>
 <node id="4186763747" visible="true" version="1" changeset="39324153" timestamp="2016-05-15T04:52:05Z" user="Michal Vinárek" uid="3108884" lat="49.3086664" lon="14.1494507"/>
 <node id="4186763748" visible="true" version="1" changeset="39324153" timestamp="2016-05-15T04:52:05Z" user="Michal Vinárek" uid="3108884" lat="49.3086404" lon="14.1494411">
  <tag k="amenity" v="bench"/>
 </node>
 <node id="4186763749" visible="true" version="1" changeset="39324153" timestamp="2016-05-15T04:52:05Z" user="Michal Vinárek" uid="3108884" lat="49.3086533" lon="14.1495041">
  <tag k="amenity" v="bench"/>
 </node>
 <node id="4186763750" visible="true" version="1" changeset="39324153" timestamp="2016-05-15T04:52:05Z" user="Michal Vinárek" uid="3108884" lat="49.3086115" lon="14.1496164">
  <tag k="natural" v="tree"/>
 </node>
 <node id="4186763751" visible="true" version="1" changeset="39324153" timestamp="2016-05-15T04:52:05Z" user="Michal Vinárek" uid="3108884" lat="49.3085443" lon="14.1493928">
  <tag k="highway" v="street_lamp"/>
 </node>
 <node id="4186763752" visible="true" version="1" changeset="39324153" timestamp="2016-05-15T04:52:05Z" user="Michal Vinárek" uid="3108884" lat="49.3085432" lon="14.1493994">
  <tag k="amenity" v="waste_basket"/>
 </node>
 <node id="4186763753" visible="true" version="1" changeset="39324153" timestamp="2016-05-15T04:52:05Z" user="Michal Vinárek" uid="3108884" lat="49.3087079" lon="14.1496545">
  <tag k="highway" v="street_lamp"/>
 </node>
 <node id="4186763754" visible="true" version="1" changeset="39324153" timestamp="2016-05-15T04:52:05Z" user="Michal Vinárek" uid="3108884" lat="49.3087176" lon="14.1496670"/>
 <node id="4186763755" visible="true" version="1" changeset="39324153" timestamp="2016-05-15T04:52:05Z" user="Michal Vinárek" uid="3108884" lat="49.3086961" lon="14.1497362"/>
 <node id="4186763756" visible="true" version="2" changeset="46271323" timestamp="2017-02-21T11:10:55Z" user="majkaz" uid="255254" lat="49.3086051" lon="14.1499026">
  <tag k="amenity" v="post_box"/>
 </node>
 <node id="4186763757" visible="true" version="1" changeset="39324153" timestamp="2016-05-15T04:52:05Z" user="Michal Vinárek" uid="3108884" lat="49.3086049" lon="14.1499114">
  <tag k="highway" v="street_lamp"/>
 </node>
 <node id="4186763758" visible="true" version="1" changeset="39324153" timestamp="2016-05-15T04:52:06Z" user="Michal Vinárek" uid="3108884" lat="49.3085469" lon="14.1498968">
  <tag k="highway" v="street_lamp"/>
 </node>
 <node id="4186763759" visible="true" version="1" changeset="39324153" timestamp="2016-05-15T04:52:06Z" user="Michal Vinárek" uid="3108884" lat="49.3085206" lon="14.1495938">
  <tag k="highway" v="street_lamp"/>
 </node>
 <node id="4186763760" visible="true" version="1" changeset="39324153" timestamp="2016-05-15T04:52:06Z" user="Michal Vinárek" uid="3108884" lat="49.3088078" lon="14.1492131">
  <tag k="highway" v="street_lamp"/>
 </node>
 <node id="4186763761" visible="true" version="1" changeset="39324153" timestamp="2016-05-15T04:52:06Z" user="Michal Vinárek" uid="3108884" lat="49.3088730" lon="14.1489012">
  <tag k="highway" v="street_lamp"/>
 </node>
 <node id="4186763762" visible="true" version="1" changeset="39324153" timestamp="2016-05-15T04:52:06Z" user="Michal Vinárek" uid="3108884" lat="49.3089362" lon="14.1485849">
  <tag k="highway" v="street_lamp"/>
 </node>
 <node id="4186763763" visible="true" version="1" changeset="39324153" timestamp="2016-05-15T04:52:06Z" user="Michal Vinárek" uid="3108884" lat="49.3088388" lon="14.1491097"/>
 <node id="4186763764" visible="true" version="1" changeset="39324153" timestamp="2016-05-15T04:52:06Z" user="Michal Vinárek" uid="3108884" lat="49.3088270" lon="14.1491052"/>
 <node id="4186763765" visible="true" version="1" changeset="39324153" timestamp="2016-05-15T04:52:06Z" user="Michal Vinárek" uid="3108884" lat="49.3088240" lon="14.1491235"/>
 <node id="4186763766" visible="true" version="1" changeset="39324153" timestamp="2016-05-15T04:52:06Z" user="Michal Vinárek" uid="3108884" lat="49.3088358" lon="14.1491280"/>
 <node id="4186763767" visible="true" version="1" changeset="39324153" timestamp="2016-05-15T04:52:06Z" user="Michal Vinárek" uid="3108884" lat="49.3088351" lon="14.1491305"/>
 <node id="4186763768" visible="true" version="1" changeset="39324153" timestamp="2016-05-15T04:52:06Z" user="Michal Vinárek" uid="3108884" lat="49.3088232" lon="14.1491257"/>
 <node id="4186763769" visible="true" version="1" changeset="39324153" timestamp="2016-05-15T04:52:06Z" user="Michal Vinárek" uid="3108884" lat="49.3088200" lon="14.1491446"/>
 <node id="4186763770" visible="true" version="1" changeset="39324153" timestamp="2016-05-15T04:52:06Z" user="Michal Vinárek" uid="3108884" lat="49.3088320" lon="14.1491493"/>
 <node id="4186763771" visible="true" version="1" changeset="39324153" timestamp="2016-05-15T04:52:06Z" user="Michal Vinárek" uid="3108884" lat="49.3088313" lon="14.1491513"/>
 <node id="4186763772" visible="true" version="1" changeset="39324153" timestamp="2016-05-15T04:52:06Z" user="Michal Vinárek" uid="3108884" lat="49.3088196" lon="14.1491465"/>
 <node id="4186763773" visible="true" version="1" changeset="39324153" timestamp="2016-05-15T04:52:06Z" user="Michal Vinárek" uid="3108884" lat="49.3088164" lon="14.1491649"/>
 <node id="4186763774" visible="true" version="1" changeset="39324153" timestamp="2016-05-15T04:52:06Z" user="Michal Vinárek" uid="3108884" lat="49.3088281" lon="14.1491698"/>
 <node id="4186763775" visible="true" version="1" changeset="39324153" timestamp="2016-05-15T04:52:06Z" user="Michal Vinárek" uid="3108884" lat="49.3092060" lon="14.1484180"/>
 <node id="4186763776" visible="true" version="1" changeset="39324153" timestamp="2016-05-15T04:52:06Z" user="Michal Vinárek" uid="3108884" lat="49.3089930" lon="14.1483122">
  <tag k="highway" v="street_lamp"/>
 </node>
 <node id="4186763777" visible="true" version="1" changeset="39324153" timestamp="2016-05-15T04:52:06Z" user="Michal Vinárek" uid="3108884" lat="49.3094221" lon="14.1473752">
  <tag k="amenity" v="atm"/>
 </node>
 <node id="4186763778" visible="true" version="1" changeset="39324153" timestamp="2016-05-15T04:52:06Z" user="Michal Vinárek" uid="3108884" lat="49.3094155" lon="14.1473960">
  <tag k="amenity" v="atm"/>
 </node>
 <node id="4186763779" visible="true" version="1" changeset="39324153" timestamp="2016-05-15T04:52:06Z" user="Michal Vinárek" uid="3108884" lat="49.3094738" lon="14.1471487">
  <tag k="amenity" v="atm"/>
 </node>
 <node id="4186763780" visible="true" version="1" changeset="39324153" timestamp="2016-05-15T04:52:06Z" user="Michal Vinárek" uid="3108884" lat="49.3098929" lon="14.1463079"/>
 <node id="4186763782" visible="true" version="1" changeset="39324153" timestamp="2016-05-15T04:52:06Z" user="Michal Vinárek" uid="3108884" lat="49.3126193" lon="14.1455817"/>
 <node id="4186763783" visible="true" version="1" changeset="39324153" timestamp="2016-05-15T04:52:06Z" user="Michal Vinárek" uid="3108884" lat="49.3126788" lon="14.1455402"/>
 <node id="4186763784" visible="true" version="1" changeset="39324153" timestamp="2016-05-15T04:52:06Z" user="Michal Vinárek" uid="3108884" lat="49.3127251" lon="14.1454798"/>
 <node id="4186763785" visible="true" version="1" changeset="39324153" timestamp="2016-05-15T04:52:06Z" user="Michal Vinárek" uid="3108884" lat="49.3127549" lon="14.1454141"/>
 <node id="4186763786" visible="true" version="1" changeset="39324153" timestamp="2016-05-15T04:52:06Z" user="Michal Vinárek" uid="3108884" lat="49.3127688" lon="14.1453645"/>
 <node id="4186763787" visible="true" version="1" changeset="39324153" timestamp="2016-05-15T04:52:06Z" user="Michal Vinárek" uid="3108884" lat="49.3098784" lon="14.1464953"/>
 <node id="4186763788" visible="true" version="1" changeset="39324153" timestamp="2016-05-15T04:52:06Z" user="Michal Vinárek" uid="3108884" lat="49.3101179" lon="14.1465856"/>
 <node id="4186764090" visible="true" version="1" changeset="39324153" timestamp="2016-05-15T04:52:06Z" user="Michal Vinárek" uid="3108884" lat="49.3108358" lon="14.1464302"/>
 <node id="4186764092" visible="true" version="1" changeset="39324153" timestamp="2016-05-15T04:52:06Z" user="Michal Vinárek" uid="3108884" lat="49.3107482" lon="14.1463668"/>
 <node id="4186764093" visible="true" version="1" changeset="39324153" timestamp="2016-05-15T04:52:06Z" user="Michal Vinárek" uid="3108884" lat="49.3107064" lon="14.1462994"/>
 <node id="4186764094" visible="true" version="2" changeset="42689611" timestamp="2016-10-06T16:40:42Z" user="gorn" uid="10353" lat="49.3100924" lon="14.1463801"/>
 <node id="4186764095" visible="true" version="3" changeset="42689596" timestamp="2016-10-06T16:39:49Z" user="gorn" uid="10353" lat="49.3104156" lon="14.1465343"/>
 <node id="4186764096" visible="true" version="1" changeset="39324153" timestamp="2016-05-15T04:52:06Z" user="Michal Vinárek" uid="3108884" lat="49.3100996" lon="14.1465493"/>
 <node id="4186764097" visible="true" version="1" changeset="39324153" timestamp="2016-05-15T04:52:06Z" user="Michal Vinárek" uid="3108884" lat="49.3106337" lon="14.1462831"/>
 <node id="4186764098" visible="true" version="1" changeset="39324153" timestamp="2016-05-15T04:52:06Z" user="Michal Vinárek" uid="3108884" lat="49.3105516" lon="14.1461933"/>
 <node id="4186764099" visible="true" version="1" changeset="39324153" timestamp="2016-05-15T04:52:06Z" user="Michal Vinárek" uid="3108884" lat="49.3106392" lon="14.1463230"/>
 <node id="4186764100" visible="true" version="1" changeset="39324153" timestamp="2016-05-15T04:52:06Z" user="Michal Vinárek" uid="3108884" lat="49.3104230" lon="14.1461772"/>
 <node id="4186764101" visible="true" version="1" changeset="39324153" timestamp="2016-05-15T04:52:06Z" user="Michal Vinárek" uid="3108884" lat="49.3102709" lon="14.1462590"/>
 <node id="4186764102" visible="true" version="1" changeset="39324153" timestamp="2016-05-15T04:52:06Z" user="Michal Vinárek" uid="3108884" lat="49.3102576" lon="14.1463752"/>
 <node id="4186764103" visible="true" version="2" changeset="42689611" timestamp="2016-10-06T16:40:42Z" user="gorn" uid="10353" lat="49.3102061" lon="14.1463756"/>
 <node id="4186764104" visible="true" version="2" changeset="42689611" timestamp="2016-10-06T16:40:42Z" user="gorn" uid="10353" lat="49.3104921" lon="14.1463633"/>
 <node id="4186764122" visible="true" version="1" changeset="39324153" timestamp="2016-05-15T04:52:07Z" user="Michal Vinárek" uid="3108884" lat="49.3122683" lon="14.1459948"/>
 <node id="4186764123" visible="true" version="1" changeset="39324153" timestamp="2016-05-15T04:52:07Z" user="Michal Vinárek" uid="3108884" lat="49.3122758" lon="14.1459117"/>
 <node id="4186764124" visible="true" version="1" changeset="39324153" timestamp="2016-05-15T04:52:07Z" user="Michal Vinárek" uid="3108884" lat="49.3122711" lon="14.1459400"/>
 <node id="4186764125" visible="true" version="1" changeset="39324153" timestamp="2016-05-15T04:52:07Z" user="Michal Vinárek" uid="3108884" lat="49.3123087" lon="14.1460674"/>
 <node id="4186764126" visible="true" version="1" changeset="39324153" timestamp="2016-05-15T04:52:07Z" user="Michal Vinárek" uid="3108884" lat="49.3122843" lon="14.1460417"/>
 <node id="4186764187" visible="true" version="1" changeset="39324153" timestamp="2016-05-15T04:52:08Z" user="Michal Vinárek" uid="3108884" lat="49.3108842" lon="14.1473815"/>
 <node id="4186764188" visible="true" version="1" changeset="39324153" timestamp="2016-05-15T04:52:08Z" user="Michal Vinárek" uid="3108884" lat="49.3108087" lon="14.1474069"/>
 <node id="4186764189" visible="true" version="1" changeset="39324153" timestamp="2016-05-15T04:52:08Z" user="Michal Vinárek" uid="3108884" lat="49.3108067" lon="14.1471690"/>
 <node id="4186764190" visible="true" version="1" changeset="39324153" timestamp="2016-05-15T04:52:08Z" user="Michal Vinárek" uid="3108884" lat="49.3107709" lon="14.1469790"/>
 <node id="4186764191" visible="true" version="1" changeset="39324153" timestamp="2016-05-15T04:52:08Z" user="Michal Vinárek" uid="3108884" lat="49.3107853" lon="14.1468126"/>
 <node id="4186764192" visible="true" version="1" changeset="39324153" timestamp="2016-05-15T04:52:08Z" user="Michal Vinárek" uid="3108884" lat="49.3108090" lon="14.1468401"/>
 <node id="4186764193" visible="true" version="1" changeset="39324153" timestamp="2016-05-15T04:52:08Z" user="Michal Vinárek" uid="3108884" lat="49.3106227" lon="14.1467843"/>
 <node id="4186764194" visible="true" version="1" changeset="39324153" timestamp="2016-05-15T04:52:08Z" user="Michal Vinárek" uid="3108884" lat="49.3106878" lon="14.1469160"/>
 <node id="4186764195" visible="true" version="1" changeset="39324153" timestamp="2016-05-15T04:52:08Z" user="Michal Vinárek" uid="3108884" lat="49.3107254" lon="14.1469445"/>
 <node id="4186764196" visible="true" version="2" changeset="42689596" timestamp="2016-10-06T16:39:49Z" user="gorn" uid="10353" lat="49.3105904" lon="14.1465018"/>
 <node id="4186764197" visible="true" version="1" changeset="39324153" timestamp="2016-05-15T04:52:08Z" user="Michal Vinárek" uid="3108884" lat="49.3105968" lon="14.1466470"/>
 <node id="4186764198" visible="true" version="1" changeset="39324153" timestamp="2016-05-15T04:52:08Z" user="Michal Vinárek" uid="3108884" lat="49.3107018" lon="14.1466425"/>
 <node id="4186764199" visible="true" version="1" changeset="39324153" timestamp="2016-05-15T04:52:08Z" user="Michal Vinárek" uid="3108884" lat="49.3104895" lon="14.1466534"/>
 <node id="4186764201" visible="true" version="2" changeset="42689596" timestamp="2016-10-06T16:39:49Z" user="gorn" uid="10353" lat="49.3107206" lon="14.1467353"/>
 <node id="4186764208" visible="true" version="2" changeset="42689596" timestamp="2016-10-06T16:39:49Z" user="gorn" uid="10353" lat="49.3107241" lon="14.1465025"/>
 <node id="4186764214" visible="true" version="3" changeset="42689596" timestamp="2016-10-06T16:39:49Z" user="gorn" uid="10353" lat="49.3102937" lon="14.1465213"/>
 <node id="4186764215" visible="true" version="3" changeset="42689596" timestamp="2016-10-06T16:39:49Z" user="gorn" uid="10353" lat="49.3102811" lon="14.1465430"/>
 <node id="4186764218" visible="true" version="2" changeset="42689596" timestamp="2016-10-06T16:39:49Z" user="gorn" uid="10353" lat="49.3102644" lon="14.1466502"/>
 <node id="4186764223" visible="true" version="3" changeset="42689596" timestamp="2016-10-06T16:39:49Z" user="gorn" uid="10353" lat="49.3103475" lon="14.1465026"/>
 <node id="4186764228" visible="true" version="2" changeset="42689596" timestamp="2016-10-06T16:39:49Z" user="gorn" uid="10353" lat="49.3103043" lon="14.1468247"/>
 <node id="4186764230" visible="true" version="2" changeset="42689596" timestamp="2016-10-06T16:39:49Z" user="gorn" uid="10353" lat="49.3103596" lon="14.1465755"/>
 <node id="4186764231" visible="true" version="2" changeset="42689596" timestamp="2016-10-06T16:39:49Z" user="gorn" uid="10353" lat="49.3103489" lon="14.1465648"/>
 <node id="4186764232" visible="true" version="2" changeset="42689596" timestamp="2016-10-06T16:39:49Z" user="gorn" uid="10353" lat="49.3103364" lon="14.1465611"/>
 <node id="4186764233" visible="true" version="2" changeset="42689596" timestamp="2016-10-06T16:39:49Z" user="gorn" uid="10353" lat="49.3103239" lon="14.1465649"/>
 <node id="4186764234" visible="true" version="2" changeset="42689596" timestamp="2016-10-06T16:39:49Z" user="gorn" uid="10353" lat="49.3103254" lon="14.1466609"/>
 <node id="4186764235" visible="true" version="2" changeset="42689596" timestamp="2016-10-06T16:39:49Z" user="gorn" uid="10353" lat="49.3103350" lon="14.1466638"/>
 <node id="4186764236" visible="true" version="2" changeset="42689596" timestamp="2016-10-06T16:39:49Z" user="gorn" uid="10353" lat="49.3103448" lon="14.1466622"/>
 <node id="4186764237" visible="true" version="2" changeset="42689596" timestamp="2016-10-06T16:39:49Z" user="gorn" uid="10353" lat="49.3103538" lon="14.1466564"/>
 <node id="4186764239" visible="true" version="2" changeset="42689596" timestamp="2016-10-06T16:39:49Z" user="gorn" uid="10353" lat="49.3103132" lon="14.1465756"/>
 <node id="4186764240" visible="true" version="2" changeset="42689596" timestamp="2016-10-06T16:39:49Z" user="gorn" uid="10353" lat="49.3103058" lon="14.1465917"/>
 <node id="4186764241" visible="true" version="2" changeset="42689596" timestamp="2016-10-06T16:39:50Z" user="gorn" uid="10353" lat="49.3103030" lon="14.1466108"/>
 <node id="4186764242" visible="true" version="2" changeset="42689596" timestamp="2016-10-06T16:39:50Z" user="gorn" uid="10353" lat="49.3103034" lon="14.1466238"/>
 <node id="4186764243" visible="true" version="2" changeset="42689596" timestamp="2016-10-06T16:39:50Z" user="gorn" uid="10353" lat="49.3103097" lon="14.1466433"/>
 <node id="4186764244" visible="true" version="2" changeset="42689596" timestamp="2016-10-06T16:39:50Z" user="gorn" uid="10353" lat="49.3103167" lon="14.1466539"/>
 <node id="4186764245" visible="true" version="2" changeset="42689596" timestamp="2016-10-06T16:39:50Z" user="gorn" uid="10353" lat="49.3103614" lon="14.1466467"/>
 <node id="4186764246" visible="true" version="2" changeset="42689596" timestamp="2016-10-06T16:39:50Z" user="gorn" uid="10353" lat="49.3103679" lon="14.1466299"/>
 <node id="4186764247" visible="true" version="2" changeset="42689596" timestamp="2016-10-06T16:39:50Z" user="gorn" uid="10353" lat="49.3103699" lon="14.1466106"/>
 <node id="4186764248" visible="true" version="2" changeset="42689596" timestamp="2016-10-06T16:39:50Z" user="gorn" uid="10353" lat="49.3103670" lon="14.1465915"/>
 <node id="4186764249" visible="true" version="2" changeset="42689596" timestamp="2016-10-06T16:39:50Z" user="gorn" uid="10353" lat="49.3103036" lon="14.1466887"/>
 <node id="4186764250" visible="true" version="2" changeset="42689596" timestamp="2016-10-06T16:39:50Z" user="gorn" uid="10353" lat="49.3103035" lon="14.1467144"/>
 <node id="4186764251" visible="true" version="2" changeset="42689596" timestamp="2016-10-06T16:39:50Z" user="gorn" uid="10353" lat="49.3103042" lon="14.1467479"/>
 <node id="4186764252" visible="true" version="2" changeset="42689596" timestamp="2016-10-06T16:39:50Z" user="gorn" uid="10353" lat="49.3103039" lon="14.1467634"/>
 <node id="4186764253" visible="true" version="2" changeset="42689596" timestamp="2016-10-06T16:39:50Z" user="gorn" uid="10353" lat="49.3103074" lon="14.1467700"/>
 <node id="4186764254" visible="true" version="2" changeset="42689596" timestamp="2016-10-06T16:39:50Z" user="gorn" uid="10353" lat="49.3103132" lon="14.1467713"/>
 <node id="4186764255" visible="true" version="2" changeset="42689596" timestamp="2016-10-06T16:39:50Z" user="gorn" uid="10353" lat="49.3103224" lon="14.1467483"/>
 <node id="4186764256" visible="true" version="2" changeset="42689596" timestamp="2016-10-06T16:39:50Z" user="gorn" uid="10353" lat="49.3103446" lon="14.1466868"/>
 <node id="4186764257" visible="true" version="1" changeset="39324153" timestamp="2016-05-15T04:52:09Z" user="Michal Vinárek" uid="3108884" lat="49.3100928" lon="14.1464271"/>
 <node id="4186764258" visible="true" version="1" changeset="39324153" timestamp="2016-05-15T04:52:09Z" user="Michal Vinárek" uid="3108884" lat="49.3100928" lon="14.1464271"/>
 <node id="4186764259" visible="true" version="1" changeset="39324153" timestamp="2016-05-15T04:52:09Z" user="Michal Vinárek" uid="3108884" lat="49.3099104" lon="14.1463826"/>
 <node id="4186764260" visible="true" version="2" changeset="42689611" timestamp="2016-10-06T16:40:42Z" user="gorn" uid="10353" lat="49.3102743" lon="14.1464205"/>
 <node id="4186764265" visible="true" version="1" changeset="39324153" timestamp="2016-05-15T04:52:09Z" user="Michal Vinárek" uid="3108884" lat="49.3106344" lon="14.1464374">
  <tag k="amenity" v="parking_space"/>
 </node>
 <node id="4186764266" visible="true" version="1" changeset="39324153" timestamp="2016-05-15T04:52:09Z" user="Michal Vinárek" uid="3108884" lat="49.3106156" lon="14.1464403">
  <tag k="amenity" v="parking_space"/>
 </node>
 <node id="4186764267" visible="true" version="1" changeset="39324153" timestamp="2016-05-15T04:52:09Z" user="Michal Vinárek" uid="3108884" lat="49.3105983" lon="14.1464396">
  <tag k="amenity" v="parking_space"/>
 </node>
 <node id="4186764268" visible="true" version="1" changeset="39324153" timestamp="2016-05-15T04:52:10Z" user="Michal Vinárek" uid="3108884" lat="49.3105789" lon="14.1464404">
  <tag k="amenity" v="parking_space"/>
 </node>
 <node id="4186764269" visible="true" version="1" changeset="39324153" timestamp="2016-05-15T04:52:10Z" user="Michal Vinárek" uid="3108884" lat="49.3105626" lon="14.1464415">
  <tag k="amenity" v="parking_space"/>
 </node>
 <node id="4186764270" visible="true" version="1" changeset="39324153" timestamp="2016-05-15T04:52:10Z" user="Michal Vinárek" uid="3108884" lat="49.3105455" lon="14.1464410">
  <tag k="amenity" v="parking_space"/>
 </node>
 <node id="4186764271" visible="true" version="1" changeset="39324153" timestamp="2016-05-15T04:52:10Z" user="Michal Vinárek" uid="3108884" lat="49.3105270" lon="14.1464426">
  <tag k="amenity" v="parking_space"/>
 </node>
 <node id="4186764272" visible="true" version="1" changeset="39324153" timestamp="2016-05-15T04:52:10Z" user="Michal Vinárek" uid="3108884" lat="49.3105049" lon="14.1464431">
  <tag k="amenity" v="parking_space"/>
 </node>
 <node id="4186764273" visible="true" version="1" changeset="39324153" timestamp="2016-05-15T04:52:10Z" user="Michal Vinárek" uid="3108884" lat="49.3104796" lon="14.1464433">
  <tag k="amenity" v="parking_space"/>
 </node>
 <node id="4186764274" visible="true" version="1" changeset="39324153" timestamp="2016-05-15T04:52:10Z" user="Michal Vinárek" uid="3108884" lat="49.3105654" lon="14.1465631">
  <tag k="amenity" v="parking_space"/>
 </node>
 <node id="4186764275" visible="true" version="1" changeset="39324153" timestamp="2016-05-15T04:52:10Z" user="Michal Vinárek" uid="3108884" lat="49.3105459" lon="14.1465646">
  <tag k="amenity" v="parking_space"/>
 </node>
 <node id="4186764276" visible="true" version="1" changeset="39324153" timestamp="2016-05-15T04:52:10Z" user="Michal Vinárek" uid="3108884" lat="49.3105278" lon="14.1465643">
  <tag k="amenity" v="parking_space"/>
 </node>
 <node id="4186764277" visible="true" version="1" changeset="39324153" timestamp="2016-05-15T04:52:10Z" user="Michal Vinárek" uid="3108884" lat="49.3105062" lon="14.1465647">
  <tag k="amenity" v="parking_space"/>
 </node>
 <node id="4186764278" visible="true" version="1" changeset="39324153" timestamp="2016-05-15T04:52:10Z" user="Michal Vinárek" uid="3108884" lat="49.3104833" lon="14.1465651">
  <tag k="amenity" v="parking_space"/>
 </node>
 <node id="4186764279" visible="true" version="1" changeset="39324153" timestamp="2016-05-15T04:52:10Z" user="Michal Vinárek" uid="3108884" lat="49.3106129" lon="14.1465591">
  <tag k="amenity" v="parking_space"/>
 </node>
 <node id="4186764280" visible="true" version="1" changeset="39324153" timestamp="2016-05-15T04:52:10Z" user="Michal Vinárek" uid="3108884" lat="49.3106333" lon="14.1465570">
  <tag k="amenity" v="parking_space"/>
 </node>
 <node id="4186764287" visible="true" version="1" changeset="39324153" timestamp="2016-05-15T04:52:10Z" user="Michal Vinárek" uid="3108884" lat="49.3106353" lon="14.1466803">
  <tag k="amenity" v="parking_space"/>
 </node>
 <node id="4186764288" visible="true" version="1" changeset="39324153" timestamp="2016-05-15T04:52:10Z" user="Michal Vinárek" uid="3108884" lat="49.3106171" lon="14.1466813">
  <tag k="amenity" v="parking_space"/>
 </node>
 <node id="4186764289" visible="true" version="1" changeset="39324153" timestamp="2016-05-15T04:52:10Z" user="Michal Vinárek" uid="3108884" lat="49.3106002" lon="14.1466820">
  <tag k="amenity" v="parking_space"/>
 </node>
 <node id="4186764290" visible="true" version="1" changeset="39324153" timestamp="2016-05-15T04:52:10Z" user="Michal Vinárek" uid="3108884" lat="49.3105830" lon="14.1466821">
  <tag k="amenity" v="parking_space"/>
 </node>
 <node id="4186764291" visible="true" version="1" changeset="39324153" timestamp="2016-05-15T04:52:10Z" user="Michal Vinárek" uid="3108884" lat="49.3105677" lon="14.1466843">
  <tag k="amenity" v="parking_space"/>
 </node>
 <node id="4186764292" visible="true" version="1" changeset="39324153" timestamp="2016-05-15T04:52:10Z" user="Michal Vinárek" uid="3108884" lat="49.3105501" lon="14.1466859">
  <tag k="amenity" v="parking_space"/>
 </node>
 <node id="4186764293" visible="true" version="1" changeset="39324153" timestamp="2016-05-15T04:52:10Z" user="Michal Vinárek" uid="3108884" lat="49.3105298" lon="14.1466869">
  <tag k="amenity" v="parking_space"/>
 </node>
 <node id="4186764294" visible="true" version="1" changeset="39324153" timestamp="2016-05-15T04:52:10Z" user="Michal Vinárek" uid="3108884" lat="49.3105072" lon="14.1466875">
  <tag k="amenity" v="parking_space"/>
 </node>
 <node id="4186764295" visible="true" version="1" changeset="39324153" timestamp="2016-05-15T04:52:11Z" user="Michal Vinárek" uid="3108884" lat="49.3104870" lon="14.1466898">
  <tag k="amenity" v="parking_space"/>
 </node>
 <node id="4186764296" visible="true" version="1" changeset="39324153" timestamp="2016-05-15T04:52:11Z" user="Michal Vinárek" uid="3108884" lat="49.3106164" lon="14.1467735"/>
 <node id="4186764297" visible="true" version="1" changeset="39324153" timestamp="2016-05-15T04:52:11Z" user="Michal Vinárek" uid="3108884" lat="49.3106597" lon="14.1468040"/>
 <node id="4186764298" visible="true" version="1" changeset="39324153" timestamp="2016-05-15T04:52:11Z" user="Michal Vinárek" uid="3108884" lat="49.3107196" lon="14.1468530"/>
 <node id="4186764299" visible="true" version="1" changeset="39324153" timestamp="2016-05-15T04:52:11Z" user="Michal Vinárek" uid="3108884" lat="49.3107642" lon="14.1468946"/>
 <node id="4186764300" visible="true" version="1" changeset="39324153" timestamp="2016-05-15T04:52:11Z" user="Michal Vinárek" uid="3108884" lat="49.3108040" lon="14.1469502"/>
 <node id="4186764302" visible="true" version="1" changeset="39324153" timestamp="2016-05-15T04:52:11Z" user="Michal Vinárek" uid="3108884" lat="49.3108514" lon="14.1470391"/>
 <node id="4186764303" visible="true" version="2" changeset="46717798" timestamp="2017-03-09T18:26:14Z" user="Milancer" uid="1189910" lat="49.3108354" lon="14.1470117"/>
 <node id="4340295310" visible="true" version="2" changeset="42689596" timestamp="2016-10-06T16:39:50Z" user="gorn" uid="10353" lat="49.3102636" lon="14.1467837"/>
 <node id="4434624671" visible="true" version="1" changeset="42689596" timestamp="2016-10-06T16:39:44Z" user="gorn" uid="10353" lat="49.3102190" lon="14.1466252"/>
 <node id="4434624672" visible="true" version="1" changeset="42689596" timestamp="2016-10-06T16:39:44Z" user="gorn" uid="10353" lat="49.3102316" lon="14.1465323"/>
 <node id="4434624673" visible="true" version="1" changeset="42689596" timestamp="2016-10-06T16:39:44Z" user="gorn" uid="10353" lat="49.3102644" lon="14.1465858"/>
 <node id="4434624674" visible="true" version="1" changeset="42689596" timestamp="2016-10-06T16:39:44Z" user="gorn" uid="10353" lat="49.3102834" lon="14.1467468"/>
 <node id="4434624675" visible="true" version="1" changeset="42689596" timestamp="2016-10-06T16:39:44Z" user="gorn" uid="10353" lat="49.3103026" lon="14.1468998"/>
 <node id="4434624676" visible="true" version="1" changeset="42689596" timestamp="2016-10-06T16:39:44Z" user="gorn" uid="10353" lat="49.3103202" lon="14.1465047"/>
 <node id="4434624677" visible="true" version="1" changeset="42689596" timestamp="2016-10-06T16:39:44Z" user="gorn" uid="10353" lat="49.3103289" lon="14.1467804"/>
 <node id="4434624678" visible="true" version="1" changeset="42689596" timestamp="2016-10-06T16:39:44Z" user="gorn" uid="10353" lat="49.3103578" lon="14.1467233"/>
 <node id="4434624679" visible="true" version="1" changeset="42689596" timestamp="2016-10-06T16:39:44Z" user="gorn" uid="10353" lat="49.3103739" lon="14.1468235"/>
 <node id="4434624680" visible="true" version="1" changeset="42689596" timestamp="2016-10-06T16:39:44Z" user="gorn" uid="10353" lat="49.3103751" lon="14.1468977"/>
 <node id="4434624681" visible="true" version="1" changeset="42689596" timestamp="2016-10-06T16:39:44Z" user="gorn" uid="10353" lat="49.3103752" lon="14.1465123"/>
 <node id="4434624682" visible="true" version="1" changeset="42689596" timestamp="2016-10-06T16:39:44Z" user="gorn" uid="10353" lat="49.3103842" lon="14.1467886"/>
 <node id="4434624683" visible="true" version="1" changeset="42689596" timestamp="2016-10-06T16:39:44Z" user="gorn" uid="10353" lat="49.3103867" lon="14.1465269"/>
 <node id="4434624684" visible="true" version="1" changeset="42689596" timestamp="2016-10-06T16:39:44Z" user="gorn" uid="10353" lat="49.3103913" lon="14.1466638"/>
 <node id="4434624685" visible="true" version="1" changeset="42689596" timestamp="2016-10-06T16:39:44Z" user="gorn" uid="10353" lat="49.3103954" lon="14.1465446"/>
 <node id="4434624686" visible="true" version="1" changeset="42689596" timestamp="2016-10-06T16:39:44Z" user="gorn" uid="10353" lat="49.3104002" lon="14.1467819"/>
 <node id="4434624687" visible="true" version="1" changeset="42689596" timestamp="2016-10-06T16:39:44Z" user="gorn" uid="10353" lat="49.3104037" lon="14.1465877"/>
 <node id="4726432470" visible="true" version="1" changeset="46717798" timestamp="2017-03-09T18:26:12Z" user="Milancer" uid="1189910" lat="49.3108514" lon="14.1470391"/>
 <way id="27457818" visible="true" version="9" changeset="11665038" timestamp="2012-05-21T18:55:32Z" user="Karl Von Bahnhoff" uid="520972">
  <nd ref="301479598"/>
  <nd ref="310138809"/>
  <nd ref="309956352"/>
  <nd ref="368740729"/>
  <nd ref="1350629802"/>
  <nd ref="310138811"/>
  <nd ref="311042754"/>
  <nd ref="301479609"/>
  <tag k="highway" v="residential"/>
  <tag k="name" v="Komenského"/>
  <tag k="source" v="uhul:ortofoto"/>
 </way>
 <way id="28200123" visible="true" version="6" changeset="17018503" timestamp="2013-07-20T00:26:47Z" user="Minimalis" uid="665336">
  <nd ref="301479609"/>
  <nd ref="309740704"/>
  <nd ref="301479610"/>
  <nd ref="313509771"/>
  <nd ref="301479611"/>
  <tag k="highway" v="residential"/>
  <tag k="is_in" v="Písek"/>
  <tag k="name" v="Žižkova třída"/>
 </way>
 <way id="28220647" visible="true" version="5" changeset="36347889" timestamp="2016-01-03T21:27:35Z" user="Michal Vinárek" uid="3108884">
  <nd ref="311042746"/>
  <nd ref="309956335"/>
  <nd ref="309956336"/>
  <nd ref="309956337"/>
  <nd ref="309956338"/>
  <nd ref="301479611"/>
  <tag k="highway" v="residential"/>
  <tag k="name" v="Prokopova"/>
  <tag k="oneway" v="yes"/>
  <tag k="source" v="uhul:ortofoto"/>
 </way>
 <way id="28220659" visible="true" version="6" changeset="36347889" timestamp="2016-01-03T21:27:34Z" user="Michal Vinárek" uid="3108884">
  <nd ref="3926098598"/>
  <nd ref="3674172417"/>
  <nd ref="3674172410"/>
  <nd ref="311042747"/>
  <nd ref="3926098599"/>
  <nd ref="311042746"/>
  <tag k="highway" v="residential"/>
  <tag k="name" v="Tylova"/>
  <tag k="oneway" v="yes"/>
  <tag k="source" v="uhul:ortofoto"/>
 </way>
 <way id="28236358" visible="true" version="7" changeset="42689611" timestamp="2016-10-06T16:40:41Z" user="gorn" uid="10353">
  <nd ref="2056922311"/>
  <nd ref="310132615"/>
  <nd ref="3926060133"/>
  <nd ref="310132617"/>
  <nd ref="3926060131"/>
  <nd ref="354910098"/>
  <nd ref="4186764093"/>
  <nd ref="4186764099"/>
  <nd ref="4186764104"/>
  <nd ref="4186764260"/>
  <tag k="bicycle" v="yes"/>
  <tag k="highway" v="footway"/>
  <tag k="name" v="nábřeží 1. máje"/>
  <tag k="source" v="uhul:ortofoto"/>
  <tag k="surface" v="paved"/>
 </way>
 <way id="28237018" visible="true" version="8" changeset="42689596" timestamp="2016-10-06T16:39:47Z" user="gorn" uid="10353">
  <nd ref="309956346"/>
  <nd ref="456749448"/>
  <nd ref="456749449"/>
  <nd ref="3345888493"/>
  <nd ref="4434624680"/>
  <tag k="highway" v="footway"/>
  <tag k="lit" v="no"/>
  <tag k="name" v="Fügnerovo nám."/>
  <tag k="oneway" v="no"/>
  <tag k="source" v="uhul:ortofoto"/>
 </way>
 <way id="28237020" visible="true" version="9" changeset="42689596" timestamp="2016-10-06T16:39:47Z" user="gorn" uid="10353">
  <nd ref="4186764228"/>
  <nd ref="3926098597"/>
  <nd ref="4434624675"/>
  <nd ref="311042749"/>
  <nd ref="311042748"/>
  <nd ref="456749447"/>
  <nd ref="3926098598"/>
  <tag k="highway" v="unclassified"/>
  <tag k="maxspeed" v="50"/>
  <tag k="name" v="Fügnerovo nám."/>
  <tag k="oneway" v="no"/>
  <tag k="source" v="uhul:ortofoto"/>
  <tag k="veh_ban_until" v="11.12.2013"/>
 </way>
 <way id="28237025" visible="true" version="3" changeset="854586" timestamp="2009-03-24T15:23:57Z" user="fik" uid="73797">
  <nd ref="310138788"/>
  <nd ref="310138790"/>
  <nd ref="310138793"/>
  <nd ref="310138796"/>
  <nd ref="310138800"/>
  <tag k="highway" v="unclassified"/>
  <tag k="name" v="Soukenická"/>
  <tag k="source" v="uhul:ortofoto"/>
 </way>
 <way id="28237027" visible="true" version="3" changeset="3195417" timestamp="2009-11-23T13:04:10Z" user="gutrun" uid="175149">
  <nd ref="310138809"/>
  <nd ref="368740749"/>
  <nd ref="310138806"/>
  <nd ref="314426708"/>
  <nd ref="310138807"/>
  <tag k="highway" v="service"/>
  <tag k="oneway" v="yes"/>
  <tag k="source" v="uhul:ortofoto"/>
 </way>
 <way id="28237028" visible="true" version="8" changeset="24302773" timestamp="2014-07-22T23:11:49Z" user="Oveček" uid="2091096">
  <nd ref="310138810"/>
  <nd ref="310138800"/>
  <nd ref="1762475759"/>
  <tag k="access" v="no"/>
  <tag k="bicycle" v="yes"/>
  <tag k="foot" v="yes"/>
  <tag k="highway" v="pedestrian"/>
  <tag k="motor_vehicle" v="no"/>
  <tag k="name" v="Nerudova"/>
  <tag k="oneway" v="yes"/>
  <tag k="source" v="uhul:ortofoto"/>
 </way>
 <way id="28237029" visible="true" version="4" changeset="39204514" timestamp="2016-05-10T01:42:10Z" user="Michal Vinárek" uid="3108884">
  <nd ref="310138812"/>
  <nd ref="4175099907"/>
  <nd ref="310138813"/>
  <nd ref="310138810"/>
  <tag k="highway" v="pedestrian"/>
  <tag k="name" v="Smetanova"/>
  <tag k="oneway" v="yes"/>
  <tag k="source" v="uhul:ortofoto"/>
 </way>
 <way id="28237030" visible="true" version="5" changeset="39230952" timestamp="2016-05-11T01:27:50Z" user="Michal Vinárek" uid="3108884">
  <nd ref="310138814"/>
  <nd ref="313509723"/>
  <nd ref="310138842"/>
  <nd ref="4177433282"/>
  <nd ref="4175099906"/>
  <nd ref="310138816"/>
  <tag k="highway" v="pedestrian"/>
  <tag k="maxspeed" v="50"/>
  <tag k="name" v="Ningrova"/>
  <tag k="oneway" v="yes"/>
 </way>
 <way id="28237031" visible="true" version="5" changeset="17018503" timestamp="2013-07-20T00:26:38Z" user="Minimalis" uid="665336">
  <nd ref="310138817"/>
  <nd ref="1761282960"/>
  <tag k="highway" v="pedestrian"/>
  <tag k="name" v="Heydukova"/>
  <tag k="oneway" v="yes"/>
  <tag k="source" v="uhul:ortofoto"/>
  <tag k="surface" v="cobblestone"/>
 </way>
 <way id="28237033" visible="true" version="2" changeset="693285" timestamp="2008-11-06T13:49:19Z" user="fik" uid="73797">
  <nd ref="310138823"/>
  <nd ref="310138825"/>
  <tag k="highway" v="pedestrian"/>
  <tag k="name" v="Karlova"/>
  <tag k="oneway" v="yes"/>
  <tag k="source" v="uhul:ortofoto"/>
  <tag k="surface" v="cobblestone"/>
 </way>
 <way id="28237040" visible="true" version="9" changeset="39230219" timestamp="2016-05-10T23:17:14Z" user="Michal Vinárek" uid="3108884">
  <nd ref="310138810"/>
  <nd ref="314288595"/>
  <tag k="highway" v="pedestrian"/>
  <tag k="name" v="Havlíčkovo nám."/>
  <tag k="source" v="uhul:ortofoto"/>
 </way>
 <way id="28237042" visible="true" version="5" changeset="39230952" timestamp="2016-05-11T01:27:39Z" user="Michal Vinárek" uid="3108884">
  <nd ref="310210106"/>
  <nd ref="4177431121"/>
  <tag k="highway" v="pedestrian"/>
  <tag k="name" v="Velké náměstí"/>
  <tag k="source" v="uhul:ortofoto"/>
  <tag k="surface" v="cobblestone"/>
 </way>
 <way id="28237043" visible="true" version="6" changeset="39230952" timestamp="2016-05-11T01:27:38Z" user="Michal Vinárek" uid="3108884">
  <nd ref="310138825"/>
  <nd ref="4177431119"/>
  <tag k="highway" v="pedestrian"/>
  <tag k="name" v="Velké náměstí"/>
  <tag k="source" v="uhul:ortofoto"/>
  <tag k="surface" v="cobblestone"/>
 </way>
 <way id="28244696" visible="true" version="8" changeset="39324153" timestamp="2016-05-15T04:52:16Z" user="Michal Vinárek" uid="3108884">
  <nd ref="4186764260"/>
  <nd ref="4186764257"/>
  <nd ref="3926098603"/>
  <tag k="highway" v="footway"/>
  <tag k="name" v="Fügnerovo nám."/>
 </way>
 <way id="28244698" visible="true" version="3" changeset="39204714" timestamp="2016-05-10T02:02:54Z" user="Michal Vinárek" uid="3108884">
  <nd ref="310138825"/>
  <nd ref="4175107652"/>
  <nd ref="310138817"/>
  <tag k="highway" v="pedestrian"/>
  <tag k="name" v="Velké náměstí"/>
 </way>
 <way id="28244699" visible="true" version="3" changeset="39323875" timestamp="2016-05-15T03:56:54Z" user="Michal Vinárek" uid="3108884">
  <nd ref="310210103"/>
  <nd ref="4175107633"/>
  <nd ref="310210104"/>
  <nd ref="310210105"/>
  <nd ref="310210106"/>
  <nd ref="310210103"/>
  <tag k="amenity" v="parking"/>
  <tag k="capacity" v="92"/>
  <tag k="fee" v="yes"/>
  <tag k="parking" v="surface"/>
  <tag k="surface" v="cobblestone"/>
 </way>
 <way id="28322658" visible="true" version="3" changeset="8642251" timestamp="2011-07-05T19:38:32Z" user="m4rtink" uid="334334">
  <nd ref="311042334"/>
  <nd ref="311042333"/>
  <nd ref="311042332"/>
  <nd ref="311042331"/>
  <nd ref="311042330"/>
  <nd ref="311042347"/>
  <nd ref="314426121"/>
  <nd ref="311042334"/>
  <tag k="amenity" v="parking"/>
  <tag k="fee" v="yes"/>
  <tag k="parking" v="surface"/>
  <tag k="surface" v="cobblestone"/>
 </way>
 <way id="28322773" visible="true" version="11" changeset="42689596" timestamp="2016-10-06T16:39:47Z" user="gorn" uid="10353">
  <nd ref="3926098597"/>
  <nd ref="4177436998"/>
  <nd ref="4177436999"/>
  <nd ref="4186763788"/>
  <nd ref="311042740"/>
  <nd ref="314427309"/>
  <nd ref="314427308"/>
  <nd ref="314288262"/>
  <nd ref="311042742"/>
  <nd ref="311042743"/>
  <nd ref="1761282997"/>
  <nd ref="311042744"/>
  <nd ref="1761282979"/>
  <nd ref="311042764"/>
  <nd ref="314427333"/>
  <nd ref="314427337"/>
  <nd ref="311042745"/>
  <nd ref="311042763"/>
  <nd ref="3926098601"/>
  <nd ref="3926098600"/>
  <nd ref="311042746"/>
  <nd ref="3926098599"/>
  <nd ref="311042747"/>
  <nd ref="3926098598"/>
  <nd ref="311042748"/>
  <nd ref="311042749"/>
  <nd ref="4434624675"/>
  <nd ref="3926098597"/>
  <tag k="leisure" v="park"/>
  <tag k="name" v="Palackého sady"/>
 </way>
 <way id="28322776" visible="true" version="11" changeset="42689611" timestamp="2016-10-06T16:40:41Z" user="gorn" uid="10353">
  <nd ref="4186764260"/>
  <nd ref="4434624672"/>
  <nd ref="4434624671"/>
  <nd ref="4340295310"/>
  <nd ref="311042755"/>
  <nd ref="311042750"/>
  <nd ref="1761283006"/>
  <nd ref="1762475800"/>
  <nd ref="1762475788"/>
  <nd ref="568399610"/>
  <tag k="bicycle" v="yes"/>
  <tag k="highway" v="footway"/>
  <tag k="surface" v="paved"/>
 </way>
 <way id="28322778" visible="true" version="7" changeset="36240660" timestamp="2015-12-29T13:09:40Z" user="Michal Vinárek" uid="3108884">
  <nd ref="311042755"/>
  <nd ref="3663654829"/>
  <nd ref="568399617"/>
  <nd ref="1762475806"/>
  <nd ref="311042757"/>
  <nd ref="1761283003"/>
  <nd ref="568399624"/>
  <nd ref="1761282990"/>
  <nd ref="3916384506"/>
  <nd ref="311042759"/>
  <nd ref="311042762"/>
  <nd ref="1761282964"/>
  <tag k="highway" v="footway"/>
  <tag k="surface" v="paved"/>
 </way>
 <way id="28322780" visible="true" version="2" changeset="36347889" timestamp="2016-01-03T21:27:35Z" user="Michal Vinárek" uid="3108884">
  <nd ref="3926098600"/>
  <nd ref="311042762"/>
  <nd ref="311042761"/>
  <tag k="highway" v="footway"/>
  <tag k="surface" v="paved"/>
 </way>
 <way id="28323390" visible="true" version="3" changeset="37118600" timestamp="2016-02-10T07:48:51Z" user="JandaM" uid="2169558">
  <nd ref="3998621289"/>
  <nd ref="3998621287"/>
  <nd ref="3998621281"/>
  <nd ref="311049492"/>
  <nd ref="3998621267"/>
  <nd ref="3998621264"/>
  <nd ref="3998621263"/>
  <nd ref="3998621257"/>
  <nd ref="3998621152"/>
  <nd ref="311049494"/>
  <nd ref="3998621150"/>
  <nd ref="3998621147"/>
  <nd ref="3998621149"/>
  <nd ref="311049499"/>
  <nd ref="3998621155"/>
  <nd ref="3998621261"/>
  <nd ref="3998621266"/>
  <nd ref="311049504"/>
  <nd ref="3998621276"/>
  <nd ref="3998621283"/>
  <nd ref="3998621288"/>
  <nd ref="311049485"/>
  <nd ref="3998621291"/>
  <nd ref="3998621292"/>
  <nd ref="3998621290"/>
  <nd ref="311049489"/>
  <nd ref="3998621289"/>
  <tag k="building" v="yes"/>
  <tag k="building:ruian:type" v="19"/>
  <tag k="name" v="Schrenkův pavilon"/>
  <tag k="ref:ruian:building" v="46210636"/>
  <tag k="source" v="cuzk:ruian"/>
  <tag k="tourism" v="attraction"/>
 </way>
 <way id="28373782" visible="true" version="12" changeset="39324153" timestamp="2016-05-15T04:52:16Z" user="Michal Vinárek" uid="3108884">
  <nd ref="311042525"/>
  <nd ref="3728891012"/>
  <nd ref="315063026"/>
  <nd ref="3926098603"/>
  <tag k="bridge" v="yes"/>
  <tag k="goods" v="no"/>
  <tag k="hgv" v="no"/>
  <tag k="highway" v="pedestrian"/>
  <tag k="historic" v="bridge"/>
  <tag k="layer" v="1"/>
  <tag k="material" v="stone"/>
  <tag k="motorcar" v="no"/>
  <tag k="motorcycle" v="no"/>
  <tag k="name" v="Kamenný most"/>
  <tag k="psv" v="no"/>
  <tag k="source" v="uhul:ortofoto"/>
  <tag k="start_date" v="1348"/>
  <tag k="tourism" v="attraction"/>
 </way>
 <way id="28540148" visible="true" version="5" changeset="39230952" timestamp="2016-05-11T01:27:47Z" user="Michal Vinárek" uid="3108884">
  <nd ref="314427297"/>
  <nd ref="314427296"/>
  <nd ref="313509463"/>
  <nd ref="4175131500"/>
  <nd ref="4175131499"/>
  <nd ref="313509465"/>
  <nd ref="313509467"/>
  <nd ref="4175131504"/>
  <nd ref="4175131505"/>
  <nd ref="4175131506"/>
  <nd ref="4175131507"/>
  <nd ref="4175131503"/>
  <nd ref="4175131509"/>
  <nd ref="4175131508"/>
  <nd ref="4175131502"/>
  <nd ref="313509468"/>
  <nd ref="313509472"/>
  <nd ref="4175131577"/>
  <nd ref="313509473"/>
  <nd ref="4175131581"/>
  <nd ref="4000252131"/>
  <nd ref="313509479"/>
  <nd ref="314427215"/>
  <nd ref="314427190"/>
  <nd ref="313509583"/>
  <nd ref="313509485"/>
  <nd ref="4177433250"/>
  <nd ref="313509459"/>
  <nd ref="314427216"/>
  <nd ref="314427217"/>
  <nd ref="314427222"/>
  <nd ref="314427231"/>
  <nd ref="313509461"/>
  <nd ref="315113791"/>
  <nd ref="313509462"/>
  <nd ref="314427297"/>
  <tag k="building" v="civic"/>
  <tag k="building:levels" v="4"/>
  <tag k="building:ruian:type" v="5"/>
  <tag k="ref:ruian:building" v="5488737"/>
  <tag k="source" v="cuzk:ruian"/>
 </way>
 <way id="28540149" visible="true" version="4" changeset="39204955" timestamp="2016-05-10T02:30:22Z" user="Michal Vinárek" uid="3108884">
  <nd ref="314427411"/>
  <nd ref="313509510"/>
  <nd ref="4000252190"/>
  <nd ref="4000252191"/>
  <nd ref="4175131498"/>
  <nd ref="4175131495"/>
  <nd ref="4000252193"/>
  <nd ref="4000252192"/>
  <nd ref="313509585"/>
  <nd ref="313509496"/>
  <nd ref="314427398"/>
  <nd ref="314427402"/>
  <nd ref="314427406"/>
  <nd ref="314427408"/>
  <nd ref="313509541"/>
  <nd ref="313509603"/>
  <nd ref="313509605"/>
  <nd ref="4000252211"/>
  <nd ref="4000252203"/>
  <nd ref="313509594"/>
  <nd ref="314427413"/>
  <nd ref="314427414"/>
  <nd ref="314427415"/>
  <nd ref="313509528"/>
  <nd ref="314427409"/>
  <nd ref="314427410"/>
  <nd ref="4000252199"/>
  <nd ref="313509592"/>
  <nd ref="314427412"/>
  <nd ref="314427411"/>
  <tag k="building" v="civic"/>
  <tag k="building:ruian:type" v="5"/>
  <tag k="ref:ruian:building" v="42169844"/>
  <tag k="source" v="cuzk:ruian"/>
 </way>
 <way id="28540150" visible="true" version="4" changeset="37140936" timestamp="2016-02-11T08:04:32Z" user="JandaM" uid="2169558">
  <nd ref="313509602"/>
  <nd ref="4000252227"/>
  <nd ref="4000252218"/>
  <nd ref="313509579"/>
  <nd ref="313509580"/>
  <nd ref="3650643326"/>
  <nd ref="3650643347"/>
  <nd ref="313509544"/>
  <nd ref="313509556"/>
  <nd ref="313509602"/>
 </way>
 <way id="28540151" visible="true" version="6" changeset="37140936" timestamp="2016-02-11T08:04:44Z" user="JandaM" uid="2169558">
  <nd ref="4000252189"/>
  <nd ref="313509584"/>
  <nd ref="4000252174"/>
  <nd ref="4000252171"/>
  <nd ref="313509479"/>
  <nd ref="314427215"/>
  <nd ref="314427190"/>
  <nd ref="313509583"/>
  <nd ref="314427192"/>
  <nd ref="314427205"/>
  <nd ref="314427206"/>
  <nd ref="314427208"/>
  <nd ref="314427204"/>
  <nd ref="314427201"/>
  <nd ref="314427194"/>
  <nd ref="314427193"/>
  <nd ref="313509496"/>
  <nd ref="313509585"/>
  <nd ref="4000252188"/>
  <nd ref="4000252189"/>
  <tag k="building" v="civic"/>
  <tag k="building:ruian:type" v="5"/>
  <tag k="castle_type" v="defensive"/>
  <tag k="castle_type:cs" v="hrad"/>
  <tag k="historic" v="castle"/>
  <tag k="ref:ruian:building" v="48703192"/>
  <tag k="source" v="cuzk:ruian"/>
  <tag k="tourism" v="attraction"/>
  <tag k="wikipedia" v="cs:Písek (hrad)"/>
 </way>
 <way id="28540153" visible="true" version="5" changeset="39230952" timestamp="2016-05-11T01:27:36Z" user="Michal Vinárek" uid="3108884">
  <nd ref="4000252183"/>
  <nd ref="4000252182"/>
  <nd ref="4000252181"/>
  <nd ref="4000252177"/>
  <nd ref="4000252176"/>
  <nd ref="4000252175"/>
  <nd ref="4000252173"/>
  <nd ref="4000252172"/>
  <nd ref="4000252164"/>
  <nd ref="4000252162"/>
  <nd ref="4000252161"/>
  <nd ref="4000252149"/>
  <nd ref="4000252148"/>
  <nd ref="314427189"/>
  <nd ref="313509590"/>
  <nd ref="313509609"/>
  <nd ref="314427238"/>
  <nd ref="313509591"/>
  <nd ref="314427252"/>
  <nd ref="4177431114"/>
  <nd ref="4177250569"/>
  <nd ref="313509587"/>
  <nd ref="314427420"/>
  <nd ref="313509588"/>
  <nd ref="4000252186"/>
  <nd ref="4000252185"/>
  <nd ref="4177250570"/>
  <nd ref="4000252183"/>
  <tag k="amenity" v="townhall"/>
  <tag k="building" v="civic"/>
  <tag k="building:levels" v="1"/>
  <tag k="building:ruian:type" v="5"/>
  <tag k="name" v="Radnice města Písku"/>
  <tag k="ref:ruian:building" v="5488745"/>
  <tag k="source" v="cuzk:ruian"/>
 </way>
 <way id="28540154" visible="true" version="4" changeset="39230952" timestamp="2016-05-11T01:27:46Z" user="Michal Vinárek" uid="3108884">
  <nd ref="4000252206"/>
  <nd ref="313509601"/>
  <nd ref="314427411"/>
  <nd ref="314427412"/>
  <nd ref="4177433206"/>
  <nd ref="313509598"/>
  <nd ref="4000252211"/>
  <nd ref="313509605"/>
  <nd ref="313509603"/>
  <nd ref="4000252218"/>
  <nd ref="4000252227"/>
  <nd ref="313509602"/>
  <nd ref="4000252215"/>
  <nd ref="4000252214"/>
  <nd ref="4177433205"/>
  <nd ref="4000252205"/>
  <nd ref="4000252206"/>
  <tag k="building" v="civic"/>
  <tag k="building:levels" v="1"/>
  <tag k="building:ruian:type" v="5"/>
  <tag k="ref:ruian:building" v="5488711"/>
  <tag k="source" v="cuzk:ruian"/>
 </way>
 <way id="28540155" visible="true" version="4" changeset="39204955" timestamp="2016-05-10T02:30:26Z" user="Michal Vinárek" uid="3108884">
  <nd ref="313509606"/>
  <nd ref="314427252"/>
  <nd ref="313509591"/>
  <nd ref="314427238"/>
  <nd ref="313509609"/>
  <nd ref="314427270"/>
  <nd ref="313509612"/>
  <nd ref="4175131613"/>
  <nd ref="313509606"/>
  <tag k="building" v="residential"/>
  <tag k="building:flats" v="2"/>
  <tag k="building:levels" v="3"/>
  <tag k="building:ruian:type" v="3"/>
  <tag k="ref:ruian:building" v="5488753"/>
  <tag k="source" v="cuzk:ruian"/>
 </way>
 <way id="28540158" visible="true" version="3" changeset="37140936" timestamp="2016-02-11T08:04:33Z" user="JandaM" uid="2169558">
  <nd ref="314426788"/>
  <nd ref="313509672"/>
  <nd ref="313509656"/>
  <nd ref="313509655"/>
  <nd ref="4000252079"/>
  <nd ref="314426789"/>
  <nd ref="4000252087"/>
  <nd ref="4000252086"/>
  <nd ref="313509658"/>
  <nd ref="313509668"/>
  <nd ref="313509657"/>
  <nd ref="314426782"/>
  <nd ref="314426784"/>
  <nd ref="314426788"/>
  <tag k="amenity" v="library"/>
  <tag k="building" v="civic"/>
  <tag k="building:levels" v="1"/>
  <tag k="building:ruian:type" v="15"/>
  <tag k="name" v="Městká knihovna Písek"/>
  <tag k="ref:ruian:building" v="5488451"/>
  <tag k="source" v="cuzk:ruian"/>
 </way>
 <way id="28540159" visible="true" version="3" changeset="37140936" timestamp="2016-02-11T08:04:51Z" user="JandaM" uid="2169558">
  <nd ref="314426888"/>
  <nd ref="313509664"/>
  <nd ref="313509665"/>
  <nd ref="313509666"/>
  <nd ref="4000252113"/>
  <nd ref="313509660"/>
  <nd ref="314426888"/>
  <tag k="building" v="residential"/>
  <tag k="building:flats" v="5"/>
  <tag k="building:levels" v="3"/>
  <tag k="building:ruian:type" v="3"/>
  <tag k="ref:ruian:building" v="5488460"/>
  <tag k="source" v="cuzk:ruian"/>
 </way>
 <way id="28540160" visible="true" version="3" changeset="37140936" timestamp="2016-02-11T08:04:41Z" user="JandaM" uid="2169558">
  <nd ref="313509667"/>
  <nd ref="4000252113"/>
  <nd ref="313509666"/>
  <nd ref="314426901"/>
  <nd ref="313509670"/>
  <nd ref="314426871"/>
  <nd ref="314426878"/>
  <nd ref="314426881"/>
  <nd ref="313509675"/>
  <nd ref="313509682"/>
  <nd ref="314426857"/>
  <nd ref="314426863"/>
  <nd ref="313509669"/>
  <nd ref="313509657"/>
  <nd ref="313509668"/>
  <nd ref="313509667"/>
  <tag k="building" v="residential"/>
  <tag k="building:flats" v="4"/>
  <tag k="building:levels" v="3"/>
  <tag k="building:ruian:type" v="6"/>
  <tag k="ref:ruian:building" v="5489181"/>
  <tag k="source" v="cuzk:ruian"/>
 </way>
 <way id="28540162" visible="true" version="3" changeset="37140936" timestamp="2016-02-11T08:04:38Z" user="JandaM" uid="2169558">
  <nd ref="313509676"/>
  <nd ref="314426790"/>
  <nd ref="314426791"/>
  <nd ref="314426793"/>
  <nd ref="314426794"/>
  <nd ref="4000252098"/>
  <nd ref="4000252099"/>
  <nd ref="314426871"/>
  <nd ref="313509670"/>
  <nd ref="313509678"/>
  <nd ref="313509677"/>
  <nd ref="313509676"/>
  <tag k="building" v="residential"/>
  <tag k="building:flats" v="1"/>
  <tag k="building:levels" v="2"/>
  <tag k="building:ruian:type" v="3"/>
  <tag k="ref:ruian:building" v="5488427"/>
  <tag k="source" v="cuzk:ruian"/>
 </way>
 <way id="28540163" visible="true" version="3" changeset="37140936" timestamp="2016-02-11T08:04:37Z" user="JandaM" uid="2169558">
  <nd ref="313509674"/>
  <nd ref="314426795"/>
  <nd ref="314426799"/>
  <nd ref="313509680"/>
  <nd ref="4000252088"/>
  <nd ref="314426821"/>
  <nd ref="314426807"/>
  <nd ref="314426857"/>
  <nd ref="313509682"/>
  <nd ref="313509676"/>
  <nd ref="313509677"/>
  <nd ref="313509674"/>
  <tag k="building" v="residential"/>
  <tag k="building:flats" v="1"/>
  <tag k="building:levels" v="2"/>
  <tag k="building:ruian:type" v="3"/>
  <tag k="ref:ruian:building" v="5488435"/>
  <tag k="source" v="cuzk:ruian"/>
 </way>
 <way id="28540166" visible="true" version="4" changeset="37140936" timestamp="2016-02-11T08:04:53Z" user="JandaM" uid="2169558">
  <nd ref="313509705"/>
  <nd ref="313509704"/>
  <nd ref="4000252089"/>
  <nd ref="315112085"/>
  <nd ref="313509706"/>
  <nd ref="4000252073"/>
  <nd ref="313509705"/>
  <tag k="building" v="residential"/>
  <tag k="building:levels" v="4"/>
  <tag k="building:ruian:type" v="3"/>
  <tag k="ref:ruian:building" v="5487714"/>
  <tag k="source" v="cuzk:ruian"/>
 </way>
 <way id="28540167" visible="true" version="5" changeset="39323663" timestamp="2016-05-15T03:08:50Z" user="Michal Vinárek" uid="3108884">
  <nd ref="313509708"/>
  <nd ref="4186661453"/>
  <nd ref="313509707"/>
  <nd ref="313509716"/>
  <nd ref="313509715"/>
  <nd ref="313509714"/>
  <nd ref="313509713"/>
  <nd ref="313509712"/>
  <nd ref="315112094"/>
  <nd ref="315112097"/>
  <nd ref="315112113"/>
  <nd ref="313509711"/>
  <nd ref="315112104"/>
  <nd ref="313509710"/>
  <nd ref="313509709"/>
  <nd ref="313509708"/>
  <tag k="building" v="residential"/>
  <tag k="building:flats" v="3"/>
  <tag k="building:levels" v="2"/>
  <tag k="building:ruian:type" v="3"/>
  <tag k="ref:ruian:building" v="5487846"/>
  <tag k="source" v="cuzk:ruian"/>
 </way>
 <way id="28540168" visible="true" version="4" changeset="37140936" timestamp="2016-02-11T08:04:45Z" user="JandaM" uid="2169558">
  <nd ref="313509719"/>
  <nd ref="315112091"/>
  <nd ref="4000252080"/>
  <nd ref="4000252081"/>
  <nd ref="315112072"/>
  <nd ref="315112093"/>
  <nd ref="4000252078"/>
  <nd ref="315112090"/>
  <nd ref="315112055"/>
  <nd ref="315112088"/>
  <nd ref="313509706"/>
  <nd ref="315112085"/>
  <nd ref="4000252089"/>
  <nd ref="313509717"/>
  <nd ref="4000252094"/>
  <nd ref="313509718"/>
  <nd ref="315112077"/>
  <nd ref="315112081"/>
  <nd ref="4000252083"/>
  <nd ref="4000252082"/>
  <nd ref="313509719"/>
  <tag k="building" v="residential"/>
  <tag k="building:flats" v="10"/>
  <tag k="building:levels" v="3"/>
  <tag k="building:ruian:type" v="6"/>
  <tag k="ref:ruian:building" v="5487722"/>
  <tag k="source" v="cuzk:ruian"/>
 </way>
 <way id="28540169" visible="true" version="4" changeset="39230952" timestamp="2016-05-11T01:27:49Z" user="Michal Vinárek" uid="3108884">
  <nd ref="313509721"/>
  <nd ref="4177433258"/>
  <nd ref="315112570"/>
  <nd ref="313509722"/>
  <nd ref="313509723"/>
  <tag k="highway" v="footway"/>
  <tag k="surface" v="paved"/>
  <tag k="width" v="1.5"/>
 </way>
 <way id="28540170" visible="true" version="4" changeset="37140936" timestamp="2016-02-11T08:04:43Z" user="JandaM" uid="2169558">
  <nd ref="4000252179"/>
  <nd ref="4000252184"/>
  <nd ref="313509724"/>
  <nd ref="4000252194"/>
  <nd ref="315112143"/>
  <nd ref="4000252187"/>
  <nd ref="315112144"/>
  <nd ref="313509726"/>
  <nd ref="315112138"/>
  <nd ref="313509770"/>
  <nd ref="313509727"/>
  <nd ref="313509728"/>
  <nd ref="313509730"/>
  <nd ref="313509731"/>
  <nd ref="313509732"/>
  <nd ref="313509733"/>
  <nd ref="313509734"/>
  <nd ref="4000252178"/>
  <nd ref="4000252179"/>
  <tag k="building" v="residential"/>
  <tag k="building:flats" v="3"/>
  <tag k="building:levels" v="2"/>
  <tag k="building:ruian:type" v="3"/>
  <tag k="ref:ruian:building" v="5487781"/>
  <tag k="source" v="cuzk:ruian"/>
 </way>
 <way id="28540171" visible="true" version="4" changeset="37140936" timestamp="2016-02-11T08:04:42Z" user="JandaM" uid="2169558">
  <nd ref="315112132"/>
  <nd ref="315112131"/>
  <nd ref="4000252119"/>
  <nd ref="4000252120"/>
  <nd ref="313509740"/>
  <nd ref="4000252122"/>
  <nd ref="4000252121"/>
  <nd ref="313509737"/>
  <nd ref="4000252125"/>
  <nd ref="4000252124"/>
  <nd ref="315112330"/>
  <nd ref="315112317"/>
  <nd ref="313509738"/>
  <nd ref="313509744"/>
  <nd ref="315112135"/>
  <nd ref="315112134"/>
  <nd ref="315112132"/>
  <tag k="building" v="residential"/>
  <tag k="building:flats" v="4"/>
  <tag k="building:levels" v="3"/>
  <tag k="building:ruian:type" v="3"/>
  <tag k="ref:ruian:building" v="5487811"/>
  <tag k="source" v="cuzk:ruian"/>
 </way>
 <way id="28540172" visible="true" version="3" changeset="37140936" timestamp="2016-02-11T08:04:34Z" user="JandaM" uid="2169558">
  <nd ref="4000252103"/>
  <nd ref="313509742"/>
  <nd ref="4000252109"/>
  <nd ref="313509741"/>
  <nd ref="313509746"/>
  <nd ref="4000252116"/>
  <nd ref="4000252115"/>
  <nd ref="313509745"/>
  <nd ref="315112135"/>
  <nd ref="313509744"/>
  <nd ref="4000252103"/>
  <tag k="building" v="residential"/>
  <tag k="building:flats" v="3"/>
  <tag k="building:levels" v="3"/>
  <tag k="building:ruian:type" v="3"/>
  <tag k="ref:ruian:building" v="5487820"/>
  <tag k="source" v="cuzk:ruian"/>
 </way>
 <way id="28540173" visible="true" version="5" changeset="37140936" timestamp="2016-02-11T08:04:46Z" user="JandaM" uid="2169558">
  <nd ref="4000252097"/>
  <nd ref="315112514"/>
  <nd ref="3643931062"/>
  <nd ref="3643931063"/>
  <nd ref="4000252112"/>
  <nd ref="315112478"/>
  <nd ref="315112481"/>
  <nd ref="313509748"/>
  <nd ref="313509749"/>
  <nd ref="315112565"/>
  <nd ref="4000252101"/>
  <nd ref="315112591"/>
  <nd ref="315112592"/>
  <nd ref="4000252100"/>
  <nd ref="315112621"/>
  <nd ref="4000252102"/>
  <nd ref="4000252104"/>
  <nd ref="4000252105"/>
  <nd ref="4000252106"/>
  <nd ref="313509752"/>
  <nd ref="4000252107"/>
  <nd ref="4000252108"/>
  <nd ref="313509753"/>
  <nd ref="313509754"/>
  <nd ref="315112765"/>
  <nd ref="315112817"/>
  <nd ref="4000252097"/>
  <tag k="building" v="residential"/>
  <tag k="building:flats" v="3"/>
  <tag k="building:ruian:type" v="3"/>
  <tag k="ref:ruian:building" v="5487731"/>
  <tag k="source" v="cuzk:ruian"/>
 </way>
 <way id="28540174" visible="true" version="4" changeset="37140936" timestamp="2016-02-11T08:04:43Z" user="JandaM" uid="2169558">
  <nd ref="313509766"/>
  <nd ref="3650643305"/>
  <nd ref="315112250"/>
  <nd ref="313509765"/>
  <nd ref="315112185"/>
  <nd ref="315112193"/>
  <nd ref="313509756"/>
  <nd ref="4000252184"/>
  <nd ref="4000252179"/>
  <nd ref="4000252178"/>
  <nd ref="313509727"/>
  <nd ref="313509770"/>
  <nd ref="315112138"/>
  <nd ref="313509769"/>
  <nd ref="4000252163"/>
  <nd ref="3650643307"/>
  <nd ref="313509766"/>
  <tag k="building" v="residential"/>
  <tag k="building:flats" v="3"/>
  <tag k="building:levels" v="2"/>
  <tag k="building:ruian:type" v="3"/>
  <tag k="ref:ruian:building" v="5487773"/>
  <tag k="source" v="cuzk:ruian"/>
 </way>
 <way id="28603552" visible="true" version="4" changeset="37140936" timestamp="2016-02-11T08:04:36Z" user="JandaM" uid="2169558">
  <nd ref="314288413"/>
  <nd ref="314288399"/>
  <nd ref="314288402"/>
  <nd ref="314427355"/>
  <nd ref="314288389"/>
  <nd ref="315063028"/>
  <nd ref="4000252258"/>
  <nd ref="4000252253"/>
  <nd ref="4000252251"/>
  <nd ref="314427359"/>
  <nd ref="314288391"/>
  <nd ref="314288413"/>
  <tag k="building" v="residential"/>
  <tag k="building:flats" v="4"/>
  <tag k="building:levels" v="3"/>
  <tag k="building:ruian:type" v="3"/>
  <tag k="ref:ruian:building" v="5488699"/>
  <tag k="source" v="cuzk:ruian"/>
 </way>
 <way id="28603554" visible="true" version="3" changeset="37140936" timestamp="2016-02-11T08:04:49Z" user="JandaM" uid="2169558">
  <nd ref="314288381"/>
  <nd ref="4000252247"/>
  <nd ref="4000252246"/>
  <nd ref="314288395"/>
  <nd ref="4000252241"/>
  <nd ref="314288369"/>
  <nd ref="4000252242"/>
  <nd ref="4000252240"/>
  <nd ref="4000252239"/>
  <nd ref="314288363"/>
  <nd ref="4000252238"/>
  <nd ref="314288366"/>
  <nd ref="314427363"/>
  <nd ref="314288306"/>
  <nd ref="4000252235"/>
  <nd ref="314427372"/>
  <nd ref="314288357"/>
  <nd ref="4000252216"/>
  <nd ref="4000252217"/>
  <nd ref="314288360"/>
  <nd ref="4000252223"/>
  <nd ref="4000252224"/>
  <nd ref="4000252234"/>
  <nd ref="4000252233"/>
  <nd ref="4000252236"/>
  <nd ref="4000252237"/>
  <nd ref="4000252244"/>
  <nd ref="4000252243"/>
  <nd ref="4000252245"/>
  <nd ref="314288350"/>
  <nd ref="314288413"/>
  <nd ref="314288391"/>
  <nd ref="314427390"/>
  <nd ref="314427360"/>
  <nd ref="4000252256"/>
  <nd ref="4000252254"/>
  <nd ref="314288354"/>
  <nd ref="4000252255"/>
  <nd ref="4000252257"/>
  <nd ref="4000252252"/>
  <nd ref="4000252250"/>
  <nd ref="4000252248"/>
  <nd ref="4000252249"/>
  <nd ref="314288381"/>
  <tag k="building" v="residential"/>
  <tag k="building:levels" v="3"/>
  <tag k="building:ruian:type" v="3"/>
  <tag k="ref:ruian:building" v="5488681"/>
  <tag k="source" v="cuzk:ruian"/>
 </way>
 <way id="28603555" visible="true" version="3" changeset="37140767" timestamp="2016-02-11T07:48:51Z" user="JandaM" uid="2169558">
  <nd ref="568399584"/>
  <nd ref="568399585"/>
  <nd ref="314288335"/>
  <nd ref="4000238395"/>
  <nd ref="568399589"/>
  <nd ref="568399592"/>
  <nd ref="568399595"/>
  <nd ref="4000238396"/>
  <nd ref="314288339"/>
  <nd ref="568399603"/>
  <nd ref="568399597"/>
  <nd ref="568399600"/>
  <nd ref="568399599"/>
  <nd ref="314288343"/>
  <nd ref="568399602"/>
  <nd ref="568399601"/>
  <nd ref="314288332"/>
  <nd ref="4000238379"/>
  <nd ref="568399587"/>
  <nd ref="568399586"/>
  <nd ref="568399584"/>
  <tag k="amenity" v="restaurant"/>
  <tag k="building" v="civic"/>
  <tag k="building:flats" v="1"/>
  <tag k="building:ruian:type" v="15"/>
  <tag k="ref:ruian:building" v="5512441"/>
  <tag k="source" v="cuzk:ruian"/>
 </way>
 <way id="28603556" visible="true" version="5" changeset="37140936" timestamp="2016-02-11T08:04:33Z" user="JandaM" uid="2169558">
  <nd ref="314288325"/>
  <nd ref="315063029"/>
  <nd ref="314288309"/>
  <nd ref="314288319"/>
  <nd ref="4000252216"/>
  <nd ref="314288357"/>
  <nd ref="314288306"/>
  <nd ref="314427363"/>
  <nd ref="4000252241"/>
  <nd ref="314288395"/>
  <nd ref="4000252246"/>
  <nd ref="314288325"/>
 </way>
 <way id="28603557" visible="true" version="3" changeset="37140936" timestamp="2016-02-11T08:04:36Z" user="JandaM" uid="2169558">
  <nd ref="4000252263"/>
  <nd ref="314288259"/>
  <nd ref="4000252259"/>
  <nd ref="314288255"/>
  <nd ref="314427351"/>
  <nd ref="4000252266"/>
  <nd ref="4000252265"/>
  <nd ref="314288251"/>
  <nd ref="4000252264"/>
  <nd ref="314288264"/>
  <nd ref="4000252263"/>
  <tag k="building" v="residential"/>
  <tag k="building:flats" v="1"/>
  <tag k="building:levels" v="2"/>
  <tag k="building:ruian:type" v="3"/>
  <tag k="ref:ruian:building" v="5489431"/>
  <tag k="source" v="cuzk:ruian"/>
 </way>
 <way id="28603558" visible="true" version="2" changeset="39230219" timestamp="2016-05-10T23:17:15Z" user="Michal Vinárek" uid="3108884">
  <nd ref="314288595"/>
  <nd ref="314288691"/>
  <nd ref="314288687"/>
  <tag k="highway" v="pedestrian"/>
  <tag k="name" v="V Koutě"/>
 </way>
 <way id="28603559" visible="true" version="3" changeset="37140936" timestamp="2016-02-11T08:04:35Z" user="JandaM" uid="2169558">
  <nd ref="4000252144"/>
  <nd ref="315063405"/>
  <nd ref="315063402"/>
  <nd ref="314288711"/>
  <nd ref="314288714"/>
  <nd ref="4000252151"/>
  <nd ref="314288722"/>
  <nd ref="314288717"/>
  <nd ref="314288684"/>
  <nd ref="315063421"/>
  <nd ref="4000252144"/>
  <tag k="building" v="yes"/>
 </way>
 <way id="28603560" visible="true" version="4" changeset="37140936" timestamp="2016-02-11T08:04:44Z" user="JandaM" uid="2169558">
  <nd ref="315063393"/>
  <nd ref="315063395"/>
  <nd ref="315063384"/>
  <nd ref="314288821"/>
  <nd ref="3643761499"/>
  <nd ref="3643761501"/>
  <nd ref="315063378"/>
  <nd ref="3663649811"/>
  <nd ref="314288874"/>
  <nd ref="314288704"/>
  <nd ref="3663649816"/>
  <nd ref="314288791"/>
  <nd ref="314288787"/>
  <nd ref="315063386"/>
  <nd ref="315063387"/>
  <nd ref="314288809"/>
  <nd ref="315063388"/>
  <nd ref="315063390"/>
  <nd ref="315063392"/>
  <nd ref="315063393"/>
  <tag k="building" v="residential"/>
  <tag k="building:ruian:type" v="3"/>
  <tag k="ref:ruian:building" v="5488508"/>
  <tag k="source" v="cuzk:ruian"/>
 </way>
 <way id="28603561" visible="true" version="4" changeset="37140936" timestamp="2016-02-11T08:04:40Z" user="JandaM" uid="2169558">
  <nd ref="3676145460"/>
  <nd ref="314288859"/>
  <nd ref="315063398"/>
  <nd ref="315063400"/>
  <nd ref="314288821"/>
  <nd ref="315063384"/>
  <nd ref="314288787"/>
  <nd ref="314288791"/>
  <nd ref="314288717"/>
  <nd ref="314288684"/>
  <nd ref="314288816"/>
  <nd ref="315063396"/>
  <nd ref="315063397"/>
  <nd ref="3676145460"/>
  <tag k="building" v="yes"/>
  <tag k="building:flats" v="1"/>
  <tag k="building:ruian:type" v="19"/>
  <tag k="ref:ruian:building" v="5488281"/>
  <tag k="source" v="cuzk:ruian"/>
  <tag k="start_date" v="2012-07-11"/>
 </way>
 <way id="28603565" visible="true" version="3" changeset="33027314" timestamp="2015-08-01T09:59:27Z" user="Minimalis" uid="665336">
  <nd ref="3676145457"/>
  <nd ref="314288655"/>
  <nd ref="314288665"/>
  <nd ref="314288663"/>
  <nd ref="314288693"/>
  <nd ref="314288697"/>
  <nd ref="314288701"/>
  <nd ref="315063446"/>
  <nd ref="3676145458"/>
  <nd ref="3676145459"/>
  <nd ref="314288646"/>
  <nd ref="3676145457"/>
  <tag k="building" v="residential"/>
  <tag k="building:flats" v="2"/>
  <tag k="building:ruian:type" v="3"/>
  <tag k="ref:ruian:building" v="5488494"/>
  <tag k="source" v="cuzk:ruian"/>
 </way>
 <way id="28603570" visible="true" version="3" changeset="37140936" timestamp="2016-02-11T08:04:40Z" user="JandaM" uid="2169558">
  <nd ref="314288409"/>
  <nd ref="314288389"/>
  <nd ref="314427355"/>
  <nd ref="314288402"/>
  <nd ref="314288399"/>
  <nd ref="314288255"/>
  <nd ref="4000252259"/>
  <nd ref="314288259"/>
  <nd ref="314288426"/>
  <nd ref="314427358"/>
  <nd ref="4000252262"/>
  <nd ref="4000252260"/>
  <nd ref="4000252261"/>
  <nd ref="314427356"/>
  <nd ref="314288409"/>
  <tag k="building" v="residential"/>
  <tag k="building:flats" v="2"/>
  <tag k="building:levels" v="1"/>
  <tag k="building:ruian:type" v="3"/>
  <tag k="ref:ruian:building" v="5489415"/>
  <tag k="source" v="cuzk:ruian"/>
 </way>
 <way id="28603574" visible="true" version="3" changeset="33027314" timestamp="2015-08-01T09:59:29Z" user="Minimalis" uid="665336">
  <nd ref="314288852"/>
  <nd ref="314288778"/>
  <nd ref="314288781"/>
  <nd ref="314288764"/>
  <nd ref="315063450"/>
  <nd ref="315063412"/>
  <nd ref="315063411"/>
  <nd ref="315063414"/>
  <nd ref="3643761494"/>
  <nd ref="314288821"/>
  <nd ref="315063400"/>
  <nd ref="315063398"/>
  <nd ref="314288859"/>
  <nd ref="314288852"/>
  <tag k="building" v="residential"/>
  <tag k="building:flats" v="5"/>
  <tag k="building:levels" v="4"/>
  <tag k="building:ruian:type" v="3"/>
  <tag k="ref:ruian:building" v="5489229"/>
  <tag k="source" v="cuzk:ruian"/>
 </way>
 <way id="28603576" visible="true" version="3" changeset="33027314" timestamp="2015-08-01T09:59:27Z" user="Minimalis" uid="665336">
  <nd ref="315063369"/>
  <nd ref="314288977"/>
  <nd ref="3676145462"/>
  <nd ref="3676145461"/>
  <nd ref="3676145463"/>
  <nd ref="3676145464"/>
  <nd ref="315063374"/>
  <nd ref="315063371"/>
  <nd ref="314288839"/>
  <nd ref="314288846"/>
  <nd ref="315063370"/>
  <nd ref="315063369"/>
  <tag k="building" v="residential"/>
  <tag k="building:ruian:type" v="3"/>
  <tag k="ref:ruian:building" v="5488524"/>
  <tag k="source" v="cuzk:ruian"/>
 </way>
 <way id="28603577" visible="true" version="3" changeset="33027314" timestamp="2015-08-01T09:59:39Z" user="Minimalis" uid="665336">
  <nd ref="314288866"/>
  <nd ref="314288982"/>
  <nd ref="314288704"/>
  <nd ref="314288874"/>
  <nd ref="314288871"/>
  <nd ref="315063375"/>
  <nd ref="315063377"/>
  <nd ref="314288868"/>
  <nd ref="314288866"/>
  <tag k="building" v="residential"/>
  <tag k="building:ruian:type" v="3"/>
  <tag k="ref:ruian:building" v="5488516"/>
  <tag k="source" v="cuzk:ruian"/>
 </way>
 <way id="28603579" visible="true" version="4" changeset="39324153" timestamp="2016-05-15T04:52:14Z" user="Michal Vinárek" uid="3108884">
  <nd ref="314288894"/>
  <nd ref="315063352"/>
  <nd ref="314288893"/>
  <nd ref="314288890"/>
  <nd ref="314288886"/>
  <nd ref="314288902"/>
  <nd ref="4186763754"/>
  <nd ref="314289017"/>
  <nd ref="315063346"/>
  <nd ref="3676145466"/>
  <nd ref="3676145465"/>
  <nd ref="315063357"/>
  <nd ref="315063343"/>
  <nd ref="314288925"/>
  <nd ref="315063361"/>
  <nd ref="314288894"/>
  <tag k="building" v="residential"/>
  <tag k="building:flats" v="1"/>
  <tag k="building:levels" v="2"/>
  <tag k="building:ruian:type" v="3"/>
  <tag k="ref:ruian:building" v="5488541"/>
  <tag k="source" v="cuzk:ruian"/>
 </way>
 <way id="28603580" visible="true" version="3" changeset="33027314" timestamp="2015-08-01T09:59:27Z" user="Minimalis" uid="665336">
  <nd ref="315063361"/>
  <nd ref="314288925"/>
  <nd ref="315063368"/>
  <nd ref="315063366"/>
  <nd ref="315063364"/>
  <nd ref="315063363"/>
  <nd ref="3676145475"/>
  <nd ref="315063362"/>
  <nd ref="314288905"/>
  <nd ref="3676145484"/>
  <nd ref="314288894"/>
  <nd ref="315063361"/>
  <tag k="building" v="civic"/>
  <tag k="building:ruian:type" v="15"/>
  <tag k="ref:ruian:building" v="49025040"/>
  <tag k="source" v="cuzk:ruian"/>
 </way>
 <way id="28603582" visible="true" version="4" changeset="39324153" timestamp="2016-05-15T04:52:14Z" user="Michal Vinárek" uid="3108884">
  <nd ref="314288866"/>
  <nd ref="315063374"/>
  <nd ref="3676145464"/>
  <nd ref="3676145462"/>
  <nd ref="314288977"/>
  <nd ref="4186763754"/>
  <nd ref="315063322"/>
  <nd ref="3676145467"/>
  <nd ref="314288997"/>
  <nd ref="314288987"/>
  <nd ref="314288982"/>
  <nd ref="314288866"/>
  <tag k="building" v="residential"/>
  <tag k="building:levels" v="1"/>
  <tag k="building:ruian:type" v="3"/>
  <tag k="ref:ruian:building" v="5488532"/>
  <tag k="source" v="cuzk:ruian"/>
 </way>
 <way id="28603583" visible="true" version="4" changeset="33027314" timestamp="2015-08-01T09:59:31Z" user="Minimalis" uid="665336">
  <nd ref="3676145465"/>
  <nd ref="3676145466"/>
  <nd ref="315063346"/>
  <nd ref="314289017"/>
  <nd ref="314289007"/>
  <nd ref="2274404520"/>
  <nd ref="3676145469"/>
  <nd ref="3676145468"/>
  <nd ref="3676145471"/>
  <nd ref="3676145472"/>
  <nd ref="314289003"/>
  <nd ref="315063330"/>
  <nd ref="315063337"/>
  <nd ref="314289025"/>
  <nd ref="314289023"/>
  <nd ref="315063343"/>
  <nd ref="315063357"/>
  <nd ref="3676145465"/>
  <tag k="building" v="civic"/>
  <tag k="building:levels" v="3"/>
  <tag k="building:ruian:type" v="15"/>
  <tag k="ref:ruian:building" v="5488559"/>
  <tag k="source" v="cuzk:ruian"/>
 </way>
 <way id="28604279" visible="true" version="4" changeset="33027314" timestamp="2015-08-01T09:59:32Z" user="Minimalis" uid="665336">
  <nd ref="314306150"/>
  <nd ref="315063486"/>
  <nd ref="3676145452"/>
  <nd ref="315063483"/>
  <nd ref="314306153"/>
  <nd ref="314426716"/>
  <nd ref="3676145449"/>
  <nd ref="3676145451"/>
  <nd ref="3676145450"/>
  <nd ref="3676145448"/>
  <nd ref="3676145444"/>
  <nd ref="3676145446"/>
  <nd ref="3676145445"/>
  <nd ref="3676145443"/>
  <nd ref="314426717"/>
  <nd ref="3676145442"/>
  <nd ref="314306197"/>
  <nd ref="314306157"/>
  <nd ref="314306217"/>
  <nd ref="3676145453"/>
  <nd ref="3676145454"/>
  <nd ref="314306142"/>
  <nd ref="3676145456"/>
  <nd ref="3676145455"/>
  <nd ref="314306192"/>
  <nd ref="314306150"/>
  <tag k="building" v="residential"/>
  <tag k="building:flats" v="5"/>
  <tag k="building:levels" v="2"/>
  <tag k="building:ruian:type" v="3"/>
  <tag k="ref:ruian:building" v="5488401"/>
  <tag k="source" v="cuzk:ruian"/>
 </way>
 <way id="28604280" visible="true" version="3" changeset="83980" timestamp="2009-04-02T14:02:32Z" user="fik" uid="73797">
  <nd ref="315063599"/>
  <nd ref="315063598"/>
  <nd ref="315063597"/>
  <nd ref="314306164"/>
  <nd ref="315063570"/>
  <nd ref="315063574"/>
  <nd ref="315063580"/>
  <nd ref="315063584"/>
  <nd ref="315063599"/>
 </way>
 <way id="28604281" visible="true" version="3" changeset="33027314" timestamp="2015-08-01T09:59:36Z" user="Minimalis" uid="665336">
  <nd ref="315063490"/>
  <nd ref="3676145447"/>
  <nd ref="314306150"/>
  <nd ref="314306192"/>
  <nd ref="314306203"/>
  <nd ref="315063490"/>
  <tag k="building" v="residential"/>
  <tag k="building:flats" v="3"/>
  <tag k="building:levels" v="3"/>
  <tag k="building:ruian:type" v="3"/>
  <tag k="ref:ruian:building" v="5488419"/>
  <tag k="source" v="cuzk:ruian"/>
 </way>
 <way id="28604282" visible="true" version="4" changeset="33027314" timestamp="2015-08-01T09:59:32Z" user="Minimalis" uid="665336">
  <nd ref="3676145439"/>
  <nd ref="3676145441"/>
  <nd ref="3676145440"/>
  <nd ref="314306217"/>
  <nd ref="314306157"/>
  <nd ref="3676145437"/>
  <nd ref="315063492"/>
  <nd ref="314306221"/>
  <nd ref="314306224"/>
  <nd ref="314306227"/>
  <nd ref="3676145436"/>
  <nd ref="3676145435"/>
  <nd ref="3676145430"/>
  <nd ref="315063603"/>
  <nd ref="314306207"/>
  <nd ref="314306315"/>
  <nd ref="3676145427"/>
  <nd ref="314306213"/>
  <nd ref="3676145429"/>
  <nd ref="3676145428"/>
  <nd ref="3676145431"/>
  <nd ref="3676145432"/>
  <nd ref="3676145434"/>
  <nd ref="3676145433"/>
  <nd ref="3676145438"/>
  <nd ref="3676145439"/>
  <tag k="building" v="residential"/>
  <tag k="building:flats" v="2"/>
  <tag k="building:levels" v="5"/>
  <tag k="building:ruian:type" v="3"/>
  <tag k="ref:ruian:building" v="5488397"/>
  <tag k="source" v="cuzk:ruian"/>
 </way>
 <way id="28604283" visible="true" version="3" changeset="33027314" timestamp="2015-08-01T09:59:27Z" user="Minimalis" uid="665336">
  <nd ref="314306234"/>
  <nd ref="315063601"/>
  <nd ref="315063600"/>
  <nd ref="315063602"/>
  <nd ref="314306237"/>
  <nd ref="314306224"/>
  <nd ref="314306221"/>
  <nd ref="314306181"/>
  <nd ref="314306188"/>
  <nd ref="314306252"/>
  <nd ref="314306234"/>
  <tag k="building" v="yes"/>
 </way>
 <way id="28611173" visible="true" version="1" changeset="790123" timestamp="2008-11-24T20:47:26Z" user="fik" uid="73797">
  <nd ref="314426125"/>
  <nd ref="314426148"/>
  <nd ref="314426151"/>
  <nd ref="314426126"/>
  <nd ref="314426127"/>
  <nd ref="314426137"/>
  <nd ref="314426140"/>
  <nd ref="314426142"/>
  <nd ref="314426143"/>
  <nd ref="314426144"/>
  <nd ref="314426146"/>
  <nd ref="314426128"/>
  <nd ref="314426125"/>
  <tag k="building" v="yes"/>
 </way>
 <way id="28611175" visible="true" version="1" changeset="790123" timestamp="2008-11-24T20:47:27Z" user="fik" uid="73797">
  <nd ref="314426131"/>
  <nd ref="314426129"/>
  <nd ref="314426135"/>
  <nd ref="314426133"/>
  <nd ref="314426155"/>
  <nd ref="314426157"/>
  <nd ref="314426131"/>
  <tag k="building" v="yes"/>
 </way>
 <way id="28611176" visible="true" version="1" changeset="790123" timestamp="2008-11-24T20:47:28Z" user="fik" uid="73797">
  <nd ref="314426160"/>
  <nd ref="314426158"/>
  <nd ref="314426161"/>
  <nd ref="314426165"/>
  <nd ref="314426167"/>
  <nd ref="314426164"/>
  <nd ref="314426163"/>
  <nd ref="314426159"/>
  <nd ref="314426160"/>
  <tag k="building" v="yes"/>
 </way>
 <way id="28611178" visible="true" version="1" changeset="790123" timestamp="2008-11-24T20:47:28Z" user="fik" uid="73797">
  <nd ref="314426180"/>
  <nd ref="314426175"/>
  <nd ref="314426177"/>
  <nd ref="314426178"/>
  <nd ref="314426180"/>
  <tag k="building" v="yes"/>
 </way>
 <way id="28611204" visible="true" version="2" changeset="37140936" timestamp="2016-02-11T08:04:52Z" user="JandaM" uid="2169558">
  <nd ref="314426892"/>
  <nd ref="314426888"/>
  <nd ref="313509664"/>
  <nd ref="314426901"/>
  <nd ref="313509670"/>
  <nd ref="313509678"/>
  <nd ref="314426892"/>
  <tag k="building" v="residential"/>
  <tag k="building:flats" v="4"/>
  <tag k="building:levels" v="2"/>
  <tag k="building:ruian:type" v="3"/>
  <tag k="ref:ruian:building" v="5488478"/>
  <tag k="source" v="cuzk:ruian"/>
 </way>
 <way id="28611210" visible="true" version="4" changeset="39229966" timestamp="2016-05-10T22:51:55Z" user="Michal Vinárek" uid="3108884">
  <nd ref="314427285"/>
  <nd ref="314427273"/>
  <nd ref="314427272"/>
  <nd ref="314427278"/>
  <nd ref="4177250571"/>
  <nd ref="314427277"/>
  <nd ref="314427268"/>
  <nd ref="314427269"/>
  <nd ref="4177250572"/>
  <nd ref="314427274"/>
  <nd ref="4000252118"/>
  <nd ref="314427285"/>
  <tag k="building" v="civic"/>
  <tag k="building:levels" v="3"/>
  <tag k="building:ruian:type" v="5"/>
  <tag k="ref:ruian:building" v="5488770"/>
  <tag k="source" v="cuzk:ruian"/>
 </way>
 <way id="28611211" visible="true" version="2" changeset="37140936" timestamp="2016-02-11T08:04:54Z" user="JandaM" uid="2169558">
  <nd ref="314427282"/>
  <nd ref="314427281"/>
  <nd ref="314427279"/>
  <nd ref="314427292"/>
  <nd ref="314427285"/>
  <nd ref="4000252118"/>
  <nd ref="314427274"/>
  <nd ref="314427282"/>
  <tag k="building" v="residential"/>
  <tag k="building:levels" v="3"/>
  <tag k="building:ruian:type" v="3"/>
  <tag k="ref:ruian:building" v="5488788"/>
  <tag k="source" v="cuzk:ruian"/>
 </way>
 <way id="28611212" visible="true" version="3" changeset="39204955" timestamp="2016-05-10T02:30:27Z" user="Michal Vinárek" uid="3108884">
  <nd ref="314427298"/>
  <nd ref="314427297"/>
  <nd ref="314427296"/>
  <nd ref="313509463"/>
  <nd ref="4175131550"/>
  <nd ref="314427293"/>
  <nd ref="4175131557"/>
  <nd ref="4175131558"/>
  <nd ref="4175131559"/>
  <nd ref="314427281"/>
  <nd ref="314427282"/>
  <nd ref="314427298"/>
  <tag k="building" v="civic"/>
  <tag k="building:levels" v="3"/>
  <tag k="building:ruian:type" v="15"/>
  <tag k="ref:ruian:building" v="5488796"/>
  <tag k="source" v="cuzk:ruian"/>
 </way>
 <way id="28611213" visible="true" version="3" changeset="39323663" timestamp="2016-05-15T03:08:45Z" user="Michal Vinárek" uid="3108884">
  <nd ref="313509635"/>
  <nd ref="314427305"/>
  <nd ref="313509462"/>
  <nd ref="314427297"/>
  <nd ref="314427298"/>
  <nd ref="313509635"/>
  <tag k="building" v="civic"/>
  <tag k="building:levels" v="1"/>
  <tag k="building:ruian:type" v="5"/>
  <tag k="ref:ruian:building" v="5488800"/>
  <tag k="source" v="cuzk:ruian"/>
 </way>
 <way id="28611214" visible="true" version="3" changeset="37118600" timestamp="2016-02-10T07:49:46Z" user="JandaM" uid="2169558">
  <nd ref="314427314"/>
  <nd ref="314427312"/>
  <nd ref="314427325"/>
  <nd ref="315063293"/>
  <nd ref="314427314"/>
  <tag k="building" v="yes"/>
  <tag k="building:ruian:type" v="19"/>
  <tag k="ref:ruian:building" v="39961621"/>
  <tag k="source" v="cuzk:ruian"/>
 </way>
 <way id="28611215" visible="true" version="2" changeset="37140936" timestamp="2016-02-11T08:04:52Z" user="JandaM" uid="2169558">
  <nd ref="314427420"/>
  <nd ref="313509587"/>
  <nd ref="313509510"/>
  <nd ref="314427411"/>
  <nd ref="313509601"/>
  <nd ref="314427427"/>
  <nd ref="314427420"/>
  <tag k="building" v="residential"/>
  <tag k="building:ruian:type" v="3"/>
  <tag k="ref:ruian:building" v="5488729"/>
  <tag k="source" v="cuzk:ruian"/>
 </way>
 <way id="28669176" visible="true" version="2" changeset="33027314" timestamp="2015-08-01T09:59:39Z" user="Minimalis" uid="665336">
  <nd ref="315063450"/>
  <nd ref="314288764"/>
  <nd ref="315063453"/>
  <nd ref="314288665"/>
  <nd ref="314288655"/>
  <nd ref="3676145457"/>
  <nd ref="314288646"/>
  <nd ref="315063470"/>
  <nd ref="315063450"/>
  <tag k="building" v="residential"/>
  <tag k="building:flats" v="1"/>
  <tag k="building:levels" v="1"/>
  <tag k="building:ruian:type" v="3"/>
  <tag k="ref:ruian:building" v="5488486"/>
  <tag k="source" v="cuzk:ruian"/>
 </way>
 <way id="28674591" visible="true" version="5" changeset="37140936" timestamp="2016-02-11T08:04:34Z" user="JandaM" uid="2169558">
  <nd ref="315112140"/>
  <nd ref="3650643306"/>
  <nd ref="3650643307"/>
  <nd ref="4000252163"/>
  <nd ref="315112146"/>
  <nd ref="315112145"/>
  <nd ref="315112144"/>
  <nd ref="4000252187"/>
  <nd ref="4000252180"/>
  <nd ref="315112139"/>
  <nd ref="315112140"/>
  <tag k="building" v="residential"/>
  <tag k="building:levels" v="2"/>
  <tag k="building:ruian:type" v="3"/>
  <tag k="ref:ruian:building" v="5489237"/>
  <tag k="source" v="cuzk:ruian"/>
 </way>
 <way id="28674592" visible="true" version="4" changeset="37140936" timestamp="2016-02-11T08:04:33Z" user="JandaM" uid="2169558">
  <nd ref="315112156"/>
  <nd ref="315112148"/>
  <nd ref="315112377"/>
  <nd ref="3643931071"/>
  <nd ref="3643931075"/>
  <nd ref="3643931077"/>
  <nd ref="315112156"/>
 </way>
 <way id="28674593" visible="true" version="4" changeset="37140936" timestamp="2016-02-11T08:04:39Z" user="JandaM" uid="2169558">
  <nd ref="3650643296"/>
  <nd ref="315112236"/>
  <nd ref="315112226"/>
  <nd ref="315112257"/>
  <nd ref="315112201"/>
  <nd ref="315112221"/>
  <nd ref="315112178"/>
  <nd ref="315112193"/>
  <nd ref="315112185"/>
  <nd ref="313509765"/>
  <nd ref="315112250"/>
  <nd ref="3650643305"/>
  <nd ref="3650643296"/>
  <tag k="building" v="residential"/>
  <tag k="building:flats" v="3"/>
  <tag k="building:levels" v="3"/>
  <tag k="building:ruian:type" v="6"/>
  <tag k="ref:ruian:building" v="5487765"/>
  <tag k="source" v="cuzk:ruian"/>
 </way>
 <way id="28674594" visible="true" version="3" changeset="37140936" timestamp="2016-02-11T08:04:52Z" user="JandaM" uid="2169558">
  <nd ref="315112306"/>
  <nd ref="315112296"/>
  <nd ref="315112269"/>
  <nd ref="315112462"/>
  <nd ref="315112466"/>
  <nd ref="315112167"/>
  <nd ref="315112306"/>
  <tag k="building" v="yes"/>
 </way>
 <way id="28674595" visible="true" version="3" changeset="37140936" timestamp="2016-02-11T08:04:37Z" user="JandaM" uid="2169558">
  <nd ref="315112343"/>
  <nd ref="315112317"/>
  <nd ref="315112330"/>
  <nd ref="315112356"/>
  <nd ref="315112364"/>
  <nd ref="4000252135"/>
  <nd ref="4000252134"/>
  <nd ref="4000252136"/>
  <nd ref="4000252137"/>
  <nd ref="315112377"/>
  <nd ref="315112148"/>
  <nd ref="315112343"/>
  <tag k="building" v="residential"/>
  <tag k="building:flats" v="3"/>
  <tag k="building:levels" v="2"/>
  <tag k="building:ruian:type" v="3"/>
  <tag k="ref:ruian:building" v="5487803"/>
  <tag k="source" v="cuzk:ruian"/>
 </way>
 <way id="28674596" visible="true" version="1" changeset="802337" timestamp="2008-11-27T20:37:21Z" user="fik" uid="73797">
  <nd ref="315112429"/>
  <nd ref="315112414"/>
  <nd ref="315112388"/>
  <nd ref="315112396"/>
  <nd ref="315112429"/>
  <tag k="building" v="yes"/>
 </way>
 <way id="28674597" visible="true" version="3" changeset="37140936" timestamp="2016-02-11T08:04:40Z" user="JandaM" uid="2169558">
  <nd ref="315112468"/>
  <nd ref="315112454"/>
  <nd ref="315112178"/>
  <nd ref="315112221"/>
  <nd ref="315112167"/>
  <nd ref="315112466"/>
  <nd ref="315112462"/>
  <nd ref="315112445"/>
  <nd ref="3643931066"/>
  <nd ref="3643931067"/>
  <nd ref="315112474"/>
  <nd ref="315112472"/>
  <nd ref="315112470"/>
  <nd ref="315112468"/>
  <tag k="building" v="residential"/>
  <tag k="building:flats" v="2"/>
  <tag k="building:levels" v="3"/>
  <tag k="building:ruian:type" v="3"/>
  <tag k="ref:ruian:building" v="5487757"/>
  <tag k="source" v="cuzk:ruian"/>
 </way>
 <way id="28674598" visible="true" version="3" changeset="37140936" timestamp="2016-02-11T08:04:56Z" user="JandaM" uid="2169558">
  <nd ref="315112484"/>
  <nd ref="315112495"/>
  <nd ref="315112494"/>
  <nd ref="315112478"/>
  <nd ref="315112481"/>
  <nd ref="4000252114"/>
  <nd ref="4000252123"/>
  <nd ref="315112454"/>
  <nd ref="315112468"/>
  <nd ref="315112484"/>
  <tag k="building" v="residential"/>
  <tag k="building:levels" v="2"/>
  <tag k="building:ruian:type" v="3"/>
  <tag k="ref:ruian:building" v="5487749"/>
  <tag k="source" v="cuzk:ruian"/>
 </way>
 <way id="28674599" visible="true" version="3" changeset="37140936" timestamp="2016-02-11T08:04:42Z" user="JandaM" uid="2169558">
  <nd ref="315112509"/>
  <nd ref="315112508"/>
  <nd ref="315112507"/>
  <nd ref="315112506"/>
  <nd ref="315112504"/>
  <nd ref="315112503"/>
  <nd ref="315112502"/>
  <nd ref="4000252110"/>
  <nd ref="4000252111"/>
  <nd ref="4000252109"/>
  <nd ref="313509742"/>
  <nd ref="4000252103"/>
  <nd ref="315112496"/>
  <nd ref="4000252090"/>
  <nd ref="4000252091"/>
  <nd ref="315113330"/>
  <nd ref="315112509"/>
  <tag k="building" v="residential"/>
  <tag k="building:flats" v="7"/>
  <tag k="building:levels" v="2"/>
  <tag k="building:ruian:type" v="6"/>
  <tag k="ref:ruian:building" v="5487838"/>
  <tag k="source" v="cuzk:ruian"/>
 </way>
 <way id="28674601" visible="true" version="3" changeset="37140936" timestamp="2016-02-11T08:04:55Z" user="JandaM" uid="2169558">
  <nd ref="315112875"/>
  <nd ref="315112526"/>
  <nd ref="315112523"/>
  <nd ref="315112513"/>
  <nd ref="315112514"/>
  <nd ref="4000252097"/>
  <nd ref="4000252096"/>
  <nd ref="315112831"/>
  <nd ref="315112875"/>
  <tag k="building" v="yes"/>
 </way>
 <way id="28674602" visible="true" version="3" changeset="37140936" timestamp="2016-02-11T08:04:48Z" user="JandaM" uid="2169558">
  <nd ref="315112530"/>
  <nd ref="313509749"/>
  <nd ref="315112565"/>
  <nd ref="4000252101"/>
  <nd ref="315112530"/>
  <tag k="building" v="yes"/>
  <tag k="building:ruian:type" v="19"/>
  <tag k="ref:ruian:building" v="48704172"/>
  <tag k="source" v="cuzk:ruian"/>
 </way>
 <way id="28674603" visible="true" version="3" changeset="37140936" timestamp="2016-02-11T08:04:47Z" user="JandaM" uid="2169558">
  <nd ref="315112564"/>
  <nd ref="315112530"/>
  <nd ref="4000252101"/>
  <nd ref="315112591"/>
  <nd ref="315112564"/>
  <tag k="building" v="commercial"/>
  <tag k="building:ruian:type" v="10"/>
  <tag k="ref:ruian:building" v="48721476"/>
  <tag k="source" v="cuzk:ruian"/>
 </way>
 <way id="28674604" visible="true" version="3" changeset="37140936" timestamp="2016-02-11T08:04:49Z" user="JandaM" uid="2169558">
  <nd ref="315112590"/>
  <nd ref="315112564"/>
  <nd ref="315112591"/>
  <nd ref="315112592"/>
  <nd ref="315112590"/>
  <tag k="building" v="yes"/>
  <tag k="building:ruian:type" v="19"/>
  <tag k="ref:ruian:building" v="48719536"/>
  <tag k="source" v="cuzk:ruian"/>
 </way>
 <way id="28674605" visible="true" version="3" changeset="37140936" timestamp="2016-02-11T08:04:49Z" user="JandaM" uid="2169558">
  <nd ref="315112594"/>
  <nd ref="315112590"/>
  <nd ref="315112592"/>
  <nd ref="4000252100"/>
  <nd ref="315112594"/>
  <tag k="building" v="yes"/>
  <tag k="building:ruian:type" v="19"/>
  <tag k="ref:ruian:building" v="42165962"/>
  <tag k="source" v="cuzk:ruian"/>
 </way>
 <way id="28674606" visible="true" version="3" changeset="37140936" timestamp="2016-02-11T08:04:50Z" user="JandaM" uid="2169558">
  <nd ref="315112642"/>
  <nd ref="315112594"/>
  <nd ref="4000252100"/>
  <nd ref="315112621"/>
  <nd ref="315112663"/>
  <nd ref="315112642"/>
  <tag k="building" v="yes"/>
  <tag k="building:ruian:type" v="19"/>
  <tag k="ref:ruian:building" v="48715450"/>
  <tag k="source" v="cuzk:ruian"/>
 </way>
 <way id="28674607" visible="true" version="3" changeset="37140936" timestamp="2016-02-11T08:04:49Z" user="JandaM" uid="2169558">
  <nd ref="315112688"/>
  <nd ref="315112642"/>
  <nd ref="315112663"/>
  <nd ref="315112716"/>
  <nd ref="315112688"/>
  <tag k="building" v="yes"/>
  <tag k="building:ruian:type" v="19"/>
  <tag k="ref:ruian:building" v="42165776"/>
  <tag k="source" v="cuzk:ruian"/>
 </way>
 <way id="28674608" visible="true" version="3" changeset="37140936" timestamp="2016-02-11T08:04:49Z" user="JandaM" uid="2169558">
  <nd ref="315112734"/>
  <nd ref="315112688"/>
  <nd ref="315112716"/>
  <nd ref="315112754"/>
  <nd ref="315112734"/>
  <tag k="building" v="yes"/>
  <tag k="building:ruian:type" v="19"/>
  <tag k="ref:ruian:building" v="48705772"/>
  <tag k="source" v="cuzk:ruian"/>
 </way>
 <way id="28674609" visible="true" version="3" changeset="37140936" timestamp="2016-02-11T08:04:50Z" user="JandaM" uid="2169558">
  <nd ref="315112774"/>
  <nd ref="315112734"/>
  <nd ref="315112754"/>
  <nd ref="313509754"/>
  <nd ref="315112765"/>
  <nd ref="315112774"/>
  <tag k="building" v="yes"/>
  <tag k="building:ruian:type" v="19"/>
  <tag k="ref:ruian:building" v="42894476"/>
  <tag k="source" v="cuzk:ruian"/>
 </way>
 <way id="28674610" visible="true" version="3" changeset="37140936" timestamp="2016-02-11T08:04:53Z" user="JandaM" uid="2169558">
  <nd ref="315112817"/>
  <nd ref="4000252097"/>
  <nd ref="4000252096"/>
  <nd ref="315112782"/>
  <nd ref="315112774"/>
  <nd ref="315112765"/>
  <nd ref="315112817"/>
  <tag k="building" v="yes"/>
  <tag k="building:ruian:type" v="19"/>
  <tag k="ref:ruian:building" v="5489393"/>
  <tag k="source" v="cuzk:ruian"/>
 </way>
 <way id="28674611" visible="true" version="3" changeset="37140936" timestamp="2016-02-11T08:04:49Z" user="JandaM" uid="2169558">
  <nd ref="4000252093"/>
  <nd ref="315112782"/>
  <nd ref="4000252096"/>
  <nd ref="315112831"/>
  <nd ref="4000252093"/>
  <tag k="building" v="yes"/>
  <tag k="building:ruian:type" v="19"/>
  <tag k="ref:ruian:building" v="48707384"/>
  <tag k="source" v="cuzk:ruian"/>
 </way>
 <way id="28674612" visible="true" version="3" changeset="37140936" timestamp="2016-02-11T08:04:48Z" user="JandaM" uid="2169558">
  <nd ref="315112883"/>
  <nd ref="4000252093"/>
  <nd ref="315112831"/>
  <nd ref="315112875"/>
  <nd ref="315112883"/>
  <tag k="building" v="yes"/>
  <tag k="building:ruian:type" v="19"/>
  <tag k="ref:ruian:building" v="49477161"/>
  <tag k="source" v="cuzk:ruian"/>
 </way>
 <way id="28674613" visible="true" version="3" changeset="37140936" timestamp="2016-02-11T08:04:47Z" user="JandaM" uid="2169558">
  <nd ref="4000252092"/>
  <nd ref="315112883"/>
  <nd ref="315112875"/>
  <nd ref="4000252095"/>
  <nd ref="4000252092"/>
  <tag k="building" v="yes"/>
  <tag k="building:ruian:type" v="19"/>
  <tag k="ref:ruian:building" v="42759838"/>
  <tag k="source" v="cuzk:ruian"/>
 </way>
 <way id="28674614" visible="true" version="3" changeset="37140936" timestamp="2016-02-11T08:04:54Z" user="JandaM" uid="2169558">
  <nd ref="4000252091"/>
  <nd ref="315112902"/>
  <nd ref="4000252092"/>
  <nd ref="4000252095"/>
  <nd ref="315112896"/>
  <nd ref="315112901"/>
  <nd ref="315113330"/>
  <nd ref="4000252091"/>
  <tag k="building" v="industrial"/>
  <tag k="building:ruian:type" v="16"/>
  <tag k="ref:ruian:building" v="46236830"/>
  <tag k="source" v="cuzk:ruian"/>
 </way>
 <way id="28674632" visible="true" version="2" changeset="37140936" timestamp="2016-02-11T08:04:51Z" user="JandaM" uid="2169558">
  <nd ref="314427305"/>
  <nd ref="315113793"/>
  <nd ref="315113788"/>
  <nd ref="315113790"/>
  <nd ref="315113791"/>
  <nd ref="313509462"/>
  <nd ref="314427305"/>
  <tag k="building" v="residential"/>
  <tag k="building:flats" v="2"/>
  <tag k="building:ruian:type" v="6"/>
  <tag k="ref:ruian:building" v="5489334"/>
  <tag k="source" v="cuzk:ruian"/>
 </way>
 <way id="28674648" visible="true" version="3" changeset="37118600" timestamp="2016-02-10T07:50:22Z" user="JandaM" uid="2169558">
  <nd ref="3998621059"/>
  <nd ref="3998621058"/>
  <nd ref="315114699"/>
  <nd ref="1083938777"/>
  <nd ref="315114732"/>
  <nd ref="315114737"/>
  <nd ref="3998619939"/>
  <nd ref="3998619935"/>
  <nd ref="3998619934"/>
  <nd ref="3998619931"/>
  <nd ref="3998619929"/>
  <nd ref="3998619930"/>
  <nd ref="3998619928"/>
  <nd ref="3998619927"/>
  <nd ref="3998619921"/>
  <nd ref="3998619922"/>
  <nd ref="3998619913"/>
  <nd ref="3998619911"/>
  <nd ref="3998619912"/>
  <nd ref="315114743"/>
  <nd ref="3998619914"/>
  <nd ref="3998619916"/>
  <nd ref="3998619918"/>
  <nd ref="3998619919"/>
  <nd ref="315114753"/>
  <nd ref="315114758"/>
  <nd ref="315114727"/>
  <nd ref="3643761502"/>
  <nd ref="315114686"/>
  <nd ref="3998619903"/>
  <nd ref="3998619905"/>
  <nd ref="3998619904"/>
  <nd ref="3998619906"/>
  <nd ref="3998619901"/>
  <nd ref="3998619902"/>
  <nd ref="315114717"/>
  <nd ref="315114707"/>
  <nd ref="3998619907"/>
  <nd ref="3998619908"/>
  <nd ref="3998619932"/>
  <nd ref="3998619933"/>
  <nd ref="3998619937"/>
  <nd ref="3998619936"/>
  <nd ref="3998619941"/>
  <nd ref="3998619940"/>
  <nd ref="3998619942"/>
  <nd ref="3998619943"/>
  <nd ref="3998619945"/>
  <nd ref="3998619944"/>
  <nd ref="315114712"/>
  <nd ref="3998619947"/>
  <nd ref="3998619946"/>
  <nd ref="3998619948"/>
  <nd ref="3998619949"/>
  <nd ref="3998619951"/>
  <nd ref="3998619950"/>
  <nd ref="3998619952"/>
  <nd ref="3998619953"/>
  <nd ref="3998619955"/>
  <nd ref="3998619954"/>
  <nd ref="3998619956"/>
  <nd ref="3998621057"/>
  <nd ref="3998621059"/>
  <tag k="building" v="civic"/>
  <tag k="building:flats" v="1"/>
  <tag k="building:levels" v="3"/>
  <tag k="building:ruian:type" v="15"/>
  <tag k="ref:ruian:building" v="5491398"/>
  <tag k="source" v="cuzk:ruian"/>
 </way>
 <way id="28783664" visible="true" version="5" changeset="37118600" timestamp="2016-02-10T07:49:22Z" user="JandaM" uid="2169558">
  <nd ref="316490661"/>
  <nd ref="3998621453"/>
  <nd ref="3998621454"/>
  <nd ref="3998621455"/>
  <nd ref="316490662"/>
  <nd ref="316490663"/>
  <nd ref="316490664"/>
  <nd ref="316490665"/>
  <nd ref="316490666"/>
  <nd ref="316490667"/>
  <nd ref="316490668"/>
  <nd ref="316490669"/>
  <nd ref="316490670"/>
  <nd ref="316490678"/>
  <nd ref="316490695"/>
  <nd ref="316490709"/>
  <nd ref="316490728"/>
  <nd ref="316490740"/>
  <nd ref="316490741"/>
  <nd ref="3998621400"/>
  <nd ref="3998621402"/>
  <nd ref="3998621450"/>
  <nd ref="3998621448"/>
  <nd ref="316490746"/>
  <nd ref="316490747"/>
  <nd ref="316490645"/>
  <nd ref="316490646"/>
  <nd ref="316490649"/>
  <nd ref="3675382608"/>
  <nd ref="316490650"/>
  <nd ref="316490653"/>
  <nd ref="316490654"/>
  <nd ref="316490655"/>
  <nd ref="316490656"/>
  <nd ref="316490657"/>
  <nd ref="316490660"/>
  <nd ref="316490661"/>
  <tag k="building" v="school"/>
  <tag k="building:flats" v="1"/>
  <tag k="building:ruian:type" v="15"/>
  <tag k="ref:ruian:building" v="5512085"/>
  <tag k="source" v="cuzk:ruian"/>
 </way>
 <way id="28783666" visible="true" version="2" changeset="37118600" timestamp="2016-02-10T07:48:51Z" user="JandaM" uid="2169558">
  <nd ref="316490754"/>
  <nd ref="316490756"/>
  <nd ref="316490852"/>
  <nd ref="316490853"/>
  <nd ref="316490856"/>
  <nd ref="316490757"/>
  <nd ref="316490886"/>
  <nd ref="316490759"/>
  <nd ref="316490752"/>
  <nd ref="316490753"/>
  <nd ref="316490754"/>
  <tag k="building" v="civic"/>
  <tag k="building:ruian:type" v="5"/>
  <tag k="leisure" v="sports_centre"/>
  <tag k="name" v="Sportovní hala"/>
  <tag k="ref:ruian:building" v="48689386"/>
  <tag k="source" v="cuzk:ruian"/>
  <tag k="sport" v="multi"/>
 </way>
 <way id="28783667" visible="true" version="3" changeset="37118600" timestamp="2016-02-10T07:49:20Z" user="JandaM" uid="2169558">
  <nd ref="3998621333"/>
  <nd ref="3998621339"/>
  <nd ref="316490786"/>
  <nd ref="3998621342"/>
  <nd ref="316490760"/>
  <nd ref="316490761"/>
  <nd ref="316490763"/>
  <nd ref="316490764"/>
  <nd ref="2471017124"/>
  <nd ref="316490765"/>
  <nd ref="316490769"/>
  <nd ref="2471017123"/>
  <nd ref="316490774"/>
  <nd ref="316490843"/>
  <nd ref="316490778"/>
  <nd ref="316490782"/>
  <nd ref="3998621323"/>
  <nd ref="3998621322"/>
  <nd ref="3998621324"/>
  <nd ref="3998621325"/>
  <nd ref="3998621328"/>
  <nd ref="3998621327"/>
  <nd ref="3998621331"/>
  <nd ref="3998621332"/>
  <nd ref="3998621334"/>
  <nd ref="3998621333"/>
  <tag k="building" v="residential"/>
  <tag k="building:flats" v="6"/>
  <tag k="building:levels" v="5"/>
  <tag k="building:ruian:type" v="3"/>
  <tag k="ref:ruian:building" v="5492351"/>
  <tag k="source" v="cuzk:ruian"/>
 </way>
 <way id="28783668" visible="true" version="3" changeset="37118600" timestamp="2016-02-10T07:49:20Z" user="JandaM" uid="2169558">
  <nd ref="3998621302"/>
  <nd ref="3998621303"/>
  <nd ref="316490826"/>
  <nd ref="3998621307"/>
  <nd ref="3998621308"/>
  <nd ref="3998621310"/>
  <nd ref="3998621309"/>
  <nd ref="3998621313"/>
  <nd ref="3998621314"/>
  <nd ref="3998621317"/>
  <nd ref="3998621316"/>
  <nd ref="3998621320"/>
  <nd ref="3998621321"/>
  <nd ref="316490782"/>
  <nd ref="316490778"/>
  <nd ref="316490843"/>
  <nd ref="316490791"/>
  <nd ref="316490796"/>
  <nd ref="316490803"/>
  <nd ref="3998621343"/>
  <nd ref="316490807"/>
  <nd ref="3998621338"/>
  <nd ref="316490816"/>
  <nd ref="316490821"/>
  <nd ref="3998621302"/>
  <tag k="building" v="residential"/>
  <tag k="building:flats" v="6"/>
  <tag k="building:levels" v="5"/>
  <tag k="building:ruian:type" v="3"/>
  <tag k="ref:ruian:building" v="5492424"/>
  <tag k="source" v="cuzk:ruian"/>
 </way>
 <way id="28783669" visible="true" version="2" changeset="37118600" timestamp="2016-02-10T07:49:08Z" user="JandaM" uid="2169558">
  <nd ref="316490844"/>
  <nd ref="316490869"/>
  <nd ref="3998621359"/>
  <nd ref="316490870"/>
  <nd ref="3998621360"/>
  <nd ref="316490849"/>
  <nd ref="316490850"/>
  <nd ref="316490851"/>
  <nd ref="316490848"/>
  <nd ref="316490847"/>
  <nd ref="316490846"/>
  <nd ref="316490845"/>
  <nd ref="316490844"/>
  <tag k="building" v="civic"/>
  <tag k="building:levels" v="1"/>
  <tag k="building:ruian:type" v="5"/>
  <tag k="ref:ruian:building" v="5489725"/>
  <tag k="source" v="cuzk:ruian"/>
 </way>
 <way id="28783670" visible="true" version="1" changeset="88330" timestamp="2008-12-03T19:44:31Z" user="fik" uid="73797">
  <nd ref="316490850"/>
  <nd ref="316490851"/>
  <nd ref="316490852"/>
  <nd ref="316490853"/>
  <nd ref="316490850"/>
  <tag k="building" v="yes"/>
 </way>
 <way id="28783671" visible="true" version="2" changeset="37118600" timestamp="2016-02-10T07:49:31Z" user="JandaM" uid="2169558">
  <nd ref="316490854"/>
  <nd ref="316490855"/>
  <nd ref="316490856"/>
  <nd ref="316490757"/>
  <nd ref="316490854"/>
  <tag k="building" v="yes"/>
 </way>
 <way id="28783672" visible="true" version="2" changeset="37118600" timestamp="2016-02-10T07:48:51Z" user="JandaM" uid="2169558">
  <nd ref="316490870"/>
  <nd ref="316490871"/>
  <nd ref="316490872"/>
  <nd ref="316490873"/>
  <nd ref="316490874"/>
  <nd ref="316490875"/>
  <nd ref="316490855"/>
  <nd ref="316490854"/>
  <nd ref="316490757"/>
  <nd ref="316490886"/>
  <nd ref="316490759"/>
  <nd ref="316490752"/>
  <nd ref="3998621417"/>
  <nd ref="3998621415"/>
  <nd ref="3998621412"/>
  <nd ref="3998621414"/>
  <nd ref="316490888"/>
  <nd ref="3998621410"/>
  <nd ref="3998621409"/>
  <nd ref="316490889"/>
  <nd ref="316490890"/>
  <nd ref="316490891"/>
  <nd ref="3998621420"/>
  <nd ref="3998621422"/>
  <nd ref="3998621426"/>
  <nd ref="3998621425"/>
  <nd ref="316490858"/>
  <nd ref="3998621395"/>
  <nd ref="3998621396"/>
  <nd ref="316490862"/>
  <nd ref="316490864"/>
  <nd ref="316490865"/>
  <nd ref="316490866"/>
  <nd ref="3998621377"/>
  <nd ref="3998621376"/>
  <nd ref="316490867"/>
  <nd ref="316490868"/>
  <nd ref="316490869"/>
  <nd ref="3998621359"/>
  <nd ref="316490870"/>
  <tag k="building" v="residential"/>
  <tag k="building:flats" v="1"/>
  <tag k="building:ruian:type" v="3"/>
  <tag k="leisure" v="sports_centre"/>
  <tag k="name" v="Sokol Písek"/>
  <tag k="ref:ruian:building" v="5492467"/>
  <tag k="source" v="cuzk:ruian"/>
  <tag k="sport" v="multi"/>
 </way>
 <way id="28783674" visible="true" version="1" changeset="88330" timestamp="2008-12-03T19:44:33Z" user="fik" uid="73797">
  <nd ref="316490894"/>
  <nd ref="316490896"/>
  <nd ref="316490893"/>
  <nd ref="316490895"/>
  <nd ref="316490894"/>
  <tag k="building" v="yes"/>
 </way>
 <way id="28783676" visible="true" version="3" changeset="37118600" timestamp="2016-02-10T07:48:50Z" user="JandaM" uid="2169558">
  <nd ref="316490907"/>
  <nd ref="316490908"/>
  <nd ref="316490909"/>
  <nd ref="316490910"/>
  <nd ref="3998621330"/>
  <nd ref="316490956"/>
  <nd ref="316490990"/>
  <nd ref="316490895"/>
  <nd ref="316490894"/>
  <nd ref="316490905"/>
  <nd ref="316490911"/>
  <nd ref="316490912"/>
  <nd ref="316490915"/>
  <nd ref="316490925"/>
  <nd ref="316490926"/>
  <nd ref="316490927"/>
  <nd ref="316490928"/>
  <nd ref="316490929"/>
  <nd ref="316490930"/>
  <nd ref="316490931"/>
  <nd ref="316490932"/>
  <nd ref="316490933"/>
  <nd ref="316490943"/>
  <nd ref="316490945"/>
  <nd ref="316490946"/>
  <nd ref="316490950"/>
  <nd ref="3998621259"/>
  <nd ref="3998621148"/>
  <nd ref="316490898"/>
  <nd ref="3998621113"/>
  <nd ref="3998621110"/>
  <nd ref="3998621111"/>
  <nd ref="3998621115"/>
  <nd ref="3998621123"/>
  <nd ref="3998621121"/>
  <nd ref="3998621122"/>
  <nd ref="3998621125"/>
  <nd ref="3998621128"/>
  <nd ref="3998621126"/>
  <nd ref="3998621127"/>
  <nd ref="3998621129"/>
  <nd ref="3998621130"/>
  <nd ref="3998621131"/>
  <nd ref="3998621135"/>
  <nd ref="3998621138"/>
  <nd ref="3998621142"/>
  <nd ref="3998621139"/>
  <nd ref="3998621141"/>
  <nd ref="3998621143"/>
  <nd ref="3998621154"/>
  <nd ref="3998621151"/>
  <nd ref="3998621153"/>
  <nd ref="3998621156"/>
  <nd ref="316490904"/>
  <nd ref="316490906"/>
  <nd ref="316490907"/>
  <tag k="amenity" v="theatre"/>
  <tag k="building" v="civic"/>
  <tag k="building:flats" v="1"/>
  <tag k="building:levels" v="1"/>
  <tag k="building:ruian:type" v="15"/>
  <tag k="name" v="Divadlo Fráni Šrámka"/>
  <tag k="ref:ruian:building" v="5489750"/>
  <tag k="source" v="cuzk:ruian"/>
 </way>
 <way id="28783679" visible="true" version="3" changeset="37118600" timestamp="2016-02-10T07:49:03Z" user="JandaM" uid="2169558">
  <nd ref="3998621330"/>
  <nd ref="316490910"/>
  <nd ref="316490968"/>
  <nd ref="316490977"/>
  <nd ref="316490981"/>
  <nd ref="316490906"/>
  <nd ref="316490904"/>
  <nd ref="316490955"/>
  <nd ref="316490958"/>
  <nd ref="316490951"/>
  <nd ref="316490956"/>
  <nd ref="3998621330"/>
  <tag k="building" v="civic"/>
  <tag k="building:ruian:type" v="15"/>
  <tag k="ref:ruian:building" v="5512875"/>
  <tag k="source" v="cuzk:ruian"/>
 </way>
 <way id="28783680" visible="true" version="1" changeset="88330" timestamp="2008-12-03T19:44:36Z" user="fik" uid="73797">
  <nd ref="316490990"/>
  <nd ref="316490999"/>
  <nd ref="316490986"/>
  <nd ref="316491008"/>
  <nd ref="316491004"/>
  <nd ref="316490994"/>
  <nd ref="316490990"/>
  <tag k="building" v="yes"/>
 </way>
 <way id="28784249" visible="true" version="18" changeset="39324153" timestamp="2016-05-15T04:52:15Z" user="Michal Vinárek" uid="3108884">
  <nd ref="274394896"/>
  <nd ref="1660619025"/>
  <nd ref="316497457"/>
  <nd ref="316497459"/>
  <nd ref="316497461"/>
  <nd ref="1729020068"/>
  <nd ref="1729020067"/>
  <nd ref="316497463"/>
  <nd ref="329190273"/>
  <nd ref="316497465"/>
  <nd ref="316497468"/>
  <nd ref="456749195"/>
  <nd ref="316497474"/>
  <nd ref="456749193"/>
  <nd ref="316497483"/>
  <nd ref="316497488"/>
  <nd ref="1729020066"/>
  <nd ref="316497493"/>
  <nd ref="316497495"/>
  <nd ref="316497497"/>
  <nd ref="316499783"/>
  <nd ref="3663649787"/>
  <nd ref="316497499"/>
  <nd ref="329190256"/>
  <nd ref="316497501"/>
  <nd ref="316497508"/>
  <nd ref="316497510"/>
  <nd ref="316497512"/>
  <nd ref="316497514"/>
  <nd ref="316497516"/>
  <nd ref="316497518"/>
  <nd ref="316497520"/>
  <nd ref="1729020071"/>
  <nd ref="316497522"/>
  <nd ref="2245235924"/>
  <nd ref="274394867"/>
  <nd ref="1729020073"/>
  <nd ref="368705272"/>
  <nd ref="368705221"/>
  <nd ref="368705227"/>
  <nd ref="1729020077"/>
  <nd ref="1729020080"/>
  <nd ref="368705232"/>
  <nd ref="3675714426"/>
  <nd ref="1729020083"/>
  <nd ref="368705237"/>
  <nd ref="1729020084"/>
  <nd ref="368705244"/>
  <nd ref="368705281"/>
  <nd ref="368705249"/>
  <nd ref="568399629"/>
  <nd ref="368705255"/>
  <nd ref="368705260"/>
  <nd ref="1729020075"/>
  <nd ref="368705265"/>
  <nd ref="316497525"/>
  <nd ref="1729020072"/>
  <nd ref="316497529"/>
  <nd ref="1729020070"/>
  <nd ref="316497536"/>
  <nd ref="316497540"/>
  <nd ref="316497546"/>
  <nd ref="329190269"/>
  <nd ref="316497552"/>
  <nd ref="316497557"/>
  <nd ref="316497564"/>
  <nd ref="3663654830"/>
  <nd ref="316497569"/>
  <nd ref="1729020069"/>
  <nd ref="316497574"/>
  <nd ref="4186763780"/>
  <nd ref="3663654826"/>
  <nd ref="3663649824"/>
  <nd ref="316497577"/>
  <nd ref="316499774"/>
  <nd ref="316497580"/>
  <nd ref="316499775"/>
  <nd ref="316497582"/>
  <nd ref="3663649792"/>
  <nd ref="3663649796"/>
  <nd ref="3663649800"/>
  <nd ref="3663649802"/>
  <nd ref="3663649801"/>
  <nd ref="3663649799"/>
  <nd ref="3663649797"/>
  <nd ref="3663649795"/>
  <nd ref="3663649793"/>
  <nd ref="3663649791"/>
  <nd ref="3663649790"/>
  <nd ref="3663649789"/>
  <nd ref="316499776"/>
  <nd ref="3346131887"/>
  <nd ref="316497591"/>
  <nd ref="316499778"/>
  <nd ref="316499777"/>
  <nd ref="316497596"/>
  <nd ref="316499782"/>
  <nd ref="316499781"/>
  <nd ref="316499780"/>
  <nd ref="316499779"/>
  <nd ref="316497604"/>
  <nd ref="316497608"/>
  <nd ref="316497613"/>
  <nd ref="316497618"/>
  <nd ref="316497622"/>
  <nd ref="316497627"/>
  <nd ref="316497632"/>
  <nd ref="952925630"/>
  <nd ref="316497638"/>
  <nd ref="316497642"/>
  <nd ref="316497646"/>
  <nd ref="3663649779"/>
  <nd ref="316497653"/>
  <nd ref="316497658"/>
  <nd ref="316497661"/>
  <nd ref="316497666"/>
  <nd ref="316497669"/>
  <nd ref="316497673"/>
  <nd ref="3925840322"/>
  <nd ref="316497676"/>
  <nd ref="316497680"/>
  <nd ref="316497681"/>
  <nd ref="316497682"/>
  <nd ref="316497685"/>
  <nd ref="316497696"/>
  <nd ref="3925840321"/>
  <nd ref="316497705"/>
  <nd ref="329190278"/>
  <nd ref="316497709"/>
  <nd ref="316497715"/>
  <nd ref="316497726"/>
  <nd ref="316497734"/>
  <nd ref="274394896"/>
 </way>
 <way id="28786506" visible="true" version="6" changeset="39324153" timestamp="2016-05-15T04:52:16Z" user="Michal Vinárek" uid="3108884">
  <nd ref="3926098603"/>
  <nd ref="3926098604"/>
  <nd ref="3926098605"/>
  <nd ref="316524610"/>
  <nd ref="3663649818"/>
  <nd ref="316524615"/>
  <nd ref="316524620"/>
  <nd ref="310210385"/>
  <tag k="highway" v="footway"/>
 </way>
 <way id="30473128" visible="true" version="5" changeset="36347889" timestamp="2016-01-03T21:27:34Z" user="Michal Vinárek" uid="3108884">
  <nd ref="287647673"/>
  <nd ref="309956341"/>
  <nd ref="3674170491"/>
  <nd ref="309956342"/>
  <nd ref="309956343"/>
  <nd ref="309956344"/>
  <nd ref="309956346"/>
  <nd ref="3926098598"/>
  <tag k="highway" v="residential"/>
  <tag k="name" v="Tyršova"/>
  <tag k="oneway" v="yes"/>
  <tag k="source" v="uhul:ortofoto"/>
 </way>
 <way id="31720562" visible="true" version="6" changeset="42689596" timestamp="2016-10-06T16:39:48Z" user="gorn" uid="10353">
  <nd ref="354910113"/>
  <nd ref="4186764296"/>
  <nd ref="3304460541"/>
  <nd ref="354910120"/>
  <nd ref="4434624686"/>
  <nd ref="4434624682"/>
  <nd ref="4434624679"/>
  <nd ref="4434624680"/>
  <tag k="highway" v="footway"/>
 </way>
 <way id="31720580" visible="true" version="5" changeset="42689596" timestamp="2016-10-06T16:39:48Z" user="gorn" uid="10353">
  <nd ref="4434624685"/>
  <nd ref="4186764095"/>
  <nd ref="4186764196"/>
  <nd ref="354910219"/>
  <nd ref="3663654832"/>
  <nd ref="354910222"/>
  <nd ref="354910224"/>
  <tag k="highway" v="service"/>
  <tag k="service" v="parking_aisle"/>
 </way>
 <way id="31720585" visible="true" version="3" changeset="42689596" timestamp="2016-10-06T16:39:46Z" user="gorn" uid="10353">
  <nd ref="354910253"/>
  <nd ref="4186764201"/>
  <nd ref="354910258"/>
  <nd ref="354910260"/>
  <nd ref="354910263"/>
  <nd ref="4186764208"/>
  <nd ref="354910253"/>
  <tag k="amenity" v="parking"/>
  <tag k="capacity" v="34"/>
  <tag k="fee" v="yes"/>
  <tag k="parking" v="surface"/>
 </way>
 <way id="32753942" visible="true" version="3" changeset="33027314" timestamp="2015-08-01T09:59:21Z" user="Minimalis" uid="665336">
  <nd ref="314306221"/>
  <nd ref="314306181"/>
  <nd ref="314306188"/>
  <nd ref="314306184"/>
  <nd ref="314306161"/>
  <nd ref="314306221"/>
 </way>
 <way id="32753946" visible="true" version="2" changeset="37140936" timestamp="2016-02-11T08:04:33Z" user="JandaM" uid="2169558">
  <nd ref="314288295"/>
  <nd ref="314288293"/>
  <nd ref="314288299"/>
  <nd ref="314288291"/>
  <nd ref="315063030"/>
  <nd ref="314288286"/>
  <nd ref="314288276"/>
  <nd ref="315063039"/>
  <nd ref="315063038"/>
  <nd ref="315063036"/>
  <nd ref="315063033"/>
  <nd ref="314288295"/>
 </way>
 <way id="38564966" visible="true" version="2" changeset="37140767" timestamp="2016-02-11T07:48:50Z" user="JandaM" uid="2169558">
  <nd ref="456749242"/>
  <nd ref="456749241"/>
  <nd ref="4000238382"/>
  <nd ref="4000238385"/>
  <nd ref="4000238391"/>
  <nd ref="4000238390"/>
  <nd ref="4000238384"/>
  <nd ref="4000238381"/>
  <nd ref="4000238380"/>
  <nd ref="4000238387"/>
  <nd ref="4000238389"/>
  <nd ref="456749239"/>
  <nd ref="456749240"/>
  <nd ref="456749246"/>
  <nd ref="456749245"/>
  <nd ref="456749244"/>
  <nd ref="456749243"/>
  <nd ref="456749265"/>
  <nd ref="456749242"/>
  <tag k="building" v="civic"/>
  <tag k="building:levels" v="1"/>
  <tag k="building:ruian:type" v="5"/>
  <tag k="ref:ruian:building" v="5489504"/>
  <tag k="source" v="cuzk:ruian"/>
 </way>
 <way id="38564967" visible="true" version="2" changeset="39324153" timestamp="2016-05-15T04:52:19Z" user="Michal Vinárek" uid="3108884">
  <nd ref="456749249"/>
  <nd ref="456749247"/>
  <nd ref="4186764194"/>
  <nd ref="456749250"/>
  <nd ref="456749249"/>
  <tag k="building" v="yes"/>
 </way>
 <way id="38564969" visible="true" version="1" changeset="2043008" timestamp="2009-08-05T08:39:57Z" user="fik" uid="73797">
  <nd ref="456749255"/>
  <nd ref="456749253"/>
  <nd ref="456749251"/>
  <nd ref="456749254"/>
  <nd ref="456749255"/>
  <tag k="building" v="yes"/>
 </way>
 <way id="38564970" visible="true" version="2" changeset="37140767" timestamp="2016-02-11T07:48:49Z" user="JandaM" uid="2169558">
  <nd ref="456749284"/>
  <nd ref="456749261"/>
  <nd ref="4000238393"/>
  <nd ref="4000238394"/>
  <nd ref="456749259"/>
  <nd ref="456749242"/>
  <nd ref="456749265"/>
  <nd ref="456749262"/>
  <nd ref="456749266"/>
  <nd ref="456749268"/>
  <nd ref="456749274"/>
  <nd ref="456749277"/>
  <nd ref="456749273"/>
  <nd ref="456749260"/>
  <nd ref="456749270"/>
  <nd ref="456749299"/>
  <nd ref="456749300"/>
  <nd ref="456749284"/>
  <tag k="building" v="residential"/>
  <tag k="building:flats" v="2"/>
  <tag k="building:levels" v="1"/>
  <tag k="building:ruian:type" v="3"/>
  <tag k="ref:ruian:building" v="5489512"/>
  <tag k="source" v="cuzk:ruian"/>
 </way>
 <way id="38564972" visible="true" version="2" changeset="37140767" timestamp="2016-02-11T07:48:49Z" user="JandaM" uid="2169558">
  <nd ref="456749287"/>
  <nd ref="456749334"/>
  <nd ref="456749335"/>
  <nd ref="456749288"/>
  <nd ref="4000238386"/>
  <nd ref="4000238392"/>
  <nd ref="4000238383"/>
  <nd ref="4000238388"/>
  <nd ref="456749286"/>
  <nd ref="456749261"/>
  <nd ref="456749284"/>
  <nd ref="456749297"/>
  <nd ref="456749296"/>
  <nd ref="456749295"/>
  <nd ref="456749293"/>
  <nd ref="456749291"/>
  <nd ref="456749290"/>
  <nd ref="456749287"/>
  <tag k="building" v="residential"/>
  <tag k="building:flats" v="3"/>
  <tag k="building:levels" v="1"/>
  <tag k="building:ruian:type" v="3"/>
  <tag k="ref:ruian:building" v="5489521"/>
  <tag k="source" v="cuzk:ruian"/>
 </way>
 <way id="38564974" visible="true" version="1" changeset="2043008" timestamp="2009-08-05T08:39:57Z" user="fik" uid="73797">
  <nd ref="456749303"/>
  <nd ref="456749300"/>
  <nd ref="456749299"/>
  <nd ref="456749302"/>
  <nd ref="456749303"/>
  <tag k="building" v="yes"/>
 </way>
 <way id="38564976" visible="true" version="2" changeset="37140767" timestamp="2016-02-11T07:49:01Z" user="JandaM" uid="2169558">
  <nd ref="456749307"/>
  <nd ref="456749305"/>
  <nd ref="456749314"/>
  <nd ref="456749310"/>
  <nd ref="456749307"/>
  <tag k="building" v="yes"/>
  <tag k="building:ruian:type" v="19"/>
  <tag k="ref:ruian:building" v="42164231"/>
  <tag k="source" v="cuzk:ruian"/>
 </way>
 <way id="38564977" visible="true" version="1" changeset="2043008" timestamp="2009-08-05T08:39:57Z" user="fik" uid="73797">
  <nd ref="456749320"/>
  <nd ref="456749317"/>
  <nd ref="456749316"/>
  <nd ref="456749319"/>
  <nd ref="456749323"/>
  <nd ref="456749324"/>
  <nd ref="456749326"/>
  <nd ref="456749327"/>
  <nd ref="456749320"/>
  <tag k="building" v="yes"/>
 </way>
 <way id="38564980" visible="true" version="2" changeset="37140767" timestamp="2016-02-11T07:48:38Z" user="JandaM" uid="2169558">
  <nd ref="456749345"/>
  <nd ref="456749344"/>
  <nd ref="456749342"/>
  <nd ref="456749340"/>
  <nd ref="456749337"/>
  <nd ref="456749338"/>
  <nd ref="456749335"/>
  <nd ref="456749334"/>
  <nd ref="456749317"/>
  <nd ref="456749320"/>
  <nd ref="456749345"/>
  <tag k="building" v="civic"/>
  <tag k="building:levels" v="2"/>
  <tag k="building:ruian:type" v="15"/>
  <tag k="ref:ruian:building" v="5489547"/>
  <tag k="source" v="cuzk:ruian"/>
 </way>
 <way id="38564994" visible="true" version="4" changeset="42689596" timestamp="2016-10-06T16:39:46Z" user="gorn" uid="10353">
  <nd ref="4434624680"/>
  <nd ref="4434624675"/>
  <nd ref="311042749"/>
  <nd ref="311042748"/>
  <nd ref="456749447"/>
  <nd ref="456749448"/>
  <nd ref="456749449"/>
  <nd ref="3345888493"/>
  <nd ref="4434624680"/>
  <tag k="amenity" v="parking"/>
  <tag k="parking" v="surface"/>
 </way>
 <way id="39954784" visible="true" version="4" changeset="37118600" timestamp="2016-02-10T07:49:20Z" user="JandaM" uid="2169558">
  <nd ref="3676145495"/>
  <nd ref="479840406"/>
  <nd ref="479840408"/>
  <nd ref="479840387"/>
  <nd ref="479840407"/>
  <nd ref="479840396"/>
  <nd ref="3676145501"/>
  <nd ref="3676145504"/>
  <nd ref="3676145503"/>
  <nd ref="3676145502"/>
  <nd ref="479840394"/>
  <nd ref="479840393"/>
  <nd ref="479840390"/>
  <nd ref="479840391"/>
  <nd ref="479840389"/>
  <nd ref="479840397"/>
  <nd ref="479840398"/>
  <nd ref="479840401"/>
  <nd ref="479840402"/>
  <nd ref="479840403"/>
  <nd ref="479840404"/>
  <nd ref="3676145494"/>
  <nd ref="479840405"/>
  <nd ref="3676145492"/>
  <nd ref="3676145493"/>
  <nd ref="3676145495"/>
  <tag k="building" v="residential"/>
  <tag k="building:ruian:type" v="3"/>
  <tag k="ref:ruian:building" v="5489491"/>
  <tag k="source" v="cuzk:ruian"/>
 </way>
 <way id="43632389" visible="true" version="3" changeset="37118600" timestamp="2016-02-10T07:49:01Z" user="JandaM" uid="2169558">
  <nd ref="551593755"/>
  <nd ref="3998621080"/>
  <nd ref="3998621079"/>
  <nd ref="551593724"/>
  <nd ref="3998621083"/>
  <nd ref="3998621084"/>
  <nd ref="3998621114"/>
  <nd ref="3998621120"/>
  <nd ref="551593776"/>
  <nd ref="551593780"/>
  <nd ref="551593783"/>
  <nd ref="551593755"/>
  <tag k="building" v="house"/>
  <tag k="building:flats" v="3"/>
  <tag k="building:levels" v="2"/>
  <tag k="building:ruian:type" v="7"/>
  <tag k="ref:ruian:building" v="5490464"/>
  <tag k="source" v="cuzk:ruian"/>
 </way>
 <way id="43632390" visible="true" version="1" changeset="3016151" timestamp="2009-11-02T13:06:30Z" user="fik" uid="73797">
  <nd ref="551593788"/>
  <nd ref="551593789"/>
  <nd ref="551593797"/>
  <nd ref="551593738"/>
  <nd ref="551593742"/>
  <nd ref="551593987"/>
  <nd ref="551593803"/>
  <nd ref="551593801"/>
  <nd ref="551593799"/>
  <nd ref="551593795"/>
  <nd ref="551593788"/>
  <tag k="building" v="yes"/>
 </way>
 <way id="43632391" visible="true" version="3" changeset="37118600" timestamp="2016-02-10T07:49:21Z" user="JandaM" uid="2169558">
  <nd ref="3998621105"/>
  <nd ref="3998621106"/>
  <nd ref="3998621108"/>
  <nd ref="3998621107"/>
  <nd ref="3998621109"/>
  <nd ref="3998621112"/>
  <nd ref="316490898"/>
  <nd ref="3998621148"/>
  <nd ref="3998621146"/>
  <nd ref="3998621258"/>
  <nd ref="3998621259"/>
  <nd ref="316490950"/>
  <nd ref="551593735"/>
  <nd ref="551593790"/>
  <nd ref="551593776"/>
  <nd ref="3998621120"/>
  <nd ref="3998621124"/>
  <nd ref="3998621116"/>
  <nd ref="3998621114"/>
  <nd ref="3998621084"/>
  <nd ref="3998621082"/>
  <nd ref="3998621085"/>
  <nd ref="3998621086"/>
  <nd ref="3998621088"/>
  <nd ref="3998621087"/>
  <nd ref="3998621089"/>
  <nd ref="3998621091"/>
  <nd ref="3998621093"/>
  <nd ref="3998621092"/>
  <nd ref="3998621094"/>
  <nd ref="3998621096"/>
  <nd ref="3998621101"/>
  <nd ref="3998621100"/>
  <nd ref="3998621105"/>
  <tag k="building" v="residential"/>
  <tag k="building:flats" v="10"/>
  <tag k="building:levels" v="1"/>
  <tag k="building:ruian:type" v="6"/>
  <tag k="ref:ruian:building" v="5489768"/>
  <tag k="source" v="cuzk:ruian"/>
 </way>
 <way id="43632392" visible="true" version="2" changeset="37118600" timestamp="2016-02-10T07:48:56Z" user="JandaM" uid="2169558">
  <nd ref="551593744"/>
  <nd ref="551593750"/>
  <nd ref="551594002"/>
  <nd ref="551594015"/>
  <nd ref="551594031"/>
  <nd ref="551594022"/>
  <nd ref="551594017"/>
  <nd ref="551593992"/>
  <nd ref="3998621065"/>
  <nd ref="551593990"/>
  <nd ref="551593744"/>
  <tag k="building" v="residential"/>
  <tag k="building:flats" v="5"/>
  <tag k="building:levels" v="2"/>
  <tag k="building:ruian:type" v="6"/>
  <tag k="ref:ruian:building" v="5489831"/>
  <tag k="source" v="cuzk:ruian"/>
 </way>
 <way id="43632393" visible="true" version="3" changeset="37118600" timestamp="2016-02-10T07:50:42Z" user="JandaM" uid="2169558">
  <nd ref="551593888"/>
  <nd ref="551593891"/>
  <nd ref="3998621070"/>
  <nd ref="3998621068"/>
  <nd ref="3998621069"/>
  <nd ref="3998621067"/>
  <nd ref="3998621062"/>
  <nd ref="551594002"/>
  <nd ref="551593750"/>
  <nd ref="551593888"/>
  <tag k="building" v="residential"/>
  <tag k="building:flats" v="2"/>
  <tag k="building:ruian:type" v="3"/>
  <tag k="ref:ruian:building" v="5491916"/>
  <tag k="source" v="cuzk:ruian"/>
 </way>
 <way id="43632394" visible="true" version="2" changeset="37118600" timestamp="2016-02-10T07:49:57Z" user="JandaM" uid="2169558">
  <nd ref="551594255"/>
  <nd ref="551594254"/>
  <nd ref="551594318"/>
  <nd ref="551594246"/>
  <nd ref="551594227"/>
  <nd ref="551594255"/>
  <tag k="building" v="residential"/>
  <tag k="building:flats" v="1"/>
  <tag k="building:levels" v="1"/>
  <tag k="building:ruian:type" v="3"/>
  <tag k="ref:ruian:building" v="5491843"/>
  <tag k="source" v="cuzk:ruian"/>
 </way>
 <way id="43632395" visible="true" version="1" changeset="3016151" timestamp="2009-11-02T13:06:31Z" user="fik" uid="73797">
  <nd ref="551594230"/>
  <nd ref="551594204"/>
  <nd ref="551594267"/>
  <nd ref="551594268"/>
  <nd ref="551594230"/>
  <tag k="building" v="yes"/>
 </way>
 <way id="43632396" visible="true" version="1" changeset="3016151" timestamp="2009-11-02T13:06:31Z" user="fik" uid="73797">
  <nd ref="551593910"/>
  <nd ref="551593912"/>
  <nd ref="551593915"/>
  <nd ref="551594025"/>
  <nd ref="551593910"/>
  <tag k="building" v="yes"/>
 </way>
 <way id="43632397" visible="true" version="3" changeset="37118600" timestamp="2016-02-10T07:49:16Z" user="JandaM" uid="2169558">
  <nd ref="3998621062"/>
  <nd ref="551594002"/>
  <nd ref="551594058"/>
  <nd ref="551594056"/>
  <nd ref="551594038"/>
  <nd ref="551594035"/>
  <nd ref="551594053"/>
  <nd ref="551594050"/>
  <nd ref="551594046"/>
  <nd ref="551594152"/>
  <nd ref="551594148"/>
  <nd ref="551594025"/>
  <nd ref="551593910"/>
  <nd ref="3998621069"/>
  <nd ref="3998621067"/>
  <nd ref="3998621062"/>
  <tag k="building" v="yes"/>
 </way>
 <way id="43632398" visible="true" version="3" changeset="37118600" timestamp="2016-02-10T07:50:33Z" user="JandaM" uid="2169558">
  <nd ref="551593934"/>
  <nd ref="551593903"/>
  <nd ref="3998621066"/>
  <nd ref="551593906"/>
  <nd ref="551593891"/>
  <nd ref="551593888"/>
  <nd ref="551593897"/>
  <nd ref="551593918"/>
  <nd ref="551593934"/>
  <tag k="building" v="residential"/>
  <tag k="building:flats" v="1"/>
  <tag k="building:levels" v="2"/>
  <tag k="building:ruian:type" v="3"/>
  <tag k="ref:ruian:building" v="5489822"/>
  <tag k="source" v="cuzk:ruian"/>
 </way>
 <way id="43632399" visible="true" version="3" changeset="37118600" timestamp="2016-02-10T07:49:16Z" user="JandaM" uid="2169558">
  <nd ref="3998621075"/>
  <nd ref="551593912"/>
  <nd ref="551593918"/>
  <nd ref="551593897"/>
  <nd ref="551593847"/>
  <nd ref="551593931"/>
  <nd ref="3998621073"/>
  <nd ref="3998621071"/>
  <nd ref="551593943"/>
  <nd ref="2471017117"/>
  <nd ref="2471017118"/>
  <nd ref="551593940"/>
  <nd ref="551593923"/>
  <nd ref="3998621077"/>
  <nd ref="3998621076"/>
  <nd ref="3998621075"/>
  <tag k="building" v="residential"/>
  <tag k="building:flats" v="2"/>
  <tag k="building:levels" v="2"/>
  <tag k="building:ruian:type" v="3"/>
  <tag k="ref:ruian:building" v="5489814"/>
  <tag k="source" v="cuzk:ruian"/>
 </way>
 <way id="43632400" visible="true" version="1" changeset="3016151" timestamp="2009-11-02T13:06:31Z" user="fik" uid="73797">
  <nd ref="551593925"/>
  <nd ref="551593928"/>
  <nd ref="551593947"/>
  <nd ref="551593951"/>
  <nd ref="551593925"/>
  <tag k="building" v="yes"/>
 </way>
 <way id="43632401" visible="true" version="1" changeset="3016151" timestamp="2009-11-02T13:06:31Z" user="fik" uid="73797">
  <nd ref="551593955"/>
  <nd ref="551593958"/>
  <nd ref="551593960"/>
  <nd ref="551593964"/>
  <nd ref="551593955"/>
  <tag k="building" v="yes"/>
 </way>
 <way id="43632402" visible="true" version="3" changeset="37118600" timestamp="2016-02-10T07:50:42Z" user="JandaM" uid="2169558">
  <nd ref="551593847"/>
  <nd ref="551593853"/>
  <nd ref="551593856"/>
  <nd ref="551593858"/>
  <nd ref="551593882"/>
  <nd ref="551593880"/>
  <nd ref="551593878"/>
  <nd ref="551593869"/>
  <nd ref="551593931"/>
  <nd ref="551593847"/>
  <tag k="building" v="residential"/>
  <tag k="building:flats" v="3"/>
  <tag k="building:levels" v="2"/>
  <tag k="building:ruian:type" v="3"/>
  <tag k="ref:ruian:building" v="5489806"/>
  <tag k="source" v="cuzk:ruian"/>
 </way>
 <way id="43632404" visible="true" version="5" changeset="37118600" timestamp="2016-02-10T07:49:11Z" user="JandaM" uid="2169558">
  <nd ref="551593856"/>
  <nd ref="551593862"/>
  <nd ref="551593866"/>
  <nd ref="3998621072"/>
  <nd ref="3998621081"/>
  <nd ref="2471017122"/>
  <nd ref="2471017121"/>
  <nd ref="2471017119"/>
  <nd ref="2471017120"/>
  <nd ref="551593875"/>
  <nd ref="551593880"/>
  <nd ref="551593882"/>
  <nd ref="551593858"/>
  <nd ref="551593856"/>
  <tag k="building" v="residential"/>
  <tag k="building:flats" v="9"/>
  <tag k="building:ruian:type" v="6"/>
  <tag k="ref:ruian:building" v="5506573"/>
  <tag k="source" v="cuzk:ruian"/>
 </way>
 <way id="43632405" visible="true" version="3" changeset="37118600" timestamp="2016-02-10T07:48:57Z" user="JandaM" uid="2169558">
  <nd ref="551593805"/>
  <nd ref="551593825"/>
  <nd ref="551593773"/>
  <nd ref="551593806"/>
  <nd ref="551593967"/>
  <nd ref="3998621090"/>
  <nd ref="551593872"/>
  <nd ref="551593758"/>
  <nd ref="551593762"/>
  <nd ref="551593771"/>
  <nd ref="551593805"/>
  <tag k="building" v="residential"/>
  <tag k="building:flats" v="5"/>
  <tag k="building:levels" v="2"/>
  <tag k="building:ruian:type" v="6"/>
  <tag k="ref:ruian:building" v="5489792"/>
  <tag k="source" v="cuzk:ruian"/>
 </way>
 <way id="43632406" visible="true" version="3" changeset="37118600" timestamp="2016-02-10T07:50:38Z" user="JandaM" uid="2169558">
  <nd ref="551593818"/>
  <nd ref="551593771"/>
  <nd ref="551593762"/>
  <nd ref="3998621074"/>
  <nd ref="551593755"/>
  <nd ref="551593783"/>
  <nd ref="551593793"/>
  <nd ref="551593791"/>
  <nd ref="551593821"/>
  <nd ref="551593818"/>
  <tag k="building" v="residential"/>
  <tag k="building:flats" v="2"/>
  <tag k="building:levels" v="1"/>
  <tag k="building:ruian:type" v="3"/>
  <tag k="ref:ruian:building" v="5489784"/>
  <tag k="source" v="cuzk:ruian"/>
 </way>
 <way id="43632407" visible="true" version="2" changeset="18026570" timestamp="2013-09-25T12:03:49Z" user="adamos" uid="25867">
  <nd ref="551593810"/>
  <nd ref="551593786"/>
  <nd ref="551593813"/>
  <nd ref="551593828"/>
  <nd ref="551593832"/>
  <nd ref="551593815"/>
  <nd ref="551593825"/>
  <nd ref="551593805"/>
  <nd ref="551593810"/>
  <tag k="building" v="yes"/>
 </way>
 <way id="43632408" visible="true" version="1" changeset="3016151" timestamp="2009-11-02T13:06:32Z" user="fik" uid="73797">
  <nd ref="551593971"/>
  <nd ref="551593977"/>
  <nd ref="551593981"/>
  <nd ref="551593984"/>
  <nd ref="551593971"/>
  <tag k="building" v="yes"/>
 </way>
 <way id="43632409" visible="true" version="2" changeset="37118600" timestamp="2016-02-10T07:50:23Z" user="JandaM" uid="2169558">
  <nd ref="551594244"/>
  <nd ref="551594210"/>
  <nd ref="551594207"/>
  <nd ref="551594214"/>
  <nd ref="551594221"/>
  <nd ref="551594227"/>
  <nd ref="551594246"/>
  <nd ref="551594244"/>
  <tag k="building" v="residential"/>
  <tag k="building:flats" v="1"/>
  <tag k="building:levels" v="1"/>
  <tag k="building:ruian:type" v="3"/>
  <tag k="ref:ruian:building" v="5491789"/>
  <tag k="source" v="cuzk:ruian"/>
 </way>
 <way id="43632410" visible="true" version="2" changeset="37118600" timestamp="2016-02-10T07:49:44Z" user="JandaM" uid="2169558">
  <nd ref="551594253"/>
  <nd ref="551594165"/>
  <nd ref="551594210"/>
  <nd ref="551594244"/>
  <nd ref="551594253"/>
  <tag k="building" v="residential"/>
  <tag k="building:flats" v="1"/>
  <tag k="building:levels" v="1"/>
  <tag k="building:ruian:type" v="3"/>
  <tag k="ref:ruian:building" v="5491819"/>
  <tag k="source" v="cuzk:ruian"/>
 </way>
 <way id="43632411" visible="true" version="2" changeset="37118600" timestamp="2016-02-10T07:50:06Z" user="JandaM" uid="2169558">
  <nd ref="551594251"/>
  <nd ref="551594169"/>
  <nd ref="551594173"/>
  <nd ref="551594165"/>
  <nd ref="551594253"/>
  <nd ref="551594251"/>
  <tag k="building" v="residential"/>
  <tag k="building:flats" v="2"/>
  <tag k="building:levels" v="1"/>
  <tag k="building:ruian:type" v="3"/>
  <tag k="ref:ruian:building" v="5491738"/>
  <tag k="source" v="cuzk:ruian"/>
 </way>
 <way id="43632413" visible="true" version="2" changeset="37118600" timestamp="2016-02-10T07:49:07Z" user="JandaM" uid="2169558">
  <nd ref="551594242"/>
  <nd ref="3998621078"/>
  <nd ref="551594237"/>
  <nd ref="551594128"/>
  <nd ref="551594133"/>
  <nd ref="551594138"/>
  <nd ref="551594141"/>
  <nd ref="3998621098"/>
  <nd ref="3998621099"/>
  <nd ref="551594176"/>
  <nd ref="551594169"/>
  <nd ref="551594251"/>
  <nd ref="551594242"/>
  <tag k="building" v="residential"/>
  <tag k="building:flats" v="1"/>
  <tag k="building:levels" v="1"/>
  <tag k="building:ruian:type" v="3"/>
  <tag k="ref:ruian:building" v="5491827"/>
  <tag k="source" v="cuzk:ruian"/>
 </way>
 <way id="43632414" visible="true" version="2" changeset="37118600" timestamp="2016-02-10T07:48:57Z" user="JandaM" uid="2169558">
  <nd ref="551594221"/>
  <nd ref="551594224"/>
  <nd ref="551594235"/>
  <nd ref="551594233"/>
  <nd ref="551594231"/>
  <nd ref="551594206"/>
  <nd ref="551594201"/>
  <nd ref="551594196"/>
  <nd ref="551594188"/>
  <nd ref="551594214"/>
  <nd ref="551594221"/>
  <tag k="building" v="yes"/>
 </way>
 <way id="43632415" visible="true" version="1" changeset="3016151" timestamp="2009-11-02T13:06:32Z" user="fik" uid="73797">
  <nd ref="551594178"/>
  <nd ref="551594181"/>
  <nd ref="551594191"/>
  <nd ref="551594217"/>
  <nd ref="551594178"/>
  <tag k="building" v="yes"/>
 </way>
 <way id="43632416" visible="true" version="2" changeset="37118600" timestamp="2016-02-10T07:50:38Z" user="JandaM" uid="2169558">
  <nd ref="551594160"/>
  <nd ref="551594184"/>
  <nd ref="551594109"/>
  <nd ref="551594040"/>
  <nd ref="551594053"/>
  <nd ref="551594050"/>
  <nd ref="551594156"/>
  <nd ref="551594152"/>
  <nd ref="551594148"/>
  <nd ref="551594160"/>
  <tag k="building" v="civic"/>
  <tag k="building:ruian:type" v="5"/>
  <tag k="ref:ruian:building" v="39975495"/>
  <tag k="source" v="cuzk:ruian"/>
 </way>
 <way id="43632417" visible="true" version="2" changeset="37118600" timestamp="2016-02-10T07:49:14Z" user="JandaM" uid="2169558">
  <nd ref="551594059"/>
  <nd ref="551594118"/>
  <nd ref="551594122"/>
  <nd ref="551594125"/>
  <nd ref="551594126"/>
  <nd ref="551594115"/>
  <nd ref="551594130"/>
  <nd ref="551594133"/>
  <nd ref="551594128"/>
  <nd ref="551594237"/>
  <nd ref="3998621078"/>
  <nd ref="551594242"/>
  <nd ref="551594240"/>
  <nd ref="551594060"/>
  <nd ref="551594059"/>
  <tag k="building" v="residential"/>
  <tag k="building:flats" v="1"/>
  <tag k="building:levels" v="1"/>
  <tag k="building:ruian:type" v="3"/>
  <tag k="ref:ruian:building" v="5491754"/>
  <tag k="source" v="cuzk:ruian"/>
 </way>
 <way id="43632418" visible="true" version="2" changeset="37118600" timestamp="2016-02-10T07:50:27Z" user="JandaM" uid="2169558">
  <nd ref="551594115"/>
  <nd ref="551594059"/>
  <nd ref="551594060"/>
  <nd ref="551594078"/>
  <nd ref="551594091"/>
  <nd ref="551594100"/>
  <nd ref="551594103"/>
  <nd ref="551594115"/>
  <tag k="building" v="residential"/>
  <tag k="building:flats" v="1"/>
  <tag k="building:levels" v="2"/>
  <tag k="building:ruian:type" v="3"/>
  <tag k="ref:ruian:building" v="5491649"/>
  <tag k="source" v="cuzk:ruian"/>
 </way>
 <way id="43632419" visible="true" version="2" changeset="37118600" timestamp="2016-02-10T07:50:08Z" user="JandaM" uid="2169558">
  <nd ref="551594091"/>
  <nd ref="551594078"/>
  <nd ref="551594081"/>
  <nd ref="551594084"/>
  <nd ref="551594089"/>
  <nd ref="551594106"/>
  <nd ref="551594091"/>
  <tag k="building" v="residential"/>
  <tag k="building:flats" v="1"/>
  <tag k="building:levels" v="2"/>
  <tag k="building:ruian:type" v="3"/>
  <tag k="ref:ruian:building" v="5491631"/>
  <tag k="source" v="cuzk:ruian"/>
 </way>
 <way id="43632420" visible="true" version="2" changeset="37118600" timestamp="2016-02-10T07:50:39Z" user="JandaM" uid="2169558">
  <nd ref="551593996"/>
  <nd ref="551594084"/>
  <nd ref="551594081"/>
  <nd ref="551593990"/>
  <nd ref="3998621065"/>
  <nd ref="551593992"/>
  <nd ref="551594017"/>
  <nd ref="551594011"/>
  <nd ref="551594013"/>
  <nd ref="551593996"/>
  <tag k="building" v="residential"/>
  <tag k="building:flats" v="2"/>
  <tag k="building:levels" v="2"/>
  <tag k="building:ruian:type" v="3"/>
  <tag k="ref:ruian:building" v="5491681"/>
  <tag k="source" v="cuzk:ruian"/>
 </way>
 <way id="43632421" visible="true" version="1" changeset="3016151" timestamp="2009-11-02T13:06:34Z" user="fik" uid="73797">
  <nd ref="551594097"/>
  <nd ref="551594107"/>
  <nd ref="551594108"/>
  <nd ref="551594018"/>
  <nd ref="551594019"/>
  <nd ref="551594112"/>
  <nd ref="551594097"/>
  <tag k="building" v="yes"/>
 </way>
 <way id="43632423" visible="true" version="2" changeset="37118600" timestamp="2016-02-10T07:49:55Z" user="JandaM" uid="2169558">
  <nd ref="551594307"/>
  <nd ref="551594316"/>
  <nd ref="551594309"/>
  <nd ref="551594311"/>
  <nd ref="551594313"/>
  <nd ref="551594307"/>
  <tag k="building" v="residential"/>
  <tag k="building:levels" v="1"/>
  <tag k="building:ruian:type" v="3"/>
  <tag k="ref:ruian:building" v="5491894"/>
  <tag k="source" v="cuzk:ruian"/>
 </way>
 <way id="43632424" visible="true" version="2" changeset="37118600" timestamp="2016-02-10T07:49:51Z" user="JandaM" uid="2169558">
  <nd ref="551594318"/>
  <nd ref="551594254"/>
  <nd ref="551594316"/>
  <nd ref="551594307"/>
  <nd ref="551594318"/>
  <tag k="building" v="residential"/>
  <tag k="building:flats" v="1"/>
  <tag k="building:levels" v="1"/>
  <tag k="building:ruian:type" v="3"/>
  <tag k="ref:ruian:building" v="5491851"/>
  <tag k="source" v="cuzk:ruian"/>
 </way>
 <way id="43632425" visible="true" version="2" changeset="37118600" timestamp="2016-02-10T07:49:27Z" user="JandaM" uid="2169558">
  <nd ref="551594313"/>
  <nd ref="551594311"/>
  <nd ref="551594305"/>
  <nd ref="551594304"/>
  <nd ref="551594313"/>
  <tag k="building" v="residential"/>
  <tag k="building:flats" v="1"/>
  <tag k="building:levels" v="1"/>
  <tag k="building:ruian:type" v="3"/>
  <tag k="ref:ruian:building" v="5491932"/>
  <tag k="source" v="cuzk:ruian"/>
 </way>
 <way id="43632426" visible="true" version="1" changeset="3016151" timestamp="2009-11-02T13:06:34Z" user="fik" uid="73797">
  <nd ref="551594279"/>
  <nd ref="551594281"/>
  <nd ref="551594302"/>
  <nd ref="551594303"/>
  <nd ref="551594279"/>
  <tag k="building" v="yes"/>
 </way>
 <way id="43632427" visible="true" version="1" changeset="3016151" timestamp="2009-11-02T13:06:34Z" user="fik" uid="73797">
  <nd ref="551594256"/>
  <nd ref="551594258"/>
  <nd ref="551594282"/>
  <nd ref="551594284"/>
  <nd ref="551594298"/>
  <nd ref="551594300"/>
  <nd ref="551594256"/>
  <tag k="building" v="yes"/>
 </way>
 <way id="43632428" visible="true" version="1" changeset="3016151" timestamp="2009-11-02T13:06:34Z" user="fik" uid="73797">
  <nd ref="551594260"/>
  <nd ref="551594262"/>
  <nd ref="551594264"/>
  <nd ref="551594266"/>
  <nd ref="551594260"/>
  <tag k="building" v="yes"/>
 </way>
 <way id="43632429" visible="true" version="1" changeset="3016151" timestamp="2009-11-02T13:06:34Z" user="fik" uid="73797">
  <nd ref="551594286"/>
  <nd ref="551594288"/>
  <nd ref="551594289"/>
  <nd ref="551594290"/>
  <nd ref="551594286"/>
  <tag k="building" v="yes"/>
 </way>
 <way id="43632430" visible="true" version="1" changeset="3016151" timestamp="2009-11-02T13:06:34Z" user="fik" uid="73797">
  <nd ref="551594291"/>
  <nd ref="551594292"/>
  <nd ref="551594294"/>
  <nd ref="551594296"/>
  <nd ref="551594291"/>
  <tag k="building" v="yes"/>
 </way>
 <way id="44833823" visible="true" version="2" changeset="11675370" timestamp="2012-05-22T20:07:22Z" user="Karl Von Bahnhoff" uid="520972">
  <nd ref="568399580"/>
  <nd ref="568399619"/>
  <tag k="highway" v="footway"/>
  <tag k="source" v="cuzk:km;uhul:ortofoto"/>
 </way>
 <way id="44833824" visible="true" version="2" changeset="11665038" timestamp="2012-05-21T18:55:37Z" user="Karl Von Bahnhoff" uid="520972">
  <nd ref="568399608"/>
  <nd ref="1761282992"/>
  <nd ref="568399614"/>
  <nd ref="568399615"/>
  <nd ref="311042757"/>
  <tag k="highway" v="footway"/>
  <tag k="source" v="cuzk:km;uhul:ortofoto"/>
 </way>
 <way id="44833825" visible="true" version="2" changeset="11665038" timestamp="2012-05-21T18:55:37Z" user="Karl Von Bahnhoff" uid="520972">
  <nd ref="568399582"/>
  <nd ref="568399621"/>
  <nd ref="568399627"/>
  <nd ref="1761282990"/>
  <tag k="highway" v="footway"/>
  <tag k="source" v="cuzk:km;uhul:ortofoto"/>
 </way>
 <way id="44833826" visible="true" version="2" changeset="11665038" timestamp="2012-05-21T18:55:37Z" user="Karl Von Bahnhoff" uid="520972">
  <nd ref="310138817"/>
  <nd ref="1761282969"/>
  <tag k="highway" v="footway"/>
  <tag k="source" v="cuzk:km;uhul:ortofoto"/>
 </way>
 <way id="44833827" visible="true" version="4" changeset="11675370" timestamp="2012-05-22T20:07:22Z" user="Karl Von Bahnhoff" uid="520972">
  <nd ref="568399610"/>
  <nd ref="568399608"/>
  <nd ref="568399619"/>
  <tag k="bicycle" v="yes"/>
  <tag k="highway" v="footway"/>
  <tag k="surface" v="paved"/>
 </way>
 <way id="44833828" visible="true" version="2" changeset="36347889" timestamp="2016-01-03T21:27:34Z" user="Michal Vinárek" uid="3108884">
  <nd ref="311042757"/>
  <nd ref="3926098598"/>
  <tag k="highway" v="footway"/>
  <tag k="source" v="cuzk:km;uhul:ortofoto"/>
 </way>
 <way id="93496094" visible="true" version="2" changeset="15804498" timestamp="2013-04-20T22:34:30Z" user="BiIbo" uid="3516">
  <nd ref="1083982035"/>
  <nd ref="1083930536"/>
  <nd ref="1083941378"/>
  <nd ref="1083954313"/>
  <nd ref="2274418452"/>
  <nd ref="1083957442"/>
  <nd ref="1083982035"/>
  <tag k="building" v="yes"/>
  <tag k="source" v="cuzk:km"/>
 </way>
 <way id="93496103" visible="true" version="1" changeset="6874837" timestamp="2011-01-05T19:10:29Z" user="Petr1868" uid="72020">
  <nd ref="1083928474"/>
  <nd ref="1083939186"/>
  <nd ref="1083952542"/>
  <nd ref="1083966970"/>
  <nd ref="1083928474"/>
  <tag k="building" v="yes"/>
  <tag k="source" v="cuzk:km"/>
 </way>
 <way id="93496938" visible="true" version="3" changeset="37161321" timestamp="2016-02-12T06:23:26Z" user="JandaM" uid="2169558">
  <nd ref="1083953117"/>
  <nd ref="1083939797"/>
  <nd ref="2274418461"/>
  <nd ref="1083924778"/>
  <nd ref="1083934886"/>
  <nd ref="1083946896"/>
  <nd ref="4002013733"/>
  <nd ref="1083960252"/>
  <nd ref="1083953117"/>
  <tag k="building" v="residential"/>
  <tag k="building:flats" v="1"/>
  <tag k="building:levels" v="1"/>
  <tag k="building:ruian:type" v="3"/>
  <tag k="ref:ruian:building" v="5491134"/>
  <tag k="source" v="cuzk:ruian"/>
 </way>
 <way id="93497541" visible="true" version="4" changeset="37118600" timestamp="2016-02-10T07:48:51Z" user="JandaM" uid="2169558">
  <nd ref="1083983280"/>
  <nd ref="1083931480"/>
  <nd ref="1083942524"/>
  <nd ref="1083966628"/>
  <nd ref="1083983280"/>
  <tag k="building" v="civic"/>
  <tag k="building:ruian:type" v="5"/>
  <tag k="leisure" v="sports_centre"/>
  <tag k="name" v="Sportovní hala"/>
  <tag k="ref:ruian:building" v="42151392"/>
  <tag k="source" v="cuzk:ruian"/>
 </way>
 <way id="93497950" visible="true" version="3" changeset="37140767" timestamp="2016-02-11T07:49:29Z" user="JandaM" uid="2169558">
  <nd ref="1083939849"/>
  <nd ref="1083975272"/>
  <nd ref="1083926515"/>
  <nd ref="1083968051"/>
  <nd ref="1083953189"/>
  <nd ref="1083939849"/>
  <tag k="building" v="residential"/>
  <tag k="building:flats" v="1"/>
  <tag k="building:levels" v="1"/>
  <tag k="building:ruian:type" v="3"/>
  <tag k="ref:ruian:building" v="5491169"/>
  <tag k="source" v="cuzk:ruian"/>
 </way>
 <way id="93498242" visible="true" version="2" changeset="37161321" timestamp="2016-02-12T06:22:00Z" user="JandaM" uid="2169558">
  <nd ref="1083938480"/>
  <nd ref="1083928002"/>
  <nd ref="1083977629"/>
  <nd ref="1083955076"/>
  <nd ref="1083970899"/>
  <nd ref="1083923582"/>
  <nd ref="1083933726"/>
  <nd ref="1083945629"/>
  <nd ref="1083958234"/>
  <nd ref="1083975193"/>
  <nd ref="1083929273"/>
  <nd ref="1083926461"/>
  <nd ref="1083938480"/>
  <tag k="building" v="residential"/>
  <tag k="building:flats" v="1"/>
  <tag k="building:levels" v="1"/>
  <tag k="building:ruian:type" v="3"/>
  <tag k="ref:ruian:building" v="5491185"/>
  <tag k="source" v="cuzk:ruian"/>
 </way>
 <way id="93498501" visible="true" version="3" changeset="37161321" timestamp="2016-02-12T06:23:19Z" user="JandaM" uid="2169558">
  <nd ref="1083939797"/>
  <nd ref="1083953117"/>
  <nd ref="1083926461"/>
  <nd ref="1083929273"/>
  <nd ref="1083974212"/>
  <nd ref="2274418464"/>
  <nd ref="1083939797"/>
  <tag k="building" v="residential"/>
  <tag k="building:flats" v="4"/>
  <tag k="building:levels" v="2"/>
  <tag k="building:ruian:type" v="3"/>
  <tag k="ref:ruian:building" v="5491380"/>
  <tag k="source" v="cuzk:ruian"/>
 </way>
 <way id="93498671" visible="true" version="2" changeset="37161321" timestamp="2016-02-12T06:23:22Z" user="JandaM" uid="2169558">
  <nd ref="1083957157"/>
  <nd ref="1083950716"/>
  <nd ref="1083954015"/>
  <nd ref="4002013702"/>
  <nd ref="4002013701"/>
  <nd ref="1083925567"/>
  <nd ref="1083944498"/>
  <nd ref="1083957157"/>
  <tag k="building" v="commercial"/>
  <tag k="building:flats" v="2"/>
  <tag k="building:ruian:type" v="10"/>
  <tag k="ref:ruian:building" v="25215833"/>
  <tag k="source" v="cuzk:ruian"/>
  <tag k="start_date" v="2002-11-19"/>
 </way>
 <way id="93498763" visible="true" version="2" changeset="37161321" timestamp="2016-02-12T06:23:35Z" user="JandaM" uid="2169558">
  <nd ref="1083935234"/>
  <nd ref="1083968787"/>
  <nd ref="1083985214"/>
  <nd ref="1083932607"/>
  <nd ref="1083944025"/>
  <nd ref="1083956702"/>
  <nd ref="1083973100"/>
  <nd ref="1083925150"/>
  <nd ref="1083935234"/>
  <tag k="building" v="yes"/>
  <tag k="building:ruian:type" v="19"/>
  <tag k="ref:ruian:building" v="46235094"/>
  <tag k="source" v="cuzk:ruian"/>
 </way>
 <way id="93499326" visible="true" version="2" changeset="37161321" timestamp="2016-02-12T06:22:08Z" user="JandaM" uid="2169558">
  <nd ref="4002013589"/>
  <nd ref="4002013587"/>
  <nd ref="1083975736"/>
  <nd ref="4002013591"/>
  <nd ref="4002013592"/>
  <nd ref="1083926809"/>
  <nd ref="1083936893"/>
  <nd ref="1083950250"/>
  <nd ref="1083963627"/>
  <nd ref="1083980746"/>
  <nd ref="1083946168"/>
  <nd ref="1083971479"/>
  <nd ref="4002013584"/>
  <nd ref="1083958873"/>
  <nd ref="4002013589"/>
  <tag k="building" v="residential"/>
  <tag k="building:ruian:type" v="3"/>
  <tag k="ref:ruian:building" v="5511020"/>
  <tag k="source" v="cuzk:ruian"/>
 </way>
 <way id="93499480" visible="true" version="2" changeset="37118600" timestamp="2016-02-10T07:49:47Z" user="JandaM" uid="2169558">
  <nd ref="1083928200"/>
  <nd ref="1083978044"/>
  <nd ref="315114699"/>
  <nd ref="1083938777"/>
  <nd ref="1083928200"/>
  <tag k="building" v="yes"/>
  <tag k="source" v="cuzk:km"/>
 </way>
 <way id="93499884" visible="true" version="1" changeset="6874837" timestamp="2011-01-05T19:22:00Z" user="Petr1868" uid="72020">
  <nd ref="1083942891"/>
  <nd ref="1083955597"/>
  <nd ref="1083971557"/>
  <nd ref="1083924125"/>
  <nd ref="1083942891"/>
  <tag k="building" v="yes"/>
  <tag k="source" v="cuzk:km"/>
 </way>
 <way id="93499935" visible="true" version="1" changeset="6874837" timestamp="2011-01-05T19:22:07Z" user="Petr1868" uid="72020">
  <nd ref="1083948529"/>
  <nd ref="1083961860"/>
  <nd ref="1083978224"/>
  <nd ref="1083928264"/>
  <nd ref="1083948529"/>
  <tag k="building" v="yes"/>
  <tag k="source" v="cuzk:km"/>
 </way>
 <way id="93500027" visible="true" version="2" changeset="37161321" timestamp="2016-02-12T06:21:55Z" user="JandaM" uid="2169558">
  <nd ref="1083928970"/>
  <nd ref="4002013631"/>
  <nd ref="4002013630"/>
  <nd ref="4002013647"/>
  <nd ref="4002013646"/>
  <nd ref="1083946629"/>
  <nd ref="1083984143"/>
  <nd ref="1083931978"/>
  <nd ref="1083943350"/>
  <nd ref="1083955994"/>
  <nd ref="1083972102"/>
  <nd ref="1083926268"/>
  <nd ref="1083928970"/>
  <tag k="building" v="residential"/>
  <tag k="building:flats" v="1"/>
  <tag k="building:levels" v="2"/>
  <tag k="building:ruian:type" v="3"/>
  <tag k="ref:ruian:building" v="5491801"/>
  <tag k="source" v="cuzk:ruian"/>
 </way>
 <way id="93502385" visible="true" version="1" changeset="6874837" timestamp="2011-01-05T19:30:38Z" user="Petr1868" uid="72020">
  <nd ref="1083929273"/>
  <nd ref="1083975193"/>
  <nd ref="1083982035"/>
  <nd ref="1083957442"/>
  <nd ref="1083974212"/>
  <nd ref="1083929273"/>
  <tag k="building" v="yes"/>
  <tag k="source" v="cuzk:km"/>
 </way>
 <way id="93502808" visible="true" version="2" changeset="37161321" timestamp="2016-02-12T06:23:23Z" user="JandaM" uid="2169558">
  <nd ref="1083946629"/>
  <nd ref="1083954015"/>
  <nd ref="1083950716"/>
  <nd ref="1083964634"/>
  <nd ref="1083981659"/>
  <nd ref="1083930252"/>
  <nd ref="1083984143"/>
  <nd ref="1083946629"/>
  <tag k="building" v="civic"/>
  <tag k="building:levels" v="2"/>
  <tag k="building:ruian:type" v="5"/>
  <tag k="ref:ruian:building" v="5491797"/>
  <tag k="source" v="cuzk:ruian"/>
 </way>
 <way id="93503549" visible="true" version="2" changeset="37118600" timestamp="2016-02-10T07:49:03Z" user="JandaM" uid="2169558">
  <nd ref="1083954369"/>
  <nd ref="1083970065"/>
  <nd ref="1083986231"/>
  <nd ref="1083933207"/>
  <nd ref="1083944854"/>
  <nd ref="1083957505"/>
  <nd ref="1083974356"/>
  <nd ref="1083925880"/>
  <nd ref="1083935866"/>
  <nd ref="1083937748"/>
  <nd ref="1083927455"/>
  <nd ref="1083954369"/>
  <tag k="building" v="civic"/>
  <tag k="building:flats" v="2"/>
  <tag k="building:levels" v="3"/>
  <tag k="building:ruian:type" v="5"/>
  <tag k="ref:ruian:building" v="5491142"/>
  <tag k="source" v="cuzk:ruian"/>
 </way>
 <way id="93503793" visible="true" version="3" changeset="37140767" timestamp="2016-02-11T07:50:03Z" user="JandaM" uid="2169558">
  <nd ref="1083947005"/>
  <nd ref="1083960426"/>
  <nd ref="1083976696"/>
  <nd ref="1083927455"/>
  <nd ref="1083937748"/>
  <nd ref="1083968051"/>
  <nd ref="1083953189"/>
  <nd ref="1083924847"/>
  <nd ref="1083934943"/>
  <nd ref="1083947005"/>
  <tag k="building" v="residential"/>
  <tag k="building:flats" v="2"/>
  <tag k="building:levels" v="2"/>
  <tag k="building:ruian:type" v="3"/>
  <tag k="ref:ruian:building" v="5490944"/>
  <tag k="source" v="cuzk:ruian"/>
 </way>
 <way id="164497031" visible="true" version="2" changeset="36347889" timestamp="2016-01-03T21:27:35Z" user="Michal Vinárek" uid="3108884">
  <nd ref="301479609"/>
  <nd ref="1350629803"/>
  <nd ref="3926098601"/>
  <tag k="highway" v="residential"/>
  <tag k="name" v="Komenského"/>
  <tag k="source" v="uhul:ortofoto"/>
 </way>
 <way id="164497032" visible="true" version="2" changeset="36347889" timestamp="2016-01-03T21:27:35Z" user="Michal Vinárek" uid="3108884">
  <nd ref="3926098601"/>
  <nd ref="3926098600"/>
  <nd ref="311042746"/>
  <tag k="highway" v="residential"/>
  <tag k="name" v="Komenského"/>
  <tag k="source" v="uhul:ortofoto"/>
 </way>
 <way id="164497041" visible="true" version="4" changeset="32836291" timestamp="2015-07-23T20:21:03Z" user="Karl Von Bahnhoff" uid="520972">
  <nd ref="3663654829"/>
  <nd ref="1761283006"/>
  <nd ref="1761283001"/>
  <nd ref="1761282999"/>
  <nd ref="1761282995"/>
  <nd ref="568399606"/>
  <nd ref="568399580"/>
  <tag k="highway" v="footway"/>
  <tag k="name" v="Palackého sady"/>
  <tag k="surface" v="paved"/>
 </way>
 <way id="164497043" visible="true" version="3" changeset="33027314" timestamp="2015-08-01T09:59:43Z" user="Minimalis" uid="665336">
  <nd ref="1761282979"/>
  <nd ref="1762475776"/>
  <nd ref="1761282967"/>
  <tag k="highway" v="footway"/>
  <tag k="layer" v="-1"/>
  <tag k="surface" v="paved"/>
  <tag k="tunnel" v="yes"/>
 </way>
 <way id="164497044" visible="true" version="2" changeset="15801814" timestamp="2013-04-20T22:20:18Z" user="BiIbo" uid="3516">
  <nd ref="1761282969"/>
  <nd ref="2274404688"/>
  <nd ref="1761282986"/>
  <tag k="highway" v="footway"/>
  <tag k="source" v="cuzk:km;uhul:ortofoto"/>
  <tag k="tunnel" v="yes"/>
 </way>
 <way id="164497048" visible="true" version="1" changeset="11665038" timestamp="2012-05-21T18:55:13Z" user="Karl Von Bahnhoff" uid="520972">
  <nd ref="1761282992"/>
  <nd ref="1761283003"/>
  <tag k="highway" v="footway"/>
  <tag k="surface" v="paved"/>
 </way>
 <way id="164497049" visible="true" version="3" changeset="33027314" timestamp="2015-08-01T09:59:42Z" user="Minimalis" uid="665336">
  <nd ref="568399582"/>
  <nd ref="1761282979"/>
  <tag k="highway" v="footway"/>
  <tag k="surface" v="paved"/>
 </way>
 <way id="164497050" visible="true" version="1" changeset="11665038" timestamp="2012-05-21T18:55:13Z" user="Karl Von Bahnhoff" uid="520972">
  <nd ref="1761282967"/>
  <nd ref="1761282960"/>
  <tag k="highway" v="footway"/>
  <tag k="surface" v="paved"/>
 </way>
 <way id="164497052" visible="true" version="2" changeset="11675370" timestamp="2012-05-22T20:07:22Z" user="Karl Von Bahnhoff" uid="520972">
  <nd ref="311042751"/>
  <nd ref="1761282964"/>
  <tag k="bicycle" v="yes"/>
  <tag k="highway" v="footway"/>
  <tag k="surface" v="paved"/>
 </way>
 <way id="164497055" visible="true" version="3" changeset="39324153" timestamp="2016-05-15T04:52:16Z" user="Michal Vinárek" uid="3108884">
  <nd ref="311042750"/>
  <nd ref="1761283009"/>
  <nd ref="1761283010"/>
  <nd ref="4186764096"/>
  <nd ref="4186764258"/>
  <tag k="highway" v="footway"/>
  <tag k="surface" v="paved"/>
 </way>
 <way id="164497057" visible="true" version="3" changeset="11857953" timestamp="2012-06-10T19:02:32Z" user="Karl Von Bahnhoff" uid="520972">
  <nd ref="1761282986"/>
  <nd ref="568399606"/>
  <nd ref="1762475781"/>
  <nd ref="568399610"/>
  <tag k="highway" v="footway"/>
  <tag k="source" v="cuzk:km;uhul:ortofoto"/>
 </way>
 <way id="164497061" visible="true" version="1" changeset="11665038" timestamp="2012-05-21T18:55:15Z" user="Karl Von Bahnhoff" uid="520972">
  <nd ref="311042751"/>
  <nd ref="1761282957"/>
  <nd ref="311042752"/>
  <nd ref="311042753"/>
  <nd ref="311042754"/>
  <tag k="bicycle" v="yes"/>
  <tag k="highway" v="footway"/>
  <tag k="surface" v="paved"/>
 </way>
 <way id="164497063" visible="true" version="1" changeset="11665038" timestamp="2012-05-21T18:55:16Z" user="Karl Von Bahnhoff" uid="520972">
  <nd ref="1761282973"/>
  <nd ref="1761282984"/>
  <nd ref="568399627"/>
  <nd ref="1761282988"/>
  <nd ref="1761282977"/>
  <nd ref="1761282971"/>
  <tag k="highway" v="footway"/>
  <tag k="surface" v="paved"/>
 </way>
 <way id="164634910" visible="true" version="2" changeset="24727588" timestamp="2014-08-13T16:39:15Z" user="Minimalis" uid="665336">
  <nd ref="310138818"/>
  <nd ref="310138814"/>
  <nd ref="310138810"/>
  <tag k="highway" v="pedestrian"/>
  <tag k="name" v="Havlíčkovo nám."/>
  <tag k="source" v="uhul:ortofoto"/>
 </way>
 <way id="164634911" visible="true" version="2" changeset="17018503" timestamp="2013-07-20T00:26:38Z" user="Minimalis" uid="665336">
  <nd ref="1761282960"/>
  <nd ref="310138818"/>
  <tag k="highway" v="pedestrian"/>
  <tag k="name" v="Heydukova"/>
  <tag k="oneway" v="yes"/>
  <tag k="source" v="uhul:ortofoto"/>
  <tag k="surface" v="cobblestone"/>
 </way>
 <way id="164634912" visible="true" version="1" changeset="11675370" timestamp="2012-05-22T20:07:06Z" user="Karl Von Bahnhoff" uid="520972">
  <nd ref="1762475759"/>
  <nd ref="310138807"/>
  <nd ref="368740736"/>
  <nd ref="310138811"/>
  <tag k="highway" v="unclassified"/>
  <tag k="name" v="Nerudova"/>
  <tag k="oneway" v="yes"/>
  <tag k="source" v="uhul:ortofoto"/>
 </way>
 <way id="164634913" visible="true" version="3" changeset="33021948" timestamp="2015-07-31T23:47:47Z" user="Michal Vinárek" uid="3108884">
  <nd ref="1762475764"/>
  <nd ref="368740736"/>
  <nd ref="368740740"/>
  <nd ref="368740769"/>
  <nd ref="368740743"/>
  <nd ref="368740749"/>
  <nd ref="3675715162"/>
  <nd ref="368740752"/>
  <nd ref="368740756"/>
  <nd ref="1918703246"/>
  <nd ref="1918703245"/>
  <nd ref="368740761"/>
  <nd ref="1918703243"/>
  <tag k="highway" v="footway"/>
  <tag k="surface" v="paved"/>
 </way>
 <way id="164634914" visible="true" version="1" changeset="11675370" timestamp="2012-05-22T20:07:07Z" user="Karl Von Bahnhoff" uid="520972">
  <nd ref="568399619"/>
  <nd ref="568399624"/>
  <tag k="highway" v="footway"/>
  <tag k="source" v="cuzk:km;uhul:ortofoto"/>
 </way>
 <way id="164634915" visible="true" version="1" changeset="11675370" timestamp="2012-05-22T20:07:07Z" user="Karl Von Bahnhoff" uid="520972">
  <nd ref="1762475764"/>
  <nd ref="1762475759"/>
  <tag k="highway" v="footway"/>
  <tag k="surface" v="paved"/>
 </way>
 <way id="164634916" visible="true" version="2" changeset="21311935" timestamp="2014-03-25T19:52:21Z" user="Minimalis" uid="665336">
  <nd ref="568399580"/>
  <nd ref="568399582"/>
  <tag k="highway" v="footway"/>
  <tag k="name" v="Palackého sady"/>
  <tag k="surface" v="paved"/>
 </way>
 <way id="164634917" visible="true" version="2" changeset="36347889" timestamp="2016-01-03T21:27:35Z" user="Michal Vinárek" uid="3108884">
  <nd ref="1761282964"/>
  <nd ref="3926098601"/>
  <tag k="bicycle" v="yes"/>
  <tag k="highway" v="footway"/>
  <tag k="surface" v="paved"/>
 </way>
 <way id="164634918" visible="true" version="1" changeset="11675370" timestamp="2012-05-22T20:07:07Z" user="Karl Von Bahnhoff" uid="520972">
  <nd ref="1762475772"/>
  <nd ref="1762475768"/>
  <tag k="highway" v="footway"/>
  <tag k="surface" v="paved"/>
 </way>
 <way id="164634919" visible="true" version="1" changeset="11675370" timestamp="2012-05-22T20:07:07Z" user="Karl Von Bahnhoff" uid="520972">
  <nd ref="1762475800"/>
  <nd ref="1762475803"/>
  <nd ref="1762475806"/>
  <tag k="highway" v="footway"/>
  <tag k="surface" v="paved"/>
 </way>
 <way id="164634920" visible="true" version="1" changeset="11675370" timestamp="2012-05-22T20:07:07Z" user="Karl Von Bahnhoff" uid="520972">
  <nd ref="1761282964"/>
  <nd ref="311042753"/>
  <nd ref="1762475764"/>
  <tag k="highway" v="footway"/>
  <tag k="surface" v="paved"/>
 </way>
 <way id="164634921" visible="true" version="1" changeset="11675370" timestamp="2012-05-22T20:07:08Z" user="Karl Von Bahnhoff" uid="520972">
  <nd ref="1762475788"/>
  <nd ref="1762475784"/>
  <nd ref="1762475781"/>
  <tag k="highway" v="footway"/>
  <tag k="surface" v="paved"/>
 </way>
 <way id="164634922" visible="true" version="3" changeset="32836291" timestamp="2015-07-23T20:21:03Z" user="Karl Von Bahnhoff" uid="520972">
  <nd ref="568399582"/>
  <nd ref="1761282973"/>
  <nd ref="1761282971"/>
  <nd ref="3663649817"/>
  <nd ref="1762475768"/>
  <nd ref="1761282957"/>
  <tag k="highway" v="footway"/>
  <tag k="name" v="Palackého sady"/>
  <tag k="surface" v="paved"/>
 </way>
 <way id="164634923" visible="true" version="1" changeset="11675370" timestamp="2012-05-22T20:07:08Z" user="Karl Von Bahnhoff" uid="520972">
  <nd ref="568399619"/>
  <nd ref="568399621"/>
  <nd ref="1761282984"/>
  <nd ref="1761282977"/>
  <nd ref="311042761"/>
  <nd ref="1762475772"/>
  <nd ref="311042751"/>
  <tag k="bicycle" v="yes"/>
  <tag k="highway" v="footway"/>
  <tag k="surface" v="paved"/>
 </way>
 <way id="166871871" visible="true" version="1" changeset="11857953" timestamp="2012-06-10T19:02:27Z" user="Karl Von Bahnhoff" uid="520972">
  <nd ref="568399610"/>
  <nd ref="311042757"/>
  <tag k="highway" v="footway"/>
  <tag k="source" v="cuzk:km;uhul:ortofoto"/>
 </way>
 <way id="174300541" visible="true" version="7" changeset="48081310" timestamp="2017-04-24T07:12:05Z" user="Petr1868" uid="72020">
  <nd ref="310210103"/>
  <nd ref="4177431118"/>
  <nd ref="4175107633"/>
  <nd ref="310210104"/>
  <tag k="highway" v="residential"/>
  <tag k="name" v="Velké náměstí"/>
  <tag k="oneway" v="yes"/>
  <tag k="source" v="uhul:ortofoto"/>
  <tag k="surface" v="cobblestone"/>
 </way>
 <way id="174300542" visible="true" version="4" changeset="32996634" timestamp="2015-07-30T23:54:48Z" user="Michal Vinárek" uid="3108884">
  <nd ref="310210105"/>
  <nd ref="313509721"/>
  <nd ref="310210106"/>
  <tag k="highway" v="residential"/>
  <tag k="name" v="Velké náměstí"/>
  <tag k="oneway" v="yes"/>
  <tag k="source" v="uhul:ortofoto"/>
  <tag k="surface" v="cobblestone"/>
 </way>
 <way id="218165221" visible="true" version="1" changeset="15801814" timestamp="2013-04-20T22:20:13Z" user="BiIbo" uid="3516">
  <nd ref="2274404914"/>
  <nd ref="2274404884"/>
  <nd ref="2274404885"/>
  <nd ref="2274404867"/>
  <nd ref="2274404866"/>
  <nd ref="2274404858"/>
  <nd ref="2274404856"/>
  <nd ref="2274404875"/>
  <nd ref="2274404873"/>
  <nd ref="2274404913"/>
  <nd ref="2274404914"/>
  <tag k="building" v="yes"/>
  <tag k="source" v="cuzk:km"/>
 </way>
 <way id="218165222" visible="true" version="2" changeset="39324153" timestamp="2016-05-15T04:52:15Z" user="Michal Vinárek" uid="3108884">
  <nd ref="2274404718"/>
  <nd ref="2274404675"/>
  <nd ref="2274404678"/>
  <nd ref="2274404687"/>
  <nd ref="2274404704"/>
  <nd ref="2274404615"/>
  <nd ref="2274404618"/>
  <nd ref="4186763775"/>
  <nd ref="2274404629"/>
  <nd ref="2274404734"/>
  <nd ref="2274404718"/>
  <tag k="building" v="yes"/>
  <tag k="source" v="cuzk:km"/>
 </way>
 <way id="218165223" visible="true" version="2" changeset="37140767" timestamp="2016-02-11T07:48:43Z" user="JandaM" uid="2169558">
  <nd ref="2274404805"/>
  <nd ref="2274404806"/>
  <nd ref="2274404800"/>
  <nd ref="2274404798"/>
  <nd ref="2274404776"/>
  <nd ref="4000238375"/>
  <nd ref="2274404778"/>
  <nd ref="4000238377"/>
  <nd ref="2274404790"/>
  <nd ref="2274404787"/>
  <nd ref="2274404823"/>
  <nd ref="2274404819"/>
  <nd ref="2274404805"/>
  <tag k="building" v="residential"/>
  <tag k="building:flats" v="2"/>
  <tag k="building:levels" v="4"/>
  <tag k="building:ruian:type" v="3"/>
  <tag k="ref:ruian:building" v="5489571"/>
  <tag k="source" v="cuzk:ruian"/>
 </way>
 <way id="218165224" visible="true" version="2" changeset="37140936" timestamp="2016-02-11T08:04:39Z" user="JandaM" uid="2169558">
  <nd ref="2274404703"/>
  <nd ref="2274404691"/>
  <nd ref="2274404717"/>
  <nd ref="2274404719"/>
  <nd ref="2274404728"/>
  <nd ref="2274404680"/>
  <nd ref="2274404660"/>
  <nd ref="2274404659"/>
  <nd ref="2274404653"/>
  <nd ref="4000252208"/>
  <nd ref="2274404650"/>
  <nd ref="2274404644"/>
  <nd ref="2274404703"/>
  <tag k="building" v="yes"/>
  <tag k="source" v="cuzk:km"/>
 </way>
 <way id="218165225" visible="true" version="3" changeset="37140936" timestamp="2016-02-11T08:04:41Z" user="JandaM" uid="2169558">
  <nd ref="3676145489"/>
  <nd ref="3676145490"/>
  <nd ref="2274404686"/>
  <nd ref="2274404648"/>
  <nd ref="2274404661"/>
  <nd ref="2274404642"/>
  <nd ref="3676145487"/>
  <nd ref="2274404636"/>
  <nd ref="2274404645"/>
  <nd ref="3676145488"/>
  <nd ref="2274404649"/>
  <nd ref="2274404656"/>
  <nd ref="2274404665"/>
  <nd ref="2274404675"/>
  <nd ref="2274404718"/>
  <nd ref="3676145489"/>
  <tag k="building" v="residential"/>
  <tag k="building:flats" v="2"/>
  <tag k="building:ruian:type" v="3"/>
  <tag k="ref:ruian:building" v="5489270"/>
  <tag k="source" v="cuzk:ruian"/>
 </way>
 <way id="218165226" visible="true" version="2" changeset="37140767" timestamp="2016-02-11T07:48:41Z" user="JandaM" uid="2169558">
  <nd ref="2274404811"/>
  <nd ref="2274404827"/>
  <nd ref="2274404825"/>
  <nd ref="2274404832"/>
  <nd ref="2274404833"/>
  <nd ref="2274404834"/>
  <nd ref="2274404843"/>
  <nd ref="2274404817"/>
  <nd ref="2274404815"/>
  <nd ref="2274404808"/>
  <nd ref="2274404807"/>
  <nd ref="2274404811"/>
  <tag k="building" v="yes"/>
  <tag k="source" v="cuzk:km"/>
 </way>
 <way id="218165227" visible="true" version="2" changeset="33027314" timestamp="2015-08-01T09:59:31Z" user="Minimalis" uid="665336">
  <nd ref="315063362"/>
  <nd ref="3676145475"/>
  <nd ref="314289003"/>
  <nd ref="3676145472"/>
  <nd ref="3676145471"/>
  <nd ref="3676145468"/>
  <nd ref="3676145469"/>
  <nd ref="2274404520"/>
  <nd ref="2274404521"/>
  <nd ref="2274404533"/>
  <nd ref="2274404534"/>
  <nd ref="2274404540"/>
  <nd ref="2274404567"/>
  <nd ref="2274404638"/>
  <nd ref="314288905"/>
  <nd ref="315063362"/>
  <tag k="building" v="yes"/>
  <tag k="building:levels" v="1"/>
  <tag k="building:ruian:type" v="19"/>
  <tag k="ref:ruian:building" v="5488567"/>
  <tag k="source" v="cuzk:ruian"/>
 </way>
 <way id="218165228" visible="true" version="2" changeset="37140767" timestamp="2016-02-11T07:48:44Z" user="JandaM" uid="2169558">
  <nd ref="2274404804"/>
  <nd ref="2274404802"/>
  <nd ref="2274404791"/>
  <nd ref="2274404789"/>
  <nd ref="2274404774"/>
  <nd ref="2274404776"/>
  <nd ref="2274404798"/>
  <nd ref="2274404794"/>
  <nd ref="2274404821"/>
  <nd ref="2274404817"/>
  <nd ref="2274404815"/>
  <nd ref="2274404808"/>
  <nd ref="2274404804"/>
  <tag k="building" v="residential"/>
  <tag k="building:flats" v="2"/>
  <tag k="building:levels" v="4"/>
  <tag k="building:ruian:type" v="3"/>
  <tag k="ref:ruian:building" v="5489598"/>
  <tag k="source" v="cuzk:ruian"/>
 </way>
 <way id="218165229" visible="true" version="4" changeset="37140936" timestamp="2016-02-11T08:04:34Z" user="JandaM" uid="2169558">
  <nd ref="2274404566"/>
  <nd ref="2274404570"/>
  <nd ref="2274404561"/>
  <nd ref="2274404552"/>
  <nd ref="2274404557"/>
  <nd ref="2274404581"/>
  <nd ref="2274404610"/>
  <nd ref="2274404617"/>
  <nd ref="3676145486"/>
  <nd ref="2274404648"/>
  <nd ref="2274404686"/>
  <nd ref="2274404654"/>
  <nd ref="2274404566"/>
  <tag k="amenity" v="restaurant"/>
  <tag k="building" v="civic"/>
  <tag k="building:ruian:type" v="15"/>
  <tag k="name" v="U Reinerů"/>
  <tag k="ref:ruian:building" v="5488583"/>
  <tag k="source" v="cuzk:ruian"/>
 </way>
 <way id="218165230" visible="true" version="2" changeset="37140767" timestamp="2016-02-11T07:48:50Z" user="JandaM" uid="2169558">
  <nd ref="4000238372"/>
  <nd ref="2274404772"/>
  <nd ref="4000238397"/>
  <nd ref="4000238398"/>
  <nd ref="4000238399"/>
  <nd ref="2274404820"/>
  <nd ref="2274404825"/>
  <nd ref="2274404827"/>
  <nd ref="2274404811"/>
  <nd ref="2274404809"/>
  <nd ref="2274404785"/>
  <nd ref="2274404781"/>
  <nd ref="2274404793"/>
  <nd ref="2274404795"/>
  <nd ref="2274404789"/>
  <nd ref="2274404774"/>
  <nd ref="4000238374"/>
  <nd ref="4000238373"/>
  <nd ref="4000238371"/>
  <nd ref="4000238372"/>
  <tag k="building" v="residential"/>
  <tag k="building:flats" v="2"/>
  <tag k="building:levels" v="3"/>
  <tag k="building:ruian:type" v="3"/>
  <tag k="ref:ruian:building" v="5489601"/>
  <tag k="source" v="cuzk:ruian"/>
 </way>
 <way id="218165231" visible="true" version="2" changeset="37140936" timestamp="2016-02-11T08:04:41Z" user="JandaM" uid="2169558">
  <nd ref="2274404653"/>
  <nd ref="4000252208"/>
  <nd ref="2274404650"/>
  <nd ref="2274404564"/>
  <nd ref="315063052"/>
  <nd ref="315063057"/>
  <nd ref="2274404705"/>
  <nd ref="2274404695"/>
  <nd ref="2274404651"/>
  <nd ref="2274404643"/>
  <nd ref="2274404684"/>
  <nd ref="2274404680"/>
  <nd ref="2274404660"/>
  <nd ref="2274404697"/>
  <nd ref="2274404653"/>
  <tag k="building" v="residential"/>
  <tag k="building:flats" v="3"/>
  <tag k="building:levels" v="3"/>
  <tag k="building:ruian:type" v="3"/>
  <tag k="ref:ruian:building" v="5488648"/>
  <tag k="source" v="cuzk:ruian"/>
 </way>
 <way id="218165234" visible="true" version="2" changeset="37140936" timestamp="2016-02-11T08:04:44Z" user="JandaM" uid="2169558">
  <nd ref="2274404734"/>
  <nd ref="4000252219"/>
  <nd ref="4000252220"/>
  <nd ref="4000252222"/>
  <nd ref="4000252221"/>
  <nd ref="4000252226"/>
  <nd ref="4000252225"/>
  <nd ref="2274404750"/>
  <nd ref="2274404708"/>
  <nd ref="2274404690"/>
  <nd ref="2274404682"/>
  <nd ref="4000252210"/>
  <nd ref="2274404676"/>
  <nd ref="2274404706"/>
  <nd ref="2274404700"/>
  <nd ref="2274404646"/>
  <nd ref="2274404640"/>
  <nd ref="2274404629"/>
  <nd ref="2274404734"/>
  <tag k="building" v="civic"/>
  <tag k="building:ruian:type" v="5"/>
  <tag k="ref:ruian:building" v="46216227"/>
  <tag k="source" v="cuzk:ruian"/>
 </way>
 <way id="218165235" visible="true" version="3" changeset="39324153" timestamp="2016-05-15T04:52:15Z" user="Michal Vinárek" uid="3108884">
  <nd ref="3676145470"/>
  <nd ref="2274404529"/>
  <nd ref="2274404535"/>
  <nd ref="3676145479"/>
  <nd ref="4186763775"/>
  <nd ref="2274404618"/>
  <nd ref="2274404615"/>
  <nd ref="2274404611"/>
  <nd ref="2274404600"/>
  <nd ref="2274404613"/>
  <nd ref="3676145483"/>
  <nd ref="3676145482"/>
  <nd ref="2274404609"/>
  <nd ref="2274404587"/>
  <nd ref="2274404584"/>
  <nd ref="2274404583"/>
  <nd ref="314288606"/>
  <nd ref="2274404531"/>
  <nd ref="3676145470"/>
  <tag k="building" v="residential"/>
  <tag k="building:levels" v="1"/>
  <tag k="building:ruian:type" v="3"/>
  <tag k="ref:ruian:building" v="5488605"/>
  <tag k="source" v="cuzk:ruian"/>
 </way>
 <way id="218165236" visible="true" version="2" changeset="37140936" timestamp="2016-02-11T08:04:41Z" user="JandaM" uid="2169558">
  <nd ref="315063057"/>
  <nd ref="315063052"/>
  <nd ref="2274404631"/>
  <nd ref="2274404714"/>
  <nd ref="2274404710"/>
  <nd ref="2274404712"/>
  <nd ref="2274404701"/>
  <nd ref="2274404693"/>
  <nd ref="2274404689"/>
  <nd ref="2274404720"/>
  <nd ref="2274404721"/>
  <nd ref="2274404731"/>
  <nd ref="2274404725"/>
  <nd ref="2274404716"/>
  <nd ref="2274404705"/>
  <nd ref="315063057"/>
  <tag k="building" v="residential"/>
  <tag k="building:flats" v="3"/>
  <tag k="building:levels" v="3"/>
  <tag k="building:ruian:type" v="3"/>
  <tag k="ref:ruian:building" v="5488656"/>
  <tag k="source" v="cuzk:ruian"/>
 </way>
 <way id="218165237" visible="true" version="2" changeset="37140767" timestamp="2016-02-11T07:48:50Z" user="JandaM" uid="2169558">
  <nd ref="2274404845"/>
  <nd ref="2274404854"/>
  <nd ref="2274404853"/>
  <nd ref="2274404864"/>
  <nd ref="2274404865"/>
  <nd ref="2274404862"/>
  <nd ref="2274404860"/>
  <nd ref="4000238404"/>
  <nd ref="4000238402"/>
  <nd ref="4000238403"/>
  <nd ref="2274404813"/>
  <nd ref="4000238400"/>
  <nd ref="4000238399"/>
  <nd ref="2274404820"/>
  <nd ref="2274404825"/>
  <nd ref="2274404832"/>
  <nd ref="2274404833"/>
  <nd ref="2274404847"/>
  <nd ref="2274404849"/>
  <nd ref="2274404834"/>
  <nd ref="2274404845"/>
  <tag k="building" v="residential"/>
  <tag k="building:flats" v="3"/>
  <tag k="building:levels" v="1"/>
  <tag k="building:ruian:type" v="3"/>
  <tag k="ref:ruian:building" v="5489628"/>
  <tag k="source" v="cuzk:ruian"/>
 </way>
 <way id="218165238" visible="true" version="3" changeset="37140936" timestamp="2016-02-11T08:04:46Z" user="JandaM" uid="2169558">
  <nd ref="2274404567"/>
  <nd ref="3676145478"/>
  <nd ref="2274404574"/>
  <nd ref="2274404578"/>
  <nd ref="2274404590"/>
  <nd ref="3676145480"/>
  <nd ref="3676145481"/>
  <nd ref="2274404598"/>
  <nd ref="2274404586"/>
  <nd ref="2274404588"/>
  <nd ref="2274404602"/>
  <nd ref="2274404612"/>
  <nd ref="2274404545"/>
  <nd ref="3676145474"/>
  <nd ref="3676145473"/>
  <nd ref="2274404540"/>
  <nd ref="2274404534"/>
  <nd ref="2274404533"/>
  <nd ref="2274404521"/>
  <nd ref="1761282967"/>
  <nd ref="2274404522"/>
  <nd ref="2274404536"/>
  <nd ref="2274404548"/>
  <nd ref="2274404566"/>
  <nd ref="2274404654"/>
  <nd ref="1761282979"/>
  <nd ref="2274404638"/>
  <nd ref="2274404567"/>
  <tag k="building" v="residential"/>
  <tag k="building:ruian:type" v="3"/>
  <tag k="ref:ruian:building" v="5488575"/>
  <tag k="source" v="cuzk:ruian"/>
 </way>
 <way id="218165240" visible="true" version="2" changeset="37140936" timestamp="2016-02-11T08:04:47Z" user="JandaM" uid="2169558">
  <nd ref="2274404763"/>
  <nd ref="2274404767"/>
  <nd ref="2274404770"/>
  <nd ref="2274404769"/>
  <nd ref="2274404763"/>
  <tag k="building" v="residential"/>
  <tag k="building:flats" v="1"/>
  <tag k="building:ruian:type" v="3"/>
  <tag k="ref:ruian:building" v="5488664"/>
  <tag k="source" v="cuzk:ruian"/>
 </way>
 <way id="218165241" visible="true" version="3" changeset="37140936" timestamp="2016-02-11T08:04:47Z" user="JandaM" uid="2169558">
  <nd ref="2274404626"/>
  <nd ref="2274404641"/>
  <nd ref="3676145486"/>
  <nd ref="2274404617"/>
  <nd ref="2274404626"/>
  <tag k="building" v="civic"/>
  <tag k="building:ruian:type" v="5"/>
  <tag k="ref:ruian:building" v="46216219"/>
  <tag k="source" v="cuzk:ruian"/>
 </way>
 <way id="218165242" visible="true" version="2" changeset="37140936" timestamp="2016-02-11T08:04:49Z" user="JandaM" uid="2169558">
  <nd ref="315063051"/>
  <nd ref="2274404743"/>
  <nd ref="2274404725"/>
  <nd ref="2274404716"/>
  <nd ref="315063051"/>
  <tag k="building" v="yes"/>
  <tag k="source" v="cuzk:km"/>
 </way>
 <way id="218165243" visible="true" version="2" changeset="33027314" timestamp="2015-08-01T09:59:33Z" user="Minimalis" uid="665336">
  <nd ref="2274404522"/>
  <nd ref="2274404523"/>
  <nd ref="2274404538"/>
  <nd ref="2274404536"/>
  <nd ref="2274404522"/>
  <tag k="building" v="residential"/>
  <tag k="building:levels" v="2"/>
  <tag k="building:ruian:type" v="3"/>
  <tag k="ref:ruian:building" v="5489318"/>
  <tag k="source" v="cuzk:ruian"/>
 </way>
 <way id="218165244" visible="true" version="3" changeset="37140936" timestamp="2016-02-11T08:04:50Z" user="JandaM" uid="2169558">
  <nd ref="2274404648"/>
  <nd ref="2274404661"/>
  <nd ref="2274404642"/>
  <nd ref="2274404641"/>
  <nd ref="3676145486"/>
  <nd ref="2274404648"/>
  <tag k="building" v="yes"/>
  <tag k="source" v="cuzk:km"/>
 </way>
 <way id="218165245" visible="true" version="1" changeset="15801814" timestamp="2013-04-20T22:20:15Z" user="BiIbo" uid="3516">
  <nd ref="2274404735"/>
  <nd ref="2274404728"/>
  <nd ref="2274404680"/>
  <nd ref="2274404684"/>
  <nd ref="2274404737"/>
  <nd ref="2274404735"/>
  <tag k="building" v="yes"/>
  <tag k="source" v="cuzk:km"/>
 </way>
 <way id="218165246" visible="true" version="2" changeset="39324153" timestamp="2016-05-15T04:52:14Z" user="Michal Vinárek" uid="3108884">
  <nd ref="2274404629"/>
  <nd ref="4186763775"/>
  <nd ref="3676145479"/>
  <nd ref="2274404580"/>
  <nd ref="2274404640"/>
  <nd ref="2274404629"/>
  <tag k="building" v="yes"/>
  <tag k="source" v="cuzk:km"/>
 </way>
 <way id="218165247" visible="true" version="3" changeset="39324153" timestamp="2016-05-15T04:52:14Z" user="Michal Vinárek" uid="3108884">
  <nd ref="2274404535"/>
  <nd ref="4000252196"/>
  <nd ref="4000252195"/>
  <nd ref="4000252197"/>
  <nd ref="4000252198"/>
  <nd ref="4000252200"/>
  <nd ref="4000252201"/>
  <nd ref="2274404542"/>
  <nd ref="2274404607"/>
  <nd ref="2274404580"/>
  <nd ref="3676145479"/>
  <nd ref="2274404535"/>
  <tag k="building" v="house"/>
  <tag k="building:flats" v="3"/>
  <tag k="building:levels" v="3"/>
  <tag k="building:ruian:type" v="7"/>
  <tag k="ref:ruian:building" v="5488613"/>
  <tag k="source" v="cuzk:ruian"/>
 </way>
 <way id="218165248" visible="true" version="2" changeset="37140767" timestamp="2016-02-11T07:49:46Z" user="JandaM" uid="2169558">
  <nd ref="2274404779"/>
  <nd ref="2274404780"/>
  <nd ref="4000238401"/>
  <nd ref="2274404852"/>
  <nd ref="2274404851"/>
  <nd ref="2274404835"/>
  <nd ref="2274404829"/>
  <nd ref="2274404779"/>
  <tag k="building" v="residential"/>
  <tag k="building:flats" v="1"/>
  <tag k="building:levels" v="1"/>
  <tag k="building:ruian:type" v="3"/>
  <tag k="ref:ruian:building" v="5489555"/>
  <tag k="source" v="cuzk:ruian"/>
 </way>
 <way id="218165249" visible="true" version="1" changeset="15801814" timestamp="2013-04-20T22:20:15Z" user="BiIbo" uid="3516">
  <nd ref="2274404766"/>
  <nd ref="2274404762"/>
  <nd ref="315063048"/>
  <nd ref="2274404747"/>
  <nd ref="2274404763"/>
  <nd ref="2274404769"/>
  <nd ref="2274404766"/>
  <tag k="building" v="yes"/>
  <tag k="source" v="cuzk:km"/>
 </way>
 <way id="218165250" visible="true" version="1" changeset="15801814" timestamp="2013-04-20T22:20:15Z" user="BiIbo" uid="3516">
  <nd ref="2274404761"/>
  <nd ref="2274404730"/>
  <nd ref="2274404733"/>
  <nd ref="2274404747"/>
  <nd ref="315063048"/>
  <nd ref="2274404762"/>
  <nd ref="2274404761"/>
  <tag k="building" v="yes"/>
  <tag k="source" v="cuzk:km"/>
 </way>
 <way id="218165251" visible="true" version="3" changeset="37140936" timestamp="2016-02-11T08:04:51Z" user="JandaM" uid="2169558">
  <nd ref="2274404527"/>
  <nd ref="2274404531"/>
  <nd ref="314288606"/>
  <nd ref="2274404553"/>
  <nd ref="2274404547"/>
  <nd ref="2274404527"/>
  <tag k="building" v="residential"/>
  <tag k="building:flats" v="3"/>
  <tag k="building:levels" v="3"/>
  <tag k="building:ruian:type" v="3"/>
  <tag k="ref:ruian:building" v="5489059"/>
  <tag k="source" v="cuzk:ruian"/>
 </way>
 <way id="218165253" visible="true" version="2" changeset="37140936" timestamp="2016-02-11T08:04:54Z" user="JandaM" uid="2169558">
  <nd ref="2274404549"/>
  <nd ref="2274404564"/>
  <nd ref="2274404650"/>
  <nd ref="2274404644"/>
  <nd ref="2274404634"/>
  <nd ref="2274404627"/>
  <nd ref="4000252202"/>
  <nd ref="2274404549"/>
  <tag k="building" v="residential"/>
  <tag k="building:flats" v="3"/>
  <tag k="building:ruian:type" v="3"/>
  <tag k="ref:ruian:building" v="5488630"/>
  <tag k="source" v="cuzk:ruian"/>
 </way>
 <way id="218165254" visible="true" version="1" changeset="15801814" timestamp="2013-04-20T22:20:16Z" user="BiIbo" uid="3516">
  <nd ref="2274404657"/>
  <nd ref="2274404583"/>
  <nd ref="2274404584"/>
  <nd ref="2274404624"/>
  <nd ref="2274404625"/>
  <nd ref="2274404663"/>
  <nd ref="2274404657"/>
  <tag k="building" v="yes"/>
  <tag k="source" v="cuzk:km"/>
 </way>
 <way id="218165255" visible="true" version="2" changeset="37140767" timestamp="2016-02-11T07:49:51Z" user="JandaM" uid="2169558">
  <nd ref="2274404790"/>
  <nd ref="4000238377"/>
  <nd ref="4000238378"/>
  <nd ref="4000238376"/>
  <nd ref="2274404779"/>
  <nd ref="2274404829"/>
  <nd ref="2274404822"/>
  <nd ref="2274404792"/>
  <nd ref="2274404790"/>
  <tag k="building" v="residential"/>
  <tag k="building:flats" v="2"/>
  <tag k="building:levels" v="2"/>
  <tag k="building:ruian:type" v="3"/>
  <tag k="ref:ruian:building" v="5489563"/>
  <tag k="source" v="cuzk:ruian"/>
 </way>
 <way id="218165257" visible="true" version="1" changeset="15801814" timestamp="2013-04-20T22:20:16Z" user="BiIbo" uid="3516">
  <nd ref="2274404617"/>
  <nd ref="2274404610"/>
  <nd ref="2274404582"/>
  <nd ref="2274404585"/>
  <nd ref="2274404568"/>
  <nd ref="2274404579"/>
  <nd ref="2274404626"/>
  <nd ref="2274404617"/>
  <tag k="building" v="yes"/>
  <tag k="source" v="cuzk:km"/>
 </way>
 <way id="218165258" visible="true" version="2" changeset="37140936" timestamp="2016-02-11T08:04:53Z" user="JandaM" uid="2169558">
  <nd ref="2274404632"/>
  <nd ref="2274404656"/>
  <nd ref="2274404665"/>
  <nd ref="2274404657"/>
  <nd ref="2274404583"/>
  <nd ref="314288606"/>
  <nd ref="2274404553"/>
  <nd ref="2274404632"/>
  <tag k="building" v="yes"/>
  <tag k="source" v="cuzk:km"/>
 </way>
 <way id="218165259" visible="true" version="1" changeset="15801814" timestamp="2013-04-20T22:20:16Z" user="BiIbo" uid="3516">
  <nd ref="2274404581"/>
  <nd ref="2274404557"/>
  <nd ref="2274404550"/>
  <nd ref="2274404555"/>
  <nd ref="2274404576"/>
  <nd ref="2274404582"/>
  <nd ref="2274404610"/>
  <nd ref="2274404581"/>
  <tag k="building" v="yes"/>
  <tag k="source" v="cuzk:km"/>
 </way>
 <way id="218165260" visible="true" version="1" changeset="15801814" timestamp="2013-04-20T22:20:16Z" user="BiIbo" uid="3516">
  <nd ref="2274404867"/>
  <nd ref="2274404851"/>
  <nd ref="2274404852"/>
  <nd ref="2274404850"/>
  <nd ref="2274404856"/>
  <nd ref="2274404858"/>
  <nd ref="2274404866"/>
  <nd ref="2274404867"/>
  <tag k="building" v="yes"/>
  <tag k="source" v="cuzk:km"/>
 </way>
 <way id="218165261" visible="true" version="2" changeset="37140936" timestamp="2016-02-11T08:04:55Z" user="JandaM" uid="2169558">
  <nd ref="2274404708"/>
  <nd ref="2274404717"/>
  <nd ref="2274404719"/>
  <nd ref="2274404732"/>
  <nd ref="2274404739"/>
  <nd ref="2274404746"/>
  <nd ref="2274404764"/>
  <nd ref="2274404750"/>
  <nd ref="2274404708"/>
  <tag k="building" v="yes"/>
  <tag k="building:flats" v="1"/>
  <tag k="building:ruian:type" v="20"/>
  <tag k="ref:ruian:building" v="26602903"/>
  <tag k="source" v="cuzk:ruian"/>
  <tag k="start_date" v="2007-08-01"/>
 </way>
 <way id="218165262" visible="true" version="3" changeset="37140936" timestamp="2016-02-11T08:04:34Z" user="JandaM" uid="2169558">
  <nd ref="2274404565"/>
  <nd ref="3676145477"/>
  <nd ref="3676145476"/>
  <nd ref="2274404555"/>
  <nd ref="2274404550"/>
  <nd ref="2274404538"/>
  <nd ref="2274404523"/>
  <nd ref="2274404525"/>
  <nd ref="2274404527"/>
  <nd ref="2274404547"/>
  <nd ref="2274404565"/>
  <tag k="building" v="residential"/>
  <tag k="building:flats" v="2"/>
  <tag k="building:levels" v="3"/>
  <tag k="building:ruian:type" v="3"/>
  <tag k="ref:ruian:building" v="5488591"/>
  <tag k="source" v="cuzk:ruian"/>
 </way>
 <way id="218165263" visible="true" version="1" changeset="15801814" timestamp="2013-04-20T22:20:16Z" user="BiIbo" uid="3516">
  <nd ref="2274404559"/>
  <nd ref="2274404551"/>
  <nd ref="2274404548"/>
  <nd ref="2274404536"/>
  <nd ref="2274404538"/>
  <nd ref="2274404550"/>
  <nd ref="2274404557"/>
  <nd ref="2274404552"/>
  <nd ref="2274404561"/>
  <nd ref="2274404559"/>
  <tag k="building" v="yes"/>
  <tag k="source" v="cuzk:km"/>
 </way>
 <way id="218165264" visible="true" version="2" changeset="37140936" timestamp="2016-02-11T08:04:38Z" user="JandaM" uid="2169558">
  <nd ref="4000252213"/>
  <nd ref="2274404714"/>
  <nd ref="2274404631"/>
  <nd ref="2274404655"/>
  <nd ref="2274404652"/>
  <nd ref="2274404658"/>
  <nd ref="4000252209"/>
  <nd ref="2274404666"/>
  <nd ref="2274404668"/>
  <nd ref="4000252212"/>
  <nd ref="2274404749"/>
  <nd ref="2274404745"/>
  <nd ref="4000252213"/>
  <tag k="building" v="yes"/>
  <tag k="building:levels" v="2"/>
  <tag k="building:ruian:type" v="20"/>
  <tag k="ref:ruian:building" v="5489385"/>
  <tag k="source" v="cuzk:ruian"/>
 </way>
 <way id="218165265" visible="true" version="2" changeset="37140936" timestamp="2016-02-11T08:04:35Z" user="JandaM" uid="2169558">
  <nd ref="2274404690"/>
  <nd ref="2274404682"/>
  <nd ref="4000252210"/>
  <nd ref="4000252204"/>
  <nd ref="2274404607"/>
  <nd ref="2274404542"/>
  <nd ref="4000252202"/>
  <nd ref="2274404627"/>
  <nd ref="2274404621"/>
  <nd ref="4000252207"/>
  <nd ref="2274404690"/>
  <tag k="building" v="residential"/>
  <tag k="building:flats" v="2"/>
  <tag k="building:levels" v="2"/>
  <tag k="building:ruian:type" v="6"/>
  <tag k="ref:ruian:building" v="5488621"/>
  <tag k="source" v="cuzk:ruian"/>
 </way>
 <way id="218165269" visible="true" version="1" changeset="15801814" timestamp="2013-04-20T22:20:17Z" user="BiIbo" uid="3516">
  <nd ref="2274404765"/>
  <nd ref="2274404746"/>
  <nd ref="2274404739"/>
  <nd ref="2274404735"/>
  <nd ref="2274404737"/>
  <nd ref="2274404748"/>
  <nd ref="2274404761"/>
  <nd ref="2274404762"/>
  <nd ref="2274404766"/>
  <nd ref="2274404765"/>
  <tag k="building" v="yes"/>
  <tag k="source" v="cuzk:km"/>
 </way>
 <way id="218165271" visible="true" version="2" changeset="37140936" timestamp="2016-02-11T08:04:54Z" user="JandaM" uid="2169558">
  <nd ref="2274404730"/>
  <nd ref="2274404733"/>
  <nd ref="315063051"/>
  <nd ref="2274404716"/>
  <nd ref="2274404705"/>
  <nd ref="2274404695"/>
  <nd ref="2274404723"/>
  <nd ref="2274404730"/>
  <tag k="building" v="yes"/>
  <tag k="source" v="cuzk:km"/>
 </way>
 <way id="218165276" visible="true" version="2" changeset="37140767" timestamp="2016-02-11T07:49:50Z" user="JandaM" uid="2169558">
  <nd ref="2274404862"/>
  <nd ref="2274404865"/>
  <nd ref="2274404869"/>
  <nd ref="2274404868"/>
  <nd ref="2274404886"/>
  <nd ref="2274404887"/>
  <nd ref="2274404890"/>
  <nd ref="2274404883"/>
  <nd ref="2274404862"/>
  <tag k="building" v="residential"/>
  <tag k="building:flats" v="1"/>
  <tag k="building:levels" v="1"/>
  <tag k="building:ruian:type" v="3"/>
  <tag k="ref:ruian:building" v="5489636"/>
  <tag k="source" v="cuzk:ruian"/>
 </way>
 <way id="218167553" visible="true" version="1" changeset="15804498" timestamp="2013-04-20T22:34:20Z" user="BiIbo" uid="3516">
  <nd ref="2274418464"/>
  <nd ref="2274418452"/>
  <nd ref="1083954313"/>
  <nd ref="1083939797"/>
  <nd ref="2274418464"/>
  <tag k="building" v="yes"/>
  <tag k="source" v="cuzk:km"/>
 </way>
 <way id="218167581" visible="true" version="1" changeset="15804498" timestamp="2013-04-20T22:34:24Z" user="BiIbo" uid="3516">
  <nd ref="1083941378"/>
  <nd ref="2274418448"/>
  <nd ref="2274418449"/>
  <nd ref="2274418450"/>
  <nd ref="2274418461"/>
  <nd ref="1083939797"/>
  <nd ref="1083954313"/>
  <nd ref="1083941378"/>
  <tag k="building" v="yes"/>
  <tag k="source" v="cuzk:km"/>
 </way>
 <way id="265482461" visible="true" version="2" changeset="24727588" timestamp="2014-08-13T16:39:15Z" user="Minimalis" uid="665336">
  <nd ref="314288595"/>
  <nd ref="310138818"/>
  <tag k="highway" v="pedestrian"/>
  <tag k="name" v="Havlíčkovo nám."/>
  <tag k="source" v="uhul:ortofoto"/>
 </way>
 <way id="359713215" visible="true" version="3" changeset="37118600" timestamp="2016-02-10T07:49:06Z" user="JandaM" uid="2169558">
  <nd ref="3643761565"/>
  <nd ref="3643761567"/>
  <nd ref="3643761566"/>
  <nd ref="3643761568"/>
  <nd ref="3643761570"/>
  <nd ref="3643761571"/>
  <nd ref="3643761554"/>
  <nd ref="3643761553"/>
  <nd ref="3643761551"/>
  <nd ref="3643761549"/>
  <nd ref="3643761552"/>
  <nd ref="3643761550"/>
  <nd ref="3643761565"/>
  <tag k="amenity" v="toilets"/>
  <tag k="building" v="civic"/>
  <tag k="building:levels" v="2"/>
  <tag k="building:ruian:type" v="5"/>
  <tag k="ref:ruian:building" v="54053218"/>
  <tag k="source" v="cuzk:ruian"/>
 </way>
 <way id="359713216" visible="true" version="3" changeset="37140767" timestamp="2016-02-11T07:50:02Z" user="JandaM" uid="2169558">
  <nd ref="3643761509"/>
  <nd ref="3643761505"/>
  <nd ref="3643761529"/>
  <nd ref="3643761532"/>
  <nd ref="3643761537"/>
  <nd ref="3643761538"/>
  <nd ref="3643761534"/>
  <nd ref="3643761535"/>
  <nd ref="3643761528"/>
  <nd ref="3643761509"/>
  <tag k="building" v="residential"/>
  <tag k="building:levels" v="2"/>
  <tag k="building:ruian:type" v="3"/>
  <tag k="ref:ruian:building" v="5492289"/>
  <tag k="source" v="cuzk:ruian"/>
 </way>
 <way id="359713244" visible="true" version="3" changeset="37161321" timestamp="2016-02-12T06:22:41Z" user="JandaM" uid="2169558">
  <nd ref="3643761540"/>
  <nd ref="3998619909"/>
  <nd ref="3643761509"/>
  <nd ref="3643761528"/>
  <nd ref="3643761540"/>
  <tag k="building" v="residential"/>
  <tag k="building:flats" v="1"/>
  <tag k="building:levels" v="1"/>
  <tag k="building:ruian:type" v="3"/>
  <tag k="ref:ruian:building" v="5490715"/>
  <tag k="source" v="cuzk:ruian"/>
 </way>
 <way id="359713340" visible="true" version="1" changeset="32535439" timestamp="2015-07-10T06:36:47Z" user="JandaM" uid="2169558">
  <nd ref="3643761637"/>
  <nd ref="3643761638"/>
  <nd ref="3643761640"/>
  <nd ref="3643761639"/>
  <nd ref="3643761637"/>
  <tag k="building" v="civic"/>
  <tag k="building:ruian:type" v="5"/>
  <tag k="ref:ruian:building" v="48689394"/>
  <tag k="source" v="cuzk:ruian"/>
 </way>
 <way id="359713386" visible="true" version="2" changeset="37118600" timestamp="2016-02-10T07:50:00Z" user="JandaM" uid="2169558">
  <nd ref="3643761529"/>
  <nd ref="3643761505"/>
  <nd ref="3643761502"/>
  <nd ref="315114727"/>
  <nd ref="3643761526"/>
  <nd ref="3643761529"/>
  <tag k="building" v="residential"/>
  <tag k="building:flats" v="1"/>
  <tag k="building:levels" v="2"/>
  <tag k="building:ruian:type" v="3"/>
  <tag k="ref:ruian:building" v="5492301"/>
  <tag k="source" v="cuzk:ruian"/>
 </way>
 <way id="359713396" visible="true" version="1" changeset="32535439" timestamp="2015-07-10T06:36:54Z" user="JandaM" uid="2169558">
  <nd ref="314288649"/>
  <nd ref="3643761498"/>
  <nd ref="3643761501"/>
  <nd ref="3643761499"/>
  <nd ref="3643761494"/>
  <nd ref="3643761495"/>
  <nd ref="3643761496"/>
  <nd ref="314288649"/>
  <tag k="building" v="garage"/>
  <tag k="building:ruian:type" v="18"/>
  <tag k="ref:ruian:building" v="46236198"/>
  <tag k="source" v="cuzk:ruian"/>
 </way>
 <way id="359735990" visible="true" version="1" changeset="32536798" timestamp="2015-07-10T08:08:19Z" user="JandaM" uid="2169558">
  <nd ref="3643931074"/>
  <nd ref="3643931072"/>
  <nd ref="3643931073"/>
  <nd ref="3643931076"/>
  <nd ref="3643931074"/>
 </way>
 <way id="359735997" visible="true" version="1" changeset="32536798" timestamp="2015-07-10T08:08:20Z" user="JandaM" uid="2169558">
  <nd ref="3643931153"/>
  <nd ref="3643931151"/>
  <nd ref="3643931152"/>
  <nd ref="3643931154"/>
  <nd ref="3643931156"/>
  <nd ref="3643931158"/>
  <nd ref="3643931160"/>
  <nd ref="3643931162"/>
  <nd ref="3643931161"/>
  <nd ref="3643931159"/>
  <nd ref="3643931157"/>
  <nd ref="3643931155"/>
  <nd ref="3643931153"/>
  <tag k="building" v="commercial"/>
  <tag k="building:ruian:type" v="10"/>
  <tag k="ref:ruian:building" v="49501551"/>
  <tag k="source" v="cuzk:ruian"/>
 </way>
 <way id="359736113" visible="true" version="1" changeset="32536798" timestamp="2015-07-10T08:08:33Z" user="JandaM" uid="2169558">
  <nd ref="3643931063"/>
  <nd ref="3643931067"/>
  <nd ref="3643931066"/>
  <nd ref="3643931065"/>
  <nd ref="3643931062"/>
  <nd ref="3643931063"/>
  <tag k="building" v="hotel"/>
  <tag k="building:ruian:type" v="11"/>
  <tag k="ref:ruian:building" v="50091531"/>
  <tag k="source" v="cuzk:ruian"/>
 </way>
 <way id="359736144" visible="true" version="2" changeset="37140936" timestamp="2016-02-11T08:04:53Z" user="JandaM" uid="2169558">
  <nd ref="3643931128"/>
  <nd ref="3643931129"/>
  <nd ref="3643931127"/>
  <nd ref="3643931130"/>
  <nd ref="3643931134"/>
  <nd ref="4000252267"/>
  <nd ref="3643931128"/>
  <tag k="building" v="barn"/>
  <tag k="building:ruian:type" v="13"/>
  <tag k="ref:ruian:building" v="42165784"/>
  <tag k="source" v="cuzk:ruian"/>
 </way>
 <way id="360541995" visible="true" version="2" changeset="37140936" timestamp="2016-02-11T08:04:57Z" user="JandaM" uid="2169558">
  <nd ref="3650643305"/>
  <nd ref="313509766"/>
  <nd ref="3650643307"/>
  <nd ref="3650643306"/>
  <nd ref="315112140"/>
  <nd ref="3650643300"/>
  <nd ref="3650643297"/>
  <nd ref="3650643288"/>
  <nd ref="3650643296"/>
  <nd ref="3650643305"/>
  <tag k="building" v="civic"/>
  <tag k="building:ruian:type" v="15"/>
  <tag k="ref:ruian:building" v="50176421"/>
  <tag k="source" v="cuzk:ruian"/>
 </way>
 <way id="360542002" visible="true" version="2" changeset="39204955" timestamp="2016-05-10T02:30:25Z" user="Michal Vinárek" uid="3108884">
  <nd ref="314427269"/>
  <nd ref="314427268"/>
  <nd ref="314427261"/>
  <nd ref="4175131501"/>
  <nd ref="313509612"/>
  <nd ref="314427270"/>
  <nd ref="314427269"/>
  <tag k="building" v="civic"/>
  <tag k="building:levels" v="3"/>
  <tag k="building:ruian:type" v="15"/>
  <tag k="ref:ruian:building" v="5488761"/>
  <tag k="source" v="cuzk:ruian"/>
 </way>
 <way id="360542009" visible="true" version="1" changeset="32626791" timestamp="2015-07-14T12:37:54Z" user="JandaM" uid="2169558">
  <nd ref="3650643345"/>
  <nd ref="3650643346"/>
  <nd ref="3650643347"/>
  <nd ref="3650643326"/>
  <nd ref="3650643328"/>
  <nd ref="3650643333"/>
  <nd ref="3650643330"/>
  <nd ref="3650643334"/>
  <nd ref="3650643335"/>
  <nd ref="3650643336"/>
  <nd ref="3650643337"/>
  <nd ref="3650643338"/>
  <nd ref="3650643339"/>
  <nd ref="3650643340"/>
  <nd ref="3650643341"/>
  <nd ref="3650643343"/>
  <nd ref="3650643342"/>
  <nd ref="3650643344"/>
  <nd ref="3650643345"/>
  <tag k="building" v="yes"/>
  <tag k="building:ruian:type" v="19"/>
  <tag k="ref:ruian:building" v="46231323"/>
  <tag k="source" v="cuzk:ruian"/>
 </way>
 <way id="361962917" visible="true" version="2" changeset="33027314" timestamp="2015-08-01T09:59:42Z" user="Minimalis" uid="665336">
  <nd ref="3663649817"/>
  <nd ref="3663649816"/>
  <tag k="highway" v="footway"/>
 </way>
 <way id="361962923" visible="true" version="2" changeset="33027314" timestamp="2015-08-01T09:59:42Z" user="Minimalis" uid="665336">
  <nd ref="3663649816"/>
  <nd ref="3663649811"/>
  <tag k="highway" v="footway"/>
  <tag k="layer" v="-1"/>
  <tag k="opening_hours" v="sunrise-sunset"/>
  <tag k="tunnel" v="building_passage"/>
 </way>
 <way id="361962927" visible="true" version="2" changeset="33027314" timestamp="2015-08-01T09:59:43Z" user="Minimalis" uid="665336">
  <nd ref="3663649811"/>
  <nd ref="3663649810"/>
  <nd ref="314288687"/>
  <tag k="highway" v="footway"/>
 </way>
 <way id="363237893" visible="true" version="2" changeset="36347889" timestamp="2016-01-03T21:27:35Z" user="Michal Vinárek" uid="3108884">
  <nd ref="311042747"/>
  <nd ref="3674170473"/>
  <tag k="highway" v="footway"/>
 </way>
 <way id="363237894" visible="true" version="1" changeset="32996258" timestamp="2015-07-30T23:09:57Z" user="Michal Vinárek" uid="3108884">
  <nd ref="3674170473"/>
  <nd ref="3674170474"/>
  <tag k="highway" v="footway"/>
  <tag k="tunnel" v="yes"/>
 </way>
 <way id="363237895" visible="true" version="3" changeset="33021948" timestamp="2015-07-31T23:47:48Z" user="Michal Vinárek" uid="3108884">
  <nd ref="3674170474"/>
  <nd ref="3674170475"/>
  <nd ref="3675382578"/>
  <nd ref="3674170476"/>
  <nd ref="3674170477"/>
  <nd ref="3674170478"/>
  <nd ref="3674170479"/>
  <nd ref="3674170480"/>
  <nd ref="3674170481"/>
  <nd ref="3674170490"/>
  <nd ref="3674170482"/>
  <nd ref="3675715167"/>
  <nd ref="3674170483"/>
  <nd ref="3674170484"/>
  <nd ref="3674170485"/>
  <tag k="highway" v="footway"/>
 </way>
 <way id="363237896" visible="true" version="2" changeset="33015804" timestamp="2015-07-31T19:05:22Z" user="Michal Vinárek" uid="3108884">
  <nd ref="3674170486"/>
  <nd ref="3674170490"/>
  <tag k="highway" v="footway"/>
  <tag k="motor_vehicle" v="designated"/>
 </way>
 <way id="363237930" visible="true" version="1" changeset="32996258" timestamp="2015-07-30T23:09:59Z" user="Michal Vinárek" uid="3108884">
  <nd ref="3674172410"/>
  <nd ref="3674172411"/>
  <nd ref="3674172412"/>
  <nd ref="3674172413"/>
  <nd ref="3674172414"/>
  <nd ref="3674172415"/>
  <nd ref="3674172416"/>
  <nd ref="3674172417"/>
  <nd ref="3674172410"/>
  <tag k="access" v="permissive"/>
  <tag k="amenity" v="parking"/>
  <tag k="fee" v="no"/>
  <tag k="parking" v="surface"/>
  <tag k="supervised" v="no"/>
 </way>
 <way id="363367373" visible="true" version="3" changeset="37118600" timestamp="2016-02-10T07:48:52Z" user="JandaM" uid="2169558">
  <nd ref="479840312"/>
  <nd ref="3675382568"/>
  <nd ref="3675382569"/>
  <nd ref="3675382570"/>
  <nd ref="3675390126"/>
  <nd ref="3675382623"/>
  <nd ref="3675382571"/>
  <nd ref="3675382572"/>
  <nd ref="3675382573"/>
  <nd ref="3675382574"/>
  <nd ref="3675382575"/>
  <nd ref="3675382576"/>
  <nd ref="3675382577"/>
  <nd ref="3675382598"/>
  <nd ref="3675382599"/>
  <nd ref="3675382601"/>
  <nd ref="3675382600"/>
  <nd ref="3675382579"/>
  <nd ref="3675382580"/>
  <nd ref="3675382581"/>
  <nd ref="3675382582"/>
  <nd ref="482170212"/>
  <nd ref="3675382584"/>
  <nd ref="3675382585"/>
  <nd ref="3675382586"/>
  <nd ref="3675382587"/>
  <nd ref="3675382588"/>
  <nd ref="3675382589"/>
  <nd ref="3675382590"/>
  <nd ref="3675382591"/>
  <nd ref="3675382592"/>
  <nd ref="3675382593"/>
  <nd ref="3675382594"/>
  <nd ref="3916384505"/>
  <nd ref="3675382595"/>
  <nd ref="3675382597"/>
  <nd ref="3675382596"/>
  <nd ref="479840312"/>
  <tag k="amenity" v="school"/>
  <tag k="name" v="Základní škola Josefa Kajetána Tyla"/>
 </way>
 <way id="363367374" visible="true" version="1" changeset="33015804" timestamp="2015-07-31T19:05:14Z" user="Michal Vinárek" uid="3108884">
  <nd ref="3674170477"/>
  <nd ref="3675382602"/>
  <tag k="highway" v="steps"/>
 </way>
 <way id="363367375" visible="true" version="1" changeset="33015804" timestamp="2015-07-31T19:05:14Z" user="Michal Vinárek" uid="3108884">
  <nd ref="3675382603"/>
  <nd ref="3675382604"/>
  <tag k="highway" v="steps"/>
 </way>
 <way id="363367378" visible="true" version="1" changeset="33015804" timestamp="2015-07-31T19:05:14Z" user="Michal Vinárek" uid="3108884">
  <nd ref="3674170490"/>
  <nd ref="3675382609"/>
  <tag k="highway" v="footway"/>
  <tag k="motor_vehicle" v="designated"/>
 </way>
 <way id="363367379" visible="true" version="1" changeset="33015804" timestamp="2015-07-31T19:05:14Z" user="Michal Vinárek" uid="3108884">
  <nd ref="3675382610"/>
  <nd ref="3675382611"/>
  <nd ref="3675382612"/>
  <nd ref="3675382613"/>
  <nd ref="3675382610"/>
  <tag k="leisure" v="pitch"/>
 </way>
 <way id="363367380" visible="true" version="1" changeset="33015804" timestamp="2015-07-31T19:05:15Z" user="Michal Vinárek" uid="3108884">
  <nd ref="3675382614"/>
  <nd ref="3675382615"/>
  <nd ref="3675382616"/>
  <nd ref="3675382617"/>
  <nd ref="3675382614"/>
  <tag k="leisure" v="pitch"/>
 </way>
 <way id="363367381" visible="true" version="1" changeset="33015804" timestamp="2015-07-31T19:05:15Z" user="Michal Vinárek" uid="3108884">
  <nd ref="3675382618"/>
  <nd ref="3675382619"/>
  <nd ref="3675382620"/>
  <nd ref="3675382621"/>
  <nd ref="3675382618"/>
  <tag k="leisure" v="pitch"/>
 </way>
 <way id="363367382" visible="true" version="1" changeset="33015804" timestamp="2015-07-31T19:05:15Z" user="Michal Vinárek" uid="3108884">
  <nd ref="3675382574"/>
  <nd ref="3675382622"/>
  <nd ref="3675382571"/>
  <nd ref="3675382572"/>
  <nd ref="3675382573"/>
  <nd ref="3675382574"/>
  <tag k="leisure" v="pitch"/>
 </way>
 <way id="363402974" visible="true" version="1" changeset="33021948" timestamp="2015-07-31T23:47:46Z" user="Michal Vinárek" uid="3108884">
  <nd ref="311042331"/>
  <nd ref="3675715162"/>
  <nd ref="368740749"/>
  <nd ref="368740743"/>
  <nd ref="368740769"/>
  <nd ref="368740740"/>
  <nd ref="311042333"/>
  <nd ref="311042332"/>
  <nd ref="311042331"/>
  <tag k="leisure" v="park"/>
 </way>
 <way id="363402975" visible="true" version="1" changeset="33021948" timestamp="2015-07-31T23:47:46Z" user="Michal Vinárek" uid="3108884">
  <nd ref="316490748"/>
  <nd ref="3675715163"/>
  <nd ref="3675715164"/>
  <nd ref="316490695"/>
  <nd ref="316490678"/>
  <nd ref="316490670"/>
  <nd ref="316490669"/>
  <nd ref="316490668"/>
  <nd ref="316490667"/>
  <nd ref="316490666"/>
  <nd ref="316490665"/>
  <nd ref="316490664"/>
  <nd ref="316490663"/>
  <nd ref="316490662"/>
  <nd ref="3675715165"/>
  <nd ref="3675715166"/>
  <nd ref="3675382609"/>
  <nd ref="316490751"/>
  <nd ref="316490748"/>
  <tag k="area" v="yes"/>
  <tag k="highway" v="footway"/>
 </way>
 <way id="363447541" visible="true" version="1" changeset="33027314" timestamp="2015-08-01T09:59:05Z" user="Minimalis" uid="665336">
  <nd ref="479840314"/>
  <nd ref="3675382596"/>
  <nd ref="3674170492"/>
  <nd ref="3674170493"/>
  <nd ref="3674170494"/>
  <nd ref="3674170495"/>
  <nd ref="3674170496"/>
  <nd ref="3674170497"/>
  <nd ref="3674170498"/>
  <nd ref="3675382605"/>
  <nd ref="3674170499"/>
  <nd ref="3674170500"/>
  <nd ref="3674170501"/>
  <nd ref="3674170502"/>
  <nd ref="3674170503"/>
  <nd ref="3674170504"/>
  <nd ref="3674170505"/>
  <nd ref="3674170506"/>
  <nd ref="3674170507"/>
  <nd ref="3674170508"/>
  <nd ref="3674170509"/>
  <nd ref="3674170510"/>
  <nd ref="3675382603"/>
  <nd ref="3674170511"/>
  <nd ref="3674170477"/>
  <tag k="highway" v="footway"/>
 </way>
 <way id="388438529" visible="true" version="1" changeset="36240660" timestamp="2015-12-29T13:09:38Z" user="Michal Vinárek" uid="3108884">
  <nd ref="1761282988"/>
  <nd ref="3916384506"/>
  <tag k="highway" v="footway"/>
 </way>
 <way id="389430606" visible="true" version="5" changeset="42689596" timestamp="2016-10-06T16:39:48Z" user="gorn" uid="10353">
  <nd ref="3674172407"/>
  <nd ref="310132615"/>
  <nd ref="3926060133"/>
  <nd ref="3674136428"/>
  <nd ref="4186764123"/>
  <nd ref="4186764124"/>
  <nd ref="4186764122"/>
  <nd ref="4186764126"/>
  <nd ref="4186764125"/>
  <nd ref="3674136427"/>
  <nd ref="3674208923"/>
  <nd ref="3674208922"/>
  <nd ref="3674208921"/>
  <nd ref="354910084"/>
  <nd ref="354910087"/>
  <nd ref="3926060132"/>
  <nd ref="354910089"/>
  <nd ref="354910090"/>
  <nd ref="354910092"/>
  <nd ref="354910105"/>
  <nd ref="4186764090"/>
  <nd ref="4186764092"/>
  <nd ref="4186764093"/>
  <nd ref="4186764099"/>
  <nd ref="4186764097"/>
  <nd ref="4186764098"/>
  <nd ref="4186764100"/>
  <nd ref="4186764101"/>
  <nd ref="4186764102"/>
  <nd ref="4186764103"/>
  <nd ref="4186764094"/>
  <nd ref="4177435884"/>
  <nd ref="4186764096"/>
  <nd ref="4186763788"/>
  <nd ref="4177436999"/>
  <nd ref="4177436998"/>
  <nd ref="3926098597"/>
  <nd ref="4434624675"/>
  <nd ref="311042749"/>
  <nd ref="311042748"/>
  <nd ref="456749447"/>
  <nd ref="3926098598"/>
  <nd ref="3674172417"/>
  <nd ref="3674172410"/>
  <nd ref="311042747"/>
  <nd ref="3926098599"/>
  <nd ref="311042746"/>
  <nd ref="309956335"/>
  <nd ref="309956336"/>
  <nd ref="309956338"/>
  <nd ref="301479611"/>
  <nd ref="310138766"/>
  <nd ref="310138752"/>
  <nd ref="310138756"/>
  <nd ref="310132713"/>
  <nd ref="310132716"/>
  <nd ref="2537902469"/>
  <nd ref="301479612"/>
  <nd ref="1918703302"/>
  <nd ref="309956330"/>
  <nd ref="309956339"/>
  <nd ref="287647673"/>
  <nd ref="287647671"/>
  <nd ref="354910123"/>
  <nd ref="456749138"/>
  <nd ref="3674172407"/>
  <tag k="landuse" v="residential"/>
 </way>
 <way id="389435687" visible="true" version="1" changeset="36347889" timestamp="2016-01-03T21:27:30Z" user="Michal Vinárek" uid="3108884">
  <nd ref="311042746"/>
  <nd ref="3926098600"/>
  <nd ref="3926098601"/>
  <nd ref="1350629803"/>
  <nd ref="301479609"/>
  <nd ref="311042754"/>
  <nd ref="310138811"/>
  <nd ref="1350629802"/>
  <nd ref="368740729"/>
  <nd ref="309956352"/>
  <nd ref="310138809"/>
  <nd ref="301479598"/>
  <nd ref="301479599"/>
  <nd ref="310132727"/>
  <nd ref="310132735"/>
  <nd ref="310132705"/>
  <nd ref="310132741"/>
  <nd ref="310132747"/>
  <nd ref="310132750"/>
  <nd ref="310132751"/>
  <nd ref="310132754"/>
  <nd ref="940050618"/>
  <nd ref="940050606"/>
  <nd ref="940050583"/>
  <nd ref="940050603"/>
  <nd ref="940050632"/>
  <nd ref="940050616"/>
  <nd ref="940050623"/>
  <nd ref="2251041602"/>
  <nd ref="3675260306"/>
  <nd ref="3674208868"/>
  <nd ref="310210216"/>
  <nd ref="310210217"/>
  <nd ref="310210218"/>
  <nd ref="310210219"/>
  <nd ref="3675382563"/>
  <nd ref="3675382562"/>
  <nd ref="3675382561"/>
  <nd ref="3675382560"/>
  <nd ref="3675382559"/>
  <nd ref="3674201023"/>
  <nd ref="3674201022"/>
  <nd ref="3674201021"/>
  <nd ref="3674201020"/>
  <nd ref="310138748"/>
  <nd ref="310210211"/>
  <nd ref="310138762"/>
  <nd ref="310138759"/>
  <nd ref="310132713"/>
  <nd ref="310138756"/>
  <nd ref="310138752"/>
  <nd ref="310138766"/>
  <nd ref="301479611"/>
  <nd ref="309956338"/>
  <nd ref="309956337"/>
  <nd ref="309956336"/>
  <nd ref="309956335"/>
  <nd ref="311042746"/>
  <tag k="landuse" v="residential"/>
 </way>
 <way id="389435690" visible="true" version="3" changeset="39324153" timestamp="2016-05-15T04:52:17Z" user="Michal Vinárek" uid="3108884">
  <nd ref="1761282997"/>
  <nd ref="311042743"/>
  <nd ref="311042742"/>
  <nd ref="3643931131"/>
  <nd ref="314288262"/>
  <nd ref="314427308"/>
  <nd ref="314427309"/>
  <nd ref="311042740"/>
  <nd ref="4186763788"/>
  <nd ref="4186764096"/>
  <nd ref="4177435884"/>
  <nd ref="4186764094"/>
  <nd ref="4186764259"/>
  <nd ref="3926098603"/>
  <nd ref="3926098604"/>
  <nd ref="3926098605"/>
  <nd ref="316524610"/>
  <nd ref="3663649818"/>
  <nd ref="316524615"/>
  <nd ref="316524620"/>
  <nd ref="310210385"/>
  <nd ref="3663649798"/>
  <nd ref="315113797"/>
  <nd ref="315113796"/>
  <nd ref="315113814"/>
  <nd ref="315113815"/>
  <nd ref="315113808"/>
  <nd ref="315113807"/>
  <nd ref="315113816"/>
  <nd ref="315113824"/>
  <nd ref="315113818"/>
  <nd ref="315113820"/>
  <nd ref="315113817"/>
  <nd ref="315113845"/>
  <nd ref="315113855"/>
  <nd ref="315113870"/>
  <nd ref="315113837"/>
  <nd ref="3916384532"/>
  <nd ref="3663649784"/>
  <nd ref="310210382"/>
  <nd ref="3663649780"/>
  <nd ref="310210381"/>
  <nd ref="3916384511"/>
  <nd ref="310210311"/>
  <nd ref="301479595"/>
  <nd ref="310210268"/>
  <nd ref="310210343"/>
  <nd ref="301479596"/>
  <nd ref="310210312"/>
  <nd ref="301479597"/>
  <nd ref="301479598"/>
  <nd ref="310138809"/>
  <nd ref="309956352"/>
  <nd ref="368740729"/>
  <nd ref="1350629802"/>
  <nd ref="310138811"/>
  <nd ref="311042754"/>
  <nd ref="301479609"/>
  <nd ref="1350629803"/>
  <nd ref="3926098601"/>
  <nd ref="311042763"/>
  <nd ref="311042745"/>
  <nd ref="314427337"/>
  <nd ref="314427333"/>
  <nd ref="311042764"/>
  <nd ref="1761282979"/>
  <nd ref="311042744"/>
  <nd ref="1761282997"/>
  <tag k="landuse" v="residential"/>
 </way>
 <way id="397206798" visible="true" version="1" changeset="37140936" timestamp="2016-02-11T08:04:31Z" user="JandaM" uid="2169558">
  <nd ref="4000252232"/>
  <nd ref="4000252229"/>
  <nd ref="4000252231"/>
  <nd ref="4000252230"/>
  <nd ref="4000252228"/>
  <nd ref="313509568"/>
  <nd ref="313509575"/>
  <nd ref="313509576"/>
  <nd ref="4000252232"/>
 </way>
 <way id="397206799" visible="true" version="1" changeset="37140936" timestamp="2016-02-11T08:04:31Z" user="JandaM" uid="2169558">
  <nd ref="314288781"/>
  <nd ref="314288778"/>
  <nd ref="315063421"/>
  <nd ref="4000252144"/>
  <nd ref="314288728"/>
  <nd ref="315063425"/>
  <nd ref="4000252128"/>
  <nd ref="4000252129"/>
  <nd ref="315063423"/>
  <nd ref="314288734"/>
  <nd ref="314288677"/>
  <nd ref="314288781"/>
  <tag k="building" v="residential"/>
  <tag k="building:flats" v="3"/>
  <tag k="building:levels" v="3"/>
  <tag k="building:ruian:type" v="3"/>
  <tag k="ref:ruian:building" v="5488273"/>
  <tag k="source" v="cuzk:ruian"/>
 </way>
 <way id="397206801" visible="true" version="2" changeset="39204955" timestamp="2016-05-10T02:30:21Z" user="Michal Vinárek" uid="3108884">
  <nd ref="4000252165"/>
  <nd ref="4000252158"/>
  <nd ref="4000252157"/>
  <nd ref="4000252152"/>
  <nd ref="4175131606"/>
  <nd ref="4175131612"/>
  <nd ref="4000252141"/>
  <nd ref="4175131596"/>
  <nd ref="4175131595"/>
  <nd ref="4000252133"/>
  <nd ref="4175131589"/>
  <nd ref="4175131588"/>
  <nd ref="4175131582"/>
  <nd ref="4000252131"/>
  <nd ref="313509479"/>
  <nd ref="4000252171"/>
  <nd ref="4000252169"/>
  <nd ref="4000252170"/>
  <nd ref="4175131493"/>
  <nd ref="4000252168"/>
  <nd ref="4000252167"/>
  <nd ref="4000252166"/>
  <nd ref="4000252165"/>
  <tag k="building" v="civic"/>
  <tag k="building:ruian:type" v="5"/>
  <tag k="ref:ruian:building" v="42168074"/>
  <tag k="source" v="cuzk:ruian"/>
 </way>
 <way id="397206802" visible="true" version="1" changeset="37140936" timestamp="2016-02-11T08:04:32Z" user="JandaM" uid="2169558">
  <nd ref="4000252139"/>
  <nd ref="4000252138"/>
  <nd ref="4000252117"/>
  <nd ref="314288677"/>
  <nd ref="314288734"/>
  <nd ref="4000252132"/>
  <nd ref="4000252130"/>
  <nd ref="4000252127"/>
  <nd ref="4000252126"/>
  <nd ref="4000252142"/>
  <nd ref="4000252151"/>
  <nd ref="314288722"/>
  <nd ref="4000252155"/>
  <nd ref="4000252159"/>
  <nd ref="4000252160"/>
  <nd ref="4000252156"/>
  <nd ref="4000252154"/>
  <nd ref="4000252153"/>
  <nd ref="4000252150"/>
  <nd ref="4000252147"/>
  <nd ref="4000252146"/>
  <nd ref="4000252145"/>
  <nd ref="4000252143"/>
  <nd ref="4000252140"/>
  <nd ref="4000252139"/>
  <tag k="building" v="residential"/>
  <tag k="building:flats" v="1"/>
  <tag k="building:levels" v="2"/>
  <tag k="building:ruian:type" v="3"/>
  <tag k="ref:ruian:building" v="5488265"/>
  <tag k="source" v="cuzk:ruian"/>
 </way>
 <way id="416820368" visible="true" version="1" changeset="39204714" timestamp="2016-05-10T02:02:49Z" user="Michal Vinárek" uid="3108884">
  <nd ref="313509721"/>
  <nd ref="4175107633"/>
  <tag k="highway" v="footway"/>
 </way>
 <way id="416820369" visible="true" version="1" changeset="39204714" timestamp="2016-05-10T02:02:49Z" user="Michal Vinárek" uid="3108884">
  <nd ref="4175107634"/>
  <nd ref="4175107645"/>
  <nd ref="4175107644"/>
  <nd ref="4175107643"/>
  <nd ref="4175107635"/>
  <nd ref="4175107636"/>
  <nd ref="4175107637"/>
  <nd ref="4175107638"/>
  <nd ref="4175107639"/>
  <nd ref="4175107640"/>
  <nd ref="4175107641"/>
  <nd ref="4175107642"/>
  <nd ref="4175107634"/>
  <tag k="landuse" v="grass"/>
 </way>
 <way id="416820370" visible="true" version="2" changeset="39323663" timestamp="2016-05-15T03:08:45Z" user="Michal Vinárek" uid="3108884">
  <nd ref="4175107644"/>
  <nd ref="4175107646"/>
  <nd ref="4175107647"/>
  <nd ref="4175107649"/>
  <nd ref="4175107650"/>
  <nd ref="4175107651"/>
  <nd ref="4175107634"/>
  <nd ref="4175107645"/>
  <nd ref="4175107644"/>
  <tag k="area" v="yes"/>
  <tag k="highway" v="footway"/>
  <tag k="recycling_type" v="container"/>
 </way>
 <way id="416821509" visible="true" version="1" changeset="39204955" timestamp="2016-05-10T02:30:08Z" user="Michal Vinárek" uid="3108884">
  <nd ref="4175129255"/>
  <nd ref="4175129256"/>
  <nd ref="4175129257"/>
  <nd ref="4175129258"/>
  <nd ref="4175129240"/>
  <nd ref="4175129241"/>
  <nd ref="4175129242"/>
  <nd ref="4175129243"/>
  <nd ref="4175129244"/>
  <nd ref="4175129251"/>
  <nd ref="4175129252"/>
  <nd ref="4175129253"/>
  <nd ref="4175129254"/>
  <nd ref="4175129245"/>
  <nd ref="4175129246"/>
  <nd ref="4175129247"/>
  <nd ref="4175129248"/>
  <nd ref="4175129249"/>
  <nd ref="4175129250"/>
  <nd ref="4175129255"/>
  <tag k="amenity" v="fountain"/>
 </way>
 <way id="416821510" visible="true" version="1" changeset="39204955" timestamp="2016-05-10T02:30:09Z" user="Michal Vinárek" uid="3108884">
  <nd ref="4175129265"/>
  <nd ref="4175129266"/>
  <nd ref="4175129267"/>
  <nd ref="4175129268"/>
  <nd ref="4175129269"/>
  <nd ref="4175129270"/>
  <nd ref="4175129271"/>
  <nd ref="4175129272"/>
  <nd ref="4175129273"/>
  <nd ref="4175129274"/>
  <nd ref="4175129275"/>
  <nd ref="4175129276"/>
  <nd ref="4175129265"/>
  <tag k="landuse" v="grass"/>
 </way>
 <way id="416821511" visible="true" version="1" changeset="39204955" timestamp="2016-05-10T02:30:10Z" user="Michal Vinárek" uid="3108884">
  <nd ref="4175129277"/>
  <nd ref="4175129278"/>
  <nd ref="4175129279"/>
  <nd ref="4175129280"/>
  <nd ref="4175129281"/>
  <nd ref="4175129282"/>
  <nd ref="4175129283"/>
  <nd ref="4175129284"/>
  <nd ref="4175129285"/>
  <nd ref="4175129286"/>
  <nd ref="4175129287"/>
  <nd ref="4175129288"/>
  <nd ref="4175131489"/>
  <nd ref="4175131490"/>
  <nd ref="4175131491"/>
  <nd ref="4175129277"/>
  <tag k="landuse" v="grass"/>
 </way>
 <way id="416821512" visible="true" version="1" changeset="39204955" timestamp="2016-05-10T02:30:10Z" user="Michal Vinárek" uid="3108884">
  <nd ref="4175131492"/>
  <nd ref="4175131493"/>
  <nd ref="4000252168"/>
  <nd ref="4175131494"/>
  <nd ref="4175131492"/>
  <tag k="landuse" v="grass"/>
 </way>
 <way id="416821513" visible="true" version="1" changeset="39204955" timestamp="2016-05-10T02:30:11Z" user="Michal Vinárek" uid="3108884">
  <nd ref="4175131495"/>
  <nd ref="4175131496"/>
  <nd ref="4175131497"/>
  <nd ref="4175131498"/>
  <nd ref="4175131495"/>
  <tag k="landuse" v="grass"/>
 </way>
 <way id="416821514" visible="true" version="1" changeset="39204955" timestamp="2016-05-10T02:30:11Z" user="Michal Vinárek" uid="3108884">
  <nd ref="4175131509"/>
  <nd ref="4175131510"/>
  <nd ref="4175131511"/>
  <nd ref="4175131512"/>
  <nd ref="4175131513"/>
  <nd ref="4175131514"/>
  <nd ref="4175131515"/>
  <nd ref="4175131516"/>
  <nd ref="4175131517"/>
  <nd ref="4175131518"/>
  <nd ref="4175131519"/>
  <nd ref="4175131520"/>
  <nd ref="313509468"/>
  <nd ref="4175131502"/>
  <nd ref="4175131508"/>
  <nd ref="4175131509"/>
  <tag k="landuse" v="grass"/>
 </way>
 <way id="416821515" visible="true" version="1" changeset="39204955" timestamp="2016-05-10T02:30:12Z" user="Michal Vinárek" uid="3108884">
  <nd ref="4175131536"/>
  <nd ref="4175131537"/>
  <nd ref="4175131538"/>
  <nd ref="4175131539"/>
  <nd ref="4175131521"/>
  <nd ref="4175131522"/>
  <nd ref="4175131523"/>
  <nd ref="4175131524"/>
  <nd ref="4175131525"/>
  <nd ref="4175131526"/>
  <nd ref="4175131549"/>
  <nd ref="4175131533"/>
  <nd ref="4175131534"/>
  <nd ref="4175131535"/>
  <nd ref="4175131527"/>
  <nd ref="4175131528"/>
  <nd ref="4175131529"/>
  <nd ref="4175131530"/>
  <nd ref="4175131531"/>
  <nd ref="4175131532"/>
  <nd ref="4175131536"/>
  <tag k="area" v="yes"/>
  <tag k="highway" v="footway"/>
 </way>
 <way id="416821516" visible="true" version="1" changeset="39204955" timestamp="2016-05-10T02:30:13Z" user="Michal Vinárek" uid="3108884">
  <nd ref="4175131521"/>
  <nd ref="4175131540"/>
  <nd ref="4175131541"/>
  <nd ref="4175131542"/>
  <nd ref="4175131543"/>
  <nd ref="4175131544"/>
  <nd ref="4175131545"/>
  <nd ref="4175131546"/>
  <nd ref="4175131547"/>
  <nd ref="4175131548"/>
  <nd ref="4175131549"/>
  <nd ref="4175131526"/>
  <nd ref="4175131525"/>
  <nd ref="4175131524"/>
  <nd ref="4175131523"/>
  <nd ref="4175131522"/>
  <nd ref="4175131521"/>
  <tag k="amenity" v="fountain"/>
 </way>
 <way id="416821518" visible="true" version="1" changeset="39204955" timestamp="2016-05-10T02:30:13Z" user="Michal Vinárek" uid="3108884">
  <nd ref="4175131550"/>
  <nd ref="4175131551"/>
  <nd ref="4175131552"/>
  <nd ref="4175131553"/>
  <nd ref="4175131554"/>
  <nd ref="4175131555"/>
  <nd ref="4175131556"/>
  <nd ref="4175131547"/>
  <nd ref="4175131548"/>
  <nd ref="4175131549"/>
  <nd ref="4175131557"/>
  <nd ref="314427293"/>
  <nd ref="4175131550"/>
  <tag k="landuse" v="grass"/>
 </way>
 <way id="416821519" visible="true" version="1" changeset="39204955" timestamp="2016-05-10T02:30:14Z" user="Michal Vinárek" uid="3108884">
  <nd ref="4175131533"/>
  <nd ref="4175131558"/>
  <nd ref="4175131557"/>
  <nd ref="4175131549"/>
  <nd ref="4175131533"/>
  <tag k="landuse" v="grass"/>
 </way>
 <way id="416821520" visible="true" version="1" changeset="39204955" timestamp="2016-05-10T02:30:14Z" user="Michal Vinárek" uid="3108884">
  <nd ref="4175131558"/>
  <nd ref="4175131559"/>
  <nd ref="4175131560"/>
  <nd ref="4175131561"/>
  <nd ref="4175131562"/>
  <nd ref="4175131563"/>
  <nd ref="4175131564"/>
  <nd ref="4175131565"/>
  <nd ref="4175131566"/>
  <nd ref="4175131567"/>
  <nd ref="4175131568"/>
  <nd ref="4175131569"/>
  <nd ref="4175131570"/>
  <nd ref="4175131571"/>
  <nd ref="4175131572"/>
  <nd ref="4175131573"/>
  <nd ref="4175131574"/>
  <nd ref="4175131575"/>
  <nd ref="4175131576"/>
  <nd ref="4175131538"/>
  <nd ref="4175131537"/>
  <nd ref="4175131536"/>
  <nd ref="4175131532"/>
  <nd ref="4175131531"/>
  <nd ref="4175131530"/>
  <nd ref="4175131529"/>
  <nd ref="4175131528"/>
  <nd ref="4175131527"/>
  <nd ref="4175131535"/>
  <nd ref="4175131534"/>
  <nd ref="4175131533"/>
  <nd ref="4175131558"/>
  <tag k="landuse" v="grass"/>
 </way>
 <way id="416821521" visible="true" version="1" changeset="39204955" timestamp="2016-05-10T02:30:15Z" user="Michal Vinárek" uid="3108884">
  <nd ref="4175131577"/>
  <nd ref="4175131578"/>
  <nd ref="4175131579"/>
  <nd ref="4175131580"/>
  <nd ref="4175131581"/>
  <nd ref="313509473"/>
  <nd ref="4175131577"/>
  <tag k="landuse" v="grass"/>
 </way>
 <way id="416821522" visible="true" version="1" changeset="39204955" timestamp="2016-05-10T02:30:15Z" user="Michal Vinárek" uid="3108884">
  <nd ref="4175131582"/>
  <nd ref="4175131583"/>
  <nd ref="4175131584"/>
  <nd ref="4175131585"/>
  <nd ref="4175131586"/>
  <nd ref="4175131587"/>
  <nd ref="4175131588"/>
  <nd ref="4175131582"/>
  <tag k="landuse" v="grass"/>
 </way>
 <way id="416821523" visible="true" version="1" changeset="39204955" timestamp="2016-05-10T02:30:16Z" user="Michal Vinárek" uid="3108884">
  <nd ref="4175131589"/>
  <nd ref="4175131590"/>
  <nd ref="4175131616"/>
  <nd ref="4175131591"/>
  <nd ref="4175131592"/>
  <nd ref="4175131593"/>
  <nd ref="4175131594"/>
  <nd ref="4175131595"/>
  <nd ref="4000252133"/>
  <nd ref="4175131589"/>
  <tag k="landuse" v="grass"/>
 </way>
 <way id="416821524" visible="true" version="1" changeset="39204955" timestamp="2016-05-10T02:30:16Z" user="Michal Vinárek" uid="3108884">
  <nd ref="4175131596"/>
  <nd ref="4175131597"/>
  <nd ref="4175131598"/>
  <nd ref="4175131599"/>
  <nd ref="4175131600"/>
  <nd ref="4175131601"/>
  <nd ref="4175131602"/>
  <nd ref="4175131603"/>
  <nd ref="4175131604"/>
  <nd ref="4175131605"/>
  <nd ref="4000252141"/>
  <nd ref="4175131596"/>
  <tag k="landuse" v="grass"/>
 </way>
 <way id="416821525" visible="true" version="1" changeset="39204955" timestamp="2016-05-10T02:30:16Z" user="Michal Vinárek" uid="3108884">
  <nd ref="4175131606"/>
  <nd ref="4175131607"/>
  <nd ref="4175131608"/>
  <nd ref="4175131609"/>
  <nd ref="4175131610"/>
  <nd ref="4175131611"/>
  <nd ref="4175131612"/>
  <nd ref="4175131606"/>
  <tag k="landuse" v="grass"/>
 </way>
 <way id="417110912" visible="true" version="1" changeset="39229966" timestamp="2016-05-10T22:51:52Z" user="Michal Vinárek" uid="3108884">
  <nd ref="4177250569"/>
  <nd ref="4177250570"/>
  <tag k="access" v="no"/>
  <tag k="foot" v="yes"/>
  <tag k="highway" v="service"/>
  <tag k="tunnel" v="yes"/>
 </way>
 <way id="417110913" visible="true" version="1" changeset="39229966" timestamp="2016-05-10T22:51:53Z" user="Michal Vinárek" uid="3108884">
  <nd ref="4177250571"/>
  <nd ref="4177250572"/>
  <tag k="highway" v="footway"/>
  <tag k="tunnel" v="yes"/>
 </way>
 <way id="417111565" visible="true" version="1" changeset="39230067" timestamp="2016-05-10T22:59:58Z" user="Michal Vinárek" uid="3108884">
  <nd ref="4175131547"/>
  <nd ref="4175131548"/>
  <nd ref="4175131549"/>
  <nd ref="4175131526"/>
  <nd ref="4175131525"/>
  <nd ref="4175131524"/>
  <nd ref="4175131523"/>
  <nd ref="4175131522"/>
  <nd ref="4175131521"/>
  <nd ref="4175131540"/>
  <nd ref="4175131541"/>
  <nd ref="4175131542"/>
  <nd ref="4175131543"/>
  <nd ref="4175131544"/>
  <nd ref="4175131545"/>
  <nd ref="4175131546"/>
  <nd ref="4175131547"/>
  <tag k="barrier" v="kerb"/>
 </way>
 <way id="417111566" visible="true" version="1" changeset="39230067" timestamp="2016-05-10T22:59:58Z" user="Michal Vinárek" uid="3108884">
  <nd ref="4175131498"/>
  <nd ref="4175131497"/>
  <tag k="barrier" v="yes"/>
  <tag k="material" v="stone"/>
 </way>
 <way id="417111567" visible="true" version="1" changeset="39230067" timestamp="2016-05-10T22:59:58Z" user="Michal Vinárek" uid="3108884">
  <nd ref="4175131494"/>
  <nd ref="4000252168"/>
  <tag k="barrier" v="yes"/>
  <tag k="material" v="stone"/>
 </way>
 <way id="417111568" visible="true" version="1" changeset="39230067" timestamp="2016-05-10T22:59:59Z" user="Michal Vinárek" uid="3108884">
  <nd ref="4175131492"/>
  <nd ref="4175131493"/>
  <tag k="barrier" v="yes"/>
  <tag k="material" v="stone"/>
 </way>
 <way id="417111569" visible="true" version="1" changeset="39230067" timestamp="2016-05-10T22:59:59Z" user="Michal Vinárek" uid="3108884">
  <nd ref="4175131495"/>
  <nd ref="4175131496"/>
  <tag k="barrier" v="yes"/>
  <tag k="material" v="stone"/>
 </way>
 <way id="417126047" visible="true" version="1" changeset="39230952" timestamp="2016-05-11T01:27:14Z" user="Michal Vinárek" uid="3108884">
  <nd ref="4000252157"/>
  <nd ref="4177431115"/>
  <nd ref="313509606"/>
  <nd ref="314427252"/>
  <nd ref="4177431114"/>
  <nd ref="4177431116"/>
  <nd ref="4000252166"/>
  <nd ref="4000252165"/>
  <nd ref="4000252158"/>
  <nd ref="4000252157"/>
  <tag k="building" v="yes"/>
 </way>
 <way id="417126048" visible="true" version="1" changeset="39230952" timestamp="2016-05-11T01:27:14Z" user="Michal Vinárek" uid="3108884">
  <nd ref="4177431115"/>
  <nd ref="4177431116"/>
  <tag k="highway" v="footway"/>
  <tag k="tunnel" v="yes"/>
 </way>
 <way id="417126049" visible="true" version="1" changeset="39230952" timestamp="2016-05-11T01:27:14Z" user="Michal Vinárek" uid="3108884">
  <nd ref="4175107636"/>
  <nd ref="4177431117"/>
  <tag k="barrier" v="kerb"/>
 </way>
 <way id="417126050" visible="true" version="1" changeset="39230952" timestamp="2016-05-11T01:27:15Z" user="Michal Vinárek" uid="3108884">
  <nd ref="4177431119"/>
  <nd ref="4177323851"/>
  <tag k="highway" v="pedestrian"/>
  <tag k="name" v="Velké náměstí"/>
  <tag k="source" v="uhul:ortofoto"/>
  <tag k="surface" v="cobblestone"/>
  <tag k="traffic_calming" v="yes"/>
 </way>
 <way id="417126051" visible="true" version="1" changeset="39230952" timestamp="2016-05-11T01:27:15Z" user="Michal Vinárek" uid="3108884">
  <nd ref="4177323851"/>
  <nd ref="310210103"/>
  <tag k="highway" v="pedestrian"/>
  <tag k="name" v="Velké náměstí"/>
  <tag k="source" v="uhul:ortofoto"/>
  <tag k="surface" v="cobblestone"/>
 </way>
 <way id="417126052" visible="true" version="1" changeset="39230952" timestamp="2016-05-11T01:27:16Z" user="Michal Vinárek" uid="3108884">
  <nd ref="4177431121"/>
  <nd ref="4177431120"/>
  <tag k="highway" v="pedestrian"/>
  <tag k="name" v="Velké náměstí"/>
  <tag k="source" v="uhul:ortofoto"/>
  <tag k="surface" v="cobblestone"/>
  <tag k="traffic_calming" v="yes"/>
 </way>
 <way id="417126053" visible="true" version="1" changeset="39230952" timestamp="2016-05-11T01:27:17Z" user="Michal Vinárek" uid="3108884">
  <nd ref="4177431120"/>
  <nd ref="310138817"/>
  <tag k="highway" v="pedestrian"/>
  <tag k="name" v="Velké náměstí"/>
  <tag k="source" v="uhul:ortofoto"/>
  <tag k="surface" v="cobblestone"/>
 </way>
 <way id="417126054" visible="true" version="1" changeset="39230952" timestamp="2016-05-11T01:27:17Z" user="Michal Vinárek" uid="3108884">
  <nd ref="4177431122"/>
  <nd ref="4177431123"/>
  <nd ref="4177431124"/>
  <nd ref="4177431125"/>
  <nd ref="4177431126"/>
  <nd ref="4177431127"/>
  <nd ref="4177431122"/>
  <tag k="amenity" v="restaurant"/>
  <tag k="building" v="yes"/>
 </way>
 <way id="417126065" visible="true" version="1" changeset="39230952" timestamp="2016-05-11T01:27:24Z" user="Michal Vinárek" uid="3108884">
  <nd ref="4177250570"/>
  <nd ref="4177433274"/>
  <nd ref="4177431118"/>
  <tag k="highway" v="service"/>
 </way>
 <way id="417126066" visible="true" version="1" changeset="39230952" timestamp="2016-05-11T01:27:24Z" user="Michal Vinárek" uid="3108884">
  <nd ref="4177433205"/>
  <nd ref="4177433206"/>
  <tag k="highway" v="footway"/>
  <tag k="tunnel" v="yes"/>
 </way>
 <way id="417126067" visible="true" version="1" changeset="39230952" timestamp="2016-05-11T01:27:25Z" user="Michal Vinárek" uid="3108884">
  <nd ref="4177433207"/>
  <nd ref="4177433208"/>
  <nd ref="4177433209"/>
  <nd ref="4177433210"/>
  <nd ref="4177433211"/>
  <nd ref="4177433212"/>
  <nd ref="4177433213"/>
  <nd ref="4177433214"/>
  <nd ref="4177433215"/>
  <nd ref="4177433216"/>
  <nd ref="4177433217"/>
  <nd ref="4177433218"/>
  <nd ref="4177433219"/>
  <nd ref="4177433220"/>
  <nd ref="4177433221"/>
  <nd ref="4177433222"/>
  <nd ref="4177433223"/>
  <nd ref="4177433224"/>
  <nd ref="4177433225"/>
  <nd ref="4177433226"/>
  <nd ref="4177433227"/>
  <nd ref="4177433207"/>
  <tag k="landuse" v="grass"/>
 </way>
 <way id="417126068" visible="true" version="1" changeset="39230952" timestamp="2016-05-11T01:27:25Z" user="Michal Vinárek" uid="3108884">
  <nd ref="4177433228"/>
  <nd ref="4177433229"/>
  <nd ref="4177433230"/>
  <nd ref="4177433231"/>
  <nd ref="4177433232"/>
  <nd ref="4177433233"/>
  <nd ref="4177433234"/>
  <nd ref="4177433235"/>
  <nd ref="4177433236"/>
  <nd ref="4177433237"/>
  <nd ref="4177433238"/>
  <nd ref="4177433239"/>
  <nd ref="4177433240"/>
  <nd ref="4177433241"/>
  <nd ref="4177433242"/>
  <nd ref="4177433243"/>
  <nd ref="4177433244"/>
  <nd ref="4177433245"/>
  <nd ref="4177433246"/>
  <nd ref="4177433228"/>
  <tag k="landuse" v="grass"/>
 </way>
 <way id="417126069" visible="true" version="1" changeset="39230952" timestamp="2016-05-11T01:27:26Z" user="Michal Vinárek" uid="3108884">
  <nd ref="313509580"/>
  <nd ref="4177433247"/>
  <nd ref="313509541"/>
  <nd ref="313509603"/>
  <nd ref="4000252218"/>
  <nd ref="313509579"/>
  <nd ref="313509580"/>
  <tag k="building" v="yes"/>
 </way>
 <way id="417126070" visible="true" version="1" changeset="39230952" timestamp="2016-05-11T01:27:26Z" user="Michal Vinárek" uid="3108884">
  <nd ref="4177433247"/>
  <nd ref="4177433248"/>
  <nd ref="314427406"/>
  <tag k="barrier" v="city_wall"/>
 </way>
 <way id="417126071" visible="true" version="1" changeset="39230952" timestamp="2016-05-11T01:27:27Z" user="Michal Vinárek" uid="3108884">
  <nd ref="314427402"/>
  <nd ref="4177433249"/>
  <nd ref="4177433250"/>
  <tag k="barrier" v="city_wall"/>
 </way>
 <way id="417126072" visible="true" version="1" changeset="39230952" timestamp="2016-05-11T01:27:27Z" user="Michal Vinárek" uid="3108884">
  <nd ref="4177431117"/>
  <nd ref="4177433253"/>
  <nd ref="4177433254"/>
  <nd ref="4177433255"/>
  <nd ref="4177433256"/>
  <nd ref="4177433257"/>
  <nd ref="4177433258"/>
  <nd ref="4177433259"/>
  <tag k="barrier" v="kerb"/>
 </way>
 <way id="417126074" visible="true" version="2" changeset="39323875" timestamp="2016-05-15T03:56:54Z" user="Michal Vinárek" uid="3108884">
  <nd ref="310138826"/>
  <nd ref="4177433270"/>
  <nd ref="4177433271"/>
  <nd ref="4177433277"/>
  <nd ref="4177433272"/>
  <nd ref="4177433273"/>
  <nd ref="4186732725"/>
  <nd ref="4177433289"/>
  <nd ref="4177433274"/>
  <nd ref="4177433293"/>
  <nd ref="4177433275"/>
  <nd ref="4177433276"/>
  <nd ref="4177433290"/>
  <nd ref="4177323851"/>
  <nd ref="4175107636"/>
  <tag k="barrier" v="kerb"/>
 </way>
 <way id="417126075" visible="true" version="1" changeset="39230952" timestamp="2016-05-11T01:27:28Z" user="Michal Vinárek" uid="3108884">
  <nd ref="4175107633"/>
  <nd ref="4177433277"/>
  <tag k="highway" v="footway"/>
 </way>
 <way id="417126078" visible="true" version="3" changeset="39323875" timestamp="2016-05-15T03:56:54Z" user="Michal Vinárek" uid="3108884">
  <nd ref="4186732725"/>
  <nd ref="4177433287"/>
  <nd ref="4177433288"/>
  <nd ref="4177433289"/>
  <nd ref="4186732725"/>
  <tag k="access" v="customers"/>
  <tag k="amenity" v="parking"/>
  <tag k="capacity" v="8"/>
  <tag k="fee" v="no"/>
  <tag k="parking" v="surface"/>
 </way>
 <way id="417126079" visible="true" version="3" changeset="39323875" timestamp="2016-05-15T03:56:54Z" user="Michal Vinárek" uid="3108884">
  <nd ref="4177433290"/>
  <nd ref="4177433291"/>
  <nd ref="4177433292"/>
  <nd ref="4177433293"/>
  <nd ref="4177433275"/>
  <nd ref="4177433276"/>
  <nd ref="4177433290"/>
  <tag k="access" v="customers"/>
  <tag k="amenity" v="parking"/>
  <tag k="capacity" v="5"/>
  <tag k="fee" v="no"/>
  <tag k="parking" v="surface"/>
 </way>
 <way id="417126468" visible="true" version="2" changeset="39324153" timestamp="2016-05-15T04:52:16Z" user="Michal Vinárek" uid="3108884">
  <nd ref="3926098603"/>
  <nd ref="4186763787"/>
  <nd ref="310138823"/>
  <tag k="highway" v="pedestrian"/>
  <tag k="name" v="Fügnerovo nám."/>
 </way>
 <way id="418205196" visible="true" version="1" changeset="39323663" timestamp="2016-05-15T03:08:42Z" user="Michal Vinárek" uid="3108884">
  <nd ref="4186660787"/>
  <nd ref="4186660788"/>
  <nd ref="4186661289"/>
  <nd ref="4186661290"/>
  <nd ref="4186660787"/>
  <tag k="amenity" v="recycling"/>
  <tag k="recycling_type" v="container"/>
 </way>
 <way id="418205197" visible="true" version="1" changeset="39323663" timestamp="2016-05-15T03:08:42Z" user="Michal Vinárek" uid="3108884">
  <nd ref="4186661291"/>
  <nd ref="4186661292"/>
  <nd ref="4186661293"/>
  <nd ref="4186661294"/>
  <nd ref="4186661291"/>
  <tag k="amenity" v="recycling"/>
  <tag k="recycling_type" v="container"/>
 </way>
 <way id="418205198" visible="true" version="1" changeset="39323663" timestamp="2016-05-15T03:08:42Z" user="Michal Vinárek" uid="3108884">
  <nd ref="4186661295"/>
  <nd ref="4186661296"/>
  <nd ref="4186661297"/>
  <nd ref="4186661298"/>
  <nd ref="4186661295"/>
  <tag k="amenity" v="recycling"/>
  <tag k="recycling_type" v="container"/>
 </way>
 <way id="418237675" visible="true" version="1" changeset="39324153" timestamp="2016-05-15T04:52:11Z" user="Michal Vinárek" uid="3108884">
  <nd ref="4186763739"/>
  <nd ref="4186763740"/>
  <nd ref="4186763741"/>
  <nd ref="4186763755"/>
  <nd ref="4186763739"/>
  <tag k="amenity" v="biergarten"/>
  <tag k="building" v="yes"/>
 </way>
 <way id="418237676" visible="true" version="1" changeset="39324153" timestamp="2016-05-15T04:52:11Z" user="Michal Vinárek" uid="3108884">
  <nd ref="4186763742"/>
  <nd ref="4186763743"/>
  <nd ref="4186763744"/>
  <nd ref="4186763745"/>
  <nd ref="4186763742"/>
  <tag k="name" v="Socha Sv. Floriána"/>
  <tag k="tourism" v="attraction"/>
 </way>
 <way id="418237677" visible="true" version="1" changeset="39324153" timestamp="2016-05-15T04:52:11Z" user="Michal Vinárek" uid="3108884">
  <nd ref="4186763745"/>
  <nd ref="4186763746"/>
  <nd ref="4186763747"/>
  <nd ref="4186763744"/>
  <nd ref="4186763745"/>
  <tag k="amenity" v="fountain"/>
 </way>
 <way id="418237678" visible="true" version="1" changeset="39324153" timestamp="2016-05-15T04:52:11Z" user="Michal Vinárek" uid="3108884">
  <nd ref="4186763745"/>
  <nd ref="4186763746"/>
  <nd ref="4186763747"/>
  <nd ref="4186763744"/>
  <tag k="barrier" v="yes"/>
 </way>
 <way id="418237679" visible="true" version="1" changeset="39324153" timestamp="2016-05-15T04:52:11Z" user="Michal Vinárek" uid="3108884">
  <nd ref="4186763763"/>
  <nd ref="4186763764"/>
  <nd ref="4186763765"/>
  <nd ref="4186763766"/>
  <nd ref="4186763763"/>
  <tag k="amenity" v="recycling"/>
  <tag k="recycling_type" v="container"/>
 </way>
 <way id="418237680" visible="true" version="1" changeset="39324153" timestamp="2016-05-15T04:52:11Z" user="Michal Vinárek" uid="3108884">
  <nd ref="4186763767"/>
  <nd ref="4186763768"/>
  <nd ref="4186763769"/>
  <nd ref="4186763770"/>
  <nd ref="4186763767"/>
  <tag k="amenity" v="recycling"/>
  <tag k="recycling_type" v="container"/>
 </way>
 <way id="418237681" visible="true" version="1" changeset="39324153" timestamp="2016-05-15T04:52:11Z" user="Michal Vinárek" uid="3108884">
  <nd ref="4186763771"/>
  <nd ref="4186763772"/>
  <nd ref="4186763773"/>
  <nd ref="4186763774"/>
  <nd ref="4186763771"/>
  <tag k="amenity" v="recycling"/>
  <tag k="recycling_type" v="container"/>
 </way>
 <way id="418237682" visible="true" version="2" changeset="42689611" timestamp="2016-10-06T16:40:41Z" user="gorn" uid="10353">
  <nd ref="4186763780"/>
  <nd ref="4186764259"/>
  <nd ref="4186764094"/>
  <nd ref="4186764103"/>
  <nd ref="4186764102"/>
  <nd ref="4186764101"/>
  <nd ref="4186764100"/>
  <nd ref="4186764098"/>
  <nd ref="4186764097"/>
  <nd ref="4186763782"/>
  <nd ref="4186763783"/>
  <nd ref="4186763784"/>
  <nd ref="4186763785"/>
  <nd ref="4186763786"/>
  <nd ref="316497557"/>
  <nd ref="316497564"/>
  <nd ref="3663654830"/>
  <nd ref="316497569"/>
  <nd ref="1729020069"/>
  <nd ref="316497574"/>
  <nd ref="4186763780"/>
  <tag k="landuse" v="grass"/>
 </way>
 <way id="418237695" visible="true" version="1" changeset="39324153" timestamp="2016-05-15T04:52:12Z" user="Michal Vinárek" uid="3108884">
  <nd ref="4186764191"/>
  <nd ref="4186764192"/>
  <nd ref="456749279"/>
  <nd ref="456749282"/>
  <nd ref="4186764187"/>
  <nd ref="4186764188"/>
  <nd ref="4186764189"/>
  <nd ref="4186764190"/>
  <nd ref="4186764195"/>
  <nd ref="4186764194"/>
  <nd ref="456749247"/>
  <nd ref="4186764193"/>
  <nd ref="4186764191"/>
  <tag k="landuse" v="grass"/>
 </way>
 <way id="418237696" visible="true" version="1" changeset="39324153" timestamp="2016-05-15T04:52:12Z" user="Michal Vinárek" uid="3108884">
  <nd ref="4186764196"/>
  <nd ref="4186764197"/>
  <tag k="highway" v="service"/>
  <tag k="service" v="parking_aisle"/>
 </way>
 <way id="418237697" visible="true" version="1" changeset="39324153" timestamp="2016-05-15T04:52:13Z" user="Michal Vinárek" uid="3108884">
  <nd ref="4186764197"/>
  <nd ref="4186764198"/>
  <tag k="highway" v="service"/>
  <tag k="service" v="parking_aisle"/>
 </way>
 <way id="418237698" visible="true" version="1" changeset="39324153" timestamp="2016-05-15T04:52:13Z" user="Michal Vinárek" uid="3108884">
  <nd ref="4186764197"/>
  <nd ref="4186764199"/>
  <tag k="highway" v="service"/>
  <tag k="service" v="parking_aisle"/>
 </way>
 <way id="418237702" visible="true" version="2" changeset="42689596" timestamp="2016-10-06T16:39:48Z" user="gorn" uid="10353">
  <nd ref="4186764245"/>
  <nd ref="4186764246"/>
  <nd ref="4186764247"/>
  <nd ref="4186764248"/>
  <nd ref="4186764230"/>
  <nd ref="4186764231"/>
  <nd ref="4186764232"/>
  <nd ref="4186764233"/>
  <nd ref="4186764239"/>
  <nd ref="4186764240"/>
  <nd ref="4186764241"/>
  <nd ref="4186764242"/>
  <nd ref="4186764243"/>
  <nd ref="4186764244"/>
  <nd ref="4186764234"/>
  <nd ref="4186764235"/>
  <nd ref="4186764236"/>
  <nd ref="4186764237"/>
  <nd ref="4186764245"/>
  <tag k="landuse" v="grass"/>
 </way>
 <way id="418237703" visible="true" version="1" changeset="39324153" timestamp="2016-05-15T04:52:13Z" user="Michal Vinárek" uid="3108884">
  <nd ref="4186764245"/>
  <nd ref="4186764256"/>
  <nd ref="4186764255"/>
  <nd ref="4186764254"/>
  <nd ref="4186764253"/>
  <nd ref="4186764252"/>
  <nd ref="4186764251"/>
  <nd ref="4186764250"/>
  <nd ref="4186764249"/>
  <nd ref="4186764242"/>
  <tag k="barrier" v="kerb"/>
 </way>
 <way id="418237704" visible="true" version="2" changeset="46717798" timestamp="2017-03-09T18:26:23Z" user="Milancer" uid="1189910">
  <nd ref="4186764296"/>
  <nd ref="4186764297"/>
  <nd ref="4186764298"/>
  <nd ref="4186764299"/>
  <nd ref="4186764300"/>
  <nd ref="4186764303"/>
  <nd ref="4726432470"/>
  <nd ref="4186764302"/>
  <nd ref="4726432470"/>
  <tag k="highway" v="path"/>
 </way>
 <way id="436151753" visible="true" version="2" changeset="42689596" timestamp="2016-10-06T16:39:47Z" user="gorn" uid="10353">
  <nd ref="4186764228"/>
  <nd ref="4434624677"/>
  <nd ref="4434624678"/>
  <nd ref="4434624684"/>
  <nd ref="4434624687"/>
  <nd ref="4434624685"/>
  <nd ref="4434624683"/>
  <nd ref="4434624681"/>
  <nd ref="4186764223"/>
  <nd ref="4434624676"/>
  <nd ref="4186764214"/>
  <nd ref="4186764215"/>
  <nd ref="4434624673"/>
  <nd ref="4186764218"/>
  <nd ref="4434624674"/>
  <nd ref="4186764228"/>
  <tag k="highway" v="service"/>
  <tag k="name" v="Fügnerovo nám."/>
  <tag k="oneway" v="yes"/>
 </way>
 <way id="489010932" visible="true" version="1" changeset="48081310" timestamp="2017-04-24T07:11:55Z" user="Petr1868" uid="72020">
  <nd ref="310210106"/>
  <nd ref="310210103"/>
  <tag k="highway" v="residential"/>
  <tag k="name" v="Velké náměstí"/>
  <tag k="oneway" v="yes"/>
  <tag k="source" v="uhul:ortofoto"/>
  <tag k="surface" v="cobblestone"/>
 </way>
 <relation id="87045" visible="true" version="5" changeset="48111799" timestamp="2017-04-25T06:44:36Z" user="Milancer" uid="1189910">
  <member type="way" ref="28784249" role="outer"/>
  <member type="way" ref="28784252" role="inner"/>
  <tag k="type" v="multipolygon"/>
  <tag k="water" v="river"/>
  <tag k="waterway" v="riverbank"/>
 </relation>
 <relation id="106912" visible="true" version="2" changeset="26983546" timestamp="2014-11-23T21:47:36Z" user="Minimalis" uid="665336">
  <member type="way" ref="28604280" role="inner"/>
  <member type="way" ref="32753942" role="outer"/>
  <tag k="building" v="yes"/>
  <tag k="type" v="multipolygon"/>
 </relation>
 <relation id="106915" visible="true" version="3" changeset="37140936" timestamp="2016-02-11T08:04:32Z" user="JandaM" uid="2169558">
  <member type="way" ref="28603556" role="outer"/>
  <member type="way" ref="32753946" role="inner"/>
  <tag k="building" v="civic"/>
  <tag k="building:flats" v="1"/>
  <tag k="building:levels" v="3"/>
  <tag k="building:ruian:type" v="15"/>
  <tag k="ref:ruian:building" v="5488672"/>
  <tag k="source" v="cuzk:ruian"/>
  <tag k="type" v="multipolygon"/>
 </relation>
 <relation id="334119" visible="true" version="33" changeset="48059681" timestamp="2017-04-23T12:59:09Z" user="Petr1868" uid="72020">
  <member type="node" ref="4811464036" role="guidepost"/>
  <member type="way" ref="160827836" role=""/>
  <member type="way" ref="206597182" role=""/>
  <member type="way" ref="206597193" role=""/>
  <member type="way" ref="363198716" role=""/>
  <member type="way" ref="160827767" role=""/>
  <member type="way" ref="160827780" role=""/>
  <member type="way" ref="194845896" role=""/>
  <member type="way" ref="191744757" role=""/>
  <member type="way" ref="206597189" role=""/>
  <member type="way" ref="9577831" role=""/>
  <member type="way" ref="190669898" role=""/>
  <member type="way" ref="190669899" role=""/>
  <member type="way" ref="206597184" role=""/>
  <member type="way" ref="432132696" role=""/>
  <member type="way" ref="293717926" role=""/>
  <member type="way" ref="293715483" role=""/>
  <member type="way" ref="206597179" role=""/>
  <member type="way" ref="432132699" role=""/>
  <member type="way" ref="27625115" role=""/>
  <member type="way" ref="432132727" role=""/>
  <member type="way" ref="190669897" role=""/>
  <member type="way" ref="44833827" role=""/>
  <member type="way" ref="164634923" role=""/>
  <member type="way" ref="164497052" role=""/>
  <member type="way" ref="164634917" role=""/>
  <member type="way" ref="164497031" role=""/>
  <member type="way" ref="28200123" role=""/>
  <member type="way" ref="28237017" role=""/>
  <member type="way" ref="151226778" role=""/>
  <member type="way" ref="190669888" role=""/>
  <member type="way" ref="190669889" role=""/>
  <member type="way" ref="143469391" role=""/>
  <member type="way" ref="184931276" role=""/>
  <member type="way" ref="150784277" role=""/>
  <member type="way" ref="143469389" role=""/>
  <member type="way" ref="157937258" role=""/>
  <member type="way" ref="189853245" role=""/>
  <member type="way" ref="189853246" role=""/>
  <member type="way" ref="188486771" role=""/>
  <member type="way" ref="188486770" role=""/>
  <member type="way" ref="188486778" role=""/>
  <member type="way" ref="183748960" role=""/>
  <member type="way" ref="183748951" role=""/>
  <member type="way" ref="183748969" role=""/>
  <member type="way" ref="160827755" role=""/>
  <member type="way" ref="35200284" role=""/>
  <member type="way" ref="194845895" role=""/>
  <member type="way" ref="193985444" role=""/>
  <member type="way" ref="160827771" role=""/>
  <member type="node" ref="568399612" role="guidepost"/>
  <member type="node" ref="1636606500" role="guidepost"/>
  <member type="node" ref="1640489507" role="guidepost"/>
  <member type="node" ref="1701696366" role="guidepost"/>
  <member type="node" ref="1941557832" role="guidepost"/>
  <member type="node" ref="1941557831" role="guidepost"/>
  <member type="node" ref="1991135324" role="guidepost"/>
  <member type="node" ref="2062215700" role="guidepost"/>
  <member type="node" ref="2062215701" role="guidepost"/>
  <member type="node" ref="2122342968" role="guidepost"/>
  <member type="way" ref="293931862" role=""/>
  <member type="way" ref="363791605" role=""/>
  <member type="way" ref="363791606" role=""/>
  <tag k="complete" v="no"/>
  <tag k="destinations" v="Písek (Palackého sady);V Živci;Nový rybník;Novodvorská křižovatka;Rybník Němec;Pasecká křižovatka;U Luňáka;Albrechtice;Neznašov;Bohunická hájovna;Týn nad Vltavou"/>
  <tag k="kct_red" v="major"/>
  <tag k="name" v="Písek (Palackého sady) - Albrechtice - Týn nad Vltavou"/>
  <tag k="network" v="nwn"/>
  <tag k="operator" v="cz:KČT"/>
  <tag k="osmc:symbol" v="red:white:red_bar"/>
  <tag k="ref" v="0114"/>
  <tag k="route" v="foot"/>
  <tag k="type" v="route"/>
 </relation>
 <relation id="334123" visible="true" version="18" changeset="39231005" timestamp="2016-05-11T01:39:00Z" user="Michal Vinárek" uid="3108884">
  <member type="way" ref="28322776" role=""/>
  <member type="way" ref="28236358" role=""/>
  <member type="way" ref="195221855" role=""/>
  <member type="way" ref="195221853" role=""/>
  <member type="way" ref="363447537" role=""/>
  <member type="way" ref="37439341" role=""/>
  <member type="way" ref="150358633" role=""/>
  <member type="way" ref="28230762" role=""/>
  <member type="way" ref="79184785" role=""/>
  <member type="way" ref="79184786" role=""/>
  <member type="way" ref="160090982" role=""/>
  <member type="way" ref="155156162" role=""/>
  <member type="way" ref="155156160" role=""/>
  <member type="way" ref="155156156" role=""/>
  <member type="way" ref="155156166" role=""/>
  <member type="way" ref="155156159" role=""/>
  <member type="way" ref="197642667" role=""/>
  <member type="way" ref="367205621" role=""/>
  <member type="node" ref="568399612" role="guidepost"/>
  <member type="node" ref="925205703" role="guidepost"/>
  <member type="node" ref="1632822422" role="guidepost"/>
  <member type="node" ref="1675816362" role="guidepost"/>
  <member type="way" ref="367205612" role=""/>
  <member type="way" ref="148088462" role=""/>
  <member type="way" ref="367205644" role=""/>
  <member type="way" ref="148088440" role=""/>
  <member type="way" ref="367205630" role=""/>
  <member type="way" ref="367205651" role=""/>
  <member type="way" ref="367205636" role=""/>
  <member type="way" ref="82885360" role=""/>
  <member type="way" ref="367205650" role=""/>
  <member type="way" ref="367205649" role=""/>
  <member type="way" ref="82880991" role=""/>
  <member type="way" ref="367205648" role=""/>
  <tag k="complete" v="no"/>
  <tag k="destinations" v="Zvíkovský otavský most-Písek"/>
  <tag k="kct_red" v="major"/>
  <tag k="name" v="Sedláčkova stezka"/>
  <tag k="network" v="nwn"/>
  <tag k="operator" v="cz:KČT"/>
  <tag k="osmc:symbol" v="red:white:red_bar"/>
  <tag k="route" v="foot"/>
  <tag k="type" v="route"/>
 </relation>
 <relation id="437521" visible="true" version="32" changeset="44076582" timestamp="2016-12-01T05:31:46Z" user="nyuriks" uid="339581">
  <member type="node" ref="1599176364" role="admin_centre"/>
  <member type="relation" ref="434423" role="subarea"/>
  <member type="relation" ref="434381" role="subarea"/>
  <member type="relation" ref="435615" role="subarea"/>
  <member type="relation" ref="433025" role="subarea"/>
  <member type="relation" ref="426752" role="subarea"/>
  <member type="way" ref="180711336" role="outer"/>
  <member type="way" ref="181629942" role="outer"/>
  <member type="way" ref="181629941" role="outer"/>
  <member type="way" ref="181630123" role="outer"/>
  <member type="way" ref="181630562" role="outer"/>
  <member type="way" ref="181630580" role="outer"/>
  <member type="way" ref="181630579" role="outer"/>
  <member type="way" ref="181746459" role="outer"/>
  <member type="way" ref="181746496" role="outer"/>
  <member type="way" ref="181902207" role="outer"/>
  <member type="way" ref="181902574" role="outer"/>
  <member type="way" ref="181902569" role="outer"/>
  <member type="way" ref="181942361" role="outer"/>
  <member type="way" ref="181942373" role="outer"/>
  <member type="way" ref="181942379" role="outer"/>
  <member type="way" ref="181942390" role="outer"/>
  <member type="way" ref="181942410" role="outer"/>
  <member type="way" ref="181942409" role="outer"/>
  <member type="way" ref="316510644" role="outer"/>
  <member type="way" ref="316510642" role="outer"/>
  <tag k="admin_level" v="8"/>
  <tag k="boundary" v="administrative"/>
  <tag k="name" v="Písek"/>
  <tag k="name:cs" v="Písek"/>
  <tag k="name:de" v="Pisek"/>
  <tag k="name:prefix" v="město"/>
  <tag k="population" v="29769"/>
  <tag k="ref" v="CZ0314549240"/>
  <tag k="source" v="cuzk:ruian"/>
  <tag k="source:population" v="csu:uir-zsj"/>
  <tag k="type" v="boundary"/>
  <tag k="wikidata" v="Q158245"/>
  <tag k="wikipedia" v="cs:Písek (město)"/>
 </relation>
 <relation id="441220" visible="true" version="148" changeset="44498155" timestamp="2016-12-18T18:41:38Z" user="czechreg" uid="787799">
  <member type="way" ref="51583683" role="outer"/>
  <member type="node" ref="1599176364" role="admin_centre"/>
  <member type="relation" ref="437521" role="subarea"/>
  <member type="relation" ref="437377" role="subarea"/>
  <member type="relation" ref="437349" role="subarea"/>
  <member type="relation" ref="437337" role="subarea"/>
  <member type="relation" ref="437369" role="subarea"/>
  <member type="relation" ref="437331" role="subarea"/>
  <member type="relation" ref="437517" role="subarea"/>
  <member type="relation" ref="437342" role="subarea"/>
  <member type="relation" ref="437380" role="subarea"/>
  <member type="relation" ref="437509" role="subarea"/>
  <member type="relation" ref="436461" role="subarea"/>
  <member type="relation" ref="437523" role="subarea"/>
  <member type="relation" ref="436469" role="subarea"/>
  <member type="relation" ref="436468" role="subarea"/>
  <member type="relation" ref="437368" role="subarea"/>
  <member type="relation" ref="437382" role="subarea"/>
  <member type="relation" ref="437346" role="subarea"/>
  <member type="relation" ref="437344" role="subarea"/>
  <member type="relation" ref="436459" role="subarea"/>
  <member type="relation" ref="437347" role="subarea"/>
  <member type="relation" ref="437384" role="subarea"/>
  <member type="relation" ref="437519" role="subarea"/>
  <member type="relation" ref="436471" role="subarea"/>
  <member type="relation" ref="437341" role="subarea"/>
  <member type="relation" ref="437353" role="subarea"/>
  <member type="relation" ref="437217" role="subarea"/>
  <member type="relation" ref="437316" role="subarea"/>
  <member type="relation" ref="437351" role="subarea"/>
  <member type="relation" ref="437513" role="subarea"/>
  <member type="relation" ref="437365" role="subarea"/>
  <member type="relation" ref="436463" role="subarea"/>
  <member type="relation" ref="436464" role="subarea"/>
  <member type="relation" ref="437363" role="subarea"/>
  <member type="relation" ref="437314" role="subarea"/>
  <member type="relation" ref="437359" role="subarea"/>
  <member type="relation" ref="437355" role="subarea"/>
  <member type="relation" ref="437338" role="subarea"/>
  <member type="relation" ref="437407" role="subarea"/>
  <member type="relation" ref="437358" role="subarea"/>
  <member type="relation" ref="437205" role="subarea"/>
  <member type="relation" ref="437209" role="subarea"/>
  <member type="relation" ref="437371" role="subarea"/>
  <member type="relation" ref="437405" role="subarea"/>
  <member type="relation" ref="437394" role="subarea"/>
  <member type="relation" ref="437194" role="subarea"/>
  <member type="relation" ref="437398" role="subarea"/>
  <member type="relation" ref="437387" role="subarea"/>
  <member type="relation" ref="437361" role="subarea"/>
  <member type="relation" ref="437211" role="subarea"/>
  <member type="relation" ref="437336" role="subarea"/>
  <member type="relation" ref="437375" role="subarea"/>
  <member type="relation" ref="436465" role="subarea"/>
  <member type="relation" ref="437196" role="subarea"/>
  <member type="relation" ref="437400" role="subarea"/>
  <member type="relation" ref="437207" role="subarea"/>
  <member type="relation" ref="437515" role="subarea"/>
  <member type="relation" ref="437215" role="subarea"/>
  <member type="relation" ref="437402" role="subarea"/>
  <member type="relation" ref="437390" role="subarea"/>
  <member type="relation" ref="437203" role="subarea"/>
  <member type="relation" ref="437396" role="subarea"/>
  <member type="relation" ref="436467" role="subarea"/>
  <member type="relation" ref="437497" role="subarea"/>
  <member type="relation" ref="437334" role="subarea"/>
  <member type="relation" ref="437500" role="subarea"/>
  <member type="relation" ref="437373" role="subarea"/>
  <member type="relation" ref="437397" role="subarea"/>
  <member type="relation" ref="436460" role="subarea"/>
  <member type="relation" ref="437198" role="subarea"/>
  <member type="relation" ref="437213" role="subarea"/>
  <member type="relation" ref="437192" role="subarea"/>
  <member type="relation" ref="436466" role="subarea"/>
  <member type="relation" ref="436470" role="subarea"/>
  <member type="relation" ref="437218" role="subarea"/>
  <member type="relation" ref="437392" role="subarea"/>
  <member type="way" ref="179099233" role="outer"/>
  <member type="way" ref="179116200" role="outer"/>
  <member type="way" ref="179116199" role="outer"/>
  <member type="way" ref="179237975" role="outer"/>
  <member type="way" ref="179252753" role="outer"/>
  <member type="way" ref="179269614" role="outer"/>
  <member type="way" ref="179269613" role="outer"/>
  <member type="way" ref="179269787" role="outer"/>
  <member type="way" ref="179304303" role="outer"/>
  <member type="way" ref="179304302" role="outer"/>
  <member type="way" ref="179304898" role="outer"/>
  <member type="way" ref="179439535" role="outer"/>
  <member type="way" ref="179448873" role="outer"/>
  <member type="way" ref="179448861" role="outer"/>
  <member type="way" ref="179593289" role="outer"/>
  <member type="way" ref="179594556" role="outer"/>
  <member type="way" ref="179594545" role="outer"/>
  <member type="way" ref="179594537" role="outer"/>
  <member type="way" ref="179594532" role="outer"/>
  <member type="way" ref="179595422" role="outer"/>
  <member type="way" ref="179595411" role="outer"/>
  <member type="way" ref="179595985" role="outer"/>
  <member type="way" ref="179595984" role="outer"/>
  <member type="way" ref="179596520" role="outer"/>
  <member type="way" ref="179601111" role="outer"/>
  <member type="way" ref="179602872" role="outer"/>
  <member type="way" ref="179689175" role="outer"/>
  <member type="way" ref="179689765" role="outer"/>
  <member type="way" ref="179689762" role="outer"/>
  <member type="way" ref="179692493" role="outer"/>
  <member type="way" ref="179692492" role="outer"/>
  <member type="way" ref="179897905" role="outer"/>
  <member type="way" ref="179897923" role="outer"/>
  <member type="way" ref="179897997" role="outer"/>
  <member type="way" ref="179898020" role="outer"/>
  <member type="way" ref="179898023" role="outer"/>
  <member type="way" ref="179898558" role="outer"/>
  <member type="way" ref="179898700" role="outer"/>
  <member type="way" ref="179898701" role="outer"/>
  <member type="way" ref="179898975" role="outer"/>
  <member type="way" ref="179901511" role="outer"/>
  <member type="way" ref="179901610" role="outer"/>
  <member type="way" ref="180620844" role="outer"/>
  <member type="way" ref="180620855" role="outer"/>
  <member type="way" ref="180620851" role="outer"/>
  <member type="way" ref="180628963" role="outer"/>
  <member type="way" ref="180629061" role="outer"/>
  <member type="way" ref="180633082" role="outer"/>
  <member type="way" ref="180710836" role="outer"/>
  <member type="way" ref="180710833" role="outer"/>
  <member type="way" ref="180710985" role="outer"/>
  <member type="way" ref="180711159" role="outer"/>
  <member type="way" ref="180715042" role="outer"/>
  <member type="way" ref="180715041" role="outer"/>
  <member type="way" ref="180715726" role="outer"/>
  <member type="way" ref="180719906" role="outer"/>
  <member type="way" ref="180719902" role="outer"/>
  <member type="way" ref="180749093" role="outer"/>
  <member type="way" ref="180749092" role="outer"/>
  <member type="way" ref="181615143" role="outer"/>
  <member type="way" ref="181615142" role="outer"/>
  <member type="way" ref="181615139" role="outer"/>
  <member type="way" ref="181629600" role="outer"/>
  <member type="way" ref="181629599" role="outer"/>
  <member type="way" ref="181629676" role="outer"/>
  <member type="way" ref="181629674" role="outer"/>
  <member type="way" ref="181629671" role="outer"/>
  <member type="way" ref="181630182" role="outer"/>
  <member type="way" ref="181633193" role="outer"/>
  <member type="way" ref="181633544" role="outer"/>
  <member type="way" ref="181633673" role="outer"/>
  <member type="way" ref="181634035" role="outer"/>
  <member type="way" ref="181634034" role="outer"/>
  <member type="way" ref="181676889" role="outer"/>
  <member type="way" ref="181677724" role="outer"/>
  <member type="way" ref="181677720" role="outer"/>
  <member type="way" ref="181678776" role="outer"/>
  <member type="way" ref="181678771" role="outer"/>
  <member type="way" ref="181678944" role="outer"/>
  <member type="way" ref="181683702" role="outer"/>
  <member type="way" ref="181683708" role="outer"/>
  <member type="way" ref="181683818" role="outer"/>
  <member type="way" ref="181717703" role="outer"/>
  <member type="way" ref="181717749" role="outer"/>
  <member type="way" ref="181718627" role="outer"/>
  <member type="way" ref="181718618" role="outer"/>
  <member type="way" ref="181718617" role="outer"/>
  <member type="way" ref="181719631" role="outer"/>
  <member type="way" ref="181747524" role="outer"/>
  <member type="way" ref="181833429" role="outer"/>
  <member type="way" ref="181833426" role="outer"/>
  <member type="way" ref="181833420" role="outer"/>
  <member type="way" ref="181902008" role="outer"/>
  <member type="way" ref="181902017" role="outer"/>
  <member type="way" ref="181942088" role="outer"/>
  <member type="way" ref="181942160" role="outer"/>
  <member type="way" ref="181942429" role="outer"/>
  <member type="way" ref="181942428" role="outer"/>
  <member type="way" ref="181942427" role="outer"/>
  <member type="way" ref="181972350" role="outer"/>
  <member type="way" ref="181972351" role="outer"/>
  <member type="way" ref="181972400" role="outer"/>
  <member type="way" ref="181972403" role="outer"/>
  <member type="way" ref="181997204" role="outer"/>
  <member type="way" ref="182013504" role="outer"/>
  <member type="way" ref="181997202" role="outer"/>
  <member type="way" ref="183990151" role="outer"/>
  <member type="way" ref="183993576" role="outer"/>
  <member type="way" ref="189348748" role="outer"/>
  <member type="way" ref="194306668" role="outer"/>
  <member type="way" ref="233155603" role="outer"/>
  <member type="way" ref="233172044" role="outer"/>
  <member type="way" ref="233172043" role="outer"/>
  <member type="way" ref="236138165" role="outer"/>
  <member type="way" ref="236138303" role="outer"/>
  <member type="way" ref="236141483" role="outer"/>
  <member type="way" ref="240295868" role="outer"/>
  <member type="way" ref="245085142" role="outer"/>
  <member type="way" ref="261869726" role="outer"/>
  <member type="way" ref="261869704" role="outer"/>
  <member type="way" ref="261869723" role="outer"/>
  <member type="way" ref="292146799" role="outer"/>
  <member type="way" ref="311095191" role="outer"/>
  <member type="way" ref="311095193" role="outer"/>
  <member type="way" ref="311097123" role="outer"/>
  <member type="way" ref="311097122" role="outer"/>
  <member type="way" ref="311097121" role="outer"/>
  <member type="way" ref="316772714" role="outer"/>
  <member type="way" ref="320690091" role="outer"/>
  <member type="way" ref="340213287" role="outer"/>
  <member type="way" ref="340213283" role="outer"/>
  <member type="way" ref="390189426" role="outer"/>
  <member type="way" ref="460382118" role="outer"/>
  <member type="way" ref="460382109" role="outer"/>
  <member type="way" ref="460382117" role="outer"/>
  <member type="way" ref="460382116" role="outer"/>
  <member type="way" ref="460382115" role="outer"/>
  <member type="way" ref="460382114" role="outer"/>
  <member type="way" ref="460382113" role="outer"/>
  <member type="way" ref="460382112" role="outer"/>
  <member type="way" ref="460382111" role="outer"/>
  <member type="way" ref="460382110" role="outer"/>
  <member type="way" ref="460382119" role="outer"/>
  <tag k="admin_level" v="7"/>
  <tag k="boundary" v="administrative"/>
  <tag k="name" v="okres Písek"/>
  <tag k="name:cs" v="okres Písek"/>
  <tag k="name:de" v="Bezirk Pisek"/>
  <tag k="population" v="70524"/>
  <tag k="ref" v="CZ0314"/>
  <tag k="source" v="cuzk:ruian"/>
  <tag k="source:population" v="csu:uir-zsj"/>
  <tag k="type" v="boundary"/>
  <tag k="wikidata" v="Q594929"/>
  <tag k="wikipedia" v="cs:Okres Písek"/>
 </relation>
 <relation id="442321" visible="true" version="325" changeset="48395915" timestamp="2017-05-04T13:57:30Z" user="Piskvor" uid="718054">
  <member type="way" ref="186572571" role="outer"/>
  <member type="way" ref="179506347" role="outer"/>
  <member type="way" ref="181415962" role="outer"/>
  <member type="way" ref="317500880" role="outer"/>
  <member type="way" ref="317500879" role="outer"/>
  <member type="way" ref="317500878" role="outer"/>
  <member type="way" ref="342639317" role="outer"/>
  <member type="way" ref="322960382" role="outer"/>
  <member type="way" ref="322960252" role="outer"/>
  <member type="way" ref="322960248" role="outer"/>
  <member type="way" ref="311111508" role="outer"/>
  <member type="way" ref="292230801" role="outer"/>
  <member type="way" ref="292145948" role="outer"/>
  <member type="way" ref="292145949" role="outer"/>
  <member type="way" ref="179433541" role="outer"/>
  <member type="way" ref="179433542" role="outer"/>
  <member type="way" ref="202430909" role="outer"/>
  <member type="way" ref="181623469" role="outer"/>
  <member type="way" ref="181678015" role="outer"/>
  <member type="way" ref="179859757" role="outer"/>
  <member type="way" ref="181675753" role="outer"/>
  <member type="way" ref="181675752" role="outer"/>
  <member type="way" ref="181675751" role="outer"/>
  <member type="way" ref="179378867" role="outer"/>
  <member type="way" ref="179378868" role="outer"/>
  <member type="way" ref="179405274" role="outer"/>
  <member type="way" ref="181943367" role="outer"/>
  <member type="way" ref="179405323" role="outer"/>
  <member type="way" ref="179581634" role="outer"/>
  <member type="way" ref="180714894" role="outer"/>
  <member type="way" ref="179611121" role="outer"/>
  <member type="way" ref="179611140" role="outer"/>
  <member type="way" ref="179609663" role="outer"/>
  <member type="way" ref="240273730" role="outer"/>
  <member type="way" ref="240273733" role="outer"/>
  <member type="way" ref="179376033" role="outer"/>
  <member type="way" ref="180593044" role="outer"/>
  <member type="way" ref="179376050" role="outer"/>
  <member type="way" ref="194305936" role="outer"/>
  <member type="way" ref="261869720" role="outer"/>
  <member type="way" ref="179378905" role="outer"/>
  <member type="way" ref="181837105" role="outer"/>
  <member type="way" ref="194306208" role="outer"/>
  <member type="way" ref="183989779" role="outer"/>
  <member type="way" ref="181837408" role="outer"/>
  <member type="way" ref="181676622" role="outer"/>
  <member type="way" ref="181683810" role="outer"/>
  <member type="way" ref="181683809" role="outer"/>
  <member type="way" ref="181942728" role="outer"/>
  <member type="way" ref="179610672" role="outer"/>
  <member type="way" ref="179490319" role="outer"/>
  <member type="way" ref="240285729" role="outer"/>
  <member type="way" ref="240285728" role="outer"/>
  <member type="way" ref="240285730" role="outer"/>
  <member type="way" ref="181972474" role="outer"/>
  <member type="way" ref="181972473" role="outer"/>
  <member type="way" ref="181833426" role="outer"/>
  <member type="way" ref="181833429" role="outer"/>
  <member type="way" ref="181902008" role="outer"/>
  <member type="way" ref="181902017" role="outer"/>
  <member type="way" ref="180749093" role="outer"/>
  <member type="way" ref="180749092" role="outer"/>
  <member type="way" ref="51583683" role="outer"/>
  <member type="way" ref="181683708" role="outer"/>
  <member type="way" ref="181683702" role="outer"/>
  <member type="way" ref="179304303" role="outer"/>
  <member type="way" ref="183993576" role="outer"/>
  <member type="way" ref="179304302" role="outer"/>
  <member type="way" ref="180620851" role="outer"/>
  <member type="way" ref="180620855" role="outer"/>
  <member type="way" ref="179898023" role="outer"/>
  <member type="way" ref="180620844" role="outer"/>
  <member type="way" ref="179689762" role="outer"/>
  <member type="way" ref="179689765" role="outer"/>
  <member type="way" ref="179269613" role="outer"/>
  <member type="way" ref="179269614" role="outer"/>
  <member type="way" ref="179692492" role="outer"/>
  <member type="way" ref="179692493" role="outer"/>
  <member type="way" ref="181683818" role="outer"/>
  <member type="way" ref="180633082" role="outer"/>
  <member type="way" ref="179116199" role="outer"/>
  <member type="way" ref="179116200" role="outer"/>
  <member type="way" ref="179237975" role="outer"/>
  <member type="way" ref="181972400" role="outer"/>
  <member type="way" ref="181972351" role="outer"/>
  <member type="way" ref="181972350" role="outer"/>
  <member type="way" ref="240295868" role="outer"/>
  <member type="way" ref="245085142" role="outer"/>
  <member type="way" ref="236141483" role="outer"/>
  <member type="way" ref="181972403" role="outer"/>
  <member type="way" ref="181676889" role="outer"/>
  <member type="way" ref="236138165" role="outer"/>
  <member type="way" ref="236138303" role="outer"/>
  <member type="way" ref="180629061" role="outer"/>
  <member type="way" ref="179897997" role="outer"/>
  <member type="way" ref="179689175" role="outer"/>
  <member type="way" ref="179596520" role="outer"/>
  <member type="way" ref="311095191" role="outer"/>
  <member type="way" ref="311095193" role="outer"/>
  <member type="way" ref="316772714" role="outer"/>
  <member type="way" ref="316510317" role="outer"/>
  <member type="way" ref="179898944" role="outer"/>
  <member type="way" ref="189348326" role="outer"/>
  <member type="way" ref="245085123" role="outer"/>
  <member type="way" ref="179889580" role="outer"/>
  <member type="way" ref="179889581" role="outer"/>
  <member type="way" ref="180712690" role="outer"/>
  <member type="way" ref="180712689" role="outer"/>
  <member type="way" ref="180712546" role="outer"/>
  <member type="way" ref="180621257" role="outer"/>
  <member type="way" ref="179272412" role="outer"/>
  <member type="way" ref="179272393" role="outer"/>
  <member type="way" ref="180629626" role="outer"/>
  <member type="way" ref="180629627" role="outer"/>
  <member type="way" ref="180638054" role="outer"/>
  <member type="way" ref="180661411" role="outer"/>
  <member type="way" ref="181834879" role="outer"/>
  <member type="way" ref="180661413" role="outer"/>
  <member type="way" ref="180711509" role="outer"/>
  <member type="way" ref="181972482" role="outer"/>
  <member type="way" ref="181972572" role="outer"/>
  <member type="way" ref="179898790" role="outer"/>
  <member type="way" ref="181972571" role="outer"/>
  <member type="way" ref="179898219" role="outer"/>
  <member type="way" ref="311096208" role="outer"/>
  <member type="way" ref="311096209" role="outer"/>
  <member type="way" ref="181903270" role="outer"/>
  <member type="way" ref="311096210" role="outer"/>
  <member type="way" ref="311096211" role="outer"/>
  <member type="way" ref="180697767" role="outer"/>
  <member type="way" ref="292145335" role="outer"/>
  <member type="way" ref="340213286" role="outer"/>
  <member type="way" ref="340213285" role="outer"/>
  <member type="way" ref="292145333" role="outer"/>
  <member type="way" ref="292145330" role="outer"/>
  <member type="way" ref="292145328" role="outer"/>
  <member type="way" ref="179394084" role="outer"/>
  <member type="way" ref="179722960" role="outer"/>
  <member type="way" ref="179722959" role="outer"/>
  <member type="way" ref="179722958" role="outer"/>
  <member type="way" ref="179722957" role="outer"/>
  <member type="way" ref="179722956" role="outer"/>
  <member type="way" ref="179898141" role="outer"/>
  <member type="way" ref="179722631" role="outer"/>
  <member type="way" ref="179722632" role="outer"/>
  <member type="way" ref="179600994" role="outer"/>
  <member type="way" ref="179554433" role="outer"/>
  <member type="way" ref="181942501" role="outer"/>
  <member type="way" ref="311096212" role="outer"/>
  <member type="way" ref="181942473" role="outer"/>
  <member type="way" ref="179722616" role="outer"/>
  <member type="way" ref="179722628" role="outer"/>
  <member type="way" ref="179722625" role="outer"/>
  <member type="way" ref="183985832" role="outer"/>
  <member type="way" ref="183985240" role="outer"/>
  <member type="way" ref="240273050" role="outer"/>
  <member type="way" ref="179722782" role="outer"/>
  <member type="way" ref="236139589" role="outer"/>
  <member type="way" ref="181713560" role="outer"/>
  <member type="way" ref="181713559" role="outer"/>
  <member type="way" ref="181713558" role="outer"/>
  <member type="way" ref="181713759" role="outer"/>
  <member type="way" ref="179607670" role="outer"/>
  <member type="way" ref="179722861" role="outer"/>
  <member type="way" ref="179722555" role="outer"/>
  <member type="way" ref="181632534" role="outer"/>
  <member type="way" ref="179722558" role="outer"/>
  <member type="way" ref="179607532" role="outer"/>
  <member type="way" ref="179607533" role="outer"/>
  <member type="way" ref="179607511" role="outer"/>
  <member type="way" ref="179553274" role="outer"/>
  <member type="way" ref="179553273" role="outer"/>
  <member type="way" ref="179722150" role="outer"/>
  <member type="way" ref="179722092" role="outer"/>
  <member type="way" ref="179722089" role="outer"/>
  <member type="way" ref="181719407" role="outer"/>
  <member type="way" ref="181719245" role="outer"/>
  <member type="way" ref="181719241" role="outer"/>
  <member type="way" ref="179377839" role="outer"/>
  <member type="way" ref="316404836" role="outer"/>
  <member type="way" ref="179607310" role="outer"/>
  <member type="way" ref="179553862" role="outer"/>
  <member type="way" ref="181746903" role="outer"/>
  <member type="way" ref="181739401" role="outer"/>
  <member type="way" ref="181739799" role="outer"/>
  <member type="way" ref="181737163" role="outer"/>
  <member type="way" ref="181739805" role="outer"/>
  <member type="way" ref="179559980" role="outer"/>
  <member type="way" ref="179727874" role="outer"/>
  <member type="way" ref="179727868" role="outer"/>
  <member type="way" ref="179731206" role="outer"/>
  <member type="way" ref="181632012" role="outer"/>
  <member type="way" ref="299028166" role="outer"/>
  <member type="way" ref="299027591" role="outer"/>
  <member type="way" ref="179240998" role="outer"/>
  <member type="way" ref="179731104" role="outer"/>
  <member type="way" ref="179606521" role="outer"/>
  <member type="way" ref="179417585" role="outer"/>
  <member type="way" ref="179417586" role="outer"/>
  <member type="way" ref="179607433" role="outer"/>
  <member type="way" ref="179607432" role="outer"/>
  <member type="way" ref="179265960" role="outer"/>
  <member type="way" ref="179418038" role="outer"/>
  <member type="way" ref="179418044" role="outer"/>
  <member type="way" ref="179418048" role="outer"/>
  <member type="way" ref="181632887" role="outer"/>
  <member type="way" ref="181632886" role="outer"/>
  <member type="way" ref="179308045" role="outer"/>
  <member type="way" ref="179308046" role="outer"/>
  <member type="way" ref="179312786" role="outer"/>
  <member type="way" ref="189341174" role="outer"/>
  <member type="way" ref="189341173" role="outer"/>
  <member type="way" ref="179323213" role="outer"/>
  <member type="way" ref="179323209" role="outer"/>
  <member type="way" ref="179721759" role="outer"/>
  <member type="way" ref="179721756" role="outer"/>
  <member type="way" ref="179721106" role="outer"/>
  <member type="way" ref="292146976" role="outer"/>
  <member type="way" ref="292146975" role="outer"/>
  <member type="way" ref="179721757" role="outer"/>
  <member type="way" ref="181677932" role="outer"/>
  <member type="way" ref="316406368" role="outer"/>
  <member type="way" ref="179325242" role="outer"/>
  <member type="way" ref="179092277" role="outer"/>
  <member type="way" ref="342637758" role="outer"/>
  <member type="way" ref="271399247" role="outer"/>
  <member type="way" ref="181578529" role="outer"/>
  <member type="way" ref="179513866" role="outer"/>
  <member type="way" ref="181576622" role="outer"/>
  <member type="way" ref="52097002" role="outer"/>
  <member type="way" ref="52097292" role="outer"/>
  <member type="way" ref="52097293" role="outer"/>
  <member type="way" ref="28400551" role="outer"/>
  <member type="way" ref="52097294" role="outer"/>
  <member type="way" ref="51600922" role="outer"/>
  <member type="way" ref="51600928" role="outer"/>
  <member type="way" ref="52101969" role="outer"/>
  <member type="way" ref="51600927" role="outer"/>
  <member type="way" ref="51600853" role="outer"/>
  <member type="way" ref="51600861" role="outer"/>
  <member type="way" ref="51600909" role="outer"/>
  <member type="way" ref="51600912" role="outer"/>
  <member type="way" ref="51600896" role="outer"/>
  <member type="way" ref="51600905" role="outer"/>
  <member type="way" ref="52101967" role="outer"/>
  <member type="way" ref="51600857" role="outer"/>
  <member type="way" ref="51600860" role="outer"/>
  <member type="way" ref="53174672" role="outer"/>
  <member type="way" ref="51600851" role="outer"/>
  <member type="way" ref="51600876" role="outer"/>
  <member type="way" ref="51600875" role="outer"/>
  <member type="way" ref="51600865" role="outer"/>
  <member type="way" ref="51599356" role="outer"/>
  <member type="way" ref="62009641" role="outer"/>
  <member type="way" ref="51599459" role="outer"/>
  <member type="way" ref="51599475" role="outer"/>
  <member type="way" ref="51599465" role="outer"/>
  <member type="way" ref="51599467" role="outer"/>
  <member type="way" ref="62078898" role="outer"/>
  <member type="way" ref="51599396" role="outer"/>
  <member type="way" ref="51599456" role="outer"/>
  <member type="way" ref="254865364" role="outer"/>
  <member type="way" ref="51595455" role="outer"/>
  <member type="way" ref="460013954" role="outer"/>
  <member type="way" ref="52102170" role="outer"/>
  <member type="way" ref="51599345" role="outer"/>
  <member type="way" ref="51599346" role="outer"/>
  <member type="way" ref="460012802" role="outer"/>
  <member type="way" ref="52069769" role="outer"/>
  <member type="way" ref="51599311" role="outer"/>
  <member type="way" ref="460011896" role="outer"/>
  <member type="way" ref="51599303" role="outer"/>
  <member type="way" ref="255036794" role="outer"/>
  <member type="way" ref="51599330" role="outer"/>
  <member type="way" ref="51599304" role="outer"/>
  <member type="way" ref="62127026" role="outer"/>
  <member type="way" ref="51599313" role="outer"/>
  <member type="way" ref="51595418" role="outer"/>
  <member type="way" ref="62174746" role="outer"/>
  <member type="way" ref="255637540" role="outer"/>
  <member type="way" ref="51595817" role="outer"/>
  <member type="way" ref="62174747" role="outer"/>
  <member type="way" ref="255086285" role="outer"/>
  <member type="way" ref="51595769" role="outer"/>
  <member type="way" ref="63652598" role="outer"/>
  <member type="way" ref="51595762" role="outer"/>
  <member type="way" ref="51595768" role="outer"/>
  <member type="way" ref="51595766" role="outer"/>
  <member type="way" ref="59164910" role="outer"/>
  <member type="way" ref="51595779" role="outer"/>
  <member type="way" ref="51595778" role="outer"/>
  <member type="way" ref="51595780" role="outer"/>
  <member type="way" ref="51595782" role="outer"/>
  <member type="way" ref="256024065" role="outer"/>
  <member type="way" ref="51595770" role="outer"/>
  <member type="way" ref="51595502" role="outer"/>
  <member type="way" ref="52105443" role="outer"/>
  <member type="way" ref="51595548" role="outer"/>
  <member type="way" ref="52105444" role="outer"/>
  <member type="way" ref="52105441" role="outer"/>
  <member type="way" ref="51595547" role="outer"/>
  <member type="way" ref="51595549" role="outer"/>
  <member type="way" ref="52105442" role="outer"/>
  <member type="way" ref="51595540" role="outer"/>
  <member type="way" ref="52105440" role="outer"/>
  <member type="way" ref="51595516" role="outer"/>
  <member type="way" ref="61156033" role="outer"/>
  <member type="way" ref="51595523" role="outer"/>
  <member type="way" ref="51595512" role="outer"/>
  <member type="way" ref="61156039" role="outer"/>
  <member type="way" ref="64756498" role="outer"/>
  <member type="way" ref="51659146" role="outer"/>
  <member type="way" ref="61687955" role="outer"/>
  <member type="way" ref="61672789" role="outer"/>
  <member type="way" ref="51659213" role="outer"/>
  <member type="way" ref="51659212" role="outer"/>
  <member type="way" ref="61672388" role="outer"/>
  <member type="way" ref="51659229" role="outer"/>
  <member type="way" ref="51659225" role="outer"/>
  <member type="way" ref="61672378" role="outer"/>
  <member type="way" ref="65490314" role="outer"/>
  <member type="way" ref="52394341" role="outer"/>
  <member type="way" ref="65490317" role="outer"/>
  <member type="way" ref="61735325" role="outer"/>
  <member type="way" ref="186260928" role="outer"/>
  <member type="way" ref="29412150" role="outer"/>
  <member type="way" ref="186260929" role="outer"/>
  <member type="way" ref="241665097" role="outer"/>
  <member type="way" ref="186260938" role="outer"/>
  <member type="way" ref="186260942" role="outer"/>
  <member type="way" ref="186214002" role="outer"/>
  <member type="way" ref="186213981" role="outer"/>
  <member type="way" ref="186213996" role="outer"/>
  <member type="way" ref="186213997" role="outer"/>
  <member type="way" ref="186213980" role="outer"/>
  <member type="way" ref="61735327" role="outer"/>
  <member type="way" ref="186190423" role="outer"/>
  <member type="way" ref="186190433" role="outer"/>
  <member type="way" ref="186190428" role="outer"/>
  <member type="way" ref="186572572" role="outer"/>
  <member type="way" ref="186572575" role="outer"/>
  <member type="way" ref="186572569" role="outer"/>
  <member type="way" ref="186572576" role="outer"/>
  <member type="way" ref="186572574" role="outer"/>
  <member type="node" ref="1599120629" role="admin_centre"/>
  <member type="relation" ref="441226" role="subarea"/>
  <member type="relation" ref="441576" role="subarea"/>
  <member type="relation" ref="441869" role="subarea"/>
  <member type="relation" ref="441220" role="subarea"/>
  <member type="relation" ref="441582" role="subarea"/>
  <member type="relation" ref="442320" role="subarea"/>
  <member type="relation" ref="441914" role="subarea"/>
  <member type="way" ref="364582347" role="outer"/>
  <member type="way" ref="364582341" role="outer"/>
  <member type="way" ref="364582340" role="outer"/>
  <member type="way" ref="364582339" role="outer"/>
  <member type="way" ref="364582357" role="outer"/>
  <member type="way" ref="364582694" role="outer"/>
  <member type="way" ref="364582693" role="outer"/>
  <member type="way" ref="364582692" role="outer"/>
  <member type="way" ref="390189425" role="outer"/>
  <member type="way" ref="390190060" role="outer"/>
  <member type="way" ref="390960088" role="outer"/>
  <member type="way" ref="390960087" role="outer"/>
  <member type="way" ref="390960086" role="outer"/>
  <member type="way" ref="390961436" role="outer"/>
  <member type="way" ref="460382113" role="outer"/>
  <member type="way" ref="460382112" role="outer"/>
  <member type="way" ref="460382655" role="outer"/>
  <member type="way" ref="460382654" role="outer"/>
  <member type="way" ref="460382661" role="outer"/>
  <member type="way" ref="460382659" role="outer"/>
  <member type="way" ref="460382658" role="outer"/>
  <member type="way" ref="460382657" role="outer"/>
  <member type="way" ref="460387807" role="outer"/>
  <member type="way" ref="460402525" role="outer"/>
  <member type="way" ref="460402524" role="outer"/>
  <member type="way" ref="460402523" role="outer"/>
  <member type="way" ref="460402750" role="outer"/>
  <member type="way" ref="460402749" role="outer"/>
  <member type="way" ref="460407361" role="outer"/>
  <member type="way" ref="460407360" role="outer"/>
  <member type="way" ref="462201671" role="outer"/>
  <member type="way" ref="462345965" role="outer"/>
  <member type="way" ref="462346063" role="outer"/>
  <tag k="admin_level" v="6"/>
  <tag k="boundary" v="administrative"/>
  <tag k="ISO3166-2" v="CZ-JC"/>
  <tag k="name" v="Jihočeský kraj"/>
  <tag k="name:cs" v="Jihočeský kraj"/>
  <tag k="name:de" v="Südböhmische Region"/>
  <tag k="name:eo" v="Sudbohemia regiono"/>
  <tag k="name:ru" v="Южночешский край"/>
  <tag k="population" v="636611"/>
  <tag k="ref" v="JC"/>
  <tag k="ref:NUTS" v="CZ031"/>
  <tag k="source" v="cuzk:ruian"/>
  <tag k="source:population" v="csu:uir-zsj"/>
  <tag k="type" v="boundary"/>
  <tag k="wikidata" v="Q188373"/>
  <tag k="wikipedia" v="cs:Jihočeský kraj"/>
 </relation>
 <relation id="2026063" visible="true" version="23" changeset="48023286" timestamp="2017-04-22T06:12:47Z" user="Petr1868" uid="72020">
  <member type="node" ref="4809092214" role="guidepost"/>
  <member type="way" ref="473625227" role=""/>
  <member type="node" ref="4580804287" role="guidepost"/>
  <member type="node" ref="4580765767" role="guidepost"/>
  <member type="node" ref="4580765768" role="guidepost"/>
  <member type="node" ref="4580766914" role="guidepost"/>
  <member type="way" ref="28322776" role=""/>
  <member type="way" ref="28236358" role=""/>
  <member type="way" ref="195221855" role=""/>
  <member type="way" ref="195221853" role=""/>
  <member type="way" ref="363447537" role=""/>
  <member type="way" ref="150358634" role=""/>
  <member type="way" ref="150356395" role=""/>
  <member type="way" ref="150357649" role=""/>
  <member type="way" ref="150357879" role=""/>
  <member type="way" ref="150357056" role=""/>
  <member type="way" ref="155156170" role=""/>
  <member type="way" ref="155156165" role=""/>
  <member type="way" ref="160406957" role=""/>
  <member type="way" ref="155156174" role=""/>
  <member type="way" ref="155156168" role=""/>
  <member type="way" ref="155156167" role=""/>
  <member type="way" ref="152217642" role=""/>
  <member type="way" ref="158839854" role=""/>
  <member type="way" ref="152217644" role=""/>
  <member type="way" ref="158839883" role=""/>
  <member type="way" ref="158839877" role=""/>
  <member type="way" ref="158839884" role=""/>
  <member type="way" ref="158839841" role=""/>
  <member type="way" ref="367202051" role=""/>
  <member type="way" ref="158839851" role=""/>
  <member type="way" ref="158839874" role=""/>
  <member type="way" ref="157960187" role=""/>
  <member type="way" ref="367202047" role=""/>
  <member type="way" ref="367202013" role=""/>
  <member type="way" ref="367378718" role=""/>
  <member type="way" ref="367202015" role=""/>
  <member type="way" ref="157960204" role=""/>
  <member type="way" ref="157960188" role=""/>
  <member type="way" ref="157960199" role=""/>
  <member type="way" ref="157960195" role=""/>
  <member type="way" ref="367378710" role=""/>
  <member type="way" ref="157960186" role=""/>
  <member type="way" ref="157960205" role=""/>
  <member type="way" ref="157960185" role=""/>
  <member type="way" ref="367202044" role=""/>
  <member type="way" ref="157960192" role=""/>
  <member type="way" ref="25172319" role=""/>
  <member type="way" ref="4051174" role=""/>
  <member type="node" ref="1632822422" role="guidepost"/>
  <member type="node" ref="568399612" role="guidepost"/>
  <member type="node" ref="1675816386" role="guidepost"/>
  <member type="node" ref="1675816357" role="guidepost"/>
  <member type="node" ref="1701789520" role="guidepost"/>
  <member type="node" ref="1701789515" role="guidepost"/>
  <member type="node" ref="1701789519" role="guidepost"/>
  <member type="node" ref="1701789514" role="guidepost"/>
  <member type="node" ref="1709768209" role="guidepost"/>
  <member type="node" ref="2399879893" role="guidepost"/>
  <member type="node" ref="2399879839" role="guidepost"/>
  <member type="way" ref="367202031" role=""/>
  <member type="way" ref="367202035" role=""/>
  <member type="way" ref="367202016" role=""/>
  <member type="way" ref="462714810" role=""/>
  <member type="way" ref="367202042" role=""/>
  <member type="way" ref="367202030" role=""/>
  <member type="way" ref="367202033" role=""/>
  <member type="way" ref="367202038" role=""/>
  <member type="way" ref="367202011" role=""/>
  <member type="way" ref="367202056" role=""/>
  <member type="way" ref="30472986" role=""/>
  <member type="way" ref="367202054" role=""/>
  <member type="way" ref="193549970" role=""/>
  <member type="way" ref="367202023" role=""/>
  <member type="way" ref="26279050" role=""/>
  <member type="way" ref="367202041" role=""/>
  <member type="way" ref="295117833" role=""/>
  <member type="way" ref="295117834" role=""/>
  <member type="way" ref="367202020" role=""/>
  <member type="way" ref="367202024" role=""/>
  <member type="way" ref="157960208" role=""/>
  <tag k="complete" v="no"/>
  <tag k="destinations" v="Zvíkov - Svatá Anna - Louka - Písek - ?"/>
  <tag k="kct_green" v="major"/>
  <tag k="name" v="[Z] Sedláčkova cesta"/>
  <tag k="network" v="rwn"/>
  <tag k="operator" v="cz:KČT"/>
  <tag k="osmc:symbol" v="green:white:green_bar"/>
  <tag k="route" v="hiking"/>
  <tag k="type" v="route"/>
 </relation>
 <relation id="2176210" visible="true" version="26" changeset="48151831" timestamp="2017-04-26T06:49:48Z" user="Petr1868" uid="72020">
  <member type="node" ref="4817445118" role="guidepost"/>
  <member type="node" ref="4813560229" role="guidepost"/>
  <member type="node" ref="2399722423" role="guidepost"/>
  <member type="node" ref="2399722417" role="guidepost"/>
  <member type="node" ref="4813560230" role="guidepost"/>
  <member type="node" ref="2399789440" role="guidepost"/>
  <member type="way" ref="299242077" role=""/>
  <member type="way" ref="473783017" role=""/>
  <member type="way" ref="299249762" role=""/>
  <member type="way" ref="489010938" role=""/>
  <member type="node" ref="4812997835" role="guidepost"/>
  <member type="way" ref="489010936" role=""/>
  <member type="way" ref="28323399" role=""/>
  <member type="way" ref="28323404" role=""/>
  <member type="node" ref="568399612" role="guidepost"/>
  <member type="way" ref="164497057" role=""/>
  <member type="way" ref="164497044" role=""/>
  <member type="way" ref="44833826" role=""/>
  <member type="way" ref="417126053" role=""/>
  <member type="way" ref="28237042" role=""/>
  <member type="way" ref="489010932" role=""/>
  <member type="node" ref="4186661300" role="guidepost"/>
  <member type="way" ref="174300541" role=""/>
  <member type="way" ref="28237034" role=""/>
  <member type="way" ref="176441923" role=""/>
  <member type="way" ref="176441922" role=""/>
  <member type="way" ref="29876982" role=""/>
  <member type="way" ref="29876986" role=""/>
  <member type="way" ref="28244733" role=""/>
  <member type="way" ref="28244732" role=""/>
  <member type="way" ref="28244729" role=""/>
  <member type="way" ref="28784251" role=""/>
  <member type="node" ref="4812997865" role="guidepost"/>
  <member type="way" ref="261847687" role=""/>
  <member type="way" ref="393921908" role=""/>
  <member type="way" ref="261840873" role=""/>
  <member type="way" ref="393618816" role=""/>
  <member type="way" ref="26264289" role=""/>
  <member type="way" ref="117369129" role=""/>
  <member type="way" ref="160943167" role=""/>
  <member type="way" ref="160943169" role=""/>
  <member type="way" ref="160943166" role=""/>
  <member type="way" ref="117369126" role=""/>
  <member type="way" ref="434375339" role=""/>
  <member type="way" ref="179534333" role=""/>
  <member type="way" ref="179534334" role=""/>
  <member type="way" ref="36851353" role=""/>
  <member type="way" ref="180017783" role=""/>
  <member type="way" ref="144562275" role=""/>
  <member type="way" ref="179148255" role=""/>
  <member type="way" ref="197582534" role=""/>
  <member type="way" ref="231634797" role=""/>
  <member type="way" ref="434710359" role=""/>
  <member type="way" ref="434710360" role=""/>
  <member type="way" ref="264184538" role=""/>
  <member type="way" ref="231634805" role=""/>
  <member type="way" ref="231634794" role=""/>
  <member type="way" ref="231634775" role=""/>
  <member type="way" ref="231634781" role=""/>
  <member type="way" ref="231634795" role=""/>
  <member type="way" ref="233831625" role=""/>
  <member type="way" ref="233831627" role=""/>
  <member type="way" ref="233831626" role=""/>
  <member type="way" ref="233822389" role=""/>
  <member type="way" ref="233822390" role=""/>
  <member type="way" ref="30371172" role=""/>
  <member type="way" ref="233751955" role=""/>
  <member type="way" ref="233751952" role=""/>
  <member type="way" ref="233751953" role=""/>
  <member type="way" ref="233751954" role=""/>
  <member type="way" ref="162827998" role=""/>
  <member type="way" ref="197576027" role=""/>
  <member type="way" ref="231634806" role=""/>
  <member type="way" ref="162838047" role=""/>
  <member type="way" ref="231634769" role=""/>
  <member type="way" ref="231634800" role=""/>
  <member type="way" ref="30644063" role=""/>
  <member type="way" ref="28371254" role=""/>
  <member type="way" ref="108624364" role=""/>
  <member type="way" ref="173637829" role=""/>
  <member type="way" ref="173637823" role=""/>
  <member type="way" ref="231634783" role=""/>
  <member type="way" ref="173637836" role=""/>
  <member type="way" ref="351593412" role=""/>
  <member type="way" ref="351593285" role=""/>
  <member type="way" ref="231634772" role=""/>
  <member type="way" ref="231634774" role=""/>
  <member type="way" ref="231634779" role=""/>
  <member type="way" ref="231634787" role=""/>
  <member type="way" ref="231634801" role=""/>
  <member type="way" ref="197584620" role=""/>
  <member type="way" ref="231634790" role=""/>
  <member type="way" ref="231634771" role=""/>
  <member type="way" ref="231634784" role=""/>
  <member type="way" ref="28784250" role=""/>
  <member type="way" ref="166871868" role=""/>
  <member type="way" ref="31720336" role=""/>
  <member type="way" ref="28323410" role=""/>
  <member type="way" ref="231634767" role=""/>
  <member type="way" ref="231634768" role=""/>
  <member type="node" ref="1849859943" role="guidepost"/>
  <member type="node" ref="1746440017" role="guidepost"/>
  <member type="node" ref="2399789452" role="guidepost"/>
  <member type="node" ref="2399789439" role="guidepost"/>
  <member type="node" ref="2399789767" role="guidepost"/>
  <member type="node" ref="2399789769" role="guidepost"/>
  <member type="node" ref="4817447722" role="guidepost"/>
  <member type="node" ref="2698426436" role="guidepost"/>
  <member type="node" ref="2698426427" role="guidepost"/>
  <member type="way" ref="69672022" role=""/>
  <member type="way" ref="363031866" role=""/>
  <member type="way" ref="179534335" role=""/>
  <member type="way" ref="363031150" role=""/>
  <member type="way" ref="363031143" role=""/>
  <member type="way" ref="363031869" role=""/>
  <member type="way" ref="363031160" role=""/>
  <member type="way" ref="144562274" role=""/>
  <tag k="complete" v="no"/>
  <tag k="destinations" v="Strakonice - Čejetice - Kestřany - Písek"/>
  <tag k="kct_blue" v="major"/>
  <tag k="network" v="nwn"/>
  <tag k="operator" v="cz:KČT"/>
  <tag k="osmc:symbol" v="blue:white:blue_bar"/>
  <tag k="ref" v="1221"/>
  <tag k="route" v="hiking"/>
  <tag k="type" v="route"/>
 </relation>
 <relation id="2193574" visible="true" version="26" changeset="48081310" timestamp="2017-04-24T07:12:13Z" user="Petr1868" uid="72020">
  <member type="way" ref="215626706" role=""/>
  <member type="node" ref="1640489507" role="guidepost"/>
  <member type="way" ref="436075104" role=""/>
  <member type="way" ref="28236442" role=""/>
  <member type="way" ref="28322696" role=""/>
  <member type="way" ref="221586628" role=""/>
  <member type="way" ref="215626716" role=""/>
  <member type="way" ref="215626710" role=""/>
  <member type="way" ref="215626717" role=""/>
  <member type="way" ref="221586632" role=""/>
  <member type="way" ref="28244714" role=""/>
  <member type="way" ref="199964366" role=""/>
  <member type="way" ref="28322700" role=""/>
  <member type="way" ref="194847474" role=""/>
  <member type="way" ref="195936121" role=""/>
  <member type="way" ref="194945007" role=""/>
  <member type="way" ref="194945009" role=""/>
  <member type="way" ref="157937243" role=""/>
  <member type="way" ref="157937239" role=""/>
  <member type="way" ref="157937240" role=""/>
  <member type="way" ref="151230897" role=""/>
  <member type="way" ref="29976822" role=""/>
  <member type="way" ref="28322713" role=""/>
  <member type="way" ref="28322706" role=""/>
  <member type="way" ref="29976823" role=""/>
  <member type="way" ref="29976826" role=""/>
  <member type="way" ref="26263191" role=""/>
  <member type="way" ref="133638593" role=""/>
  <member type="way" ref="26858736" role=""/>
  <member type="way" ref="181447055" role=""/>
  <member type="way" ref="246794839" role=""/>
  <member type="way" ref="246794830" role=""/>
  <member type="way" ref="241680715" role=""/>
  <member type="way" ref="246794850" role=""/>
  <member type="way" ref="241680716" role=""/>
  <member type="way" ref="246794843" role=""/>
  <member type="way" ref="246794824" role=""/>
  <member type="way" ref="181447058" role=""/>
  <member type="way" ref="181447037" role=""/>
  <member type="way" ref="164497068" role=""/>
  <member type="way" ref="28200123" role=""/>
  <member type="way" ref="164497031" role=""/>
  <member type="way" ref="164634917" role=""/>
  <member type="way" ref="164634920" role=""/>
  <member type="way" ref="164634915" role=""/>
  <member type="way" ref="28237028" role=""/>
  <member type="way" ref="28237040" role=""/>
  <member type="way" ref="265482461" role=""/>
  <member type="way" ref="164634911" role=""/>
  <member type="way" ref="164497050" role=""/>
  <member type="way" ref="164497043" role=""/>
  <member type="way" ref="164497049" role=""/>
  <member type="way" ref="164634916" role=""/>
  <member type="way" ref="44833823" role=""/>
  <member type="way" ref="44833827" role=""/>
  <member type="way" ref="164497057" role=""/>
  <member type="way" ref="164497044" role=""/>
  <member type="way" ref="44833826" role=""/>
  <member type="way" ref="417126053" role=""/>
  <member type="way" ref="417126052" role=""/>
  <member type="way" ref="28237042" role=""/>
  <member type="way" ref="489010932" role=""/>
  <member type="way" ref="174300541" role=""/>
  <member type="way" ref="28237035" role=""/>
  <member type="way" ref="28237041" role=""/>
  <member type="way" ref="418205203" role=""/>
  <member type="way" ref="418205204" role=""/>
  <member type="way" ref="417126056" role=""/>
  <member type="way" ref="417126055" role=""/>
  <member type="way" ref="28373170" role=""/>
  <member type="way" ref="417126058" role=""/>
  <member type="way" ref="417126057" role=""/>
  <member type="way" ref="181447034" role=""/>
  <member type="way" ref="181447054" role=""/>
  <member type="way" ref="181447051" role=""/>
  <member type="way" ref="293933733" role=""/>
  <member type="way" ref="28244726" role=""/>
  <member type="way" ref="28244716" role=""/>
  <member type="way" ref="176441923" role=""/>
  <member type="way" ref="176441922" role=""/>
  <member type="way" ref="29876982" role=""/>
  <member type="way" ref="29876986" role=""/>
  <member type="way" ref="28244733" role=""/>
  <member type="way" ref="28244728" role=""/>
  <member type="way" ref="28786506" role=""/>
  <member type="way" ref="28373782" role=""/>
  <member type="way" ref="164497035" role=""/>
  <member type="way" ref="32753553" role=""/>
  <member type="way" ref="369062475" role=""/>
  <member type="way" ref="369062471" role=""/>
  <member type="way" ref="369062488" role=""/>
  <member type="way" ref="164497073" role=""/>
  <member type="way" ref="164497071" role=""/>
  <member type="way" ref="29977360" role=""/>
  <member type="way" ref="28322677" role=""/>
  <member type="way" ref="166871881" role=""/>
  <member type="way" ref="166871872" role=""/>
  <member type="way" ref="369062470" role=""/>
  <member type="way" ref="369062484" role=""/>
  <member type="way" ref="369062477" role=""/>
  <member type="way" ref="369062480" role=""/>
  <member type="way" ref="166871860" role=""/>
  <member type="way" ref="361962929" role=""/>
  <member type="way" ref="28322764" role=""/>
  <member type="way" ref="166871868" role=""/>
  <member type="way" ref="28784250" role=""/>
  <member type="way" ref="166871876" role=""/>
  <member type="way" ref="268996098" role=""/>
  <member type="way" ref="268996069" role=""/>
  <member type="way" ref="28363688" role=""/>
  <member type="way" ref="28322720" role=""/>
  <member type="way" ref="52050334" role=""/>
  <member type="way" ref="161161304" role=""/>
  <member type="way" ref="197639518" role=""/>
  <member type="way" ref="215626703" role=""/>
  <member type="way" ref="28236438" role=""/>
  <member type="way" ref="174300547" role=""/>
  <member type="way" ref="28244735" role=""/>
  <member type="node" ref="2306225974" role="guidepost"/>
  <member type="node" ref="1920238548" role="guidepost"/>
  <member type="node" ref="1849859943" role="guidepost"/>
  <member type="node" ref="1849859959" role="guidepost"/>
  <member type="node" ref="2251041542" role="guidepost"/>
  <tag k="complete" v="no"/>
  <tag k="kct_yellow" v="local"/>
  <tag k="name" v="Městská okružní trasa"/>
  <tag k="network" v="lwn"/>
  <tag k="operator" v="cz:KČT"/>
  <tag k="osmc:symbol" v="yellow:white:yellow_corner"/>
  <tag k="route" v="foot"/>
  <tag k="type" v="route"/>
 </relation>
 <relation id="5354628" visible="true" version="1" changeset="32536798" timestamp="2015-07-10T08:08:36Z" user="JandaM" uid="2169558">
  <member type="way" ref="28674592" role="outer"/>
  <member type="way" ref="359735990" role="inner"/>
  <tag k="building" v="residential"/>
  <tag k="building:flats" v="3"/>
  <tag k="building:levels" v="2"/>
  <tag k="building:ruian:type" v="3"/>
  <tag k="ref:ruian:building" v="5487790"/>
  <tag k="source" v="cuzk:ruian"/>
  <tag k="type" v="multipolygon"/>
 </relation>
 <relation id="5463851" visible="true" version="17" changeset="48034726" timestamp="2017-04-22T14:23:44Z" user="Petr1868" uid="72020">
  <member type="node" ref="4809828403" role="guidepost"/>
  <member type="node" ref="4809828404" role="guidepost"/>
  <member type="node" ref="4809828405" role="guidepost"/>
  <member type="node" ref="4809748707" role="guidepost"/>
  <member type="node" ref="4809092219" role="guidepost"/>
  <member type="node" ref="4809092216" role="guidepost"/>
  <member type="node" ref="2399879869" role="guidepost"/>
  <member type="node" ref="4809092215" role="guidepost"/>
  <member type="node" ref="4809042527" role="guidepost"/>
  <member type="node" ref="4807855988" role="guidepost"/>
  <member type="node" ref="4807855989" role="guidepost"/>
  <member type="node" ref="4807856005" role="guidepost"/>
  <member type="node" ref="4807856004" role="guidepost"/>
  <member type="node" ref="4807855990" role="guidepost"/>
  <member type="node" ref="2707773636" role="guidepost"/>
  <member type="node" ref="4807778764" role="guidepost"/>
  <member type="node" ref="4807778765" role="guidepost"/>
  <member type="way" ref="38788770" role=""/>
  <member type="way" ref="13088308" role=""/>
  <member type="way" ref="174736202" role=""/>
  <member type="way" ref="174736209" role=""/>
  <member type="way" ref="190513309" role=""/>
  <member type="way" ref="265118805" role=""/>
  <member type="way" ref="265713805" role=""/>
  <member type="way" ref="265713804" role=""/>
  <member type="way" ref="288232961" role=""/>
  <member type="way" ref="288232959" role=""/>
  <member type="way" ref="288232958" role=""/>
  <member type="way" ref="288232955" role=""/>
  <member type="way" ref="288232954" role=""/>
  <member type="way" ref="288232953" role=""/>
  <member type="way" ref="288232952" role=""/>
  <member type="way" ref="406203014" role=""/>
  <member type="way" ref="265713807" role=""/>
  <member type="way" ref="406203016" role=""/>
  <member type="way" ref="265713802" role=""/>
  <member type="way" ref="288232946" role=""/>
  <member type="way" ref="288232948" role=""/>
  <member type="way" ref="288232945" role=""/>
  <member type="way" ref="190663376" role=""/>
  <member type="way" ref="190663357" role=""/>
  <member type="way" ref="190663358" role=""/>
  <member type="way" ref="288232923" role=""/>
  <member type="way" ref="288339872" role=""/>
  <member type="way" ref="367202017" role=""/>
  <member type="way" ref="183362687" role=""/>
  <member type="way" ref="28322776" role=""/>
  <member type="way" ref="28236358" role=""/>
  <member type="way" ref="195221855" role=""/>
  <member type="way" ref="195221853" role=""/>
  <member type="way" ref="363447537" role=""/>
  <member type="way" ref="37439341" role=""/>
  <member type="way" ref="150358633" role=""/>
  <member type="way" ref="28230762" role=""/>
  <member type="way" ref="79184785" role=""/>
  <member type="way" ref="79184786" role=""/>
  <member type="way" ref="160090982" role=""/>
  <member type="way" ref="155156162" role=""/>
  <member type="way" ref="155156160" role=""/>
  <member type="way" ref="155156156" role=""/>
  <member type="way" ref="155156166" role=""/>
  <member type="way" ref="155156159" role=""/>
  <member type="way" ref="197642667" role=""/>
  <member type="way" ref="367205621" role=""/>
  <member type="way" ref="367205612" role=""/>
  <member type="way" ref="148088462" role=""/>
  <member type="way" ref="367205644" role=""/>
  <member type="way" ref="148088440" role=""/>
  <member type="way" ref="367205630" role=""/>
  <member type="way" ref="367205651" role=""/>
  <member type="way" ref="367205636" role=""/>
  <member type="way" ref="82885360" role=""/>
  <member type="way" ref="367205650" role=""/>
  <member type="way" ref="367205649" role=""/>
  <member type="way" ref="82880991" role=""/>
  <member type="way" ref="367205648" role=""/>
  <member type="way" ref="367205639" role=""/>
  <member type="way" ref="367205632" role=""/>
  <member type="way" ref="313665905" role=""/>
  <member type="way" ref="367205622" role=""/>
  <member type="way" ref="324268137" role=""/>
  <member type="way" ref="313665461" role=""/>
  <member type="way" ref="313664397" role=""/>
  <member type="way" ref="313664398" role=""/>
  <member type="way" ref="313664393" role=""/>
  <member type="way" ref="30069588" role=""/>
  <member type="way" ref="196860399" role=""/>
  <member type="way" ref="367205620" role=""/>
  <member type="way" ref="196860384" role=""/>
  <member type="way" ref="172583748" role=""/>
  <member type="way" ref="254417781" role=""/>
  <member type="way" ref="254417777" role=""/>
  <member type="way" ref="254417778" role=""/>
  <member type="way" ref="254417784" role=""/>
  <member type="way" ref="254417776" role=""/>
  <member type="way" ref="82878122" role=""/>
  <member type="way" ref="225037257" role=""/>
  <member type="way" ref="44748505" role=""/>
  <member type="way" ref="44748504" role=""/>
  <member type="way" ref="225037270" role=""/>
  <member type="way" ref="225037259" role=""/>
  <member type="way" ref="225037264" role=""/>
  <member type="way" ref="225037255" role=""/>
  <member type="way" ref="225037254" role=""/>
  <member type="way" ref="225045198" role=""/>
  <member type="way" ref="225045191" role=""/>
  <member type="way" ref="225045199" role=""/>
  <member type="way" ref="367205641" role=""/>
  <member type="way" ref="367205618" role=""/>
  <member type="way" ref="225045188" role=""/>
  <member type="way" ref="367205653" role=""/>
  <member type="way" ref="367205631" role=""/>
  <member type="way" ref="367205635" role=""/>
  <member type="way" ref="367205633" role=""/>
  <member type="way" ref="367205647" role=""/>
  <member type="way" ref="367205616" role=""/>
  <member type="way" ref="367205617" role=""/>
  <member type="way" ref="367205654" role=""/>
  <member type="way" ref="367205619" role=""/>
  <member type="way" ref="231646695" role=""/>
  <member type="way" ref="367205629" role=""/>
  <member type="way" ref="367205613" role=""/>
  <member type="way" ref="71036297" role=""/>
  <member type="way" ref="367205607" role=""/>
  <member type="way" ref="364930264" role=""/>
  <member type="node" ref="568399612" role="guidepost"/>
  <member type="node" ref="925205703" role="guidepost"/>
  <member type="node" ref="1632822422" role="guidepost"/>
  <member type="node" ref="1675816362" role="guidepost"/>
  <member type="node" ref="2071529424" role="guidepost"/>
  <member type="node" ref="2071529422" role="guidepost"/>
  <member type="node" ref="2338650967" role="guidepost"/>
  <member type="node" ref="2338650962" role="guidepost"/>
  <member type="node" ref="2338700576" role="guidepost"/>
  <member type="node" ref="2399851410" role="guidepost"/>
  <member type="node" ref="2707773644" role=""/>
  <member type="way" ref="367202029" role=""/>
  <member type="node" ref="4644016801" role="guidepost"/>
  <member type="node" ref="2602143201" role="guidepost"/>
  <tag k="complete" v="no"/>
  <tag k="destinations" v="Písek - Březnice"/>
  <tag k="kct_red" v="major"/>
  <tag k="name" v="[Č] Písek - Březnice"/>
  <tag k="network" v="nwn"/>
  <tag k="operator" v="cz:KČT"/>
  <tag k="osmc:symbol" v="red:white:red_bar"/>
  <tag k="ref" v="0109"/>
  <tag k="route" v="hiking"/>
  <tag k="type" v="route"/>
 </relation>
 <relation id="5465693" visible="true" version="33" changeset="48332696" timestamp="2017-05-02T11:40:10Z" user="Petr1868" uid="72020">
  <member type="node" ref="4136691289" role=""/>
  <member type="way" ref="238511010" role=""/>
  <member type="way" ref="437511702" role=""/>
  <member type="way" ref="26986124" role=""/>
  <member type="way" ref="222806169" role=""/>
  <member type="way" ref="26981440" role=""/>
  <member type="way" ref="222806183" role=""/>
  <member type="way" ref="222813621" role=""/>
  <member type="way" ref="238511015" role=""/>
  <member type="way" ref="238511016" role=""/>
  <member type="way" ref="238511000" role=""/>
  <member type="way" ref="222806178" role=""/>
  <member type="way" ref="26981432" role=""/>
  <member type="way" ref="238511021" role=""/>
  <member type="way" ref="26981430" role=""/>
  <member type="way" ref="222831786" role=""/>
  <member type="way" ref="238511004" role=""/>
  <member type="way" ref="238511005" role=""/>
  <member type="way" ref="31661802" role=""/>
  <member type="way" ref="26981429" role=""/>
  <member type="way" ref="26981427" role=""/>
  <member type="way" ref="383578793" role=""/>
  <member type="way" ref="383578792" role=""/>
  <member type="way" ref="362573426" role=""/>
  <member type="way" ref="362573425" role=""/>
  <member type="way" ref="60846216" role=""/>
  <member type="way" ref="31661711" role=""/>
  <member type="way" ref="41161364" role=""/>
  <member type="way" ref="60846213" role=""/>
  <member type="way" ref="226074216" role=""/>
  <member type="way" ref="37889229" role=""/>
  <member type="way" ref="182972755" role=""/>
  <member type="way" ref="37889228" role=""/>
  <member type="way" ref="37889234" role=""/>
  <member type="way" ref="4936301" role=""/>
  <member type="way" ref="37889235" role=""/>
  <member type="way" ref="398276907" role=""/>
  <member type="way" ref="9578066" role=""/>
  <member type="way" ref="29104450" role=""/>
  <member type="way" ref="128804015" role=""/>
  <member type="way" ref="367543613" role=""/>
  <member type="way" ref="222831185" role=""/>
  <member type="way" ref="222831177" role=""/>
  <member type="way" ref="222831199" role=""/>
  <member type="way" ref="222831197" role=""/>
  <member type="way" ref="222831187" role=""/>
  <member type="way" ref="222831194" role=""/>
  <member type="way" ref="222831178" role=""/>
  <member type="way" ref="222831190" role=""/>
  <member type="way" ref="37889653" role=""/>
  <member type="way" ref="37889654" role=""/>
  <member type="way" ref="222831204" role=""/>
  <member type="way" ref="37889657" role=""/>
  <member type="way" ref="37889658" role=""/>
  <member type="way" ref="306425088" role=""/>
  <member type="way" ref="306425087" role=""/>
  <member type="way" ref="431897649" role=""/>
  <member type="way" ref="318513555" role=""/>
  <member type="way" ref="9578897" role=""/>
  <member type="way" ref="226912582" role=""/>
  <member type="way" ref="123562374" role=""/>
  <member type="way" ref="226912562" role=""/>
  <member type="way" ref="428212368" role=""/>
  <member type="way" ref="26983432" role=""/>
  <member type="way" ref="428221329" role=""/>
  <member type="way" ref="164580613" role=""/>
  <member type="way" ref="26983448" role=""/>
  <member type="way" ref="26983447" role=""/>
  <member type="way" ref="26983446" role=""/>
  <member type="way" ref="26983445" role=""/>
  <member type="way" ref="26983444" role=""/>
  <member type="way" ref="26983443" role=""/>
  <member type="way" ref="26986138" role=""/>
  <member type="way" ref="26983441" role=""/>
  <member type="way" ref="123562391" role=""/>
  <member type="way" ref="123562377" role=""/>
  <member type="way" ref="26985743" role=""/>
  <member type="way" ref="132945470" role=""/>
  <member type="way" ref="132846940" role=""/>
  <member type="way" ref="26986126" role=""/>
  <member type="way" ref="437512346" role=""/>
  <member type="way" ref="176773628" role=""/>
  <member type="way" ref="238511003" role=""/>
  <member type="way" ref="26983431" role=""/>
  <member type="way" ref="37884954" role=""/>
  <member type="way" ref="37884953" role=""/>
  <member type="way" ref="225861676" role=""/>
  <member type="way" ref="225861675" role=""/>
  <member type="way" ref="22779245" role=""/>
  <member type="way" ref="22779246" role=""/>
  <member type="way" ref="4936317" role=""/>
  <member type="way" ref="25198999" role=""/>
  <member type="way" ref="25198998" role=""/>
  <member type="way" ref="26827060" role=""/>
  <member type="way" ref="37960259" role=""/>
  <member type="way" ref="37960260" role=""/>
  <member type="way" ref="37960258" role=""/>
  <member type="way" ref="37960257" role=""/>
  <member type="way" ref="37960255" role=""/>
  <member type="way" ref="37960253" role=""/>
  <member type="way" ref="186380768" role=""/>
  <member type="way" ref="186380767" role=""/>
  <member type="way" ref="40547224" role=""/>
  <member type="way" ref="37960251" role=""/>
  <member type="way" ref="37960249" role=""/>
  <member type="way" ref="322162477" role=""/>
  <member type="way" ref="26827061" role=""/>
  <member type="way" ref="72866797" role=""/>
  <member type="way" ref="72866811" role=""/>
  <member type="way" ref="37300518" role=""/>
  <member type="way" ref="129172013" role=""/>
  <member type="way" ref="129172023" role=""/>
  <member type="way" ref="129172034" role=""/>
  <member type="way" ref="129172018" role=""/>
  <member type="way" ref="484449985" role=""/>
  <member type="way" ref="129172021" role=""/>
  <member type="way" ref="129172033" role=""/>
  <member type="way" ref="37300524" role=""/>
  <member type="way" ref="62200739" role=""/>
  <member type="way" ref="224886970" role=""/>
  <member type="way" ref="37300539" role=""/>
  <member type="way" ref="37300541" role=""/>
  <member type="way" ref="37300542" role=""/>
  <member type="way" ref="268060391" role=""/>
  <member type="way" ref="37300543" role=""/>
  <member type="way" ref="155468164" role=""/>
  <member type="way" ref="242855243" role=""/>
  <member type="way" ref="242855240" role=""/>
  <member type="way" ref="37300545" role=""/>
  <member type="way" ref="37353083" role=""/>
  <member type="way" ref="37300546" role=""/>
  <member type="way" ref="37353085" role=""/>
  <member type="way" ref="377586236" role=""/>
  <member type="way" ref="377586237" role=""/>
  <member type="way" ref="37353086" role=""/>
  <member type="way" ref="61161098" role=""/>
  <member type="way" ref="30088071" role=""/>
  <member type="way" ref="181654955" role=""/>
  <member type="way" ref="61163437" role=""/>
  <member type="way" ref="61161088" role=""/>
  <member type="way" ref="61163434" role=""/>
  <member type="way" ref="61161089" role=""/>
  <member type="way" ref="39989002" role=""/>
  <member type="way" ref="215114833" role=""/>
  <member type="way" ref="129172048" role=""/>
  <member type="way" ref="38805182" role=""/>
  <member type="way" ref="37300488" role=""/>
  <member type="way" ref="63079565" role=""/>
  <member type="way" ref="182932258" role=""/>
  <member type="way" ref="182932259" role=""/>
  <member type="way" ref="63079561" role=""/>
  <member type="way" ref="38805179" role=""/>
  <member type="way" ref="32826304" role=""/>
  <member type="way" ref="33045826" role=""/>
  <member type="way" ref="158957664" role=""/>
  <member type="way" ref="236136203" role=""/>
  <member type="way" ref="37300487" role=""/>
  <member type="way" ref="32068514" role=""/>
  <member type="way" ref="33704617" role=""/>
  <member type="way" ref="63079568" role=""/>
  <member type="way" ref="33704616" role=""/>
  <member type="way" ref="34717348" role=""/>
  <member type="way" ref="32082824" role=""/>
  <member type="way" ref="129172017" role=""/>
  <member type="way" ref="32082821" role=""/>
  <member type="way" ref="32082812" role=""/>
  <member type="way" ref="129172054" role=""/>
  <member type="way" ref="37885432" role=""/>
  <member type="way" ref="311126931" role=""/>
  <member type="way" ref="376957264" role=""/>
  <member type="way" ref="376957263" role=""/>
  <member type="way" ref="37886332" role=""/>
  <member type="way" ref="37886330" role=""/>
  <member type="way" ref="62200740" role=""/>
  <member type="way" ref="310824180" role=""/>
  <member type="way" ref="26826251" role=""/>
  <member type="way" ref="26826252" role=""/>
  <member type="way" ref="129172000" role=""/>
  <member type="way" ref="32076092" role=""/>
  <member type="way" ref="32076094" role=""/>
  <member type="way" ref="61299736" role=""/>
  <member type="way" ref="26826253" role=""/>
  <member type="way" ref="62200744" role=""/>
  <member type="way" ref="32074956" role=""/>
  <member type="way" ref="71037169" role=""/>
  <member type="way" ref="32074957" role=""/>
  <member type="way" ref="39233174" role=""/>
  <member type="way" ref="39233175" role=""/>
  <member type="way" ref="61299693" role=""/>
  <member type="way" ref="61299691" role=""/>
  <member type="way" ref="61299694" role=""/>
  <member type="way" ref="61299690" role=""/>
  <member type="way" ref="61299692" role=""/>
  <member type="way" ref="61299695" role=""/>
  <member type="way" ref="32074958" role=""/>
  <member type="way" ref="32074959" role=""/>
  <member type="way" ref="33400131" role=""/>
  <member type="way" ref="32198218" role=""/>
  <member type="way" ref="33400129" role=""/>
  <member type="way" ref="64754144" role=""/>
  <member type="way" ref="128869839" role=""/>
  <member type="way" ref="437508567" role=""/>
  <member type="way" ref="222131438" role=""/>
  <member type="way" ref="176778694" role=""/>
  <member type="way" ref="176776724" role=""/>
  <member type="way" ref="176776727" role=""/>
  <member type="way" ref="222131418" role=""/>
  <member type="way" ref="176776240" role=""/>
  <member type="way" ref="292852144" role=""/>
  <member type="way" ref="166938226" role=""/>
  <member type="way" ref="166938225" role=""/>
  <member type="way" ref="222131419" role=""/>
  <member type="way" ref="428234340" role=""/>
  <member type="way" ref="222131432" role=""/>
  <member type="way" ref="428234339" role=""/>
  <member type="way" ref="428234337" role=""/>
  <member type="way" ref="33428700" role=""/>
  <member type="way" ref="176777075" role=""/>
  <member type="way" ref="222131428" role=""/>
  <member type="way" ref="222131435" role=""/>
  <member type="way" ref="222131440" role=""/>
  <member type="way" ref="222131422" role=""/>
  <member type="way" ref="39146160" role=""/>
  <member type="way" ref="64754131" role=""/>
  <member type="way" ref="33428705" role=""/>
  <member type="way" ref="33428703" role=""/>
  <member type="way" ref="168786373" role=""/>
  <member type="way" ref="288931364" role=""/>
  <member type="way" ref="168786349" role=""/>
  <member type="way" ref="33428704" role=""/>
  <member type="way" ref="39146163" role=""/>
  <member type="way" ref="39146166" role=""/>
  <member type="way" ref="39146167" role=""/>
  <member type="way" ref="442173820" role=""/>
  <member type="way" ref="39146170" role=""/>
  <member type="way" ref="39146172" role=""/>
  <member type="way" ref="39146174" role=""/>
  <member type="way" ref="391709972" role=""/>
  <member type="way" ref="39146176" role=""/>
  <member type="way" ref="437214740" role=""/>
  <member type="way" ref="33428702" role=""/>
  <member type="way" ref="39146175" role=""/>
  <member type="way" ref="33398611" role=""/>
  <member type="way" ref="33398612" role=""/>
  <member type="way" ref="33398615" role=""/>
  <member type="way" ref="33398617" role=""/>
  <member type="way" ref="33398619" role=""/>
  <member type="way" ref="129097053" role=""/>
  <member type="way" ref="128869774" role=""/>
  <member type="way" ref="39146178" role=""/>
  <member type="way" ref="62058240" role=""/>
  <member type="way" ref="30123914" role=""/>
  <member type="way" ref="192808953" role=""/>
  <member type="way" ref="443532749" role=""/>
  <member type="way" ref="431680747" role=""/>
  <member type="way" ref="27852208" role=""/>
  <member type="way" ref="192732547" role=""/>
  <member type="way" ref="486192683" role=""/>
  <member type="way" ref="50768843" role=""/>
  <member type="way" ref="50768861" role=""/>
  <member type="way" ref="50768796" role=""/>
  <member type="way" ref="75800691" role=""/>
  <member type="way" ref="37883719" role=""/>
  <member type="way" ref="61233043" role=""/>
  <member type="way" ref="50768946" role=""/>
  <member type="way" ref="25337333" role=""/>
  <member type="way" ref="26394105" role=""/>
  <member type="way" ref="26394118" role=""/>
  <member type="way" ref="37007008" role=""/>
  <member type="way" ref="37007010" role=""/>
  <member type="way" ref="26394151" role=""/>
  <member type="way" ref="382215165" role=""/>
  <member type="way" ref="382215166" role=""/>
  <member type="way" ref="37883716" role=""/>
  <member type="way" ref="477539800" role=""/>
  <member type="way" ref="262117284" role=""/>
  <member type="way" ref="367716145" role=""/>
  <member type="way" ref="37617441" role=""/>
  <member type="way" ref="262117278" role=""/>
  <member type="way" ref="25381216" role=""/>
  <member type="way" ref="37617443" role=""/>
  <member type="way" ref="366207565" role=""/>
  <member type="way" ref="262117264" role=""/>
  <member type="way" ref="25594849" role=""/>
  <member type="way" ref="175553324" role=""/>
  <member type="way" ref="62054739" role=""/>
  <member type="way" ref="490900816" role=""/>
  <member type="way" ref="490900817" role=""/>
  <member type="way" ref="25595086" role=""/>
  <member type="way" ref="233873555" role=""/>
  <member type="way" ref="233873581" role=""/>
  <member type="way" ref="300967544" role=""/>
  <member type="way" ref="490900825" role=""/>
  <member type="way" ref="300967543" role=""/>
  <member type="way" ref="281465541" role=""/>
  <member type="way" ref="222472586" role=""/>
  <member type="way" ref="185031714" role=""/>
  <member type="way" ref="185031720" role=""/>
  <member type="way" ref="185031717" role=""/>
  <member type="way" ref="203669307" role=""/>
  <member type="way" ref="62952558" role=""/>
  <member type="way" ref="185032098" role=""/>
  <member type="way" ref="185032103" role=""/>
  <member type="way" ref="185032095" role=""/>
  <member type="way" ref="185032099" role=""/>
  <member type="way" ref="190981474" role=""/>
  <member type="way" ref="185032102" role=""/>
  <member type="way" ref="185032100" role=""/>
  <member type="way" ref="185032097" role=""/>
  <member type="way" ref="233873567" role=""/>
  <member type="way" ref="233873628" role=""/>
  <member type="way" ref="479911258" role=""/>
  <member type="way" ref="185032106" role=""/>
  <member type="way" ref="43756040" role=""/>
  <member type="way" ref="185032105" role=""/>
  <member type="way" ref="185032399" role=""/>
  <member type="way" ref="284375337" role=""/>
  <member type="way" ref="284375336" role=""/>
  <member type="way" ref="284375338" role=""/>
  <member type="way" ref="172397113" role=""/>
  <member type="way" ref="185032404" role=""/>
  <member type="way" ref="185032398" role=""/>
  <member type="way" ref="185032403" role=""/>
  <member type="way" ref="185032393" role=""/>
  <member type="way" ref="36908354" role=""/>
  <member type="way" ref="194845896" role=""/>
  <member type="way" ref="160827836" role=""/>
  <member type="way" ref="206597182" role=""/>
  <member type="way" ref="206597193" role=""/>
  <member type="way" ref="363198716" role=""/>
  <member type="way" ref="160827767" role=""/>
  <member type="way" ref="160827780" role=""/>
  <member type="way" ref="363791605" role=""/>
  <member type="way" ref="363791606" role=""/>
  <member type="way" ref="293931862" role=""/>
  <member type="way" ref="160827771" role=""/>
  <member type="way" ref="193985444" role=""/>
  <member type="way" ref="194845895" role=""/>
  <member type="way" ref="35200284" role=""/>
  <member type="way" ref="160827755" role=""/>
  <member type="way" ref="183748969" role=""/>
  <member type="way" ref="183748951" role=""/>
  <member type="way" ref="183748960" role=""/>
  <member type="way" ref="188486778" role=""/>
  <member type="way" ref="188486770" role=""/>
  <member type="way" ref="188486771" role=""/>
  <member type="way" ref="189853246" role=""/>
  <member type="way" ref="189853245" role=""/>
  <member type="way" ref="157937258" role=""/>
  <member type="way" ref="143469389" role=""/>
  <member type="way" ref="150784277" role=""/>
  <member type="way" ref="184931276" role=""/>
  <member type="way" ref="143469391" role=""/>
  <member type="way" ref="190669889" role=""/>
  <member type="way" ref="190669888" role=""/>
  <member type="way" ref="151226778" role=""/>
  <member type="way" ref="28237017" role=""/>
  <member type="way" ref="28200123" role=""/>
  <member type="way" ref="164497031" role=""/>
  <member type="way" ref="164634917" role=""/>
  <member type="way" ref="164497052" role=""/>
  <member type="way" ref="164634923" role=""/>
  <member type="way" ref="44833827" role=""/>
  <member type="way" ref="28322776" role=""/>
  <member type="way" ref="28236358" role=""/>
  <member type="way" ref="195221855" role=""/>
  <member type="way" ref="195221853" role=""/>
  <member type="way" ref="363447537" role=""/>
  <member type="way" ref="37439341" role=""/>
  <member type="way" ref="150358633" role=""/>
  <member type="way" ref="28230762" role=""/>
  <member type="way" ref="79184785" role=""/>
  <member type="way" ref="79184786" role=""/>
  <member type="way" ref="160090982" role=""/>
  <member type="way" ref="155156162" role=""/>
  <member type="way" ref="155156160" role=""/>
  <member type="way" ref="155156156" role=""/>
  <member type="way" ref="155156166" role=""/>
  <member type="way" ref="155156159" role=""/>
  <member type="way" ref="197642667" role=""/>
  <member type="way" ref="367205621" role=""/>
  <member type="way" ref="155156173" role=""/>
  <member type="way" ref="190663357" role=""/>
  <member type="way" ref="254417781" role=""/>
  <member type="way" ref="254417777" role=""/>
  <member type="way" ref="254417778" role=""/>
  <member type="way" ref="254417784" role=""/>
  <member type="way" ref="254417776" role=""/>
  <member type="way" ref="82878122" role=""/>
  <member type="way" ref="225037257" role=""/>
  <member type="way" ref="44748505" role=""/>
  <member type="way" ref="44748504" role=""/>
  <member type="way" ref="225037270" role=""/>
  <member type="way" ref="225037259" role=""/>
  <member type="way" ref="225037264" role=""/>
  <member type="way" ref="225037255" role=""/>
  <member type="way" ref="225037254" role=""/>
  <member type="way" ref="225045198" role=""/>
  <member type="way" ref="225045191" role=""/>
  <member type="way" ref="225045188" role=""/>
  <member type="way" ref="38788770" role=""/>
  <member type="way" ref="13088308" role=""/>
  <member type="way" ref="174736202" role=""/>
  <member type="way" ref="174736209" role=""/>
  <member type="way" ref="190513309" role=""/>
  <member type="way" ref="265118805" role=""/>
  <member type="way" ref="265713805" role=""/>
  <member type="way" ref="265713804" role=""/>
  <member type="way" ref="288232961" role=""/>
  <member type="way" ref="288232959" role=""/>
  <member type="way" ref="288232958" role=""/>
  <member type="way" ref="288232955" role=""/>
  <member type="way" ref="288232954" role=""/>
  <member type="way" ref="288232953" role=""/>
  <member type="way" ref="288232952" role=""/>
  <member type="way" ref="406203014" role=""/>
  <member type="way" ref="265713807" role=""/>
  <member type="way" ref="406203016" role=""/>
  <member type="way" ref="265713802" role=""/>
  <member type="way" ref="288232946" role=""/>
  <member type="way" ref="288232948" role=""/>
  <member type="way" ref="288232945" role=""/>
  <member type="way" ref="190663376" role=""/>
  <member type="node" ref="974277108" role="guidepost"/>
  <member type="node" ref="444608872" role="guidepost"/>
  <member type="node" ref="444583558" role="guidepost"/>
  <member type="node" ref="444639557" role="guidepost"/>
  <member type="node" ref="444639579" role="guidepost"/>
  <member type="node" ref="444583771" role="guidepost"/>
  <member type="node" ref="444583758" role="guidepost"/>
  <member type="node" ref="925205703" role="guidepost"/>
  <member type="node" ref="568399612" role="guidepost"/>
  <member type="node" ref="1295176048" role="guidepost"/>
  <member type="node" ref="1425747084" role="guidepost"/>
  <member type="node" ref="1425068807" role="guidepost"/>
  <member type="node" ref="1632822422" role="guidepost"/>
  <member type="node" ref="1636606500" role="guidepost"/>
  <member type="node" ref="1640489507" role="guidepost"/>
  <member type="node" ref="1675816362" role="guidepost"/>
  <member type="node" ref="1701696366" role="guidepost"/>
  <member type="node" ref="1941557832" role="guidepost"/>
  <member type="node" ref="1941557831" role="guidepost"/>
  <member type="node" ref="1991135324" role="guidepost"/>
  <member type="node" ref="2062215700" role="guidepost"/>
  <member type="node" ref="2062215701" role="guidepost"/>
  <member type="node" ref="2122342968" role="guidepost"/>
  <member type="node" ref="2317480126" role="guidepost"/>
  <member type="node" ref="2317558851" role="guidepost"/>
  <member type="node" ref="1461736741" role="guidepost"/>
  <member type="node" ref="2317744873" role="guidepost"/>
  <member type="node" ref="2338650967" role="guidepost"/>
  <member type="node" ref="2338650962" role="guidepost"/>
  <member type="node" ref="2338700576" role="guidepost"/>
  <member type="node" ref="2356375883" role="guidepost"/>
  <member type="node" ref="2356375892" role="guidepost"/>
  <member type="node" ref="2399851410" role="guidepost"/>
  <member type="node" ref="1464381649" role="guidepost"/>
  <member type="node" ref="2463407799" role="guidepost"/>
  <member type="node" ref="1461562964" role="guidepost"/>
  <member type="node" ref="2463407802" role="guidepost"/>
  <member type="node" ref="2463407908" role="guidepost"/>
  <member type="node" ref="3050760733" role="guidepost"/>
  <member type="way" ref="190663358" role=""/>
  <member type="way" ref="288232923" role=""/>
  <member type="way" ref="288339872" role=""/>
  <member type="way" ref="367202017" role=""/>
  <member type="way" ref="183362687" role=""/>
  <member type="way" ref="367202029" role=""/>
  <member type="way" ref="364930264" role=""/>
  <member type="way" ref="367205607" role=""/>
  <member type="way" ref="71036297" role=""/>
  <member type="way" ref="367205613" role=""/>
  <member type="way" ref="367205629" role=""/>
  <member type="way" ref="231646695" role=""/>
  <member type="way" ref="367205619" role=""/>
  <member type="way" ref="367205653" role=""/>
  <member type="way" ref="367205631" role=""/>
  <member type="way" ref="367205635" role=""/>
  <member type="way" ref="367205633" role=""/>
  <member type="way" ref="367205647" role=""/>
  <member type="way" ref="367205641" role=""/>
  <member type="way" ref="367205618" role=""/>
  <member type="way" ref="238511022" role=""/>
  <member type="way" ref="26983427" role=""/>
  <member type="way" ref="176773349" role=""/>
  <member type="way" ref="168609858" role=""/>
  <member type="way" ref="437512348" role=""/>
  <member type="node" ref="2707773644" role=""/>
  <member type="node" ref="4644016801" role="guidepost"/>
  <member type="node" ref="4423571098" role="guidepost"/>
  <member type="node" ref="4710283858" role=""/>
  <member type="way" ref="231326928" role=""/>
  <member type="way" ref="233872868" role=""/>
  <member type="way" ref="231326371" role=""/>
  <tag k="complete" v="no"/>
  <tag k="name" v="European long distance path E10, Czech Republic, South Bohemia"/>
  <tag k="name:cs" v="Evropská Vycházková trasa E10, Česká republika, Jihočeský kraj"/>
  <tag k="name:de" v="Europäischer Fernwanderweg E10, Tschechien, Südböhmen"/>
  <tag k="name:en" v="European long distance path E10, Czech Republic, South Bohemia"/>
  <tag k="network" v="iwn"/>
  <tag k="osmc:symbol" v="red:red::E10:black"/>
  <tag k="ref" v="E10"/>
  <tag k="route" v="hiking"/>
  <tag k="type" v="route"/>
  <tag k="wikipedia" v="cs:Evropská dálková trasa E10"/>
 </relation>
 <relation id="5465695" visible="true" version="8" changeset="48316589" timestamp="2017-05-01T19:32:59Z" user="sannorra" uid="1424365">
  <member type="relation" ref="5465691" role=""/>
  <member type="relation" ref="1982973" role=""/>
  <member type="relation" ref="5465693" role=""/>
  <member type="node" ref="2707773644" role=""/>
  <member type="node" ref="4829308674" role="guidepost"/>
  <member type="node" ref="4790118910" role=""/>
  <tag k="complete" v="no"/>
  <tag k="name" v="European long distance path E10, Czech Republic"/>
  <tag k="name:cs" v="Evropská dálková trasa E10, Česká republika"/>
  <tag k="name:de" v="Europäischer Fernwanderweg E10, Tschechien"/>
  <tag k="name:en" v="European long distance path E10, Czech Republic"/>
  <tag k="network" v="iwn"/>
  <tag k="ref" v="E10"/>
  <tag k="route" v="hiking"/>
  <tag k="type" v="route"/>
  <tag k="wikipedia" v="cs:Evropská dálková trasa E10"/>
 </relation>
 <relation id="5967647" visible="true" version="1" changeset="37140936" timestamp="2016-02-11T08:04:32Z" user="JandaM" uid="2169558">
  <member type="way" ref="28540150" role="outer"/>
  <member type="way" ref="397206798" role="inner"/>
  <tag k="building" v="residential"/>
  <tag k="building:flats" v="5"/>
  <tag k="building:levels" v="2"/>
  <tag k="building:ruian:type" v="3"/>
  <tag k="ref:ruian:building" v="5488702"/>
  <tag k="source" v="cuzk:ruian"/>
  <tag k="type" v="multipolygon"/>
 </relation>
</osm>
